ID	CD_PERIMETRO
020070101	0200001
020070401	0200002
020070402	0200003
020070403	0200004
020070404	0200005
020070405	0200006
020070406	0200007
020070407	0200008
020070408	0200009
020070501	0200010
020070502	0200011
020070503	0200012
020070504	0200013
020070505	0200014
020070506	0200015
020070507	0200016
020070601	0200017
020070602	0200018
020070603	0200019
020070604	0200020
020070605	0200021
020070606	0200022
020070607	0200023
020070608	0200024
020070609	0200025
020070610	0200026
020070701	0200027
020070702	0200028
020070703	0200029
020070704	0200030
020070705	0200031
020070706	0200032
020070707	0200033
020070708	0200034
020070709	0200035
020070710	0200036
020070711	0200037
020070712	0200038
020070713	0200039
020070801	0200040
020070802	0200041
020070811	0200042
020070803	0200042
020070804	0200043
020070805	0200044
020070806	0200045
020070807	0200046
020070808	0200047
020070809	0200048
020070810	0200049
020070901	0200050
020070902	0200051
020070903	0200052
020070904	0200053
020070905	0200054
020070906	0200055
020070907	0200056
020070908	0200057
020070909	0200058
020070910	0200059
020070911	0200060
020070912	0200061
020070913	0200062
020070914	0200063
020070915	0200064
020070916	0200065
020070920	0200065
020070921	0200066
020070917	0200066
020070918	0200067
020070919	0200068
020071001	0200069
020071002	0200070
020071015	0200071
020071003	0200071
020071004	0200072
020071005	0200073
020071006	0200074
020071007	0200075
020071008	0200076
020071009	0200077
020071010	0200078
020071011	0200079
020071012	0200080
020071013	0200081
020071016	0200081
020071014	0200082
020071101	0200083
020071102	0200084
020071103	0200085
020071104	0200086
020071105	0200087
020071106	0200088
020071107	0200089
020071108	0200090
020071109	0200091
020071110	0200092
020071111	0200093
020071112	0200094
020071115	0200094
020071113	0200095
020071114	0200096
020071201	0200097
020071202	0200098
020071203	0200099
020071213	0200099
020071204	0200100
020071205	0200101
020071206	0200102
020071207	0200103
020071208	0200104
020071214	0200105
020071209	0200105
020071210	0200106
020071211	0200107
020071212	0200108
020071301	0200109
020071302	0200110
020071303	0200111
020071304	0200112
020071305	0200113
020071306	0200114
020071307	0200115
020071308	0200116
020071309	0200117
020071310	0200118
020071311	0200119
020071312	0200120
020071313	0200121
020071314	0200122
020071316	0200122
020071318	0200122
020071317	0200122
020071315	0200123
020071401	0200124
020071402	0200125
020071403	0200126
020071404	0200127
020071405	0200128
020071406	0200129
020071407	0200130
020071408	0200131
020071409	0200132
020071410	0200133
020071411	0200134
020071412	0200135
020071501	0200136
020071502	0200137
020071503	0200138
020071504	0200139
020071505	0200140
020071506	0200141
020071507	0200142
020071508	0200143
020071509	0200144
020071510	0200145
020071511	0200146
020071601	0200147
020071602	0200148
020071603	0200149
020071604	0200150
020071605	0200151
020071606	0200152
020071607	0200153
020071608	0200154
020071609	0200155
020071610	0200156
020071611	0200157
020071612	0200158
020071701	0200159
020071702	0200160
020071703	0200161
020071704	0200162
020071705	0200163
020071706	0200164
020071707	0200165
020071708	0200166
020071709	0200167
020071710	0200168
020071711	0200169
020071801	0200170
020071802	0200171
020071803	0200172
020071804	0200173
020071805	0200174
020071806	0200175
020071807	0200176
020071808	0200177
020071809	0200178
020071901	0200179
020071902	0200180
020071903	0200181
020071904	0200182
020071905	0200183
020071906	0200184
020071907	0200185
020071908	0200186
020071909	0200187
020072001	0200188
020072002	0200189
020072003	0200190
020072004	0200191
020072005	0200192
020072006	0200193
020072007	0200194
020072008	0200195
020072009	0200196
020072010	0200197
020072101	0200198
020072102	0200199
020072103	0200200
020072104	0200201
020072105	0200202
020072106	0200203
020072107	0200204
020072108	0200205
020072109	0200206
020072110	0200207
020072201	0200208
020072202	0200209
020072203	0200210
020072204	0200211
020072205	0200212
020072206	0200213
020072207	0200214
020072208	0200215
020072209	0200216
020072210	0200217
020072301	0200218
020072302	0200219
020072303	0200220
020072304	0200221
020072305	0200222
020072306	0200223
020072307	0200224
020072308	0200225
020072309	0200226
020072310	0200227
020072401	0200228
020072402	0200229
020072403	0200230
020072404	0200231
020072405	0200232
020072406	0200233
020072407	0200234
020072408	0200235
020072501	0200236
020072502	0200237
020072503	0200238
020072504	0200239
020072505	0200240
020072506	0200241
020072507	0200242
020072508	0200243
020072509	0200244
020072510	0200245
020072511	0200246
020072601	0200247
020072602	0200248
020072603	0200249
020072604	0200250
020072605	0200251
020072606	0200252
020072607	0200253
020072608	0200254
020072609	0200255
020072701	0200256
020072702	0200257
020072703	0200258
020072704	0200259
020072705	0200260
020072706	0200261
020072707	0200262
020072708	0200263
020072709	0200264
020072710	0200265
020072801	0200266
020072802	0200267
020072803	0200268
020072804	0200269
020072805	0200270
020072806	0200271
020072807	0200272
020072808	0200273
020072809	0200274
020072810	0200275
020072811	0200276
020072812	0200277
020072813	0200278
020072901	0200279
020072902	0200280
020072903	0200281
020072904	0200282
020072905	0200283
020072906	0200284
020072907	0200285
020072908	0200286
020072909	0200287
020140201	0200288
020140202	0200289
020140203	0200290
020140204	0200291
020140205	0200292
020140206	0200293
020140207	0200294
020140208	0200295
020140301	0200296
020140302	0200297
020140303	0200298
020140304	0200299
020140305	0200300
020140306	0200301
020140307	0200302
020140308	0200303
020140401	0200304
020140402	0200305
020140403	0200306
020140404	0200307
020140405	0200308
020140406	0200309
020140407	0200310
020140408	0200311
020140409	0200312
020140410	0200313
020140501	0200314
020140502	0200315
020140503	0200316
020140504	0200317
020140505	0200318
020140506	0200319
020140507	0200320
020140508	0200321
020140509	0200322
020140601	0200323
020140602	0200324
020140603	0200325
020140604	0200326
020140605	0200327
020140606	0200328
020140607	0200329
020140608	0200330
020140609	0200331
020140610	0200332
020140701	0200333
020140702	0200334
020140703	0200335
020140704	0200336
020140705	0200337
020140706	0200338
020140707	0200339
020140708	0200340
020140709	0200341
020140801	0200342
020140802	0200343
020140803	0200344
020140804	0200345
020140805	0200346
020140806	0200347
020140807	0200348
020140808	0200349
020140901	0200350
020140902	0200351
020140903	0200352
020140904	0200353
020140905	0200354
020140906	0200355
020140907	0200356
020140908	0200357
020140909	0200358
020141001	0200359
020141002	0200360
020141003	0200361
020141004	0200362
020141005	0200363
020141006	0200364
020141007	0200365
020141008	0200366
020141009	0200367
020141101	0200368
020141102	0200369
020141103	0200370
020141104	0200371
020141105	0200372
020141106	0200373
020141201	0200374
020141202	0200375
020141203	0200376
020141204	0200377
020141205	0200378
020141207	0200379
020141206	0200379
020141301	0200380
020141302	0200381
020141303	0200382
020141304	0200383
020141305	0200384
020141306	0200385
020141307	0200386
020141401	0200387
020141402	0200388
020141403	0200389
020141404	0200390
020141405	0200391
020141406	0200392
020141407	0200393
020141408	0200394
020141409	0200395
020141410	0200396
020141501	0200397
020141502	0200398
020141503	0200399
020141504	0200400
020141505	0200401
020141506	0200402
020141507	0200403
020141508	0200404
020141601	0200405
020141602	0200406
020141603	0200407
020141604	0200408
020141605	0200409
020141606	0200410
020141607	0200411
020141608	0200412
020141701	0200413
020141702	0200414
020141703	0200415
020141704	0200416
020141705	0200417
020141706	0200418
020141707	0200419
020141708	0200420
020141709	0200421
020141801	0200422
020141802	0200423
020141803	0200424
020141804	0200425
020141805	0200426
020141806	0200427
020141807	0200428
020141808	0200429
020141901	0200430
020141902	0200431
020141903	0200432
020141904	0200433
020141905	0200434
020141906	0200435
020141907	0200436
020141908	0200437
020142001	0200438
020142002	0200439
020142003	0200440
020142004	0200441
020142009	0200441
020142005	0200442
020142006	0200443
020142007	0200444
020142008	0200445
020142101	0200446
020142102	0200447
020142103	0200448
020142104	0200449
020142105	0200450
020142106	0200451
020142201	0200452
020142202	0200453
020142203	0200454
020142204	0200455
020142205	0200456
020142206	0200457
020142301	0200458
020142302	0200459
020142303	0200460
020142304	0200461
020142305	0200462
020142306	0200463
020142307	0200464
020142308	0200465
020142309	0200466
020142401	0200467
020142402	0200468
020142403	0200469
020142404	0200470
020142405	0200471
020142406	0200472
020142501	0200473
020142502	0200474
020142503	0200475
020142504	0200476
020142505	0200477
020142506	0200478
020142507	0200479
020142508	0200480
020142512	0200480
020142509	0200481
020142510	0200482
020142513	0200483
020142511	0200483
020210112	0200484
020210101	0200484
020210102	0200485
020210103	0200486
020210104	0200487
020210105	0200488
020210106	0200489
020210107	0200490
020210108	0200491
020210109	0200492
020210110	0200493
020210111	0200494
020210201	0200495
020210202	0200496
020210203	0200497
020210204	0200498
020210205	0200499
020210206	0200500
020210207	0200501
020210208	0200502
020210209	0200503
020210210	0200504
020210211	0200505
020210212	0200506
020210301	0200507
020210302	0200508
020210303	0200509
020210304	0200510
020210305	0200511
020210306	0200512
020210307	0200513
020210308	0200514
020210309	0200515
020210310	0200516
020210311	0200517
020210401	0200518
020210402	0200519
020210403	0200520
020210404	0200521
020210405	0200522
020210406	0200523
020210407	0200524
020210408	0200525
020210501	0200526
020210502	0200527
020210503	0200528
020210504	0200529
020210505	0200530
020210506	0200531
020210507	0200532
020210601	0200533
020210602	0200534
020210603	0200535
020210604	0200536
020210605	0200537
020210606	0200538
020210607	0200539
020210701	0200540
020210702	0200541
020210703	0200542
020210704	0200543
020210705	0200544
020210706	0200545
020210707	0200546
020210708	0200547
020210709	0200548
020210801	0200549
020210802	0200550
020210803	0200551
020210804	0200552
020210805	0200553
020210806	0200554
020210807	0200555
020210808	0200556
020210809	0200557
020210810	0200558
020210901	0200559
020210902	0200560
020210903	0200561
020210904	0200562
020210905	0200563
020210906	0200564
020210907	0200565
020210908	0200566
020210909	0200567
020210910	0200568
020211001	0200569
020211002	0200570
020211003	0200571
020211004	0200572
020211005	0200573
020211006	0200574
020211009	0200574
020211007	0200575
020211008	0200576
020211101	0200577
020211102	0200578
020211103	0200579
020211104	0200580
020211105	0200581
020211106	0200582
020211107	0200583
020211108	0200584
020211201	0200585
020211202	0200586
020211203	0200587
020211204	0200588
020211205	0200589
020211206	0200590
020211207	0200591
020211208	0200592
020211209	0200593
020211210	0200594
020211301	0200595
020211302	0200596
020211303	0200597
020211304	0200598
020211305	0200599
020211306	0200600
020211307	0200601
020211308	0200602
020211309	0200603
020211310	0200604
020211311	0200605
020211401	0200606
020211402	0200607
020211403	0200608
020211404	0200609
020211405	0200610
020211406	0200611
020211407	0200612
020211408	0200613
020211409	0200614
020211501	0200615
020211502	0200616
020211503	0200617
020211504	0200618
020211505	0200619
020211506	0200620
020211507	0200621
020211508	0200622
020211509	0200623
020211601	0200624
020211602	0200625
020211603	0200626
020211604	0200627
020211605	0200628
020211606	0200629
020211607	0200630
020211608	0200631
020211609	0200632
020211701	0200633
020211702	0200634
020211703	0200635
020211704	0200636
020211705	0200637
020211706	0200638
020211707	0200639
020211708	0200640
020211709	0200641
020211801	0200642
020211802	0200643
020211803	0200644
020211804	0200645
020211805	0200646
020211806	0200647
020211807	0200648
020211808	0200649
020211809	0200650
020211810	0200651
020211811	0200652
020211901	0200653
020211902	0200654
020211903	0200655
020211904	0200656
020211905	0200657
020211906	0200658
020211907	0200659
020211908	0200660
020211909	0200661
020211910	0200662
020212001	0200663
020212002	0200664
020212003	0200665
020212004	0200666
020212005	0200667
020212006	0200668
020212007	0200669
020212008	0200670
020212009	0200671
020212010	0200672
020212011	0200673
020212101	0200674
020212102	0200675
020212103	0200676
020212104	0200677
020212105	0200678
020212106	0200679
020212107	0200680
020212108	0200681
020212109	0200682
020212110	0200683
020212201	0200684
020212202	0200685
020212203	0200686
020212204	0200687
020212205	0200688
020212206	0200689
020212207	0200690
020212208	0200691
020212209	0200692
020212301	0200693
020212302	0200694
020212303	0200695
020212304	0200696
020212305	0200697
020212306	0200698
020212307	0200699
020212308	0200700
020212309	0200701
020212310	0200702
020212401	0200703
020212402	0200704
020212403	0200705
020212404	0200706
020212405	0200707
020212406	0200708
020212407	0200709
020212408	0200710
020212409	0200711
020212501	0200712
020212510	0200712
020212502	0200713
020212503	0200714
020212504	0200715
020212505	0200716
020212506	0200717
020212507	0200718
020212508	0200719
020212509	0200720
020212601	0200721
020212602	0200722
020212603	0200723
020212604	0200724
020212605	0200725
020212606	0200726
020212607	0200727
020212608	0200728
020212609	0200729
020212701	0200730
020212702	0200731
020212703	0200732
020212704	0200733
020212705	0200734
020212706	0200735
020212707	0200736
020280101	0200737
020280102	0200738
020280103	0200739
020280104	0200740
020280105	0200741
020280106	0200742
020280107	0200743
020280108	0200744
020280109	0200745
020280110	0200746
020280111	0200747
020280112	0200748
020280113	0200749
020280114	0200750
020280201	0200751
020280202	0200752
020280203	0200753
020280204	0200754
020280205	0200755
020280206	0200756
020280207	0200757
020280208	0200758
020280209	0200759
020280210	0200760
020280301	0200761
020280302	0200762
020280303	0200763
020280304	0200764
020280305	0200765
020280306	0200766
020280307	0200767
020280308	0200768
020280309	0200769
020280310	0200770
020280311	0200771
020280312	0200772
020280313	0200773
020280401	0200774
020280402	0200775
020280403	0200776
020280404	0200777
020280405	0200778
020280406	0200779
020280407	0200780
020280408	0200781
020280409	0200782
020280410	0200783
020280411	0200784
020280501	0200785
020280502	0200786
020280503	0200787
020280504	0200788
020280505	0200789
020280506	0200790
020280507	0200791
020280508	0200792
020280512	0200793
020280509	0200793
020280510	0200794
020280511	0200795
020280612	0200796
020280601	0200796
020280602	0200797
020280603	0200798
020280604	0200799
020280605	0200800
020280606	0200801
020280607	0200802
020280608	0200803
020280609	0200804
020280610	0200805
020280611	0200806
020280701	0200807
020280702	0200808
020280703	0200809
020280704	0200810
020280705	0200811
020280706	0200812
020280707	0200813
020280708	0200814
020280709	0200815
020280710	0200816
020280711	0200817
020280712	0200818
020280801	0200819
020280802	0200820
020280803	0200821
020280804	0200822
020280805	0200823
020280806	0200824
020280812	0200825
020280807	0200825
020280808	0200826
020280809	0200827
020280810	0200828
020280811	0200829
020280901	0200830
020280902	0200831
020280903	0200832
020280904	0200833
020280905	0200834
020280906	0200835
020280907	0200836
020282703	0200837
020282701	0200837
020282707	0200837
020282706	0200837
020282702	0200837
020282705	0200837
020282704	0200837
020281001	0200837
020281002	0200838
020281006	0200838
020281003	0200839
020281007	0200839
020281008	0200840
020281004	0200840
020281009	0200841
020281005	0200841
020282801	0200842
020282802	0200842
020282804	0200843
020282803	0200843
020282805	0200844
020282808	0200844
020282807	0200844
020282806	0200844
020282810	0200845
020282809	0200845
020282811	0200845
020281101	0200846
020281102	0200847
020281103	0200848
020281104	0200849
020281105	0200850
020281106	0200851
020281107	0200852
020281108	0200853
020281109	0200854
020281201	0200855
020281202	0200856
020281203	0200857
020281204	0200858
020281205	0200859
020281206	0200860
020281207	0200861
020281208	0200862
020281209	0200863
020281210	0200864
020281211	0200865
020281212	0200866
020281301	0200867
020281302	0200868
020281303	0200869
020281304	0200870
020281305	0200871
020281306	0200872
020281307	0200873
020281308	0200874
020281309	0200875
020281310	0200876
020281311	0200877
020281401	0200878
020281402	0200879
020281403	0200880
020281404	0200881
020281405	0200882
020281406	0200883
020281407	0200884
020281408	0200885
020281409	0200886
020281501	0200887
020281502	0200888
020281503	0200889
020281504	0200890
020281505	0200891
020281506	0200892
020281507	0200893
020281508	0200894
020281509	0200895
020281510	0200896
020281601	0200897
020281602	0200898
020281603	0200899
020281604	0200900
020281605	0200901
020281606	0200902
020281607	0200903
020281608	0200904
020281609	0200905
020281610	0200906
020281701	0200907
020281702	0200908
020281703	0200909
020281704	0200910
020281705	0200911
020281706	0200912
020281707	0200913
020281708	0200914
020281709	0200915
020281710	0200916
020281801	0200917
020281901	0200918
020281902	0200919
020281903	0200920
020281904	0200921
020281905	0200922
020281906	0200923
020281907	0200924
020281908	0200925
020281911	0200925
020281909	0200926
020281910	0200927
020282001	0200928
020282002	0200929
020282003	0200930
020282004	0200931
020282005	0200932
020282006	0200933
020282007	0200934
020282008	0200935
020282009	0200936
020282010	0200937
020282011	0200938
020282012	0200939
020282113	0200940
020282101	0200940
020282102	0200941
020282103	0200942
020282104	0200943
020282105	0200944
020282106	0200945
020282107	0200946
020282108	0200947
020282109	0200948
020282110	0200949
020282111	0200950
020282112	0200951
020282201	0200952
020282202	0200953
020282203	0200954
020282204	0200955
020282205	0200956
020282206	0200957
020282207	0200958
020282208	0200959
020282209	0200960
020282210	0200961
020282211	0200962
020282212	0200963
020282301	0200964
020282302	0200965
020282303	0200966
020282304	0200967
020282305	0200968
020282306	0200969
020282307	0200970
020282308	0200971
020282309	0200972
020282310	0200973
020282311	0200974
020282312	0200975
020282401	0200976
020282406	0200976
020282402	0200977
020282404	0200977
020282405	0200977
020282403	0200977
020282407	0200978
020282408	0200978
020282409	0200978
020282904	0200979
020282905	0200979
020282906	0200979
020282903	0200979
020282901	0200980
020282902	0200980
020282907	0200981
020282908	0200981
020282505	0200982
020282506	0200982
020282507	0200982
020282501	0200982
020282508	0200983
020282502	0200983
020282503	0200984
020282511	0200984
020282512	0200984
020282504	0200985
020282510	0200985
020282509	0200985
020282601	0200986
020282602	0200987
020282603	0200988
020350101	0200989
020350102	0200990
020350103	0200991
020350104	0200992
020350111	0200992
020350112	0200993
020350105	0200993
020350106	0200994
020350107	0200995
020350108	0200996
020350109	0200997
020350110	0200998
020350201	0200999
020350202	0201000
020350203	0201001
020350204	0201002
020350205	0201003
020350206	0201004
020350207	0201005
020350208	0201006
020350209	0201007
020350210	0201008
020350211	0201009
020350301	0201010
020350313	0201011
020350312	0201011
020350302	0201011
020350303	0201012
020350304	0201013
020350305	0201014
020350306	0201015
020350307	0201016
020350308	0201017
020350309	0201018
020350310	0201019
020350311	0201020
020350401	0201021
020350402	0201022
020350403	0201023
020350404	0201024
020350405	0201025
020350406	0201026
020350407	0201027
020350408	0201028
020350409	0201029
020350501	0201030
020350502	0201031
020350503	0201032
020350504	0201033
020350505	0201034
020350506	0201035
020350507	0201036
020350508	0201037
020350601	0201038
020350602	0201039
020350603	0201040
020350604	0201041
020350605	0201042
020350606	0201043
020350607	0201044
020350608	0201045
020350701	0201046
020350702	0201047
020350703	0201048
020350704	0201049
020350705	0201050
020350706	0201051
020350707	0201052
020350708	0201053
020350801	0201054
020350802	0201055
020350803	0201056
020350804	0201057
020350805	0201058
020350806	0201059
020350807	0201060
020350808	0201061
020350809	0201062
020350901	0201063
020350902	0201064
020350903	0201065
020350904	0201066
020350905	0201067
020350906	0201068
020350907	0201069
020350908	0201070
020350909	0201071
020350910	0201072
020351001	0201073
020351002	0201074
020351003	0201075
020351004	0201076
020351005	0201077
020351006	0201078
020351007	0201079
020351008	0201080
020351009	0201081
020351010	0201082
020351101	0201083
020351111	0201083
020351102	0201084
020351103	0201085
020351104	0201086
020351105	0201087
020351106	0201088
020351107	0201089
020351108	0201090
020351109	0201091
020351110	0201092
020351201	0201093
020351202	0201094
020351203	0201095
020351204	0201096
020351205	0201097
020351206	0201098
020351207	0201099
020351301	0201100
020351302	0201101
020351303	0201102
020351304	0201103
020351305	0201104
020351306	0201105
020351307	0201106
020351308	0201107
020351309	0201108
020351401	0201109
020351402	0201110
020351403	0201111
020351404	0201112
020351405	0201113
020351406	0201114
020351407	0201115
020351408	0201116
020351409	0201117
020351501	0201118
020351502	0201119
020351503	0201120
020351504	0201121
020351505	0201122
020351506	0201123
020351507	0201124
020351508	0201125
020351509	0201126
020351601	0201127
020351602	0201128
020351603	0201129
020351604	0201130
020351605	0201131
020351606	0201132
020351607	0201133
020351608	0201134
020351609	0201135
020351610	0201136
020351612	0201137
020351611	0201137
020351701	0201138
020351702	0201139
020351703	0201140
020351704	0201141
020351705	0201142
020351706	0201143
020351707	0201144
020351708	0201145
020351709	0201146
020351710	0201147
020351711	0201148
020351801	0201149
020351802	0201150
020351803	0201151
020351804	0201152
020351805	0201153
020351806	0201154
020351807	0201155
020351808	0201156
020351809	0201157
020351810	0201158
020351811	0201159
020351901	0201160
020351902	0201161
020351903	0201162
020351904	0201163
020351905	0201164
020351906	0201165
020351907	0201166
020351908	0201167
020351909	0201168
020351910	0201169
020351911	0201170
020352001	0201171
020352002	0201172
020352003	0201173
020352004	0201174
020352005	0201175
020352006	0201176
020352007	0201177
020352008	0201178
020352009	0201179
020352010	0201180
020352011	0201181
020352012	0201182
020352101	0201183
020352112	0201183
020352102	0201184
020352103	0201185
020352104	0201186
020352105	0201187
020352106	0201188
020352107	0201189
020352108	0201190
020352109	0201191
020352110	0201192
020352111	0201193
020352201	0201194
020352202	0201195
020352203	0201196
020352204	0201197
020772002	0201198
020772003	0201199
020772004	0201200
020772005	0201201
020772006	0201202
020772007	0201203
020772008	0201204
020772009	0201205
020772010	0201206
020772011	0201207
020772101	0201208
020772102	0201209
020772103	0201210
020772104	0201211
020772105	0201212
020772112	0201212
020772106	0201213
020772107	0201214
020772108	0201215
020772109	0201216
020772110	0201217
020772111	0201218
020772201	0201219
020772202	0201220
020842002	0201221
020842009	0201221
020842003	0201222
020842010	0201222
020842004	0201223
020842005	0201224
020842006	0201225
020842007	0201226
020842008	0201227
020842111	0201228
020842101	0201228
020842112	0201229
020842102	0201229
020842113	0201230
020842103	0201230
020842104	0201231
020842105	0201232
020842106	0201233
020842107	0201234
020842108	0201235
020842109	0201236
020842110	0201237
020842201	0201238
020842202	0201239
020842203	0201240
020842204	0201241
020842205	0201242
020842206	0201243
020842212	0201243
020981308	0201244
020981309	0201245
020981310	0201246
020981311	0201247
020981312	0201248
020981401	0201249
020981402	0201250
020981403	0201251
020981404	0201252
020981405	0201253
020981406	0201254
020981407	0201255
020981408	0201256
020981409	0201257
020981410	0201258
020981411	0201259
020981501	0201260
020981502	0201261
020981503	0201262
020981504	0201263
020981505	0201264
020981506	0201265
020981507	0201266
060280312	0600001
060280401	0600002
060280402	0600003
060280403	0600004
060280404	0600005
060280405	0600006
060280406	0600007
060280407	0600008
060280408	0600009
060280409	0600010
060280410	0600011
060280411	0600012
060280412	0600013
060280501	0600014
060280502	0600015
060280503	0600016
060280504	0600017
060280505	0600018
060280506	0600019
060280507	0600020
060280508	0600021
060280509	0600022
060280510	0600023
060280511	0600024
060560401	0600025
060560402	0600026
060560403	0600027
060560404	0600028
060560411	0600028
060560405	0600029
060560412	0600029
060560406	0600030
060560413	0600030
060560407	0600031
060560408	0600032
060560409	0600033
060560410	0600034
060560501	0600035
060560502	0600036
060560503	0600037
060560504	0600038
060560505	0600039
060560506	0600040
060560507	0600041
060560508	0600042
060560509	0600043
060560601	0600044
060560602	0600045
060560603	0600046
060560604	0600047
061680404	0600048
061680405	0600049
061680406	0600050
061680504	0600051
061680501	0600051
061680502	0600052
061680503	0600053
061680601	0600054
061680602	0600055
061680603	0600056
061680604	0600057
061680701	0600058
061680702	0600059
061680801	0600060
061680802	0600061
061680803	0600062
061680804	0600063
061680805	0600064
061680806	0600065
061680807	0600066
061680901	0600067
061680902	0600068
061680903	0600069
061680904	0600070
061680905	0600071
061680906	0600072
061680910	0600072
062701303	0600073
062701305	0600074
062701304	0600074
062701306	0600075
062701307	0600076
062701308	0600077
062701309	0600078
062700401	0600079
062700402	0600080
062700403	0600081
062700405	0600082
062700404	0600082
062700409	0600083
062700406	0600083
062700408	0600084
062700407	0600084
062701402	0600085
062701401	0600086
062701404	0600087
062701405	0600088
062701406	0600089
062701403	0600090
062701407	0600091
062701408	0600091
062701409	0600092
062700503	0600093
062700502	0600094
062700501	0600095
020352205	0201267
020352206	0201268
020352207	0201269
020352208	0201270
020352209	0201271
020352210	0201272
020352211	0201273
020352212	0201274
020352213	0201275
020420101	0201276
020420102	0201277
020420103	0201278
020420104	0201279
020420105	0201280
020420106	0201281
020420107	0201282
020420108	0201283
020420109	0201284
020420110	0201285
020420111	0201286
020420112	0201287
020420201	0201288
020420202	0201289
020420203	0201290
020420204	0201291
020420205	0201292
020420206	0201293
020420207	0201294
020420208	0201295
020420209	0201296
020420210	0201297
020420212	0201298
020420211	0201298
020420301	0201299
020420302	0201300
020420303	0201301
020420304	0201302
020420305	0201303
020420306	0201304
020420307	0201305
020420308	0201306
020420311	0201307
020420309	0201307
020420310	0201308
020420401	0201309
020420402	0201310
020420403	0201311
020420404	0201312
020420405	0201313
020420406	0201314
020420412	0201314
020420407	0201315
020420408	0201316
020420409	0201317
020420410	0201318
020420411	0201319
020420501	0201320
020420513	0201321
020420502	0201321
020420503	0201322
020420504	0201323
020420505	0201324
020420506	0201325
020420507	0201326
020420508	0201327
020420509	0201328
020420510	0201329
020420511	0201330
020420512	0201331
020420601	0201332
020420602	0201333
020420603	0201334
020420604	0201335
020420605	0201336
020420606	0201337
020420607	0201338
020420608	0201339
020420609	0201340
020420701	0201341
020420702	0201342
020420703	0201343
020420704	0201344
020420705	0201345
020420706	0201346
020420707	0201347
020420708	0201348
020420709	0201349
020420710	0201350
020420711	0201351
020420712	0201352
020420713	0201353
020420801	0201354
020420802	0201355
020420803	0201356
020420804	0201357
020420805	0201358
020420806	0201359
020420807	0201360
020420811	0201361
020420808	0201361
020420809	0201362
020420810	0201363
020420901	0201364
020420902	0201365
020420903	0201366
020420904	0201367
020420905	0201368
020420906	0201369
020420907	0201370
020420908	0201371
020420909	0201372
020420910	0201373
020421001	0201374
020421002	0201375
020421003	0201376
020421004	0201377
020421005	0201378
020421006	0201379
020421007	0201380
020421008	0201381
020421009	0201382
020421010	0201383
020421101	0201384
020421102	0201385
020421103	0201386
020421104	0201387
020421105	0201388
020421106	0201389
020421107	0201390
020421108	0201391
020421109	0201392
020421110	0201393
020421201	0201394
020421202	0201395
020421203	0201396
020421204	0201397
020421205	0201398
020421206	0201399
020421207	0201400
020421208	0201401
020421209	0201402
020421210	0201403
020421211	0201404
020421212	0201405
020421301	0201406
020421302	0201407
020421303	0201408
020421304	0201409
020421305	0201410
020421306	0201411
020421310	0201412
020421307	0201412
020421308	0201413
020421312	0201413
020421311	0201413
020421309	0201414
020421313	0201414
020421401	0201415
020421402	0201416
020421403	0201417
020421404	0201418
020421405	0201419
020421406	0201420
020421411	0201420
020421407	0201421
020421408	0201422
020421409	0201423
020421410	0201424
020421412	0201424
020421501	0201425
020421502	0201426
020421503	0201427
020421504	0201428
020421505	0201429
020421506	0201430
020421507	0201431
020421508	0201432
020421509	0201433
020421510	0201434
020421601	0201435
020421602	0201436
020421612	0201437
020421603	0201437
020421604	0201438
020421605	0201439
020421606	0201440
020421607	0201441
020421613	0201442
020421608	0201442
020421609	0201443
020421614	0201444
020421610	0201444
020421611	0201445
020421701	0201446
020421702	0201447
020421703	0201448
020421704	0201449
020421705	0201450
020421706	0201451
020421707	0201452
020421801	0201453
020421802	0201454
020421803	0201455
020421804	0201456
020421805	0201457
020421806	0201458
020421807	0201459
020421808	0201460
020421809	0201461
020421901	0201462
020421902	0201463
020421903	0201464
020421904	0201465
020421905	0201466
020421906	0201467
020421907	0201468
020421908	0201469
020422001	0201470
020422002	0201471
020422003	0201472
020422004	0201473
020422005	0201474
020422006	0201475
020422007	0201476
020422008	0201477
020422009	0201478
020422010	0201479
020422101	0201480
020422102	0201481
020422103	0201482
020422104	0201483
020422105	0201484
020422106	0201485
020422107	0201486
020422112	0201487
020422108	0201487
020422109	0201488
020422110	0201489
020422111	0201490
020490101	0201491
020490102	0201492
020490103	0201493
020490104	0201494
020490105	0201495
020490106	0201496
020490107	0201497
020490108	0201498
020490109	0201499
020490111	0201500
020490110	0201500
020490201	0201501
020490202	0201502
020490203	0201503
020490204	0201504
020490205	0201505
020490206	0201506
020490207	0201507
020490208	0201508
020490209	0201509
020490301	0201510
020490302	0201511
020490303	0201512
020490304	0201513
020490305	0201514
020490311	0201515
020490306	0201515
020490312	0201516
020490307	0201516
020490308	0201517
020490309	0201518
020490313	0201519
020490310	0201519
020490401	0201520
020490402	0201521
020490403	0201522
020490404	0201523
020490405	0201524
020490406	0201525
020490411	0201526
020490407	0201526
020490408	0201527
020490409	0201528
020490410	0201529
020490501	0201530
020490502	0201531
020490503	0201532
020490510	0201532
020490504	0201533
020490505	0201534
020490511	0201534
020490506	0201535
020490507	0201536
020490508	0201537
020490509	0201538
020490601	0201539
020490602	0201540
020490603	0201541
020490604	0201542
020490605	0201543
020490606	0201544
020490607	0201545
020490608	0201546
020490609	0201547
020490701	0201548
020490702	0201549
020490703	0201550
020490704	0201551
020490705	0201552
020490706	0201553
020490707	0201554
020490708	0201555
020490709	0201556
020490710	0201557
020490711	0201558
020490801	0201559
020490802	0201560
020490803	0201561
020490804	0201562
020490805	0201563
020490806	0201564
020490807	0201565
020490808	0201566
020490901	0201567
020490902	0201568
020490903	0201569
020490904	0201570
020490905	0201571
020490906	0201572
020490907	0201573
020490908	0201574
020490909	0201575
020490910	0201576
020490911	0201577
020491001	0201578
020491002	0201579
020491003	0201580
020491004	0201581
020491005	0201582
020491006	0201583
020491007	0201584
020491008	0201585
020491009	0201586
020491010	0201587
020491101	0201588
020491102	0201589
020491103	0201590
020491104	0201591
020491105	0201592
020491106	0201593
020491107	0201594
020491108	0201595
020491111	0201595
020491109	0201596
020491110	0201597
020491201	0201598
020491202	0201599
020491203	0201600
020491204	0201601
020491205	0201602
020491206	0201603
020491207	0201604
020491208	0201605
020491209	0201606
020491301	0201607
020491302	0201608
020491303	0201609
020491304	0201610
020491305	0201611
020491306	0201612
020491307	0201613
020491308	0201614
020491309	0201615
020491310	0201616
020491311	0201617
020491312	0201618
020491313	0201619
020491314	0201620
020491315	0201621
020491401	0201622
020491402	0201623
020491403	0201624
020491404	0201625
020491405	0201626
020491406	0201627
020491407	0201628
020491408	0201629
020491409	0201630
020491410	0201631
020491411	0201632
020491412	0201633
020491413	0201634
020491501	0201635
020491502	0201636
020491503	0201637
020491504	0201638
020491505	0201639
020491506	0201640
020491507	0201641
020491508	0201642
020491509	0201643
020491510	0201644
020491511	0201645
020491601	0201646
020491602	0201647
020491603	0201648
020491604	0201649
020491605	0201650
020491606	0201651
020491607	0201652
020491608	0201653
020491609	0201654
020491712	0201655
020491701	0201655
020491702	0201656
020491703	0201657
020491704	0201658
020491705	0201659
020491713	0201660
020491706	0201660
020491707	0201661
020491708	0201662
020491709	0201663
020491710	0201664
020491711	0201665
020491801	0201666
020491803	0201667
020491802	0201667
020491812	0201668
020491804	0201669
020491805	0201670
020491806	0201671
020491813	0201671
020491807	0201672
020491808	0201673
020491809	0201674
020491810	0201675
020491811	0201676
020491901	0201677
020491902	0201678
020491903	0201679
020491904	0201680
020491905	0201681
020491906	0201682
020492001	0201683
020492002	0201684
020492003	0201685
020492004	0201686
020492005	0201687
020492006	0201688
020492007	0201689
020631303	0201690
020631304	0201691
020631305	0201692
020631306	0201693
020631307	0201694
020631401	0201695
020631402	0201696
020631403	0201697
020631404	0201698
020631405	0201699
020631411	0201699
020631413	0201700
020631406	0201700
020631412	0201700
020631407	0201701
020631414	0201702
020631408	0201702
020631409	0201703
020631410	0201704
020631415	0201704
020631501	0201705
020631502	0201706
020631503	0201707
020631504	0201708
020631505	0201709
020631506	0201710
020631507	0201711
020631508	0201712
020631509	0201713
020631510	0201714
020631511	0201715
020631601	0201716
020631602	0201717
020631603	0201718
020631604	0201719
020631605	0201720
020631606	0201721
020631607	0201722
020631608	0201723
020631609	0201724
020631610	0201725
020631611	0201726
020631612	0201727
020631613	0201728
020700101	0201729
020700102	0201730
020700103	0201731
020700104	0201732
020700105	0201733
020700106	0201734
062700603	0600096
062701601	0600097
062701602	0600098
062701603	0600098
062701604	0600099
062701605	0600100
062701606	0600101
062701607	0600102
062700604	0600102
062701609	0600103
062701610	0600103
062700606	0600104
062701608	0600104
062700607	0600105
062700605	0600106
062700608	0600107
062700609	0600108
062700610	0600109
062700611	0600110
062700709	0600111
062700710	0600112
062700708	0600113
062700707	0600114
062700706	0600115
062700701	0600116
062700702	0600117
062700705	0600118
062701701	0600119
062700704	0600120
062700703	0600121
062701705	0600122
062701704	0600123
062701703	0600124
062701702	0600125
062701709	0600126
062701708	0600127
062701706	0600128
062701707	0600129
062701802	0600130
062701801	0600131
062701803	0600132
062701804	0600133
062700802	0600134
062700801	0600135
062700805	0600135
062700804	0600136
062700803	0600136
062700810	0600137
062700809	0600138
062700807	0600139
062700806	0600140
062701805	0600140
062700808	0600140
063711903	0600141
063711904	0600142
063711905	0600143
063711906	0600144
063711907	0600145
063711908	0600146
063711910	0600147
063711909	0600147
063712001	0600148
063712002	0600149
063712003	0600150
063712004	0600151
063712009	0600151
063712005	0600152
063712006	0600153
063712007	0600154
063712008	0600155
063712103	0600156
063712104	0600157
063712107	0600158
063712108	0600159
063712109	0600160
063712110	0600160
063714904	0600161
063714903	0600162
063712106	0600162
063712105	0600163
063712102	0600164
063712101	0600165
063714902	0600166
063714901	0600166
063714907	0600167
063714906	0600168
063714905	0600169
063714908	0600170
063712201	0600171
063715001	0600172
063715002	0600172
063715003	0600173
063712202	0600174
063712203	0600175
063712204	0600176
063712205	0600177
063712206	0600178
063715004	0600179
063715005	0600180
063715006	0600181
063715007	0600182
063715008	0600183
063715009	0600184
063712302	0600185
063712301	0600185
064101504	0600186
064101502	0600187
064101503	0600188
064101501	0600189
064100505	0600190
064100506	0600191
064101601	0600192
064101602	0600193
064101603	0600194
064101604	0600195
064101605	0600196
064100507	0600197
064100504	0600198
064100501	0600199
064100502	0600200
064100503	0600201
064100508	0600202
064101606	0600203
064101607	0600204
064101608	0600204
064100601	0600205
064100602	0600206
064100609	0600207
064101706	0600208
064101707	0600208
064101708	0600209
064101709	0600210
064101710	0600211
064101704	0600212
064101705	0600212
064100610	0600213
064100608	0600214
064100603	0600215
064100604	0600216
064100605	0600216
064100606	0600217
064100607	0600217
064101702	0600218
064101701	0600218
064101703	0600219
064100701	0600220
064100702	0600221
064100703	0600222
064100704	0600223
064100705	0600224
064100706	0600225
064101801	0600226
064101802	0600227
064101803	0600228
064101804	0600229
064101805	0600230
065390909	0600231
065390910	0600232
065390911	0600233
065390912	0600234
065393901	0600235
065393902	0600236
065393903	0600237
065393904	0600238
065393905	0600239
065393906	0600240
065391013	0600241
065393912	0600241
065393913	0600241
065393907	0600241
065393911	0600241
065393910	0600242
065393908	0600242
065393909	0600243
065391010	0600244
065391009	0600244
065391008	0600245
065391001	0600246
065391002	0600246
065391003	0600247
065391004	0600247
065391005	0600248
065391006	0600249
065391007	0600250
065391011	0600250
065391012	0600251
065391101	0600252
065391102	0600253
065391103	0600254
065391104	0600255
065391105	0600256
065391106	0600257
065391107	0600258
065391108	0600258
065391109	0600259
065391110	0600259
065394001	0600260
065394002	0600261
065394003	0600262
065394004	0600263
065394005	0600264
065394006	0600265
065394007	0600266
065394008	0600267
065391204	0600268
065391203	0600269
065391202	0600270
065391201	0600271
065391205	0600272
065391206	0600273
065394103	0600274
065394102	0600275
065471002	0600276
065471003	0600276
065470309	0600277
065470310	0600278
065470311	0600279
065470313	0600280
065470312	0600280
065471004	0600281
065471006	0600282
065471005	0600282
065470308	0600283
065470307	0600283
065470306	0600283
065470401	0600284
065470402	0600285
065470504	0600286
065470501	0600286
065470502	0600287
065470503	0600288
065470601	0600289
065470602	0600290
065470603	0600291
065470701	0600292
065470702	0600293
065470703	0600294
065470801	0600295
065470802	0600296
065470902	0600297
065470903	0600297
065471109	0600297
065470901	0600297
065470907	0600298
065470904	0600298
065470906	0600299
065470905	0600299
065470908	0600300
065470909	0600300
065470911	0600301
065470910	0600301
065471107	0600302
065471106	0600302
065471104	0600303
065471102	0600303
065471101	0600304
065471103	0600304
065471105	0600305
065471108	0600306
065530101	0600307
065530102	0600308
065530103	0600309
065530112	0600309
065530104	0600310
065530105	0600311
065530106	0600312
065530107	0600313
065530108	0600314
065530109	0600315
065530113	0600316
065530110	0600316
065530111	0600317
065530201	0600318
065530202	0600319
065530209	0600320
065530203	0600320
065603601	0600321
065603602	0600321
065603607	0600322
065603608	0600322
065603606	0600323
065603604	0600324
065603603	0600324
065603605	0600325
065603611	0600326
065601111	0600327
065601112	0600328
065601201	0600329
065601202	0600330
065601204	0600331
065601203	0600331
065601205	0600332
065601206	0600333
065601207	0600334
065601208	0600335
065601209	0600336
065603704	0600337
065603705	0600337
065603701	0600338
065603702	0600339
065603703	0600340
065603706	0600341
065603708	0600342
065603707	0600342
065603709	0600343
065603710	0600344
065601301	0600345
065601302	0600346
065601312	0600347
065601303	0600347
065601304	0600348
065601305	0600349
065601306	0600350
065601307	0600351
065601313	0600351
065601308	0600352
065601309	0600353
065601314	0600354
065601310	0600354
065601311	0600355
065601407	0600356
065604805	0600356
065604804	0600356
065604801	0600357
065601409	0600357
065604802	0600358
065601408	0600358
065604803	0600359
065604806	0600360
065604807	0600361
065601405	0600362
065601406	0600363
065601401	0600363
065601402	0600364
065601403	0600365
020492008	0201735
020492009	0201736
020492010	0201737
020492011	0201738
020492012	0201739
020492013	0201740
020492101	0201741
020492113	0201742
020492102	0201742
020492103	0201743
020492104	0201744
020492105	0201745
020492114	0201746
020492106	0201746
020492107	0201747
020492108	0201748
020492109	0201749
020492110	0201750
020492111	0201751
020492112	0201752
020492201	0201753
020492202	0201754
020492214	0201754
020492203	0201755
020492204	0201756
020492205	0201757
020492206	0201758
020492207	0201759
020492208	0201760
020492209	0201761
020492210	0201762
020492211	0201763
020492212	0201764
020492213	0201765
020492301	0201766
020492302	0201767
020492310	0201767
020492303	0201768
020492304	0201769
020492305	0201770
020492306	0201771
020492307	0201772
020492308	0201773
020492309	0201774
020492401	0201775
020492402	0201776
020492403	0201777
020492404	0201778
020492405	0201779
020492406	0201780
020492407	0201781
020492408	0201782
020492409	0201783
020492410	0201784
020492411	0201785
020560101	0201786
020560102	0201787
020560113	0201787
020560103	0201788
020560115	0201789
020560104	0201789
020560105	0201790
020560116	0201790
020560106	0201791
020560117	0201791
020560118	0201792
020560107	0201792
020560108	0201793
020560124	0201793
020560114	0201794
020560123	0201794
020560109	0201794
020560110	0201795
020560119	0201795
020560120	0201796
020560111	0201796
020560121	0201797
020560122	0201797
020560112	0201797
020560201	0201798
020560202	0201799
020560203	0201800
020560204	0201801
020560205	0201802
020560206	0201803
020560207	0201804
020560208	0201805
020560209	0201806
020560210	0201807
020560301	0201808
020560302	0201809
020560303	0201810
020560304	0201811
020560305	0201812
020560306	0201813
020560307	0201814
020560312	0201815
020560308	0201815
020560311	0201815
020560309	0201816
020560313	0201816
020560314	0201817
020560310	0201817
020560401	0201818
020560402	0201819
020560403	0201820
020560404	0201821
020560405	0201822
020560406	0201823
020560407	0201824
020560408	0201825
020560409	0201826
020560410	0201827
020560411	0201828
020560501	0201829
020560502	0201830
020560503	0201831
020560504	0201832
020560505	0201833
020560506	0201834
020560507	0201835
020560508	0201836
020560509	0201837
020560510	0201838
020560511	0201839
020560601	0201840
020560602	0201841
020560603	0201842
020560604	0201843
020560605	0201844
020560606	0201845
020560607	0201846
020560608	0201847
020560609	0201848
020560610	0201849
020560611	0201850
020560701	0201851
020560702	0201852
020560715	0201853
020560703	0201853
020560704	0201854
020560705	0201855
020560716	0201855
020560706	0201856
020560707	0201857
020560708	0201858
020560714	0201859
020560709	0201859
020560710	0201860
020560711	0201861
020560712	0201862
020560713	0201863
020561803	0201864
020561808	0201864
020561809	0201864
020561807	0201864
020561805	0201864
020561806	0201864
020561801	0201864
020561802	0201864
020561804	0201864
020560801	0201865
020560802	0201866
020560803	0201867
020560804	0201868
020560805	0201869
020560806	0201870
020560807	0201871
020560808	0201872
020560809	0201873
020560810	0201874
020560811	0201875
020560901	0201876
020560902	0201877
020560903	0201878
020560904	0201879
020560905	0201880
020560906	0201881
020560907	0201882
020560908	0201883
020560909	0201884
020561001	0201885
020561002	0201886
020561003	0201887
020561004	0201888
020561005	0201889
020561006	0201890
020561007	0201891
020561008	0201892
020561101	0201893
020561102	0201894
020561103	0201895
020561104	0201896
020561105	0201897
020561201	0201898
020561202	0201899
020561203	0201900
020561204	0201901
020561205	0201902
020561206	0201903
020561207	0201904
020561310	0201905
020561301	0201905
020561311	0201905
020561309	0201905
020561302	0201906
020561303	0201907
020561304	0201908
020561305	0201909
020561306	0201910
020561307	0201911
020561308	0201912
020561401	0201913
020561402	0201914
020561403	0201915
020561411	0201916
020561404	0201916
020561405	0201917
020561406	0201918
020561407	0201919
020561408	0201920
020561409	0201921
020561410	0201922
020561512	0201923
020561518	0201923
020561501	0201923
020561519	0201923
020561511	0201923
020561502	0201924
020561517	0201924
020561503	0201925
020561504	0201926
020561516	0201926
020561515	0201927
020561505	0201927
020561514	0201927
020561506	0201928
020561507	0201929
020561508	0201930
020561513	0201931
020561509	0201931
020561510	0201932
020561601	0201933
020561602	0201934
020561603	0201935
020561604	0201936
020561605	0201937
020561606	0201938
020561607	0201939
020561608	0201940
020561609	0201941
020561610	0201942
020561701	0201943
020561702	0201944
020561703	0201945
020561704	0201946
020561705	0201947
020630101	0201948
020630102	0201949
020630103	0201950
020630104	0201951
020630105	0201952
020630106	0201953
020630107	0201954
020630108	0201955
020630109	0201956
020630201	0201957
020630202	0201958
020630203	0201959
020630213	0201960
020630204	0201960
020630205	0201961
020630206	0201962
020630207	0201963
020630208	0201964
020630209	0201965
020630210	0201966
020630211	0201967
020630212	0201968
020630301	0201969
020630302	0201970
020630303	0201971
020630304	0201972
020630305	0201973
020630306	0201974
020630307	0201975
020630308	0201976
020630309	0201977
020630310	0201978
020630311	0201979
020630312	0201980
020630313	0201981
020630401	0201982
020630402	0201983
020630403	0201984
020630404	0201985
020630405	0201986
020630406	0201987
020630407	0201988
020630408	0201989
020630409	0201990
020630410	0201991
020630411	0201992
020630501	0201993
020630502	0201994
020630503	0201995
020630504	0201996
020630505	0201997
020630506	0201998
020630507	0201999
020630508	0202000
020630509	0202001
020630510	0202002
020630511	0202003
020630601	0202004
020630602	0202005
020630603	0202006
020630604	0202007
020630605	0202008
020630606	0202009
020630607	0202010
020630608	0202011
020630609	0202012
020630610	0202013
020630611	0202014
020630612	0202015
020630701	0202016
020630702	0202017
020630703	0202018
020630704	0202019
020630705	0202020
020630706	0202021
020630707	0202022
020630708	0202023
020630709	0202024
020630710	0202025
020630711	0202026
020630712	0202027
020630713	0202028
020630714	0202029
020630801	0202030
020630802	0202031
020630803	0202032
020630804	0202033
020630805	0202034
020630806	0202035
020630807	0202036
020630808	0202037
020630809	0202038
020630810	0202039
020630811	0202040
020630812	0202041
020630813	0202042
020630901	0202043
020630902	0202044
020630903	0202045
020630904	0202046
020630905	0202047
020630906	0202048
020630907	0202049
020630908	0202050
020630909	0202051
020630910	0202052
020630911	0202053
020630912	0202054
020630913	0202055
020630914	0202056
020631001	0202057
020631002	0202058
020631003	0202059
020631004	0202060
020631005	0202061
020631006	0202062
020631007	0202063
020631008	0202064
020631009	0202065
020631010	0202066
020631011	0202067
020631012	0202068
020631101	0202069
020631102	0202070
020631103	0202071
020631104	0202072
020631105	0202073
020631106	0202074
020631107	0202075
020631108	0202076
020631109	0202077
020631110	0202078
020631111	0202079
020631112	0202080
020631201	0202081
020631202	0202082
020631203	0202083
020631204	0202084
020631205	0202085
020631206	0202086
020631207	0202087
020631208	0202088
020631209	0202089
020631210	0202090
020631211	0202091
020631212	0202092
020631301	0202093
020631302	0202094
020700107	0202095
020700108	0202096
020700201	0202097
020700202	0202098
020700203	0202099
020700204	0202100
020700205	0202101
020700206	0202102
020700207	0202103
020700208	0202104
020700301	0202105
020700302	0202106
020700303	0202107
020700304	0202108
020700305	0202109
020700306	0202110
020700307	0202111
020700308	0202112
020700401	0202113
020700402	0202114
020700403	0202115
020700404	0202116
020700405	0202117
020700406	0202118
020700407	0202119
020700408	0202120
020700409	0202121
020700501	0202122
020700502	0202123
020700503	0202124
020700504	0202125
020700505	0202126
020700506	0202127
020700507	0202128
020700508	0202129
020700509	0202130
020700510	0202131
020700511	0202132
020700512	0202133
020700513	0202134
020700514	0202135
020700601	0202136
020700602	0202137
020700603	0202138
020700604	0202139
020700605	0202140
020700606	0202141
020700607	0202142
020700608	0202143
020700614	0202144
020700609	0202144
020700610	0202145
020700611	0202146
020700612	0202147
020700613	0202148
020700701	0202149
020700702	0202150
020700703	0202151
020700704	0202152
020700705	0202153
020700706	0202154
020700707	0202155
020700708	0202156
020700709	0202157
020700710	0202158
020700801	0202159
020700802	0202160
020700803	0202161
020700804	0202162
020700805	0202163
020700806	0202164
020700807	0202165
020700808	0202166
020700809	0202167
020700901	0202168
020700902	0202169
020700903	0202170
020700904	0202171
020700905	0202172
020700906	0202173
020700907	0202174
020700908	0202175
020700909	0202176
020700910	0202177
020701001	0202178
020701002	0202179
020701003	0202180
020701004	0202181
020701005	0202182
020701006	0202183
020701007	0202184
020701008	0202185
020701009	0202186
020701010	0202187
020701011	0202188
020701012	0202189
020701101	0202190
020701102	0202191
020701103	0202192
020701104	0202193
020701105	0202194
020701106	0202195
020701107	0202196
020701108	0202197
020701109	0202198
020701110	0202199
020701111	0202200
020701201	0202201
020701202	0202202
020701203	0202203
020701204	0202204
020701205	0202205
020701206	0202206
020701207	0202207
020701208	0202208
020701209	0202209
020701210	0202210
020701301	0202211
020701302	0202212
020701303	0202213
020701304	0202214
020701305	0202215
020701306	0202216
020701307	0202217
020701308	0202218
020701309	0202219
020701310	0202220
020701311	0202221
020701312	0202222
020701401	0202223
020701402	0202224
020701403	0202225
020701404	0202226
020701405	0202227
020701406	0202228
020701407	0202229
020701408	0202230
020701409	0202231
020701410	0202232
020701411	0202233
020701501	0202234
020701502	0202235
020701503	0202236
020701504	0202237
020701505	0202238
020701506	0202239
020701507	0202240
020701508	0202241
020701509	0202242
020701601	0202243
020701602	0202244
020701603	0202245
020701604	0202246
020701610	0202247
020701605	0202247
020701606	0202248
020701607	0202249
020701608	0202250
020701609	0202251
020701701	0202252
020701702	0202253
020701703	0202254
020701704	0202255
020701705	0202256
020701706	0202257
020701707	0202258
020701708	0202259
020701709	0202260
020701710	0202261
020701801	0202262
020701802	0202263
020701803	0202264
020701804	0202265
020701805	0202266
020701806	0202267
020701807	0202268
020701808	0202269
020701809	0202270
020701810	0202271
020701811	0202272
020701812	0202273
020701901	0202274
020701902	0202275
020701903	0202276
020701904	0202277
020701905	0202278
020701906	0202279
020701907	0202280
020701908	0202281
020701909	0202282
020701910	0202283
020701913	0202283
020701911	0202284
020701912	0202285
020770101	0202286
020770102	0202287
020770103	0202288
020770104	0202289
020770105	0202290
020770106	0202291
020770107	0202292
020770108	0202293
020770113	0202294
020770109	0202294
020770114	0202295
020770110	0202295
020770111	0202296
020770112	0202297
020770201	0202298
020770202	0202299
020770203	0202300
020770204	0202301
020770205	0202302
020770206	0202303
020770207	0202304
020770208	0202305
020770209	0202306
020770210	0202307
020770211	0202308
020770301	0202309
020770302	0202310
020770303	0202311
020770304	0202312
020770305	0202313
020770306	0202314
020770307	0202315
020770308	0202316
020770309	0202317
020770310	0202318
020770311	0202319
020770312	0202320
020770401	0202321
020770402	0202322
020770403	0202323
020770404	0202324
020770405	0202325
020770406	0202326
020770407	0202327
020770408	0202328
020770409	0202329
020770410	0202330
020770411	0202331
020770412	0202332
020770413	0202333
020770501	0202334
020770502	0202335
020770503	0202336
020770504	0202337
020770505	0202338
020770506	0202339
020770507	0202340
020770508	0202341
020770509	0202342
020770510	0202343
020770601	0202344
020770602	0202345
020770603	0202346
020770604	0202347
020770605	0202348
020770606	0202349
020770607	0202350
020770608	0202351
020770609	0202352
020770610	0202353
020770611	0202354
020770701	0202355
020770702	0202356
020770703	0202357
020770704	0202358
020770705	0202359
020770706	0202360
020770707	0202361
020770708	0202362
020770709	0202363
020770710	0202364
020770711	0202365
020770712	0202366
020770801	0202367
020770802	0202368
020770803	0202369
020770804	0202370
020770805	0202371
020770806	0202372
020770807	0202373
020770808	0202374
020770809	0202375
020770901	0202376
020770902	0202377
020770903	0202378
020770904	0202379
020770905	0202380
020770906	0202381
020770907	0202382
020770908	0202383
020770909	0202384
020770910	0202385
020770911	0202386
020770912	0202387
020771001	0202388
020771002	0202389
020771003	0202390
020771004	0202391
020771005	0202392
020771006	0202393
020771007	0202394
020771011	0202395
020771008	0202395
020771009	0202396
020771010	0202397
020771101	0202398
020771102	0202399
020771103	0202400
020771104	0202401
020771105	0202402
020771106	0202403
020771107	0202404
020771108	0202405
020771109	0202406
020771201	0202407
020771202	0202408
020771203	0202409
020771204	0202410
020771205	0202411
020771206	0202412
020771207	0202413
020771208	0202414
020771209	0202415
020771210	0202416
020771301	0202417
020771302	0202418
020771303	0202419
020771304	0202420
020771305	0202421
020771306	0202422
020771307	0202423
020771308	0202424
020771309	0202425
020771310	0202426
020771311	0202427
020771401	0202428
020771402	0202429
020771403	0202430
020771404	0202431
020771405	0202432
020771408	0202433
020771406	0202433
020771407	0202434
020771501	0202435
020771502	0202436
020771503	0202437
020771504	0202438
020771505	0202439
020771506	0202440
020771507	0202441
020771508	0202442
020771509	0202443
020771510	0202444
020771511	0202445
020771601	0202446
020771611	0202447
020771602	0202447
020771603	0202448
020771604	0202449
020771605	0202450
020771606	0202451
020771607	0202452
020771608	0202453
020771609	0202454
020771610	0202455
020771701	0202456
020771702	0202457
020771703	0202458
020771704	0202459
020771705	0202460
020771706	0202461
020771707	0202462
020771708	0202463
020771801	0202464
020771802	0202465
020771803	0202466
020771804	0202467
020771805	0202468
020771810	0202469
020771806	0202469
020771807	0202470
020771808	0202471
020771809	0202472
020771901	0202473
020771902	0202474
020771903	0202475
020771904	0202476
020771905	0202477
020771906	0202478
020771907	0202479
020771908	0202480
020771909	0202481
020772001	0202482
020772203	0202483
020772204	0202484
020772205	0202485
020772206	0202486
020772207	0202487
020772208	0202488
020772209	0202489
020772210	0202490
020772211	0202491
020840101	0202492
020840102	0202493
020840103	0202494
020840104	0202495
020840105	0202496
020840106	0202497
020840107	0202498
020840108	0202499
020840109	0202500
020840110	0202501
020840111	0202502
020840209	0202503
020840201	0202503
020840202	0202504
020840203	0202505
020840204	0202506
020840205	0202507
020840206	0202508
020840207	0202509
020840208	0202510
020840301	0202511
020840302	0202512
020840303	0202513
020840304	0202514
020840305	0202515
020840306	0202516
020840307	0202517
020840308	0202518
020840309	0202519
020840310	0202520
020840311	0202521
020840401	0202522
020840402	0202523
020840403	0202524
020840404	0202525
020840405	0202526
020840406	0202527
020840407	0202528
020840408	0202529
020840409	0202530
020840410	0202531
020840501	0202532
020840502	0202533
020840512	0202534
020840503	0202534
020840504	0202535
020840505	0202536
020840506	0202537
020840507	0202538
020840508	0202539
020840509	0202540
020840510	0202541
020840511	0202542
020840601	0202543
020840602	0202544
020840603	0202545
020840604	0202546
020840605	0202547
020840606	0202548
020840607	0202549
020840608	0202550
020840609	0202551
020840610	0202552
020840701	0202553
020840702	0202554
020840703	0202555
020840704	0202556
020840705	0202557
020840706	0202558
020840707	0202559
020840708	0202560
020840712	0202561
020840711	0202561
020840709	0202561
020840713	0202562
020840710	0202562
020840801	0202563
020840812	0202563
020840802	0202564
020840803	0202565
020840804	0202566
020840805	0202567
020840806	0202568
020840807	0202569
020840808	0202570
020840809	0202571
020840810	0202572
020840811	0202573
020840901	0202574
020840902	0202575
020840903	0202576
020840908	0202576
020840904	0202577
020840905	0202578
020840906	0202579
020840907	0202580
020841001	0202581
020841012	0202582
020841002	0202582
020841003	0202583
020841004	0202584
020841005	0202585
020841006	0202586
020841007	0202587
020841008	0202588
020841013	0202588
020841009	0202589
020841010	0202590
020841011	0202591
020841101	0202592
020841102	0202593
020841103	0202594
020841104	0202595
020841113	0202596
020841105	0202596
020841112	0202596
020841106	0202597
020841107	0202598
020841108	0202599
020841109	0202600
020841110	0202601
020841111	0202602
020841201	0202603
020841202	0202604
020841203	0202605
020841209	0202605
020841204	0202606
020841205	0202607
020841206	0202608
020841207	0202609
020841208	0202610
020841301	0202611
020841302	0202612
020841303	0202613
020841309	0202613
020841308	0202613
020841304	0202614
020841310	0202614
020841305	0202615
020841311	0202615
020841306	0202616
020841307	0202617
020841401	0202618
020841402	0202619
020841403	0202620
020841404	0202621
020841405	0202622
020841406	0202623
020841407	0202624
020841411	0202625
020841408	0202625
020841409	0202626
020841410	0202627
020841412	0202627
020841514	0202628
020841501	0202628
020841515	0202629
020841502	0202629
020841516	0202630
020841503	0202630
020841504	0202631
020841505	0202632
020841506	0202633
020841507	0202634
020841508	0202635
020841509	0202636
020841510	0202637
020841511	0202638
020841512	0202639
020841513	0202640
020841601	0202641
020841602	0202642
020841603	0202643
020841616	0202644
020841604	0202644
020841615	0202644
020841617	0202645
020841605	0202645
020841618	0202645
020841606	0202646
020841619	0202646
020841620	0202646
020841607	0202647
020841608	0202648
020841621	0202648
020841609	0202649
020841610	0202650
020841611	0202651
020841612	0202652
020841613	0202653
020841614	0202654
020841701	0202655
020841702	0202656
020841703	0202657
020841704	0202658
020841705	0202659
020841706	0202660
020841707	0202661
020841710	0202662
020841709	0202662
020841708	0202662
020841801	0202663
020841802	0202664
020841803	0202665
020841804	0202666
020841805	0202667
020841806	0202668
020841807	0202669
020841808	0202670
020841809	0202671
020841810	0202672
020841811	0202673
020841812	0202674
020841815	0202674
020841814	0202674
020841813	0202675
020841901	0202676
020841902	0202677
020841903	0202678
020841904	0202679
020841905	0202680
020841906	0202681
020841907	0202682
020841908	0202683
020841909	0202684
020841910	0202685
020841911	0202686
020841912	0202687
020841913	0202688
020842001	0202689
020842213	0202690
020842207	0202690
020842214	0202690
020842208	0202691
020842209	0202692
020842215	0202692
020842210	0202693
020842211	0202694
020910101	0202695
020910102	0202696
020910103	0202697
020910115	0202698
020910104	0202698
020910105	0202699
020910106	0202700
020910107	0202701
020910108	0202702
020910109	0202703
020910110	0202704
020910111	0202705
020910112	0202706
020910113	0202707
020910114	0202708
020910212	0202709
020910201	0202709
020910202	0202710
020910203	0202711
020910204	0202712
020910205	0202713
020910206	0202714
020910213	0202714
020910207	0202715
020910208	0202716
020910209	0202717
020910210	0202718
020910211	0202719
020910301	0202720
020910302	0202721
020910303	0202722
020910311	0202723
020910312	0202723
020910304	0202723
020910305	0202724
020910306	0202725
020910307	0202726
020910308	0202727
020910309	0202728
020910310	0202729
020910313	0202729
020910401	0202730
020910402	0202731
020910403	0202732
020910404	0202733
020910405	0202734
020910406	0202735
020910407	0202736
020910408	0202737
020910409	0202738
020910410	0202739
020910411	0202740
020910416	0202741
020910415	0202741
020910412	0202741
020910413	0202742
020910414	0202743
020910501	0202744
020910502	0202745
020910509	0202746
020910503	0202746
020910510	0202746
020910504	0202747
020910511	0202747
020910505	0202748
020910506	0202749
020910512	0202749
020910507	0202750
020910508	0202751
020910601	0202752
020910602	0202753
020910603	0202754
020910604	0202755
020910605	0202756
020910606	0202757
020910607	0202758
020910608	0202759
020910701	0202760
020910702	0202761
020910703	0202762
020910704	0202763
020910705	0202764
020910706	0202765
020910707	0202766
020910708	0202767
020910709	0202768
020910801	0202769
020910802	0202770
020910811	0202771
020910803	0202771
020910804	0202772
020910805	0202773
020910806	0202774
020910807	0202775
020910808	0202776
020910809	0202777
020910810	0202778
020910901	0202779
020910902	0202780
020910903	0202781
020910904	0202782
020910911	0202783
020910905	0202783
020910906	0202784
020910907	0202785
020910908	0202786
020910909	0202787
020910910	0202788
020911001	0202789
020911002	0202790
020911013	0202790
020911012	0202790
020911003	0202791
020911014	0202791
020911004	0202792
020911015	0202792
020911005	0202793
020911006	0202794
020911007	0202795
020911008	0202796
020911009	0202797
020911010	0202798
020911011	0202799
020911101	0202800
020911102	0202801
020911103	0202802
020911104	0202803
020911105	0202804
020911106	0202805
020911107	0202806
020911201	0202807
020911202	0202808
020911203	0202809
020911204	0202810
020911205	0202811
020911206	0202812
020911207	0202813
020911208	0202814
020911209	0202815
020911210	0202816
020911301	0202817
020911302	0202818
020911303	0202819
020911304	0202820
020911305	0202821
020911306	0202822
020911307	0202823
020911308	0202824
020911309	0202825
020911310	0202826
020911311	0202827
020911312	0202828
020911315	0202829
020911313	0202829
020911314	0202830
020911401	0202831
020911402	0202832
020911403	0202833
020911404	0202834
020911405	0202835
020911406	0202836
020911407	0202837
020911408	0202838
020911409	0202839
020911410	0202840
020911411	0202841
020911501	0202842
020911502	0202843
020911503	0202844
020911504	0202845
020911505	0202846
020911506	0202847
020911507	0202848
020911508	0202849
020911509	0202850
020911510	0202851
020911511	0202852
020911512	0202853
020911601	0202854
020911602	0202855
020911603	0202856
020911604	0202857
020911605	0202858
020911606	0202859
020911607	0202860
020911608	0202861
020911609	0202862
020911610	0202863
020911611	0202864
020911612	0202865
020911613	0202866
020911701	0202867
020911712	0202867
020911702	0202868
020911713	0202868
020911703	0202869
020911704	0202870
020911705	0202871
020911706	0202872
020911707	0202873
020911708	0202874
020911709	0202875
020911710	0202876
020911711	0202877
020911801	0202878
020911802	0202879
020911803	0202880
020911804	0202881
020911805	0202882
020911806	0202883
020911807	0202884
020911808	0202885
020911809	0202886
020911810	0202887
020911901	0202888
020911902	0202889
020911903	0202890
020911904	0202891
020911905	0202892
020911906	0202893
020911907	0202894
020911908	0202895
020911909	0202896
020911910	0202897
020911911	0202898
020911912	0202899
020912001	0202900
020912002	0202901
020912003	0202902
020912004	0202903
020912005	0202904
020912006	0202905
020912007	0202906
020912008	0202907
020912009	0202908
020912010	0202909
020912011	0202910
020912012	0202911
020912101	0202912
020912102	0202913
020912103	0202914
020912104	0202915
020912105	0202916
020912106	0202917
020912107	0202918
020912108	0202919
020912109	0202920
020912110	0202921
020912201	0202922
020912202	0202923
020912203	0202924
020912204	0202925
020912205	0202926
020912206	0202927
020912207	0202928
020912208	0202929
020912209	0202930
020912312	0202931
020912301	0202931
020912302	0202932
020912303	0202933
020912304	0202934
020912305	0202935
020912306	0202936
020912307	0202937
020912308	0202938
020912309	0202939
020912310	0202940
020912311	0202941
020912401	0202942
020912402	0202943
020912403	0202944
020912404	0202945
020912405	0202946
020912406	0202947
020912407	0202948
020912408	0202949
020912409	0202950
020912410	0202951
020912501	0202952
020912502	0202953
020912503	0202954
020912504	0202955
020912505	0202956
020912506	0202957
020912507	0202958
020912508	0202959
020912601	0202960
020912602	0202961
020912603	0202962
020912604	0202963
020912605	0202964
020912606	0202965
020912607	0202966
020912608	0202967
020912609	0202968
020912610	0202969
020912611	0202970
020912701	0202971
020912702	0202972
020912703	0202973
020912710	0202974
020912704	0202974
020912705	0202975
020912706	0202976
020912711	0202977
020912707	0202977
020912708	0202978
020912709	0202979
020912801	0202980
020912802	0202981
020912803	0202982
020912804	0202983
020912805	0202984
020912806	0202985
020912807	0202986
020912808	0202987
020912809	0202988
020912810	0202989
020912901	0202990
020912902	0202991
020912903	0202992
020912904	0202993
020912905	0202994
020912906	0202995
020912907	0202996
020912908	0202997
020912909	0202998
020912910	0202999
020912911	0203000
020980101	0203001
020980102	0203002
020980103	0203003
020980104	0203004
020980105	0203005
020980106	0203006
020980107	0203007
020980108	0203008
020980109	0203009
020980110	0203010
020980201	0203011
020980202	0203012
020980203	0203013
020980204	0203014
020980205	0203015
020980206	0203016
020980207	0203017
020980208	0203018
020980209	0203019
020980210	0203020
020980301	0203021
020980302	0203022
020980303	0203023
020980304	0203024
020980305	0203025
020980306	0203026
020980307	0203027
020980308	0203028
020980309	0203029
020980310	0203030
020980311	0203031
020980312	0203032
020980401	0203033
020980402	0203034
020980403	0203035
020980404	0203036
020980405	0203037
020980406	0203038
020980407	0203039
020980408	0203040
020980409	0203041
020980410	0203042
020980501	0203043
020980502	0203044
020980503	0203045
020980504	0203046
020980505	0203047
020980506	0203048
020980507	0203049
020980508	0203050
020980509	0203051
020980510	0203052
020980601	0203053
020980611	0203053
020980612	0203053
020980602	0203054
020980613	0203054
020980603	0203055
020980604	0203056
020980605	0203057
020980606	0203058
020980607	0203059
020980608	0203060
020980609	0203061
020980610	0203062
020980701	0203063
020980711	0203063
020980710	0203063
020980702	0203064
020980712	0203064
020980713	0203064
020980703	0203065
020980714	0203066
020980715	0203066
020980704	0203066
020980705	0203067
020980706	0203068
020980707	0203069
020980708	0203070
020980716	0203070
020980709	0203071
020980801	0203072
020980811	0203072
020980810	0203072
020980812	0203073
020980813	0203073
020980802	0203073
020980803	0203074
020980804	0203075
020980805	0203076
020980806	0203077
020980807	0203078
020980808	0203079
020980814	0203080
020980815	0203080
020980809	0203080
020980901	0203081
020980914	0203081
020980902	0203082
020980903	0203083
020980915	0203083
020980904	0203084
020980905	0203085
020980906	0203086
020980907	0203087
020980908	0203088
020980909	0203089
020980910	0203090
020980911	0203091
020980916	0203091
020980912	0203092
020980913	0203093
020981002	0203094
020981001	0203094
020981101	0203095
020981116	0203096
020981115	0203096
020981102	0203096
020981103	0203097
020981104	0203098
020981105	0203099
020981106	0203100
020981107	0203101
020981108	0203102
020981109	0203103
020981110	0203104
020981111	0203105
020981112	0203106
020981117	0203107
020981113	0203107
020981114	0203108
020981201	0203109
020981202	0203110
020981203	0203111
020981212	0203111
020981204	0203112
020981205	0203113
020981206	0203114
020981207	0203115
020981208	0203116
020981209	0203117
020981210	0203118
020981211	0203119
020981301	0203120
020981302	0203121
020981303	0203122
020981304	0203123
020981305	0203124
020981306	0203125
020981307	0203126
020981508	0203127
020981601	0203128
020981602	0203129
020981603	0203130
020981604	0203131
020981605	0203132
020981606	0203133
020981607	0203134
020981701	0203135
020981702	0203136
020981703	0203137
020981704	0203138
020981705	0203139
020981706	0203140
020981707	0203141
020981708	0203142
020981801	0203143
020981802	0203144
020981803	0203145
020981804	0203146
020981805	0203147
020981806	0203148
020981807	0203149
020981808	0203150
020981901	0203151
020981902	0203152
020981903	0203153
020981904	0203154
020981905	0203155
020982001	0203156
020982002	0203157
020982003	0203158
020982004	0203159
020982005	0203160
020982006	0203161
020982007	0203162
020982101	0203163
020982102	0203164
020982103	0203165
020982104	0203166
020982105	0203167
020982106	0203168
020982107	0203169
020982108	0203170
020982109	0203171
020982110	0203172
020982111	0203173
020982201	0203174
020982202	0203175
020982203	0203176
020982204	0203177
020982205	0203178
020982206	0203179
020982207	0203180
020982208	0203181
020982209	0203182
020982212	0203182
020982211	0203183
020982210	0203183
020982301	0203184
020982302	0203185
020982303	0203186
020982304	0203187
020982305	0203188
020982306	0203189
020982307	0203190
020982312	0203191
020982308	0203191
020982313	0203192
020982309	0203192
020982314	0203193
020982310	0203193
020982311	0203194
020982401	0203195
020982402	0203196
020982403	0203197
020982404	0203198
020982405	0203199
020982406	0203200
020982407	0203201
020982408	0203202
020982409	0203203
020982501	0203204
020982502	0203205
020982503	0203206
020982504	0203207
020982505	0203208
020982506	0203209
020982507	0203210
020982508	0203211
020982509	0203212
020982601	0203213
020982602	0203214
020982603	0203215
020982604	0203216
020982605	0203217
020982606	0203218
020982607	0203219
020982701	0203220
020982702	0203221
020982703	0203222
020982704	0203223
020982705	0203224
020982706	0203225
020982707	0203226
020982801	0203227
020982802	0203228
020982803	0203229
020982804	0203230
020982805	0203231
020982806	0203232
020982807	0203233
020982808	0203234
020982809	0203235
020982810	0203236
020982811	0203237
020982812	0203238
020982901	0203239
020982902	0203240
020982903	0203241
020982904	0203242
020982905	0203243
020982906	0203244
020982907	0203245
020982908	0203246
020982909	0203247
020982910	0203248
020982911	0203249
020983001	0203250
020983002	0203251
020983003	0203252
020983004	0203253
020983005	0203254
020983006	0203255
020983007	0203256
020983008	0203257
020983009	0203258
020983101	0203259
020983102	0203260
020983103	0203261
020983104	0203262
020983105	0203263
020983106	0203264
020983107	0203265
020983108	0203266
020983109	0203267
020983110	0203268
020983111	0203269
020983112	0203270
021050101	0203271
021050102	0203272
021050103	0203273
021050104	0203274
021050105	0203275
021050106	0203276
021050107	0203277
021050108	0203278
021050109	0203279
021050110	0203280
021050111	0203281
021050112	0203282
021050201	0203283
021050202	0203284
021050203	0203285
021050204	0203286
021050205	0203287
021050206	0203288
021050207	0203289
021050208	0203290
021050209	0203291
021050210	0203292
021050301	0203293
021050302	0203294
021050303	0203295
021050304	0203296
021050305	0203297
021050306	0203298
021050307	0203299
021050308	0203300
021050309	0203301
021050310	0203302
021050311	0203303
021050312	0203304
021050313	0203305
021050401	0203306
021050402	0203307
021050403	0203308
021050404	0203309
021050405	0203310
021050406	0203311
021050407	0203312
021050408	0203313
021050409	0203314
021050410	0203315
021050411	0203316
021050412	0203317
021050413	0203318
021050414	0203319
021050501	0203320
021050502	0203321
021050503	0203322
021050504	0203323
021050505	0203324
021050506	0203325
021050507	0203326
021050508	0203327
021050509	0203328
021050510	0203329
021050511	0203330
021050512	0203331
021050513	0203332
021050514	0203333
021050601	0203334
021050602	0203335
021050603	0203336
021050604	0203337
021050605	0203338
021050606	0203339
021050607	0203340
021050701	0203341
021050702	0203342
021050703	0203343
021050704	0203344
021050705	0203345
021050706	0203346
021050713	0203346
021050707	0203347
021050708	0203348
021050709	0203349
021050710	0203350
021050711	0203351
021050712	0203352
021050801	0203353
021050802	0203354
021050803	0203355
021050804	0203356
021050805	0203357
021050806	0203358
021050807	0203359
021050808	0203360
021050809	0203361
021050810	0203362
021050901	0203363
021050902	0203364
021050903	0203365
021050904	0203366
021050905	0203367
021050906	0203368
021050907	0203369
021050908	0203370
021050911	0203370
021050909	0203370
021050910	0203370
021051001	0203371
021051002	0203372
021051003	0203373
021051004	0203374
021051005	0203375
021051006	0203376
021051007	0203377
021051008	0203378
021051009	0203379
021051010	0203380
021051011	0203381
021051012	0203382
021051013	0203383
021051114	0203384
021051101	0203384
021051102	0203385
021051115	0203385
021051103	0203386
021051104	0203387
021051105	0203388
021051106	0203389
021051107	0203390
021051108	0203391
021051109	0203392
021051110	0203393
021051116	0203394
021051111	0203394
021051112	0203395
021051113	0203396
021051201	0203397
021051202	0203398
021051203	0203399
021051204	0203400
021051205	0203401
021051206	0203402
021051207	0203403
021051210	0203404
021051208	0203404
021051209	0203405
021051301	0203406
021051302	0203407
021051303	0203408
021051304	0203409
021051305	0203410
021051306	0203411
021051307	0203412
021051308	0203413
021051309	0203414
021051310	0203415
021051401	0203416
021051402	0203417
021051403	0203418
021051404	0203419
021051405	0203420
021051406	0203421
021051407	0203422
021051408	0203423
021051409	0203424
021051410	0203425
021051411	0203426
021051501	0203427
021051502	0203428
021051503	0203429
021051504	0203430
021051505	0203431
021051506	0203432
021051507	0203433
021051508	0203434
021051509	0203435
021051510	0203436
021051601	0203437
021051602	0203438
021051603	0203439
021051604	0203440
021051605	0203441
021051606	0203442
021051607	0203443
021051608	0203444
021051609	0203445
021051610	0203446
021051611	0203447
021051701	0203448
021051702	0203449
021051703	0203450
021051704	0203451
021051705	0203452
021051706	0203453
021051707	0203454
021051708	0203455
021051709	0203456
021051710	0203457
021051711	0203458
021051712	0203459
021051801	0203460
021051802	0203461
021051803	0203462
021051804	0203463
021051805	0203464
021051806	0203465
021051807	0203466
021051808	0203467
021051809	0203468
021051810	0203469
021051811	0203470
021051812	0203471
021051813	0203472
021051901	0203473
021051902	0203474
021051903	0203475
021051904	0203476
021051905	0203477
021051906	0203478
021051907	0203479
021051908	0203480
021051909	0203481
021051910	0203482
021051911	0203483
021052001	0203484
021052002	0203485
021052003	0203486
021052004	0203487
021052005	0203488
021052006	0203489
021052007	0203490
021052008	0203491
021052009	0203492
021052010	0203493
021052011	0203494
021052012	0203495
021052101	0203496
021052102	0203497
021052103	0203498
021052104	0203499
021052105	0203500
021052106	0203501
021052107	0203502
021052108	0203503
021052109	0203504
021052110	0203505
021052111	0203506
021052112	0203507
021052113	0203508
060070106	0600366
060070108	0600367
060070103	0600368
060070102	0600369
060070101	0600370
060070109	0600371
060070104	0600372
060070105	0600372
060071201	0600373
060071203	0600374
060071202	0600375
060071208	0600376
060071207	0600377
060071206	0600378
060071205	0600379
060071204	0600379
060070107	0600380
060070201	0600381
060070202	0600382
060070203	0600383
060070204	0600384
060070205	0600385
060070206	0600386
060070207	0600387
060070208	0600388
060070209	0600389
060070301	0600390
060070302	0600391
060070303	0600392
060070304	0600393
060070305	0600394
060070306	0600395
060070307	0600396
060070308	0600397
060070401	0600398
060070402	0600399
060070403	0600400
060070404	0600401
060070405	0600402
060070406	0600403
060070407	0600404
060070408	0600405
060070409	0600406
060070410	0600407
060070411	0600408
060070412	0600409
060070413	0600410
060070501	0600411
060070502	0600412
060070503	0600413
060070504	0600414
060070505	0600415
060070506	0600416
060070507	0600417
060070508	0600418
060070509	0600419
060070510	0600420
060070511	0600421
060070512	0600422
060070513	0600423
060070514	0600424
060070515	0600425
060070516	0600426
060070601	0600427
060070602	0600428
060070603	0600429
060070604	0600430
060070605	0600431
060070606	0600432
060070607	0600433
060070608	0600434
060070609	0600435
060070610	0600436
060070611	0600437
060070612	0600438
060070613	0600439
060070614	0600440
060070615	0600441
060070701	0600442
060070705	0600443
060070702	0600443
060070703	0600444
060070704	0600445
060070801	0600446
060070809	0600447
060070808	0600447
060070804	0600448
060070803	0600449
060070802	0600450
060070805	0600451
060070806	0600452
060070807	0600453
060071308	0600454
060071309	0600454
060071306	0600455
060071305	0600456
060071301	0600457
060071302	0600458
060071304	0600458
060071303	0600459
060071307	0600459
060070901	0600460
060070902	0600461
060070903	0600462
060070904	0600463
060070905	0600464
060070906	0600465
060071001	0600466
060071002	0600467
060071003	0600468
060071004	0600469
060071005	0600470
060071006	0600471
060071007	0600472
060071008	0600473
060071009	0600474
060071010	0600475
060071011	0600476
060071012	0600477
060071101	0600478
060071102	0600479
060071103	0600480
060071104	0600481
060071105	0600482
060071106	0600483
060071107	0600484
060071108	0600485
060071109	0600486
060071110	0600487
060071111	0600488
060140101	0600489
060140201	0600490
060140301	0600491
060140302	0600492
060140401	0600493
060140501	0600494
060140502	0600495
060140503	0600496
060140504	0600497
060140505	0600498
060140601	0600499
060140701	0600500
060140801	0600501
060140901	0600502
060141009	0600503
060141003	0600504
060141001	0600504
060141002	0600505
060141007	0600506
060141008	0600507
060141608	0600508
060141605	0600509
060141609	0600509
060141604	0600509
060141607	0600510
060141601	0600511
060141006	0600512
060141602	0600513
060141606	0600514
060141603	0600515
060141005	0600516
060141004	0600517
060141101	0600518
060141201	0600519
060141202	0600520
060141301	0600521
060141401	0600522
060141501	0600523
060210101	0600524
060210102	0600525
060210202	0600526
060210203	0600527
060210205	0600528
060210208	0600529
060210206	0600529
060210207	0600530
060210209	0600530
060210301	0600531
060210302	0600532
060210401	0600533
060210402	0600534
060210501	0600535
060210502	0600536
060210503	0600537
060210602	0600538
060210605	0600539
060210608	0600539
060210606	0600540
060211103	0600541
060210607	0600542
060211105	0600543
060211106	0600544
060211108	0600544
060211104	0600545
060210601	0600546
060210609	0600546
060211102	0600547
060211101	0600547
060210604	0600548
060210603	0600548
060211107	0600549
060210701	0600550
060210702	0600551
060210801	0600552
060210802	0600553
060210803	0600554
060210804	0600555
060210901	0600556
060210902	0600557
060210903	0600558
060210904	0600559
060211001	0600560
060211002	0600561
060211004	0600561
060211003	0600562
060280101	0600563
060280103	0600564
060280102	0600565
060280105	0600566
060280104	0600567
060280108	0600568
060280107	0600569
060280106	0600569
060284002	0600570
060284001	0600571
060284006	0600572
060284007	0600573
060284005	0600574
060284004	0600575
060284003	0600576
060284008	0600577
060280201	0600578
060280209	0600578
060280202	0600579
060280203	0600580
060280204	0600581
060280205	0600582
060280206	0600583
060280207	0600584
060280208	0600585
060280301	0600586
060280302	0600587
060280303	0600588
060280304	0600589
060280305	0600590
060280306	0600591
060280307	0600592
060280308	0600593
060280309	0600594
060280310	0600595
060280311	0600596
060280512	0600597
060280513	0600598
060280601	0600599
060280606	0600600
060280608	0600601
060280609	0600602
060280607	0600603
060280605	0600604
060280604	0600604
060280602	0600605
060280603	0600606
060284105	0600607
060284102	0600608
060284101	0600609
060284103	0600610
060284104	0600611
060284106	0600612
060284108	0600613
060284107	0600613
060280701	0600614
060280702	0600615
060280703	0600616
060280704	0600617
060280705	0600618
060280706	0600619
060280712	0600619
060280707	0600620
060280713	0600620
060280708	0600621
060280709	0600622
060280710	0600623
060280711	0600624
060280801	0600625
060280802	0600626
060280803	0600627
060280804	0600628
060280805	0600629
060280806	0600630
060280807	0600631
060280808	0600632
060280809	0600633
060280810	0600634
060280811	0600635
060280812	0600636
060280813	0600637
060280901	0600638
060280902	0600639
060280903	0600640
060280904	0600641
060280905	0600642
060280906	0600643
060280907	0600644
060280908	0600645
060280909	0600646
060281001	0600647
060281002	0600648
060281003	0600649
060281008	0600650
060281007	0600651
060281006	0600652
060281005	0600653
060281004	0600654
060284201	0600655
060284202	0600656
060284203	0600657
060284204	0600658
060284205	0600659
060284206	0600660
060284207	0600661
060284208	0600662
060284209	0600663
060281101	0600664
060281102	0600665
060281103	0600666
060281104	0600667
060281105	0600668
060281106	0600669
060281107	0600670
060281108	0600671
060281109	0600672
060281110	0600673
060281111	0600674
060281112	0600675
060281113	0600676
060281201	0600677
060281202	0600678
060281203	0600679
060281204	0600680
060281205	0600681
060281206	0600682
060281207	0600683
060281208	0600684
060281209	0600685
060281210	0600686
060281211	0600687
060281314	0600688
060281301	0600688
060281302	0600689
060281303	0600690
060281304	0600691
060281305	0600692
060281306	0600693
060281307	0600694
060281308	0600695
060281309	0600696
060281310	0600697
060281311	0600698
060281312	0600699
060281313	0600700
060281401	0600701
060281402	0600702
060281403	0600703
060281404	0600704
060281405	0600705
060281406	0600706
060281407	0600707
060281408	0600708
060281409	0600709
060281410	0600710
060281501	0600711
060281502	0600712
060281503	0600713
060281504	0600714
060281505	0600715
060281506	0600716
060281507	0600717
060281508	0600718
060281509	0600719
060281510	0600720
060281511	0600721
060281512	0600722
060281601	0600723
060281602	0600724
060281603	0600725
060281604	0600726
060281605	0600727
060281606	0600728
060281607	0600729
060281608	0600730
060281701	0600731
060281702	0600732
060281703	0600733
060281704	0600734
060281705	0600735
060281706	0600736
060281707	0600737
060281708	0600738
060281709	0600739
060281801	0600740
060281802	0600741
060281803	0600742
060281804	0600743
060281805	0600744
060281806	0600745
060281807	0600746
060281812	0600747
060281808	0600747
060281813	0600748
060281809	0600748
060281810	0600749
060281811	0600750
060281901	0600751
060281902	0600752
060281905	0600753
060281903	0600754
060281904	0600755
060284302	0600756
060284301	0600757
060284303	0600757
060284304	0600758
060281906	0600759
060284305	0600760
060284306	0600761
060284307	0600762
060284308	0600763
060282012	0600764
060282011	0600765
060282005	0600766
060282004	0600767
060282003	0600767
060282006	0600768
060282007	0600768
060282010	0600769
060282008	0600770
060282009	0600771
060282013	0600772
060284403	0600773
060284404	0600774
060284412	0600775
060282001	0600775
060284411	0600775
060284402	0600775
060284410	0600775
060284401	0600775
060282002	0600775
060284405	0600775
060284406	0600776
060284407	0600776
060284408	0600777
060284409	0600778
060282101	0600779
060282102	0600780
060282103	0600781
060282104	0600782
060282105	0600783
060282106	0600784
060282107	0600785
060282108	0600786
060282109	0600787
060282110	0600788
060282111	0600789
060282112	0600790
060282113	0600791
060282201	0600792
060282202	0600793
060282203	0600794
060282204	0600795
060282210	0600796
060282209	0600796
060282205	0600797
060282206	0600797
060282207	0600798
060282208	0600799
060284501	0600800
060284502	0600801
060284503	0600802
060284504	0600803
060284505	0600804
060284507	0600805
060284506	0600806
060284508	0600807
060284509	0600807
060284510	0600808
060284511	0600809
060282301	0600810
060282314	0600811
060282302	0600811
060282303	0600812
060282304	0600813
060282305	0600814
060282306	0600815
060282307	0600816
060282308	0600817
060282309	0600818
060282310	0600819
060282311	0600820
060282312	0600821
060282313	0600822
060282401	0600823
060282402	0600824
060282403	0600825
060282404	0600826
060282405	0600827
060282406	0600828
060282407	0600829
060282408	0600830
060282409	0600831
060282501	0600832
060282502	0600833
060282504	0600834
060282503	0600835
060282505	0600836
060282506	0600837
060284603	0600838
060284602	0600839
060284601	0600840
060284607	0600841
060284605	0600842
060284606	0600842
060284604	0600843
060282507	0600844
060282601	0600845
060282602	0600846
060282603	0600847
060282604	0600848
060282605	0600849
060282606	0600850
060282607	0600851
060282608	0600852
060282609	0600853
060282610	0600854
060282611	0600855
060282612	0600856
060282701	0600857
060282702	0600858
060282703	0600859
060282704	0600860
060282705	0600861
060282706	0600862
060282707	0600863
060282708	0600864
060282709	0600865
060282710	0600866
060282711	0600867
060282712	0600868
060282713	0600869
060282801	0600870
060282802	0600871
060282803	0600872
060282804	0600873
060282805	0600874
060282806	0600875
060282807	0600876
060282808	0600877
060282809	0600878
060282810	0600879
060282811	0600880
060282901	0600881
060282902	0600882
060282903	0600883
060282904	0600884
060282905	0600885
060282906	0600886
060282907	0600887
060282908	0600888
060282909	0600889
060282910	0600890
060282911	0600891
060282912	0600892
060282913	0600893
060283001	0600894
060283002	0600895
060283003	0600896
060283004	0600897
060283005	0600898
060283006	0600899
060283007	0600900
060283009	0600901
060283008	0600901
060283010	0600902
060284702	0600903
060284703	0600904
060284704	0600905
060284701	0600906
060284705	0600907
060284706	0600908
060284707	0600909
060284708	0600910
060283101	0600911
060283102	0600912
060283103	0600913
060283104	0600914
060283105	0600915
060283113	0600916
060283106	0600916
060283114	0600917
060283107	0600917
060283108	0600918
060283109	0600919
060283110	0600920
060283115	0600920
060283111	0600921
060283112	0600922
060283201	0600923
060283202	0600924
060283203	0600925
060283204	0600926
060283205	0600927
060283206	0600928
060283207	0600929
060283208	0600930
060283209	0600931
060283301	0600932
060283311	0600932
060283303	0600933
060283302	0600933
060283304	0600934
060283305	0600935
060283306	0600936
060283310	0600937
060283309	0600938
060283308	0600938
060283307	0600939
060284804	0600939
060284803	0600940
060284801	0600941
060284802	0600942
060284805	0600943
060284806	0600944
060284807	0600945
060284808	0600945
060283401	0600946
060283413	0600946
060283402	0600947
060283403	0600948
060283404	0600949
060283405	0600950
060283406	0600951
060283407	0600952
060283408	0600953
060283409	0600954
060283410	0600955
060283411	0600956
060283412	0600957
060283501	0600958
060283502	0600959
060283503	0600960
060283504	0600961
060283505	0600962
060283506	0600963
060283507	0600964
060283508	0600965
060283510	0600966
060283509	0600966
060283601	0600967
060283602	0600968
060283603	0600969
060283604	0600970
060283610	0600971
060283605	0600971
060283608	0600972
060283609	0600972
060283606	0600973
060283607	0600974
060284901	0600975
060284902	0600976
060284903	0600977
060284905	0600978
060284904	0600978
060284906	0600979
060284907	0600979
060284908	0600980
060284909	0600980
060284910	0600981
060284911	0600981
060285001	0600982
060283701	0600983
060283702	0600984
060283703	0600985
060283705	0600986
060283706	0600987
060283704	0600988
060285003	0600989
060285002	0600990
060285005	0600991
060285004	0600992
060283707	0600993
060283708	0600994
060285006	0600995
060283801	0600996
060283813	0600996
060283802	0600997
060283803	0600998
060283804	0600999
060283805	0601000
060283806	0601001
060283807	0601002
060283808	0601003
060283809	0601004
060283810	0601005
060283811	0601006
060283812	0601007
060283901	0601008
060283902	0601009
060283904	0601010
060283905	0601011
060283906	0601012
060283909	0601013
060283903	0601013
060283908	0601013
060283907	0601013
060285101	0601014
060285102	0601015
060285107	0601016
060285108	0601016
060285106	0601017
060285109	0601017
060285103	0601018
060285104	0601019
060285105	0601019
060285110	0601020
060285111	0601020
060285112	0601021
060285113	0601022
060350112	0601023
060350101	0601023
060350113	0601024
060350102	0601024
060350103	0601025
060350104	0601026
060350105	0601027
060350106	0601028
060350107	0601029
060350108	0601030
060350109	0601031
060350110	0601032
060350111	0601033
060350201	0601034
060350203	0601035
060350202	0601035
060350205	0601036
060350204	0601036
060350301	0601037
060350302	0601038
060350303	0601039
060350304	0601040
060350305	0601041
060350306	0601042
060350307	0601043
060350308	0601044
060350309	0601045
060350310	0601046
060350311	0601047
060350312	0601048
060350313	0601049
060350314	0601050
060350315	0601051
060350401	0601052
060350402	0601053
060350403	0601054
060350406	0601055
060350405	0601055
060350404	0601056
060350409	0601057
060350408	0601058
060350407	0601059
060353601	0601060
060353608	0601061
060353602	0601062
060353607	0601062
060353606	0601063
060353603	0601064
060353604	0601065
060353605	0601066
060353701	0601067
060353702	0601068
060353704	0601068
060353703	0601069
060350501	0601070
060350506	0601071
060350507	0601071
060350508	0601071
060350505	0601072
060350502	0601072
060350503	0601073
060350504	0601073
060353705	0601074
060353706	0601075
060353707	0601076
060353708	0601077
060353709	0601078
060353801	0601079
060353802	0601080
060353803	0601081
060353804	0601082
060353806	0601083
060353805	0601084
060350605	0601085
060350601	0601086
060350603	0601087
060350602	0601088
060350604	0601089
060353807	0601090
060350606	0601090
060350701	0601091
060350702	0601092
060350703	0601093
060350704	0601094
060350705	0601095
060350706	0601096
060350707	0601097
060350708	0601098
060350709	0601099
060350710	0601100
060350711	0601101
060350712	0601102
060350801	0601103
060350802	0601104
060350803	0601105
060350804	0601106
060350805	0601107
060350806	0601108
060350807	0601109
060350808	0601110
060350809	0601111
060350810	0601112
060350811	0601113
060350812	0601114
060350813	0601115
060350814	0601116
060350815	0601117
060350901	0601118
060350902	0601119
060350903	0601120
060350904	0601121
060350915	0601122
060350905	0601122
060350906	0601123
060350907	0601124
060350908	0601125
060350909	0601126
060350910	0601127
060350911	0601128
060350912	0601129
060350913	0601130
060350914	0601131
060351001	0601132
060351002	0601133
060351003	0601134
060351004	0601135
060351005	0601135
060353901	0601136
060353902	0601137
060353903	0601138
060353904	0601139
060353905	0601140
060353906	0601141
060353907	0601142
060353908	0601143
060351101	0601144
060351102	0601145
060351103	0601146
060351111	0601147
060351104	0601147
060351105	0601148
060351106	0601149
060351107	0601150
060351112	0601151
060351108	0601151
060351109	0601152
060351113	0601153
060351110	0601153
060351201	0601154
060351202	0601155
060351203	0601156
060351204	0601157
060351205	0601158
060351206	0601159
060351207	0601160
060351208	0601161
060351209	0601162
060351210	0601163
060351211	0601164
060351213	0601164
060351212	0601165
060351214	0601165
060351301	0601166
060351311	0601167
060351302	0601167
060351303	0601168
060351304	0601169
060351305	0601170
060351306	0601171
060351307	0601172
060351308	0601173
060351309	0601174
060351310	0601175
060351401	0601176
060351402	0601177
060351403	0601178
060351404	0601179
060351405	0601180
060351406	0601181
060351407	0601182
060351408	0601183
060351409	0601184
060351410	0601185
060351411	0601186
060351412	0601187
060351413	0601188
060351501	0601189
060351502	0601190
060351503	0601191
060351504	0601192
060351513	0601193
060351505	0601193
060351514	0601194
060351506	0601194
060351507	0601195
060351508	0601196
060351509	0601197
060351510	0601198
060351511	0601199
060351512	0601200
060351601	0601201
060351602	0601202
060351603	0601203
060351604	0601204
060351605	0601205
060351606	0601206
060351607	0601207
060351608	0601208
060351609	0601209
060351610	0601210
060351611	0601211
060351701	0601212
060351702	0601213
060351703	0601214
060351704	0601215
060351705	0601216
060351706	0601217
060351707	0601218
060351708	0601219
060351709	0601220
060351710	0601221
060351711	0601222
060351801	0601223
060351802	0601224
060351803	0601225
060351804	0601226
060351805	0601227
060351806	0601228
060351807	0601229
060351808	0601230
060351809	0601231
060351810	0601232
060351811	0601233
060351901	0601234
060351902	0601235
060351903	0601236
060351912	0601236
060351904	0601237
060351905	0601238
060351906	0601239
060351907	0601240
060351908	0601241
060351909	0601242
060351910	0601243
060351911	0601244
060352012	0601245
060352001	0601245
060352002	0601246
060352003	0601247
060352013	0601247
060352004	0601248
060352005	0601249
060352006	0601250
060352007	0601251
060352008	0601252
060352009	0601253
060352010	0601254
060352011	0601255
060352101	0601256
060352111	0601256
060352102	0601257
060352103	0601258
060352104	0601259
060352105	0601260
060352106	0601261
060352107	0601262
060352108	0601263
060352109	0601264
060352110	0601265
060352112	0601265
060352201	0601266
060352213	0601266
060352202	0601267
060352203	0601268
060352204	0601269
060352205	0601270
060352206	0601271
060352207	0601272
060352208	0601273
060352214	0601274
060352209	0601274
060352210	0601275
060352211	0601276
060352212	0601277
060352301	0601278
060352303	0601279
060352302	0601279
060352305	0601280
060352306	0601281
060352308	0601282
060352307	0601282
060352309	0601283
060352304	0601283
060354003	0601284
060354004	0601284
060354002	0601285
060354001	0601286
060354007	0601287
060354006	0601288
060354005	0601289
060352401	0601290
060352402	0601291
060352403	0601292
060352404	0601293
060352405	0601294
060352406	0601295
060352407	0601296
060352408	0601297
060352409	0601298
060352410	0601299
060352411	0601300
060352412	0601300
060352501	0601301
060352502	0601302
060352503	0601303
060352513	0601303
060352504	0601304
060352505	0601305
060352506	0601306
060352507	0601307
060352508	0601308
060352509	0601309
060352512	0601310
060352510	0601310
060352511	0601311
060352601	0601312
060352602	0601313
060352603	0601314
060352604	0601315
060352605	0601316
060352606	0601317
060352607	0601318
060352608	0601319
060352609	0601320
060352610	0601321
060352611	0601322
060352612	0601323
060352613	0601324
060352614	0601325
060352615	0601326
060352701	0601327
060352702	0601328
060352703	0601329
060354101	0601330
060354102	0601330
060354109	0601331
060354108	0601332
060354103	0601333
060352705	0601334
060352704	0601335
060352706	0601336
060354104	0601337
060352709	0601337
060354107	0601338
060354105	0601338
060354106	0601339
060352708	0601340
060352707	0601340
060352801	0601341
060352802	0601342
060352803	0601343
060352804	0601344
060352805	0601345
060352806	0601346
060352807	0601347
060352808	0601348
060352901	0601349
060352902	0601350
060352903	0601351
060352904	0601352
060352905	0601353
060352906	0601354
060352907	0601355
060352908	0601356
060352909	0601357
060353001	0601358
060353002	0601359
060353003	0601360
060353004	0601361
060353005	0601362
060353006	0601363
060353007	0601364
060353008	0601365
060353009	0601366
060353010	0601367
060353101	0601368
060353102	0601369
060353103	0601370
060353104	0601371
060353105	0601372
060353106	0601373
060353107	0601374
060353108	0601375
060353109	0601376
060353201	0601377
060353202	0601378
060353203	0601379
060353204	0601380
060353205	0601381
060353206	0601382
060353209	0601382
060353207	0601383
060353208	0601384
060353301	0601385
060353302	0601386
060353303	0601387
060353304	0601388
060353305	0601389
060353306	0601390
060353307	0601391
060353308	0601392
060353401	0601393
060353402	0601394
060353403	0601395
060353404	0601396
060353405	0601397
060353406	0601398
060353407	0601399
060353408	0601400
060353409	0601401
060353501	0601402
060353502	0601403
060353503	0601404
060353504	0601405
060353505	0601406
060353509	0601406
060353506	0601407
060353507	0601408
060353508	0601409
060420110	0601410
060420101	0601410
060420102	0601411
060420103	0601412
060420104	0601413
060420105	0601414
060420106	0601415
060420107	0601416
060420108	0601417
060420111	0601417
060420109	0601418
060420112	0601418
060420201	0601419
060420301	0601420
060420401	0601421
060420502	0601422
060420501	0601422
060420602	0601423
060420601	0601423
060420702	0601424
060420701	0601424
060420801	0601425
060420901	0601426
060420902	0601426
060421001	0601427
060421101	0601428
060421102	0601429
060421105	0601429
060421104	0601430
060421103	0601430
060421201	0601431
060421301	0601432
060421401	0601433
060421501	0601434
060421601	0601435
060421701	0601436
060421801	0601437
060421901	0601438
060421910	0601438
060421902	0601439
060421911	0601440
060421903	0601440
060421904	0601441
060421905	0601442
060421906	0601443
060421907	0601444
060421908	0601445
060421909	0601446
060421912	0601446
060490103	0601447
060490102	0601448
060490101	0601449
060490104	0601450
060490105	0601451
060490106	0601452
060490107	0601453
060492601	0601454
060492603	0601455
060492604	0601456
060492605	0601457
060492607	0601458
060492602	0601459
060492606	0601460
060492608	0601461
060492609	0601462
060490204	0601463
060490205	0601464
060490203	0601465
060490201	0601466
060492701	0601467
060492702	0601468
060490206	0601469
060492703	0601470
060492707	0601471
060492706	0601472
060490202	0601473
060492704	0601474
060492705	0601475
060490301	0601476
060490303	0601476
060490302	0601477
060490401	0601478
060490411	0601478
060490408	0601478
060490402	0601479
060490403	0601480
060490404	0601481
060490405	0601482
060490406	0601483
060490409	0601484
060490410	0601484
060490407	0601484
060490501	0601485
060490502	0601486
060490503	0601487
060490504	0601488
060490505	0601489
060490506	0601490
060490507	0601491
060490508	0601492
060490509	0601492
060490602	0601493
060490603	0601493
060492802	0601494
060490604	0601495
060490608	0601496
060490609	0601497
060490607	0601498
060490606	0601499
060492803	0601500
060492804	0601500
060492805	0601501
060492806	0601501
060490601	0601502
060490605	0601503
060492807	0601504
060492808	0601505
060492810	0601506
060492809	0601506
060492801	0601507
060490701	0601508
060490702	0601509
060490801	0601510
060490901	0601511
060491001	0601512
060491002	0601513
060491003	0601514
060491004	0601515
060491005	0601516
060491006	0601517
060491007	0601518
060491010	0601518
060491011	0601519
060491008	0601519
060491009	0601520
060491101	0601521
060491102	0601522
060491201	0601523
060491301	0601524
060491403	0601525
060491401	0601525
060491402	0601526
060491501	0601527
060491601	0601528
060491701	0601529
060491802	0601530
060491801	0601530
060491901	0601531
060492001	0601532
060492009	0601532
060492002	0601533
060492003	0601534
060492004	0601535
060492005	0601536
060492010	0601537
060492008	0601537
060492006	0601537
060492007	0601538
060492101	0601539
060492102	0601540
060492201	0601541
060492301	0601542
060492401	0601543
060492511	0601544
060492501	0601544
060492512	0601545
060492502	0601545
060492503	0601546
060492504	0601547
060492505	0601548
060492506	0601549
060492513	0601550
060492507	0601550
060492508	0601551
060492514	0601552
060492509	0601552
060492510	0601553
060560101	0601554
060560103	0601555
060560102	0601555
060560104	0601556
060560105	0601556
060560106	0601557
060560107	0601558
060560109	0601559
060560110	0601560
060563301	0601561
060560111	0601561
060563302	0601562
060563303	0601563
060560108	0601564
060563304	0601565
060563306	0601566
060563307	0601567
060563308	0601568
060563309	0601569
060563310	0601570
060563311	0601571
060563305	0601572
060563312	0601572
060560201	0601573
060560202	0601574
060560203	0601575
060560204	0601576
060560205	0601577
060560206	0601578
060560207	0601579
060560215	0601580
060560208	0601580
060560209	0601581
060560210	0601582
060560211	0601583
060560212	0601584
060560213	0601585
060560214	0601586
060560301	0601587
060560302	0601588
060560303	0601589
060560313	0601589
060560304	0601590
060560305	0601591
060560306	0601592
060560314	0601592
060560307	0601593
060560308	0601594
060560309	0601595
060560310	0601596
060560311	0601597
060560312	0601598
060560605	0601599
060560606	0601600
060560607	0601601
060560608	0601602
060560610	0601602
060560609	0601603
060560701	0601604
060560702	0601605
060560703	0601606
060560704	0601607
060560705	0601608
060560706	0601609
060560707	0601610
060560708	0601611
060560709	0601612
060560710	0601613
060560711	0601614
060560807	0601615
060560806	0601615
060560808	0601616
060560809	0601616
060560810	0601617
060560811	0601617
060560805	0601618
060560804	0601618
060560803	0601619
060560802	0601620
060560801	0601621
060564204	0601622
060564201	0601623
060564202	0601623
060564203	0601624
060564205	0601624
060560812	0601625
060564208	0601626
060564207	0601627
060564206	0601628
060564209	0601629
060560901	0601630
060560902	0601631
060560903	0601632
060560904	0601633
060560905	0601634
060560906	0601635
060560907	0601636
060560908	0601637
060560909	0601638
060560910	0601639
060560911	0601640
060561001	0601641
060561002	0601642
060561012	0601643
060561003	0601643
060561004	0601644
060561013	0601644
060561005	0601645
060561006	0601646
060561007	0601647
060561008	0601648
060561014	0601648
060561009	0601649
060561010	0601650
060561011	0601651
060561101	0601652
060561102	0601653
060563401	0601654
060561104	0601655
060561103	0601656
060561106	0601657
060561107	0601658
060561105	0601659
060563402	0601660
060563403	0601661
060563404	0601662
060563405	0601663
060563406	0601664
060563407	0601665
060561201	0601666
060561202	0601667
060561203	0601668
060561204	0601669
060561205	0601670
060561206	0601671
060561207	0601672
060561208	0601673
060561209	0601674
060561210	0601675
060561211	0601676
060561311	0601677
060561301	0601677
060561302	0601678
060561312	0601678
060561303	0601679
060561304	0601680
060561305	0601681
060561306	0601682
060561307	0601683
060561308	0601684
060561309	0601685
060561310	0601686
060561402	0601687
060561401	0601688
060561404	0601689
060561403	0601690
060561406	0601691
060561405	0601692
060561408	0601692
060561407	0601693
060561410	0601694
060561411	0601695
060561412	0601696
060561409	0601697
060561413	0601698
060563501	0601699
060563502	0601700
060563505	0601700
060563503	0601701
060563504	0601702
060563507	0601703
060563506	0601704
060563508	0601705
060563509	0601706
060563510	0601707
060561501	0601708
060561503	0601709
060561502	0601709
060561504	0601710
060561505	0601711
060561508	0601712
060561506	0601713
060561507	0601714
060563601	0601715
060563602	0601716
060563603	0601717
060563604	0601718
060563605	0601719
060563606	0601720
060563607	0601721
060563609	0601722
060563608	0601722
060563610	0601723
060563611	0601724
060561601	0601725
060561609	0601726
060561608	0601727
060561602	0601728
060561603	0601729
060561604	0601729
060561606	0601730
060561607	0601731
060563711	0601732
060561605	0601733
060563701	0601733
060563702	0601734
060563703	0601734
060563710	0601735
060563709	0601735
060563705	0601736
060563704	0601736
060563707	0601737
060563706	0601737
060563708	0601738
060561701	0601739
060561702	0601740
060561703	0601741
060561704	0601742
060561705	0601743
060561706	0601744
060561707	0601745
060561708	0601746
060561709	0601747
060561711	0601747
060561710	0601748
060561801	0601749
060561802	0601750
060561803	0601751
060561804	0601752
060561805	0601753
060561806	0601754
060561807	0601755
060561808	0601756
060561809	0601757
060561810	0601758
060561901	0601759
060561902	0601760
060561903	0601761
060561906	0601762
060561907	0601763
060561904	0601764
060561905	0601765
060563808	0601766
060563807	0601767
060563806	0601768
060563801	0601769
060563802	0601770
060563804	0601771
060563803	0601771
060563805	0601772
060562001	0601773
060562011	0601773
060562002	0601774
060562003	0601775
060562004	0601776
060562005	0601777
060562006	0601778
060562007	0601779
060562008	0601780
060562009	0601781
060562010	0601782
060562101	0601783
060562102	0601784
060562103	0601785
060562104	0601786
060562105	0601787
060562106	0601788
060562107	0601789
060562112	0601789
060562108	0601790
060562109	0601791
060562110	0601792
060562111	0601793
060562201	0601794
060562202	0601795
060562203	0601796
060562204	0601797
060563901	0601798
060563902	0601799
060563903	0601800
060563904	0601801
060563905	0601802
060563906	0601803
060563907	0601804
060562205	0601805
060562207	0601806
060562206	0601806
060562208	0601806
060562210	0601807
060562209	0601807
060563908	0601808
060563909	0601809
060563910	0601810
060562301	0601811
060562302	0601811
060562305	0601811
060562307	0601811
060562303	0601811
060562304	0601812
060562306	0601813
060562308	0601814
060562309	0601815
060562310	0601816
060562311	0601817
060564303	0601818
060564304	0601819
060564302	0601820
060564301	0601821
060564305	0601822
060564306	0601823
060564307	0601824
060564308	0601825
060562402	0601826
060562401	0601826
060562404	0601827
060562403	0601827
060562405	0601828
060562406	0601829
060562407	0601829
060562408	0601830
060562409	0601830
060562411	0601831
060562410	0601831
060562413	0601832
060562412	0601832
060564404	0601833
060564401	0601833
060564405	0601833
060564402	0601833
060564403	0601834
060564408	0601835
060564409	0601836
060564407	0601837
060564406	0601838
060564413	0601839
060564412	0601840
060564411	0601841
060564410	0601842
060562507	0601843
060562505	0601843
060562508	0601843
060562504	0601843
060562509	0601843
060562506	0601843
060562510	0601843
060564101	0601844
060562511	0601844
060562503	0601845
060564002	0601845
060562502	0601845
060564001	0601845
060562501	0601845
060564006	0601846
060564005	0601846
060564007	0601847
060564008	0601848
060564009	0601848
060564004	0601849
060564003	0601849
060564104	0601850
060564105	0601850
060564011	0601851
060564010	0601851
060564111	0601852
060564110	0601853
060564103	0601854
060564106	0601854
060564102	0601855
060564108	0601856
060564107	0601856
060564109	0601857
060564112	0601858
060564113	0601858
060562602	0601859
060562601	0601859
060562604	0601860
060562605	0601860
060562603	0601860
060562613	0601861
060562614	0601861
060562611	0601862
060562609	0601862
060562612	0601862
060562610	0601862
060562608	0601863
060562606	0601864
060562607	0601864
060564506	0601865
060564505	0601866
060564508	0601867
060564501	0601868
060564504	0601868
060564502	0601868
060564503	0601868
060564509	0601869
060564511	0601869
060564510	0601869
060564507	0601870
060564601	0601871
060564602	0601871
060564603	0601871
060564609	0601872
060564610	0601872
060564608	0601872
060564612	0601873
060564611	0601873
060564613	0601874
060564607	0601875
060564614	0601875
060564604	0601875
060564606	0601876
060564605	0601877
060562701	0601878
060562709	0601879
060562702	0601879
060562703	0601880
060562710	0601881
060562704	0601881
060562705	0601882
060562706	0601883
060562712	0601884
060562711	0601884
060562707	0601884
060562801	0601885
060562901	0601886
060563001	0601887
060563008	0601888
060563002	0601888
060563003	0601889
060563004	0601890
060563005	0601891
060563006	0601892
060563007	0601893
060563101	0601894
060563201	0601895
060563207	0601896
060563204	0601896
060563213	0601896
060563202	0601896
060563209	0601896
060563211	0601896
060563208	0601896
060563206	0601896
060563203	0601896
060563205	0601896
060563210	0601897
060563212	0601897
060563214	0601897
060563215	0601897
060564701	0601898
060564710	0601899
060564709	0601900
060564702	0601901
060564704	0601901
060564703	0601901
060564705	0601902
060564707	0601903
060564706	0601903
060564708	0601904
060564711	0601905
060564712	0601906
060631406	0601907
060630106	0601908
060630105	0601909
060630101	0601910
060630104	0601911
060630107	0601912
060631402	0601913
060631405	0601914
060631408	0601915
060631407	0601915
060631410	0601916
060631404	0601917
060631403	0601918
060630108	0601919
060630103	0601920
060630102	0601921
060631401	0601922
060631409	0601923
060630201	0601924
060630209	0601924
060630202	0601925
060630203	0601926
060630210	0601927
060630204	0601927
060630205	0601928
060630206	0601929
060630207	0601930
060630208	0601931
060630301	0601932
060630307	0601933
060630302	0601933
060630303	0601934
060630304	0601935
060630305	0601936
060630306	0601937
060630401	0601938
060630402	0601939
060630403	0601940
060630404	0601941
060630405	0601942
060630406	0601943
060630501	0601944
060630502	0601945
060630601	0601946
060630602	0601947
060630603	0601948
060630604	0601949
060630605	0601950
060630606	0601951
060630607	0601952
060631503	0601953
060631502	0601953
060630701	0601954
060630702	0601955
060630705	0601956
060630704	0601956
060631511	0601957
060631505	0601958
060631504	0601958
060631501	0601958
060631506	0601959
060631510	0601959
060631507	0601959
060631512	0601959
060631508	0601959
060631509	0601960
060630703	0601960
060630706	0601961
060630707	0601961
060630801	0601962
060630802	0601963
060630807	0601963
060630803	0601964
060630804	0601965
060630805	0601966
060630806	0601967
060630901	0601968
060630902	0601969
060630903	0601970
060630904	0601971
060630905	0601972
060630906	0601973
060631001	0601974
060631005	0601975
060631002	0601975
060631003	0601976
060631004	0601977
060631101	0601978
060631102	0601979
060631103	0601980
060631104	0601981
060631105	0601982
060631106	0601983
060631107	0601984
060631201	0601985
060631202	0601986
060631203	0601987
060631301	0601988
060631302	0601989
060631309	0601990
060631303	0601990
060631304	0601991
060631310	0601992
060631305	0601992
060631306	0601993
060631307	0601994
060631308	0601995
060700101	0601996
060700102	0601997
060700103	0601998
060700104	0601999
060700105	0602000
060700106	0602001
060700107	0602002
060700108	0602003
060700109	0602004
060700110	0602005
060700111	0602006
060700112	0602007
060700113	0602008
060700202	0602009
060700203	0602009
060700204	0602010
060701302	0602011
060701303	0602012
060701304	0602013
060701306	0602014
060701305	0602014
060701307	0602015
060701309	0602016
060701310	0602017
060701311	0602018
060701313	0602018
060700210	0602019
060701312	0602019
060700209	0602020
060700208	0602021
060700206	0602022
060700205	0602023
060700207	0602023
060701301	0602024
060701308	0602025
060700201	0602026
060700310	0602027
060700301	0602027
060700302	0602028
060700309	0602028
060700303	0602029
060700308	0602029
060700304	0602030
060700305	0602031
060700312	0602031
060700307	0602031
060700306	0602032
060700311	0602032
060700401	0602033
060700402	0602034
060700403	0602035
060700405	0602036
060700404	0602036
060700503	0602037
060700501	0602037
060700502	0602038
060700601	0602039
060700602	0602040
060700701	0602041
060700702	0602042
060700801	0602043
060700802	0602044
060700803	0602045
060700804	0602046
060700805	0602047
060700806	0602048
060700901	0602049
060700902	0602050
060700903	0602051
060700904	0602052
060701001	0602053
060701002	0602054
060701003	0602055
060701004	0602056
060701101	0602057
060701102	0602058
060701201	0602059
060701202	0602060
060770110	0602061
060770101	0602061
060770102	0602062
060770103	0602063
060770104	0602064
060770105	0602065
060770106	0602066
060770107	0602067
060770108	0602068
060770109	0602069
060770201	0602070
060770202	0602071
060770301	0602072
060770302	0602073
060770401	0602074
060770402	0602075
060770403	0602076
060770404	0602077
060770405	0602078
060770510	0602079
060770509	0602079
060770507	0602080
060770505	0602081
060771502	0602082
060771506	0602083
060770513	0602084
060770501	0602085
060770502	0602085
060770503	0602086
060770508	0602087
060770504	0602087
060770512	0602087
060771505	0602088
060771507	0602088
060771503	0602088
060770506	0602089
060771501	0602090
060771504	0602091
060770511	0602092
060770601	0602093
060770602	0602094
060770603	0602095
060770701	0602096
060770801	0602097
060770901	0602098
060770902	0602099
060770903	0602100
060770904	0602101
060770905	0602102
060771001	0602103
060771002	0602104
060771003	0602105
060771101	0602106
060771102	0602107
060771103	0602108
060771201	0602109
060771202	0602110
060771301	0602111
060771302	0602112
060771303	0602113
060771401	0602114
060771402	0602115
060771403	0602116
060771404	0602117
060771405	0602118
060771406	0602119
060771407	0602120
060771408	0602121
060771410	0602121
060771409	0602122
060840101	0602123
060840102	0602124
060840103	0602125
060840201	0602126
060840202	0602127
060840301	0602128
060840302	0602129
060840303	0602130
060840304	0602131
060840305	0602132
060840401	0602133
060840402	0602134
060840403	0602135
060840501	0602136
060840502	0602137
060840601	0602138
060840602	0602139
060840603	0602140
060840604	0602141
060840605	0602142
060840701	0602143
060840712	0602143
060840702	0602144
060840703	0602145
060840704	0602146
060840705	0602147
060840706	0602148
060840707	0602149
060840708	0602150
060840709	0602151
060840710	0602152
060840711	0602153
060840801	0602154
060840802	0602155
060840803	0602156
060840804	0602157
060840901	0602158
060840902	0602159
060840903	0602160
060840905	0602161
060840906	0602162
060840908	0602163
060840909	0602164
060841001	0602165
060841002	0602166
060841003	0602167
060841101	0602168
060841102	0602169
060841201	0602170
060841202	0602171
060841203	0602172
060841204	0602173
060841205	0602174
060841206	0602175
060841211	0602175
060841207	0602176
060841208	0602177
060841209	0602178
060841210	0602179
060910101	0602180
060910102	0602181
060910103	0602182
060910104	0602183
060910105	0602184
060910106	0602185
060910107	0602186
060910108	0602187
060910111	0602188
060910109	0602188
060910110	0602189
060910112	0602189
060910201	0602190
060910202	0602191
060910208	0602192
060910209	0602192
060910210	0602193
060910215	0602193
060910213	0602194
060910214	0602194
060910211	0602195
060910207	0602196
060910212	0602196
060910205	0602197
060910206	0602197
060910203	0602198
060910204	0602198
060910301	0602199
060910302	0602200
060910303	0602201
060910304	0602202
060910305	0602203
060910306	0602204
060910307	0602205
060912507	0602206
060912505	0602207
060912506	0602207
060912504	0602208
060912502	0602209
060912503	0602210
060912501	0602211
060910401	0602212
060910402	0602213
060910403	0602214
060910404	0602215
060910407	0602215
060910409	0602216
060910408	0602216
060910406	0602217
060910405	0602217
060912601	0602218
060912602	0602219
060912604	0602220
060912603	0602220
060912605	0602221
060912606	0602222
060912607	0602223
060910501	0602224
060910502	0602225
060910511	0602226
060910503	0602226
060910504	0602227
060910505	0602228
060910512	0602228
060910506	0602229
060910507	0602230
060910508	0602231
060910515	0602232
060910513	0602232
060910509	0602232
060910514	0602232
060910510	0602233
060910601	0602234
060910602	0602235
060910603	0602236
060910604	0602237
060910605	0602238
060910606	0602239
060910607	0602240
060910608	0602241
060910609	0602242
060910610	0602243
060910611	0602244
060910701	0602245
060910702	0602246
060910703	0602247
060910704	0602248
060910705	0602249
060910706	0602250
060910707	0602251
060910711	0602251
060910708	0602252
060910709	0602253
060910710	0602254
060910712	0602254
060910801	0602255
060910802	0602256
060910803	0602257
060910804	0602258
060910805	0602259
060910806	0602260
060910807	0602261
060910808	0602262
060910809	0602263
060910810	0602264
060910901	0602265
060910902	0602266
060910903	0602267
060910909	0602268
060910904	0602268
060910905	0602269
060910906	0602270
060910907	0602271
060910910	0602271
060910908	0602272
060911001	0602273
060911002	0602274
060911003	0602275
060911004	0602276
060911005	0602277
060911012	0602278
060911006	0602278
060911007	0602279
060911008	0602280
060911009	0602281
060911013	0602282
060911010	0602282
060911011	0602283
060911014	0602283
060911101	0602284
060911110	0602285
060911102	0602285
060911103	0602286
060911104	0602287
060911105	0602288
060911106	0602289
060911107	0602290
060911108	0602291
060911111	0602291
060911112	0602292
060911109	0602292
060911201	0602293
060911202	0602294
060911203	0602295
060911204	0602296
060911205	0602297
060911206	0602298
060911207	0602299
060911209	0602300
060911208	0602300
060911301	0602301
060911302	0602302
060911303	0602303
060911304	0602304
060911305	0602305
060911313	0602305
060911306	0602306
060911307	0602307
060911308	0602308
060911309	0602309
060911310	0602310
060911311	0602311
060911312	0602312
060911401	0602313
060911402	0602314
060911403	0602315
060911404	0602316
060911405	0602317
060911406	0602318
060911407	0602319
060911408	0602320
060911409	0602321
060911410	0602322
060911411	0602323
060911412	0602324
060911413	0602325
060911501	0602326
060911502	0602327
060911503	0602328
060911504	0602329
060911514	0602329
060911505	0602330
060911506	0602331
060911507	0602332
060911508	0602333
060911509	0602334
060911510	0602335
060911511	0602336
060911512	0602337
060911513	0602338
060911601	0602339
060911602	0602340
060911604	0602341
060911603	0602341
060911606	0602342
060911607	0602343
060912702	0602344
060912703	0602345
060912701	0602346
060912705	0602347
060912704	0602348
060911605	0602349
060911608	0602349
060912706	0602350
060912709	0602351
060912707	0602351
060912708	0602352
060911706	0602353
060911705	0602354
060911702	0602355
060911701	0602355
060911707	0602356
060911708	0602357
060911704	0602357
060911703	0602358
060912801	0602359
060912804	0602360
060912805	0602361
060912808	0602362
060912807	0602363
060912806	0602364
060912803	0602365
060912802	0602366
060912903	0602367
060912902	0602368
060912901	0602369
060911803	0602369
060911801	0602370
060911802	0602370
060911804	0602371
060911805	0602372
060911807	0602373
060911806	0602374
060912905	0602375
060912904	0602376
060912906	0602377
060912907	0602378
060912908	0602378
060911901	0602379
060911902	0602380
060911903	0602381
060911904	0602382
060911905	0602383
060911906	0602384
060911907	0602385
060911908	0602386
060911909	0602387
060911910	0602388
060911911	0602389
060911912	0602390
060912001	0602391
060912002	0602392
060912003	0602393
060912004	0602394
060912005	0602395
060912014	0602395
060912006	0602396
060912007	0602397
060912008	0602398
060912009	0602399
060912010	0602400
060912015	0602401
060912011	0602401
060912012	0602402
060912013	0602403
060912101	0602404
060912103	0602405
060912102	0602406
060913001	0602407
060912104	0602408
060912106	0602409
060912107	0602410
060912105	0602411
060913002	0602412
060913003	0602413
060913004	0602414
060913005	0602415
060913006	0602416
060912108	0602417
060912109	0602417
060913007	0602418
060913008	0602419
060913009	0602420
060912206	0602421
060912205	0602422
060912201	0602422
060912202	0602423
060912203	0602424
060913101	0602424
060912204	0602425
060912207	0602426
060912209	0602426
060912208	0602427
060912210	0602428
060912211	0602429
060912212	0602430
060912213	0602430
060913110	0602431
060913108	0602432
060913102	0602433
060913103	0602433
060913107	0602434
060913104	0602434
060913106	0602435
060913105	0602436
060913111	0602437
060913109	0602437
060912301	0602438
060912302	0602439
060912304	0602440
060912303	0602441
060912305	0602442
060913201	0602443
060913202	0602444
060913203	0602445
060913204	0602446
060912306	0602447
060912307	0602448
060912308	0602449
060913205	0602450
060913206	0602451
060913207	0602452
060913208	0602453
060913209	0602454
060913210	0602454
060913211	0602455
060913212	0602456
060912401	0602457
060912406	0602458
060912405	0602459
060912402	0602460
060912403	0602460
060913301	0602461
060912404	0602461
060912407	0602462
060912408	0602463
060913303	0602464
060913305	0602465
060913304	0602465
060913308	0602466
060913306	0602467
060913307	0602467
060913302	0602468
060913309	0602469
060980101	0602470
060980102	0602471
060980103	0602472
060980104	0602473
060980105	0602474
060980106	0602475
060980107	0602476
060980108	0602477
060980109	0602478
060980110	0602479
060980111	0602480
060980112	0602481
060980201	0602482
060980202	0602483
060980203	0602484
060980205	0602485
060980206	0602485
060980207	0602486
060980208	0602487
060980901	0602488
060980902	0602489
060980903	0602490
060980905	0602491
060980909	0602492
060980906	0602493
060980907	0602493
060980204	0602494
060980904	0602495
060980908	0602496
060980301	0602497
060980302	0602498
060980303	0602499
060980304	0602500
060980305	0602501
060980306	0602502
060980307	0602503
060980308	0602504
060980309	0602505
060980314	0602505
060980315	0602506
060980310	0602506
060980311	0602507
060980312	0602508
060980313	0602509
060980401	0602510
060980412	0602511
060980411	0602511
060980410	0602512
060980408	0602512
060980409	0602512
060980403	0602513
060980402	0602514
060980404	0602515
060980406	0602516
060980407	0602516
060980405	0602517
060980513	0602518
060980501	0602518
060980511	0602518
060980512	0602518
060980502	0602519
060980503	0602520
060980504	0602521
060980505	0602522
060980506	0602523
060980507	0602524
060980508	0602525
060980509	0602526
060980510	0602527
060980601	0602528
060980606	0602529
060980607	0602530
060980608	0602530
060980609	0602531
060980605	0602532
060980602	0602533
060980603	0602534
060981001	0602535
060981002	0602536
060981007	0602537
060981005	0602538
060981009	0602539
060981010	0602539
060981003	0602540
060981006	0602541
060980604	0602542
060981008	0602543
060981004	0602544
060980701	0602545
060980708	0602546
060980702	0602546
060980703	0602547
060980704	0602548
060980705	0602549
060980706	0602550
060980707	0602551
060980801	0602552
060980802	0602553
060980803	0602553
060980804	0602554
060980805	0602555
060980808	0602556
060980807	0602557
060981101	0602558
060981102	0602559
060981103	0602560
060980806	0602561
060981104	0602562
060981105	0602563
060981106	0602564
060981107	0602565
060981108	0602566
060981110	0602567
060981109	0602568
061050101	0602569
061050102	0602570
061050103	0602571
061050104	0602572
061050110	0602572
061050105	0602573
061050106	0602574
061050107	0602575
061050108	0602576
061050109	0602577
061050201	0602578
061050212	0602578
061050202	0602579
061050203	0602580
061050204	0602581
061050205	0602582
061050206	0602583
061050207	0602584
061050208	0602585
061050209	0602586
061050210	0602587
061050211	0602588
061050301	0602589
061050401	0602590
061050402	0602591
061050403	0602592
061050501	0602593
061050601	0602594
061050602	0602595
061050701	0602596
061050801	0602597
061050802	0602598
061050803	0602599
061050804	0602600
061050810	0602601
061050805	0602601
061050806	0602602
061050807	0602603
061050808	0602604
061050809	0602605
061050901	0602606
061051003	0602607
061051001	0602607
061051002	0602608
061051004	0602608
061051101	0602609
061051108	0602610
061051102	0602610
061051103	0602611
061051104	0602612
061051105	0602613
061051106	0602614
061051107	0602615
061051201	0602616
061051202	0602616
061051301	0602617
061051302	0602618
061051303	0602619
061051304	0602620
061051406	0602621
061051407	0602621
061051408	0602622
061051410	0602623
061051409	0602623
061051507	0602624
061051505	0602625
061051506	0602625
061051504	0602626
061051508	0602626
061051404	0602627
061051401	0602628
061051405	0602628
061051402	0602629
061051501	0602630
061051503	0602631
061051502	0602632
061051403	0602633
061120102	0602634
061120103	0602635
061120105	0602636
061120104	0602636
061120107	0602637
061121506	0602638
061121505	0602639
061121504	0602640
061120106	0602641
061121503	0602642
061121502	0602643
061121501	0602643
061121507	0602644
061121508	0602645
061121509	0602645
061120101	0602646
061120201	0602647
061120202	0602648
061120212	0602648
061120213	0602649
061120203	0602649
061120214	0602650
061120204	0602650
061120205	0602651
061120206	0602652
061120207	0602653
061120208	0602654
061120209	0602655
061120210	0602656
061120211	0602657
061120215	0602657
061120301	0602658
061120302	0602659
061120303	0602660
061120304	0602661
061120305	0602662
061120306	0602663
061120307	0602664
061120308	0602665
061120309	0602666
061120310	0602667
061120401	0602668
061120402	0602669
061120403	0602670
061120501	0602671
061120502	0602672
061120503	0602673
061120504	0602674
061120505	0602675
061120506	0602676
061120601	0602677
061120602	0602678
061120603	0602679
061120604	0602680
061120605	0602681
061120606	0602682
061120701	0602683
061120702	0602684
061120711	0602684
061120703	0602685
061120704	0602686
061120705	0602687
061120706	0602688
061120707	0602689
061120708	0602690
061120709	0602691
061120710	0602692
061120801	0602693
061120802	0602694
061120803	0602695
061120804	0602696
061120805	0602697
061120902	0602698
061120903	0602699
061120904	0602700
061120905	0602701
061120907	0602702
061120908	0602703
061121006	0602704
061121001	0602704
061121002	0602705
061121009	0602706
061121008	0602706
061121003	0602706
061121007	0602707
061121004	0602707
061121005	0602708
061121101	0602709
061121102	0602710
061121103	0602711
061121104	0602712
061121105	0602713
061121110	0602714
061121106	0602714
061121107	0602715
061121112	0602716
061121108	0602716
061121113	0602717
061121111	0602717
061121109	0602717
061121201	0602718
061121202	0602719
061121203	0602720
061121206	0602721
061121204	0602721
061121205	0602722
061121301	0602723
061121302	0602724
061121303	0602725
061121304	0602726
061121305	0602727
061121401	0602728
061121402	0602729
061121403	0602730
061121404	0602731
061121405	0602732
061121406	0602733
061121407	0602734
061121408	0602735
061121409	0602736
061121410	0602737
061190101	0602738
061190102	0602739
061190103	0602740
061190104	0602741
061190201	0602742
061190202	0602743
061190210	0602744
061190207	0602744
061190212	0602744
061190211	0602744
061190203	0602744
061190204	0602745
061190205	0602746
061190208	0602746
061190206	0602747
061190209	0602747
061190301	0602748
061190302	0602749
061190303	0602750
061190312	0602751
061190304	0602751
061190313	0602752
061190305	0602752
061190306	0602753
061190307	0602754
061190308	0602755
061190309	0602756
061190310	0602757
061190311	0602757
061190410	0602758
061190401	0602758
061190413	0602758
061190402	0602759
061190403	0602760
061190404	0602761
061190411	0602761
061190405	0602762
061190412	0602763
061190406	0602763
061190407	0602764
061190414	0602764
061190408	0602765
061190409	0602766
061190507	0602767
061190503	0602767
061190501	0602767
061190509	0602767
061190508	0602767
061190502	0602768
061190506	0602768
061190505	0602768
061190504	0602768
061190601	0602769
061190602	0602770
061190603	0602771
061190701	0602772
061190702	0602773
061190708	0602773
061190703	0602774
061190704	0602775
061190706	0602776
061190801	0602777
061190802	0602778
061190803	0602779
061190804	0602780
061190805	0602781
061190806	0602782
061190901	0602783
061190902	0602784
061190903	0602785
061190905	0602786
061190906	0602786
061190904	0602786
061191013	0602787
061191001	0602787
061191014	0602787
061191002	0602788
061191003	0602789
061191004	0602790
061191005	0602791
061191006	0602792
061191007	0602793
061191008	0602794
061191009	0602795
061191012	0602796
061191015	0602796
061191011	0602796
061191010	0602796
061260101	0602797
061260102	0602798
061260115	0602798
061260103	0602799
061260104	0602800
061260105	0602801
061260106	0602802
061260107	0602803
061260108	0602804
061260109	0602805
061260110	0602806
061260111	0602807
061260112	0602808
061260113	0602809
061260114	0602810
061260201	0602811
061260202	0602812
061260212	0602812
061260203	0602813
061260204	0602814
061260205	0602815
061260206	0602816
061260207	0602817
061260208	0602818
061260209	0602819
061260210	0602820
061260211	0602821
061260301	0602822
061260302	0602823
061260303	0602824
061260312	0602824
061260304	0602825
061260305	0602826
061260306	0602827
061260307	0602828
061260308	0602829
061260309	0602830
061260310	0602831
061260311	0602832
061260401	0602833
061260402	0602834
061260408	0602835
061260403	0602835
061260404	0602836
061260409	0602836
061260405	0602837
061260406	0602838
061260407	0602839
061260410	0602839
061260505	0602840
061260503	0602841
061260504	0602842
061260506	0602843
061260507	0602844
061260508	0602845
061261102	0602846
061261101	0602846
061261103	0602847
061261104	0602848
061261105	0602849
061261106	0602850
061261107	0602851
061261109	0602852
061261110	0602852
061261112	0602853
061261108	0602853
061261111	0602853
061261113	0602854
061260601	0602855
061260610	0602855
061260609	0602855
061260603	0602856
061260602	0602856
061260604	0602857
061260605	0602857
061260608	0602858
061261205	0602859
061261206	0602859
061261208	0602860
061261207	0602860
061261204	0602861
061261201	0602861
061261202	0602862
061261203	0602862
061260606	0602863
061260607	0602863
061260701	0602864
061260702	0602865
061260703	0602866
061260704	0602867
061260711	0602868
061260705	0602868
061260706	0602869
061260707	0602870
061260708	0602871
061260712	0602872
061260709	0602872
061260710	0602873
061260801	0602874
061260802	0602875
061260803	0602876
061260804	0602877
061260810	0602877
061260805	0602878
061260806	0602879
061260807	0602880
061260808	0602881
061260809	0602882
061260901	0602883
061260904	0602884
061260903	0602885
061260905	0602886
061260902	0602886
061260906	0602887
061260909	0602888
061260907	0602888
061260908	0602888
061260910	0602889
061260911	0602889
061260916	0602890
061260915	0602891
061260914	0602892
061260912	0602893
061260913	0602894
061261304	0602895
061261301	0602895
061261302	0602896
061261303	0602897
061261310	0602898
061261307	0602898
061261305	0602898
061261308	0602898
061261309	0602898
061261314	0602899
061261313	0602899
061261311	0602900
061261306	0602901
061261312	0602901
061261001	0602902
061261002	0602903
061261006	0602904
061261003	0602904
061261004	0602905
061261005	0602906
061340113	0602907
061340105	0602907
061340101	0602907
061340112	0602907
061340103	0602908
061340102	0602909
061340104	0602909
061340106	0602910
061340107	0602911
061340108	0602911
061340109	0602912
061340110	0602913
061340111	0602913
061341102	0602914
061341101	0602914
061341103	0602915
061341105	0602915
061341104	0602915
061341109	0602916
061341107	0602916
061341111	0602917
061341108	0602917
061341110	0602917
061341112	0602918
061341113	0602918
061341114	0602919
061341115	0602919
061341106	0602920
061340201	0602921
061340202	0602922
061340203	0602923
061340204	0602924
061340211	0602925
061340206	0602925
061340212	0602925
061340210	0602925
061340213	0602926
061340207	0602926
061340208	0602927
061340209	0602928
061340302	0602929
061340303	0602929
061340301	0602929
061341201	0602930
061341202	0602931
061341203	0602932
061341204	0602932
061341207	0602933
061341206	0602934
061341205	0602934
061340305	0602935
061340304	0602935
061340306	0602936
061340307	0602936
061341208	0602937
061341209	0602937
061340402	0602938
061340404	0602939
061340403	0602940
061340406	0602940
061340401	0602941
061340407	0602942
061340405	0602943
061340501	0602944
061340502	0602945
061340601	0602946
061340602	0602947
061340701	0602948
061340702	0602949
061340801	0602950
061340802	0602951
061340803	0602952
061340804	0602953
061340903	0602954
061340901	0602954
061340902	0602954
061340908	0602955
061340912	0602955
061340909	0602956
061340910	0602956
061340911	0602956
061340907	0602957
061340906	0602958
061340904	0602958
061340905	0602958
061341301	0602959
061341302	0602960
061341303	0602961
061341304	0602961
061341307	0602962
061341306	0602962
061341308	0602963
061341310	0602964
061341309	0602964
061341311	0602965
061341312	0602965
061341313	0602965
061341305	0602965
061340913	0602966
061340914	0602967
061341001	0602968
061341002	0602968
061341003	0602969
061341005	0602969
061341004	0602970
061341007	0602970
061341006	0602971
061341008	0602972
061341401	0602972
061341009	0602973
061341403	0602974
061341402	0602975
061341407	0602976
061341404	0602976
061341406	0602977
061341405	0602977
061341409	0602978
061341408	0602978
061400101	0602979
061400102	0602980
061400103	0602981
061400201	0602982
061400202	0602983
061400203	0602984
061400204	0602985
061400707	0602986
061400307	0602987
061400308	0602987
061400305	0602988
061400304	0602989
061400713	0602990
061400302	0602991
061400712	0602992
061400709	0602993
061400706	0602994
061400705	0602994
061400704	0602994
061400301	0602995
061400715	0602996
061400710	0602997
061400703	0602997
061400701	0602998
061400702	0602999
061400711	0603000
061400708	0603001
061400306	0603002
061400303	0603003
061400714	0603004
061400401	0603005
061400402	0603006
061400403	0603007
061400501	0603008
061400502	0603009
061400503	0603010
061400601	0603011
061470110	0603012
061470101	0603012
061470102	0603013
061470103	0603014
061470104	0603015
061470105	0603016
061470106	0603017
061470107	0603018
061470108	0603019
061470111	0603020
061470109	0603020
061470201	0603021
061470202	0603022
061470203	0603023
061470206	0603023
061470204	0603024
061470205	0603025
061470308	0603026
061470301	0603026
061470302	0603027
061470303	0603028
061470304	0603029
061470305	0603030
061470306	0603031
061470307	0603032
061470401	0603033
061470402	0603034
061470403	0603035
061470501	0603036
061470504	0603036
061470502	0603037
061470503	0603038
061470601	0603039
061470605	0603040
061470602	0603040
061470606	0603041
061470603	0603041
061470604	0603042
061470714	0603043
061470701	0603043
061470702	0603044
061470703	0603045
061470704	0603046
061470705	0603047
061470706	0603048
061470707	0603049
061470708	0603050
061470709	0603051
061470710	0603052
061470711	0603053
061470712	0603054
061470806	0603055
061470801	0603055
061470802	0603056
061470803	0603057
061470804	0603058
061470805	0603059
061470901	0603060
061470902	0603061
061470903	0603062
061470904	0603063
061470905	0603064
061470906	0603065
061470907	0603066
061471001	0603067
061471002	0603068
061471003	0603069
061471101	0603070
061471102	0603071
061471103	0603072
061471201	0603073
061471202	0603074
061471203	0603075
061471204	0603076
061471205	0603077
061471206	0603078
061471207	0603079
061471208	0603080
061470713	0603080
061471209	0603081
061471210	0603082
061540101	0603083
061540102	0603084
061540103	0603085
061540104	0603086
061540105	0603087
061540201	0603088
061540202	0603089
061540203	0603090
061540204	0603091
061540205	0603092
061540211	0603092
061540206	0603093
061540207	0603094
061540208	0603095
061540209	0603096
061540210	0603097
061540301	0603098
061540302	0603099
061540401	0603100
061540402	0603101
061540403	0603102
061540404	0603103
061540405	0603104
061540501	0603105
061540502	0603106
061540601	0603107
061540602	0603108
061540603	0603109
061540604	0603110
061540605	0603111
061540606	0603112
061540607	0603113
061540608	0603114
061540609	0603115
061540613	0603116
061540610	0603116
061540611	0603117
061540612	0603118
061540701	0603119
061540702	0603120
061540703	0603121
061540801	0603122
061540802	0603123
061540803	0603124
061540804	0603125
061540805	0603126
061540806	0603127
061540901	0603128
061540902	0603129
061610101	0603130
061610109	0603131
061610110	0603132
061610902	0603133
061610901	0603134
061610903	0603135
061610905	0603136
061610904	0603137
061610108	0603138
061610103	0603139
061610102	0603140
061610105	0603141
061610104	0603141
061610107	0603142
061610106	0603143
061610909	0603144
061610906	0603145
061610907	0603146
061610908	0603147
061610201	0603148
061610202	0603149
061610203	0603150
061610204	0603151
061610301	0603152
061610302	0603153
061610407	0603154
061610401	0603154
061610402	0603155
061610408	0603156
061610403	0603156
061610404	0603157
061610405	0603158
061610409	0603159
061610406	0603159
061610501	0603160
061610502	0603161
061610503	0603162
061610504	0603163
061610607	0603164
061610608	0603164
061610601	0603164
061610602	0603165
061610603	0603166
061610604	0603167
061610605	0603168
061610606	0603169
061610701	0603170
061610702	0603171
061610703	0603172
061610801	0603173
061610802	0603174
061610803	0603175
061610804	0603176
061680101	0603177
061680102	0603178
061680103	0603179
061680104	0603180
061680201	0603181
061680202	0603182
061680203	0603183
061680204	0603184
061680301	0603185
061680302	0603186
061680303	0603187
061680401	0603188
061680402	0603189
061680403	0603190
061680907	0603191
061680908	0603192
061680909	0603192
061681004	0603193
061681001	0603193
061681002	0603194
061681003	0603195
061681101	0603196
061681102	0603197
061750101	0603198
061750102	0603199
061750103	0603200
061750104	0603201
061750201	0603202
061750202	0603203
061750203	0603204
061750204	0603205
061750301	0603206
061750302	0603207
061750303	0603208
061750304	0603209
061750401	0603210
061750402	0603211
061750407	0603211
061750403	0603212
061750404	0603213
061750406	0603214
061750405	0603215
061750702	0603216
061750701	0603217
061750409	0603218
061750408	0603218
061750703	0603219
061750704	0603220
061750705	0603221
061750706	0603222
061750707	0603223
061750709	0603224
061750708	0603225
061750711	0603226
061750710	0603226
061750501	0603227
061750502	0603228
061750503	0603229
061750504	0603230
061750506	0603231
061750505	0603231
061750604	0603232
061750605	0603233
061750606	0603234
061750802	0603235
061750801	0603236
061750805	0603237
061750806	0603238
061750804	0603239
061750803	0603240
061750808	0603241
061750807	0603242
061750608	0603243
061750610	0603244
061820101	0603245
061820104	0603246
061820103	0603246
061820108	0603247
061820107	0603247
061820106	0603248
061821203	0603249
061821204	0603250
061821206	0603251
061821208	0603252
061821207	0603253
061821201	0603254
061821202	0603255
061820105	0603256
061820102	0603257
061821205	0603258
061820201	0603259
061820202	0603260
061820203	0603261
061820204	0603262
061820205	0603263
061820206	0603264
061820207	0603265
061820208	0603266
061820209	0603267
061820210	0603268
061820211	0603269
061820212	0603270
061820213	0603271
061820301	0603272
061820302	0603273
061820303	0603274
061820304	0603275
061820305	0603276
061820306	0603277
061820307	0603278
061820308	0603279
061820309	0603280
061820310	0603281
061820311	0603282
061820312	0603283
061820402	0603284
061820401	0603284
061820506	0603285
061820501	0603285
061820502	0603286
061820503	0603287
061820504	0603288
061820505	0603289
061820601	0603290
061820602	0603291
061820603	0603292
061820604	0603292
061820608	0603293
061820609	0603293
061820606	0603294
061820607	0603294
061820613	0603295
061820605	0603295
061820614	0603296
061820612	0603296
061820611	0603297
061820610	0603297
061820615	0603298
061820701	0603299
061820711	0603300
061820702	0603300
061820712	0603300
061820703	0603301
061820704	0603302
061820705	0603303
061820706	0603304
061820707	0603305
061820708	0603306
061820709	0603307
061820710	0603308
061820801	0603309
061820907	0603310
061820901	0603310
061820902	0603311
061820908	0603312
061820903	0603312
061820906	0603312
061820904	0603313
061820905	0603314
061821001	0603315
061821002	0603316
061821003	0603317
061821004	0603318
061821005	0603319
061821006	0603320
061821007	0603321
061821008	0603322
061821009	0603323
061821010	0603324
061821011	0603325
061821101	0603326
061821102	0603327
061821103	0603328
061821104	0603329
061821105	0603330
061821106	0603331
061821107	0603332
061821108	0603333
061821109	0603334
061821110	0603335
061890101	0603336
061890102	0603337
061890103	0603338
061890104	0603339
061890201	0603340
061890202	0603341
061890203	0603342
061890204	0603343
061890205	0603344
061890206	0603345
061890207	0603346
061890301	0603347
061890302	0603348
061890303	0603349
061890304	0603350
061890305	0603351
061890401	0603352
061890402	0603353
061890403	0603354
061890501	0603355
061890502	0603356
061890503	0603357
061890504	0603358
061890505	0603359
061890601	0603360
061890602	0603361
061890603	0603362
061890604	0603363
061890605	0603364
061890606	0603365
061890607	0603366
061890608	0603367
061890701	0603368
061890702	0603369
061890703	0603370
061890704	0603371
061890705	0603372
061890706	0603373
061890707	0603374
061890801	0603375
061890802	0603376
061890803	0603377
061890804	0603378
061890901	0603379
061890902	0603380
061890903	0603380
061891001	0603381
061891002	0603382
061891003	0603383
061891004	0603384
061891005	0603385
061891006	0603386
061891011	0603387
061891007	0603387
061891008	0603388
061891009	0603389
061891010	0603390
061891101	0603391
061891102	0603392
061891103	0603393
061891104	0603394
061891105	0603395
061891106	0603396
061891107	0603397
061891201	0603398
061891202	0603399
061891203	0603400
061891204	0603401
061891205	0603402
061891206	0603403
061891207	0603404
061891208	0603405
061891209	0603406
061891210	0603407
061891211	0603408
061891301	0603409
061891302	0603410
061891303	0603411
061891304	0603412
061891305	0603413
061891306	0603414
061891310	0603415
061891307	0603415
061891308	0603416
061891309	0603417
061891401	0603418
061891402	0603419
061891403	0603420
061891404	0603421
061891405	0603422
061891406	0603423
061891501	0603424
061891502	0603425
061891503	0603426
061891511	0603426
061891510	0603426
061891504	0603427
061891505	0603428
061891506	0603429
061891507	0603430
061891508	0603431
061891509	0603432
061891601	0603433
061891602	0603434
061891603	0603435
061891604	0603436
061891605	0603437
061891701	0603438
061891702	0603439
061891703	0603440
061891704	0603441
061891705	0603442
061891706	0603443
061891707	0603444
061891708	0603445
061891709	0603446
061960109	0603447
061960110	0603448
061960107	0603449
061960108	0603450
061960102	0603451
061960101	0603451
061960104	0603452
061960103	0603452
061960105	0603453
061960106	0603454
061961601	0603455
061961602	0603455
061961603	0603456
061961604	0603457
061961605	0603458
061961609	0603459
061961610	0603460
061961611	0603461
061961612	0603462
061961608	0603463
061961607	0603464
061961606	0603465
061960215	0603466
061960201	0603466
061960202	0603467
061960203	0603468
061960204	0603469
061960205	0603470
061960206	0603471
061960207	0603472
061960208	0603473
061960209	0603474
061960210	0603475
061960211	0603476
061960212	0603477
061960213	0603478
061960214	0603479
061960301	0603480
061960302	0603481
061960303	0603482
061960304	0603483
061960305	0603484
061960306	0603485
061960401	0603486
061960402	0603487
061960403	0603488
061960404	0603489
061960501	0603490
061960502	0603491
061960503	0603492
061960504	0603493
061960601	0603494
061960602	0603495
061960603	0603496
061960604	0603497
061960701	0603498
061960702	0603499
061960703	0603500
061960704	0603501
061960705	0603502
061960706	0603503
061960707	0603504
061960708	0603505
061960709	0603506
061960801	0603507
061960802	0603508
061960803	0603509
061960804	0603510
061960805	0603511
061960806	0603512
061960901	0603513
061960902	0603514
061960903	0603515
061960904	0603516
061960905	0603517
061961001	0603518
061961002	0603519
061961003	0603520
061961004	0603521
061961005	0603522
061961101	0603523
061961102	0603524
061961103	0603525
061961104	0603526
061961105	0603527
061961106	0603528
061961107	0603529
061961108	0603530
061961201	0603531
061961202	0603532
061961203	0603533
061961204	0603534
061961205	0603535
061961206	0603536
061961301	0603537
061961302	0603538
061961303	0603539
061961304	0603540
061961305	0603541
061961401	0603542
061961402	0603543
061961403	0603544
061961501	0603545
061961502	0603546
061961503	0603547
061961504	0603548
061961505	0603549
061961509	0603550
061961506	0603550
061961507	0603551
061961508	0603552
062030101	0603553
062030102	0603554
062030103	0603555
062030104	0603556
062030105	0603557
062030106	0603558
062030107	0603559
062030108	0603560
062030109	0603561
062030110	0603562
062030111	0603563
062030112	0603564
062030113	0603565
062031705	0603566
062031704	0603567
062030205	0603568
062031707	0603569
062030201	0603570
062030202	0603571
062030203	0603572
062031702	0603573
062031701	0603574
062031703	0603575
062030204	0603576
062030207	0603577
062030208	0603577
062030206	0603578
062031708	0603579
062031706	0603580
062030301	0603581
062030302	0603582
062030303	0603583
062030304	0603584
062030305	0603585
062030306	0603586
062030401	0603587
062030402	0603588
062030403	0603589
062030404	0603590
062030405	0603591
062030406	0603592
062030407	0603593
062030408	0603594
062030501	0603595
062030502	0603596
062030503	0603597
062030504	0603598
062030505	0603599
062030506	0603600
062030507	0603601
062030601	0603602
062030602	0603603
062030603	0603604
062030604	0603605
062030605	0603606
062030701	0603607
062030702	0603608
062030703	0603609
062030704	0603610
062030705	0603611
062030706	0603612
062030707	0603613
062030708	0603614
062030709	0603615
062030710	0603616
062030711	0603617
062030801	0603618
062030802	0603619
062030803	0603619
062030809	0603620
062030808	0603621
062030806	0603622
062030807	0603622
062030805	0603623
062030804	0603624
062031801	0603625
062031802	0603625
062031803	0603626
062031804	0603627
062031805	0603628
062031806	0603628
062031809	0603629
062031808	0603629
062031807	0603629
062030901	0603630
062030902	0603631
062030903	0603632
062030904	0603633
062030905	0603634
062030906	0603635
062030907	0603636
062031001	0603637
062031002	0603638
062031003	0603639
062031004	0603640
062031005	0603641
062031101	0603642
062031102	0603643
062031103	0603644
062031104	0603645
062031105	0603646
062031106	0603647
062031201	0603648
062031202	0603649
062031203	0603650
062031204	0603651
062031205	0603652
062031301	0603653
062031302	0603654
062031303	0603655
062031304	0603656
062031305	0603657
062031306	0603658
062031307	0603659
062031308	0603660
062031401	0603661
062031402	0603662
062031403	0603663
062031404	0603664
062031405	0603665
062031406	0603666
062031407	0603667
062031409	0603668
062031410	0603668
062031408	0603668
062031501	0603669
062031502	0603670
062031503	0603671
062031504	0603672
062031609	0603673
062031607	0603673
062031901	0603673
062031904	0603673
062031606	0603674
062031605	0603675
062031601	0603676
062031602	0603676
062031604	0603677
062031603	0603677
062031608	0603678
062031610	0603679
062031902	0603680
062031903	0603680
062031905	0603681
062031906	0603682
062031907	0603683
062031908	0603684
062031909	0603685
062100101	0603686
062100103	0603687
062100102	0603688
062100105	0603689
062100104	0603690
062100106	0603691
062100107	0603692
062100108	0603693
062100109	0603694
062100110	0603695
062100111	0603696
062100112	0603696
062100113	0603697
062101402	0603698
062101401	0603699
062101403	0603700
062101404	0603701
062101405	0603702
062101406	0603702
062101407	0603703
062101409	0603704
062101408	0603704
062101410	0603705
062101411	0603706
062100201	0603707
062100202	0603708
062100203	0603709
062100204	0603710
062100205	0603711
062100206	0603712
062100207	0603713
062100211	0603713
062100208	0603714
062100209	0603715
062100212	0603716
062100210	0603716
062100301	0603717
062100401	0603718
062100501	0603719
062100502	0603719
062100601	0603720
062100602	0603721
062100603	0603722
062100614	0603722
062100604	0603723
062100605	0603724
062100606	0603725
062100607	0603726
062100608	0603727
062100609	0603728
062100610	0603729
062100611	0603730
062100612	0603731
062100613	0603732
062100701	0603733
062100801	0603734
062100807	0603735
062101502	0603735
062100806	0603735
062100811	0603736
062100804	0603736
062100805	0603736
062100808	0603736
062100809	0603737
062100810	0603737
062101603	0603738
062101605	0603738
062101606	0603738
062100803	0603738
062101604	0603738
062100812	0603738
062100802	0603739
062101602	0603739
062101601	0603739
062101612	0603740
062101608	0603741
062101610	0603741
062101611	0603741
062101607	0603741
062101509	0603741
062101609	0603741
062101510	0603742
062101507	0603743
062101508	0603743
062101503	0603743
062101506	0603743
062101504	0603743
062101505	0603743
062101501	0603744
062100901	0603745
062100902	0603746
062100903	0603747
062101001	0603748
062101101	0603749
062240604	0603750
062101201	0603750
062101301	0603751
062101302	0603752
062101303	0603753
062101304	0603754
062101305	0603755
062101306	0603756
062101310	0603756
062101307	0603757
062101311	0603758
062101308	0603758
062101309	0603759
062180101	0603760
062180102	0603761
062180103	0603762
062180104	0603763
062180105	0603764
062180107	0603765
062180108	0603766
062181301	0603767
062181302	0603768
062181303	0603769
062181304	0603770
062181305	0603771
062181307	0603772
062181306	0603772
062180106	0603773
062180201	0603774
062180202	0603775
062180203	0603776
062180204	0603777
062180208	0603778
062180205	0603778
062180206	0603779
062180207	0603780
062180305	0603781
062180301	0603781
062180307	0603782
062180302	0603782
062180303	0603783
062180304	0603784
062180306	0603784
062181402	0603785
062181401	0603785
062180408	0603786
062181403	0603787
062180409	0603787
062181404	0603788
062181408	0603789
062181410	0603790
062181411	0603790
062181409	0603791
062181407	0603792
062181406	0603793
062181405	0603794
062180410	0603795
062180407	0603796
062180406	0603797
062180405	0603797
062180404	0603798
062180401	0603798
062180403	0603799
062180402	0603800
062180501	0603801
062180502	0603802
062180503	0603803
062180514	0603804
062180504	0603804
062180513	0603805
062180505	0603805
062180506	0603806
062180507	0603807
062180508	0603808
062180509	0603809
062180510	0603810
062180511	0603811
062180512	0603812
062180601	0603813
062180602	0603814
062180603	0603815
062180604	0603816
062180606	0603817
062180605	0603817
062180701	0603818
062180702	0603819
062180801	0603820
062180802	0603821
062180803	0603822
064660101	0603822
062180901	0603823
062180902	0603824
062180903	0603825
062180904	0603826
062180905	0603827
064660102	0603828
064660103	0603829
062180906	0603829
064660209	0603830
064660216	0603831
064660207	0603831
064660208	0603832
064660206	0603833
064660201	0603834
064660105	0603835
064660106	0603835
064660104	0603836
064660202	0603837
064660210	0603837
064660215	0603838
064660214	0603839
064660213	0603839
064660211	0603839
064660212	0603840
064660203	0603841
064660205	0603842
064660204	0603842
062181101	0603843
062181102	0603844
064660304	0603844
064660305	0603845
064660303	0603846
064660302	0603847
062181103	0603847
064660301	0603848
062181104	0603848
062181010	0603849
062181003	0603849
062181011	0603849
062181001	0603849
062181002	0603849
062181004	0603850
062181005	0603850
062181006	0603851
062181007	0603852
062181008	0603853
062181009	0603853
062181207	0603854
062181208	0603855
062181206	0603856
062181205	0603857
062181201	0603858
062181202	0603858
062181204	0603859
062181203	0603860
062181209	0603861
062181210	0603862
062181211	0603863
062240102	0603864
062240104	0603865
062240106	0603866
062240107	0603866
062240108	0603867
062242302	0603868
062242301	0603868
062242309	0603869
062242303	0603870
062242304	0603871
062242305	0603872
062242306	0603873
062242308	0603874
062242307	0603875
062240105	0603876
062240110	0603877
062240109	0603877
062240111	0603878
062240101	0603878
062240103	0603879
062242310	0603880
062240201	0603881
062240203	0603882
062242401	0603883
062242408	0603884
062242406	0603884
062242409	0603885
062242405	0603886
062242404	0603887
062242403	0603888
062240206	0603888
062240204	0603889
062240205	0603890
062240207	0603891
062240202	0603892
062242410	0603893
062242407	0603893
062242402	0603894
062240301	0603895
062240302	0603896
062240303	0603897
062240304	0603898
062240305	0603899
062240306	0603900
062240307	0603901
062240308	0603902
062240311	0603902
062240309	0603903
062240310	0603904
062240403	0603905
062240404	0603905
062240408	0603906
062240407	0603906
062240409	0603907
062240405	0603907
062240410	0603908
062242502	0603909
062240411	0603910
062242501	0603911
062242510	0603912
062242507	0603913
062242508	0603913
062242503	0603914
062242506	0603915
062240402	0603916
062242509	0603917
062242505	0603918
062240406	0603919
062240401	0603920
062242504	0603921
062240501	0603922
062240502	0603923
062240503	0603924
062240504	0603925
062240505	0603926
062240601	0603927
062240602	0603928
062240603	0603929
062240606	0603929
062240605	0603930
062240701	0603931
062240702	0603932
062240703	0603933
062240801	0603934
062240802	0603935
062240907	0603936
062242606	0603937
062240905	0603938
062240902	0603939
062240903	0603939
062240901	0603940
062242602	0603941
062242601	0603941
062242604	0603942
062242603	0603942
062242609	0603943
062242608	0603943
062240909	0603944
062240910	0603945
062242607	0603946
062240908	0603947
062240904	0603948
062240906	0603949
062242605	0603950
062241001	0603951
062241002	0603952
062241101	0603953
062241104	0603953
062241102	0603954
062241103	0603955
062241201	0603956
062241202	0603957
062241203	0603958
062241205	0603959
062241204	0603959
062241301	0603960
062241304	0603960
062241302	0603961
062241303	0603962
062241401	0603963
062241402	0603964
062241404	0603965
062241403	0603965
062241501	0603966
062241502	0603967
062241503	0603968
062241601	0603969
062241602	0603970
062241701	0603971
062241704	0603971
062241702	0603972
062241703	0603973
062241801	0603974
062241802	0603975
062241901	0603976
062241902	0603977
062241903	0603978
062241904	0603979
062242001	0603980
062242002	0603981
062242011	0603982
062242003	0603982
062242004	0603983
062242005	0603984
062242006	0603985
062242007	0603986
062242008	0603987
062242009	0603988
062242010	0603989
062242101	0603990
062242102	0603991
062242103	0603992
062242201	0603993
062242202	0603994
062242203	0603995
062242204	0603996
062242205	0603997
062242206	0603998
062242207	0603999
062242208	0604000
062242209	0604001
062242210	0604002
062310101	0604003
062310102	0604004
062310103	0604005
062310104	0604006
062310105	0604007
062310106	0604008
062310108	0604008
062310107	0604009
062310201	0604010
062310202	0604011
062310203	0604012
062310204	0604013
062310301	0604014
062310305	0604015
062310302	0604015
062310303	0604016
062310304	0604017
062310401	0604018
062310402	0604019
062310403	0604020
062310404	0604021
062310405	0604022
062310501	0604023
062310502	0604024
062310601	0604025
062310602	0604026
062310603	0604027
062310608	0604027
062310604	0604028
062310605	0604029
062310607	0604030
062310606	0604030
062310701	0604031
062310702	0604032
062310703	0604033
062310704	0604034
062310705	0604035
062310706	0604036
062310707	0604037
062310801	0604038
062310802	0604039
062310803	0604040
062310806	0604040
062310804	0604041
062310805	0604042
062310901	0604043
062310902	0604044
062310903	0604045
062311006	0604046
062311001	0604046
062311008	0604046
062311002	0604047
062311003	0604048
062311004	0604049
062311007	0604050
062311005	0604050
062311101	0604051
062311207	0604052
062311202	0604052
062311201	0604052
062311203	0604053
062311204	0604054
062311205	0604055
062311301	0604056
062311302	0604057
062311206	0604058
062311208	0604059
062311303	0604060
062311304	0604061
062311305	0604062
062311306	0604063
062311307	0604064
062311308	0604065
062380103	0604066
062380102	0604067
062380105	0604068
062380106	0604068
062380107	0604069
062380109	0604070
062380108	0604071
062381201	0604072
062381205	0604072
062381202	0604073
062381203	0604074
062381204	0604075
062381207	0604076
062381206	0604077
062380104	0604078
062380101	0604079
062380201	0604080
062380202	0604080
062380208	0604081
062380209	0604081
062380206	0604082
062380207	0604082
062380212	0604083
062380211	0604084
062381301	0604085
062381302	0604086
062381303	0604086
062381304	0604087
062380210	0604088
062381305	0604089
062381307	0604090
062380203	0604091
062380204	0604091
062380205	0604092
062381306	0604093
062381308	0604094
062380301	0604095
062380302	0604096
062380401	0604097
062380501	0604098
062380502	0604098
062380601	0604099
062380602	0604100
062380607	0604101
062380603	0604101
062380604	0604102
062380606	0604103
062380605	0604103
062380608	0604104
062381408	0604105
062381407	0604106
062381405	0604107
062381404	0604107
062381406	0604107
062381402	0604108
062381403	0604108
062381401	0604109
062380701	0604110
062380703	0604111
062380702	0604111
062380801	0604112
062380901	0604113
062381001	0604114
062381101	0604115
062450112	0604116
062450101	0604116
062450113	0604117
062450102	0604117
062450103	0604118
062450104	0604119
062450105	0604120
062450106	0604121
062450114	0604121
062450107	0604122
062450108	0604123
062450109	0604124
062450110	0604125
062450111	0604126
062450202	0604127
062450203	0604128
062450205	0604129
062450207	0604130
062450208	0604131
062450603	0604132
062450602	0604132
062450601	0604133
062450605	0604134
062450604	0604135
062450606	0604136
062450608	0604137
062450607	0604137
062450609	0604138
062450201	0604139
062450206	0604140
062450204	0604141
062450307	0604142
062450306	0604143
062450305	0604144
062450303	0604145
062450304	0604145
062450705	0604146
062450704	0604146
062450706	0604147
062450707	0604148
062450708	0604149
062450301	0604150
062450703	0604150
062450302	0604151
062450701	0604152
062450702	0604152
062450403	0604153
062450402	0604153
062450404	0604154
062450406	0604155
062450405	0604155
062450408	0604156
062450407	0604156
062450410	0604157
062450801	0604158
062450802	0604159
062450804	0604160
062450808	0604161
062450811	0604162
062450812	0604163
062450401	0604164
062450813	0604164
062450814	0604164
062450409	0604165
062450805	0604166
062450810	0604167
062450809	0604167
062450803	0604168
062450807	0604169
062450806	0604170
062450501	0604171
062450502	0604172
062450503	0604173
062450504	0604174
062450508	0604175
062450505	0604175
062450506	0604176
062450507	0604177
062520102	0604178
062521703	0604179
062520104	0604179
062520101	0604179
062520103	0604180
062520105	0604181
062521701	0604182
062521702	0604182
062520106	0604183
062521711	0604183
062521708	0604184
062521710	0604184
062521705	0604185
062521704	0604185
062521706	0604186
062521707	0604187
062520108	0604188
062521709	0604189
062520107	0604189
062520109	0604190
062520110	0604190
062520111	0604191
062520112	0604192
062520202	0604193
062520204	0604194
062520205	0604194
062520203	0604194
062520210	0604195
062520209	0604196
062520206	0604197
062520207	0604198
062520208	0604199
062521801	0604200
062520211	0604200
062520201	0604200
062521802	0604201
062521803	0604201
062520212	0604202
062521804	0604203
062521805	0604204
062521806	0604205
062521807	0604206
062521808	0604207
062521809	0604208
062521810	0604209
062520305	0604210
062520304	0604210
062520301	0604210
062520302	0604210
062520303	0604210
062520306	0604210
062520307	0604210
062521901	0604211
062521903	0604212
062521904	0604212
062521902	0604212
062521910	0604212
062521905	0604213
062521908	0604214
062521907	0604214
062521906	0604215
062521909	0604216
062521911	0604217
062521912	0604218
062520409	0604219
062520402	0604219
062520407	0604219
062520410	0604219
062520405	0604219
062520406	0604219
062520401	0604219
062520408	0604219
062520404	0604220
062520403	0604220
062520411	0604221
062522001	0604222
062522003	0604223
062522004	0604224
062522005	0604225
062522002	0604226
062522009	0604226
062522006	0604226
062522007	0604227
062522008	0604227
062522013	0604228
062522014	0604228
062522012	0604229
062522011	0604230
062522010	0604230
062522015	0604231
062522016	0604231
062520502	0604232
062520501	0604232
062520504	0604233
062520503	0604233
062520505	0604234
062520506	0604234
062522101	0604235
062522104	0604235
062522102	0604236
062522103	0604237
062522105	0604238
062522106	0604238
062522108	0604239
062522107	0604239
062522109	0604240
062522808	0604241
062520601	0604242
062520613	0604243
062520605	0604244
062520612	0604244
062520610	0604245
062520611	0604245
062520609	0604246
062520607	0604246
062520603	0604246
062520606	0604247
062520604	0604248
062520608	0604249
062520602	0604250
062522802	0604251
062522801	0604251
062522803	0604251
062522804	0604252
062522807	0604253
062522805	0604253
062522806	0604254
062520701	0604255
062520702	0604256
062520703	0604256
062520711	0604257
062520710	0604257
062520705	0604258
062520704	0604258
062520706	0604259
062520707	0604259
062522201	0604260
062520709	0604260
062520708	0604260
062522202	0604261
062522204	0604262
062522203	0604262
062522205	0604263
062522206	0604264
062522207	0604265
062522208	0604265
062520801	0604266
062520802	0604267
062520803	0604267
062520804	0604268
062520805	0604268
062520807	0604269
062522905	0604269
062520808	0604270
062522906	0604270
062522903	0604271
062522904	0604271
062522902	0604272
062522901	0604273
062520806	0604274
062522907	0604274
062522908	0604275
062522909	0604275
062520904	0604276
062520903	0604276
062520901	0604276
062520902	0604276
062520911	0604276
062520907	0604277
062520906	0604277
062520908	0604278
062520905	0604278
062520909	0604279
062520910	0604280
062522302	0604281
062522301	0604282
062522303	0604283
062522304	0604284
062522305	0604285
062522307	0604286
062522306	0604287
062522309	0604288
062522310	0604288
062522308	0604289
062522311	0604289
062521001	0604290
062521003	0604291
062521002	0604292
062521005	0604293
062521004	0604294
062523001	0604295
062523007	0604296
062523008	0604297
062523006	0604297
062523002	0604298
062523004	0604299
062523003	0604299
062523005	0604300
062523010	0604301
062523009	0604301
062523011	0604302
062523012	0604302
062521006	0604303
062521007	0604304
062521008	0604305
062521009	0604306
062521101	0604307
062521102	0604308
062521111	0604308
062521103	0604309
062521104	0604310
062521112	0604311
062521105	0604311
062521106	0604312
062521107	0604313
062521108	0604314
062521109	0604315
062521113	0604316
062521110	0604316
062522407	0604317
062522405	0604318
062522406	0604318
062522408	0604318
062522403	0604319
062522404	0604319
062522402	0604320
062522401	0604320
062521201	0604321
062521208	0604321
062521203	0604322
062521202	0604322
062521204	0604323
062521207	0604323
062521205	0604324
062521206	0604324
062521301	0604325
062521302	0604326
062521313	0604326
062521303	0604327
062521314	0604327
062521304	0604328
062521315	0604328
062521305	0604329
062521306	0604330
062521307	0604331
062521308	0604332
062521309	0604333
062521310	0604334
062521311	0604335
062521312	0604336
062521405	0604337
062521401	0604337
062521403	0604338
062521402	0604339
062521404	0604339
062521407	0604340
062521406	0604340
062522608	0604341
062522601	0604342
062522602	0604343
062521409	0604344
062521408	0604344
062522501	0604345
062522502	0604346
062522503	0604347
062522604	0604348
062522603	0604348
062522607	0604349
062522606	0604349
062522605	0604350
062522509	0604351
062522504	0604352
062522505	0604353
062522508	0604354
062522507	0604355
062522506	0604355
062521501	0604356
062521510	0604357
062521511	0604358
062521508	0604359
062521509	0604359
062521506	0604360
062521507	0604360
062521505	0604361
062521504	0604362
062521502	0604363
062521503	0604363
062522704	0604364
062522702	0604364
062522701	0604364
062522703	0604365
062521513	0604365
062521512	0604366
062522706	0604366
062522708	0604367
062522707	0604367
062522705	0604368
062522709	0604368
062522711	0604369
062522710	0604369
062522712	0604370
062522713	0604370
062521602	0604371
062521601	0604371
062600101	0604372
062600103	0604373
062600102	0604373
062600104	0604374
062600105	0604375
062600106	0604376
062600108	0604376
062600107	0604376
062600110	0604377
062600109	0604377
062600111	0604378
062600112	0604379
062600113	0604380
062601803	0604381
062601808	0604381
062601801	0604382
062601802	0604382
062601804	0604383
062601805	0604383
062601806	0604384
062601807	0604385
062601812	0604386
062601813	0604387
062601811	0604388
062601809	0604389
062601810	0604390
062600201	0604391
062600202	0604392
062600203	0604392
062600205	0604393
062600204	0604393
062600206	0604394
062600207	0604395
062600208	0604396
062600209	0604397
062600210	0604398
062601901	0604399
062601902	0604400
062601903	0604401
062601904	0604402
062601905	0604403
062601906	0604404
062601907	0604405
062601908	0604406
062600305	0604407
062600301	0604407
062602015	0604407
062600306	0604407
062600302	0604408
062600303	0604409
062600304	0604410
062600307	0604410
062600308	0604411
062600309	0604412
062600310	0604413
062600311	0604414
062600312	0604415
062602013	0604416
062602014	0604416
062602012	0604417
062602011	0604417
062602009	0604418
062602010	0604418
062602008	0604419
062602007	0604419
062602001	0604420
062602002	0604421
062602003	0604422
062602004	0604423
062602006	0604424
062602005	0604425
062600401	0604426
062600402	0604427
062600403	0604428
062600404	0604429
062600405	0604430
062600406	0604431
062600407	0604432
062600408	0604433
062600409	0604434
062600410	0604435
062600411	0604436
062600412	0604437
062600501	0604438
062600502	0604439
062602103	0604440
062602102	0604441
062602101	0604442
062602106	0604443
062602107	0604443
062602108	0604444
062602110	0604445
062602109	0604446
062600509	0604447
062602105	0604448
062602104	0604449
062600504	0604450
062600503	0604450
062600505	0604451
062600508	0604452
062600506	0604453
062600507	0604454
062600601	0604455
062600602	0604456
062600603	0604457
062600606	0604458
062600607	0604458
062600608	0604459
062602206	0604460
062602201	0604461
062602202	0604462
062602203	0604463
062602204	0604464
062602205	0604465
062602208	0604466
062602207	0604467
062600609	0604468
062600605	0604469
062600604	0604470
062600701	0604471
062600702	0604472
062600704	0604473
062600703	0604473
062600705	0604474
062600706	0604475
062600707	0604476
062600708	0604477
062600709	0604478
062602306	0604479
062602308	0604480
062602307	0604480
062602305	0604481
062602303	0604482
062602304	0604482
062602301	0604483
062602302	0604483
062600801	0604484
062600805	0604485
062600803	0604486
062602401	0604487
062600802	0604487
062602402	0604488
062602406	0604489
062602403	0604490
062602404	0604491
062602405	0604492
062602407	0604493
062600804	0604494
062600806	0604495
062600807	0604496
062602408	0604497
062600903	0604498
062600906	0604499
062600904	0604500
062600905	0604500
062600902	0604501
062600901	0604502
062602502	0604503
062602503	0604504
062602501	0604504
062600909	0604505
062600908	0604505
062600907	0604506
062602509	0604507
062602508	0604508
062602510	0604508
062602507	0604509
062602506	0604510
062602505	0604510
062602504	0604511
062601001	0604512
062601002	0604513
062601003	0604514
062601004	0604515
062601005	0604516
062601006	0604517
062601007	0604517
062601008	0604517
062602601	0604518
062602602	0604519
062602603	0604520
062602605	0604521
062602606	0604522
062602604	0604523
062602607	0604524
062602608	0604525
062601009	0604526
062601101	0604527
062601102	0604528
062601103	0604529
062601111	0604529
062601104	0604530
062601105	0604531
062601106	0604532
062601107	0604533
062601108	0604534
062601109	0604535
062601110	0604536
062601213	0604537
062601201	0604537
062601202	0604538
062601203	0604539
062601204	0604540
062601205	0604541
062601206	0604542
062601207	0604543
062601208	0604544
062601209	0604545
062601210	0604546
062601211	0604547
062601212	0604548
062601301	0604549
062601306	0604550
062601310	0604550
062601302	0604551
062601305	0604551
062601304	0604552
062601303	0604552
062602701	0604553
062601307	0604554
062601309	0604555
062601308	0604555
062602703	0604556
062602702	0604557
062602704	0604558
062602706	0604559
062602705	0604559
062602707	0604560
062602708	0604561
062602709	0604562
062601401	0604563
062601402	0604564
062601403	0604565
062602804	0604566
062602803	0604567
062602801	0604568
062602802	0604568
062602807	0604569
062602806	0604570
062602805	0604571
062601404	0604572
062601405	0604573
062601406	0604574
062601407	0604575
062601502	0604576
062601503	0604576
062601501	0604577
062601504	0604578
062601505	0604579
062601506	0604580
062601507	0604581
062601508	0604582
062601509	0604583
062601510	0604584
062601511	0604585
062602904	0604586
062602903	0604587
062602905	0604588
062602908	0604589
062602909	0604590
062602907	0604591
062602906	0604592
062602902	0604593
062602901	0604594
062601602	0604595
062601601	0604595
062601603	0604596
062601604	0604597
062601611	0604598
062601613	0604599
062601612	0604600
062601610	0604601
062601609	0604602
062601608	0604603
062601605	0604604
062601607	0604605
062601606	0604606
062603001	0604607
062603002	0604608
062603003	0604609
062603004	0604610
062603005	0604611
062603101	0604612
062603106	0604612
062603109	0604612
062603103	0604612
062603102	0604612
062603107	0604612
062603104	0604612
062603105	0604612
062603108	0604613
062601701	0604614
062601703	0604614
062601702	0604614
062601704	0604615
062601705	0604615
062601711	0604615
062601712	0604615
062601708	0604616
062601706	0604616
062601707	0604617
062603201	0604618
062603202	0604619
062603203	0604620
062601709	0604621
062603204	0604622
062601710	0604622
062603205	0604623
062603208	0604623
062603206	0604623
062603207	0604623
062603211	0604624
062603210	0604624
062603212	0604624
062603209	0604624
062660101	0604625
062660102	0604626
062660105	0604626
062660103	0604627
062660104	0604628
062660201	0604629
062660202	0604630
062660203	0604631
062660209	0604631
062660204	0604632
062660208	0604632
062660207	0604633
062660210	0604633
062660205	0604633
062660206	0604633
062660301	0604634
062660302	0604635
062660303	0604636
062660304	0604637
062660305	0604638
062660306	0604639
062660307	0604640
062660308	0604641
062660309	0604642
062660310	0604643
062660311	0604644
062660312	0604645
062660401	0604646
062660402	0604647
062660403	0604648
062660405	0604648
062660404	0604648
062660503	0604649
062660504	0604649
062660508	0604649
062660511	0604649
062660502	0604649
062660505	0604649
062660501	0604649
062660506	0604650
062660507	0604651
062660510	0604651
062660509	0604652
062660803	0604653
062660801	0604654
062660804	0604654
062660802	0604654
062660512	0604655
062660808	0604656
062660807	0604656
062660806	0604656
062660805	0604657
062660604	0604658
062660602	0604658
062660601	0604658
062660603	0604658
062660605	0604659
062660909	0604659
062660607	0604659
062660606	0604659
062660901	0604659
062660612	0604660
062660608	0604661
062660609	0604662
062660611	0604663
062660610	0604664
062660613	0604665
062660904	0604666
062660903	0604666
062660902	0604666
062660908	0604667
062660907	0604667
062660906	0604668
062660905	0604669
062660706	0604670
062661001	0604671
062661002	0604671
062661008	0604672
062661009	0604672
062660701	0604673
062660702	0604673
062660711	0604674
062660705	0604674
062660708	0604674
062660710	0604674
062661006	0604675
062661010	0604675
062661003	0604676
062661007	0604677
062661005	0604678
062661004	0604678
062660709	0604678
062660703	0604679
062660704	0604679
062660707	0604680
062700101	0604681
062700102	0604682
062700103	0604683
062700108	0604683
062700107	0604683
062700104	0604684
062700105	0604685
062700106	0604686
062700201	0604687
062700202	0604688
062700206	0604689
062700207	0604690
062700209	0604691
062700210	0604692
062700208	0604693
062700205	0604694
062700203	0604694
062700204	0604695
062701203	0604696
062701202	0604697
062701201	0604698
062701205	0604699
062701204	0604700
062701206	0604701
062701207	0604702
062701208	0604703
062700301	0604704
062700302	0604705
062700303	0604706
062700304	0604707
062700305	0604707
062700307	0604708
062700308	0604709
062700309	0604710
062700306	0604711
062701301	0604712
062701302	0604713
062701504	0604714
062701505	0604714
062701506	0604715
062700505	0604716
062700504	0604717
062700506	0604718
062701507	0604719
062701503	0604720
062701502	0604721
062701501	0604721
062701508	0604722
062701509	0604722
062701510	0604722
062700601	0604723
062700602	0604724
062701806	0604725
062701807	0604726
062701808	0604727
062701809	0604728
062701810	0604728
062701811	0604729
062701813	0604730
062701812	0604730
062700901	0604731
062700902	0604731
062700907	0604732
062700906	0604732
062700905	0604733
062700904	0604734
062700908	0604735
062701908	0604736
062700903	0604737
062701901	0604738
062701907	0604739
062701906	0604740
062701905	0604740
062701902	0604741
062701903	0604742
062701904	0604743
062701001	0604744
062701002	0604745
062701011	0604745
062701003	0604746
062701012	0604746
062701004	0604747
062701013	0604747
062701005	0604748
062701006	0604749
062701007	0604750
062701008	0604751
062701009	0604752
062701010	0604753
062701102	0604754
062702001	0604754
062701103	0604754
062701105	0604754
062701101	0604754
062701104	0604754
062702002	0604754
062701107	0604755
062701106	0604755
062701108	0604755
062702008	0604756
062702007	0604756
062702006	0604756
062702005	0604756
062702003	0604757
062702004	0604757
062702009	0604758
062740101	0604759
062740103	0604760
062740102	0604760
062740107	0604761
062740108	0604762
062740109	0604763
062740110	0604763
062740106	0604764
062740105	0604765
062740104	0604766
062742302	0604767
062742301	0604768
062742304	0604769
062742303	0604770
062742306	0604771
062742305	0604771
062742307	0604772
062742309	0604773
062742308	0604773
062740201	0604774
062740203	0604774
062740202	0604775
062742401	0604776
062740204	0604777
062740207	0604778
062740206	0604779
062740205	0604779
062742402	0604780
062742403	0604781
062742404	0604782
062742405	0604783
062742406	0604784
062742407	0604785
062740208	0604786
062740209	0604787
062742408	0604788
062740301	0604789
062740302	0604790
062740303	0604791
062742506	0604792
062742505	0604792
062742501	0604793
062742502	0604794
062742503	0604795
062742504	0604795
062742509	0604796
062742508	0604797
062742507	0604798
062740304	0604799
062740305	0604800
062740306	0604801
062740307	0604802
062740309	0604803
062740308	0604803
062742510	0604804
062740401	0604805
062740402	0604806
062740404	0604807
062740403	0604807
062740405	0604808
062740406	0604809
062740407	0604810
062740408	0604811
062740409	0604812
062742601	0604813
062742602	0604814
062742603	0604815
062742604	0604815
062742606	0604816
062742605	0604816
062742607	0604817
062742608	0604818
062742609	0604819
062742610	0604820
062742611	0604821
062740501	0604822
062740502	0604823
062740503	0604824
062740504	0604825
062740505	0604826
062740506	0604827
062740507	0604828
062740508	0604829
062742708	0604830
062742707	0604831
062742709	0604832
062742710	0604832
062742701	0604833
062742702	0604834
062742704	0604835
062742703	0604835
062742705	0604836
062742706	0604837
062740601	0604838
062740602	0604839
062742811	0604840
062742810	0604841
062740603	0604842
062740604	0604843
062740605	0604844
062740606	0604845
062740607	0604846
062742809	0604847
062742808	0604848
062740608	0604849
062740609	0604850
062740610	0604851
062742801	0604852
062742803	0604853
062742802	0604853
062742804	0604854
062742806	0604855
062742807	0604856
062742805	0604857
062740701	0604858
062740702	0604859
062740703	0604860
062740706	0604860
062740705	0604860
062740704	0604860
062740707	0604861
062742906	0604862
062742905	0604863
062742904	0604864
062742903	0604865
062742902	0604865
062742901	0604866
062742907	0604867
062742908	0604868
062742909	0604869
062742910	0604870
062743001	0604871
062743002	0604871
062743003	0604872
062740801	0604873
062740802	0604874
062740804	0604875
064201807	0604876
064201808	0604877
064201809	0604878
064201810	0604879
064201811	0604880
064201815	0604881
064201812	0604881
064201901	0604882
064201902	0604883
064201904	0604884
064201903	0604884
064201906	0604885
064201905	0604885
064201907	0604886
064201908	0604886
064201909	0604887
064201910	0604887
064203301	0604888
064203302	0604889
064203303	0604890
064203304	0604891
064203305	0604892
064203306	0604892
064203307	0604893
064203308	0604893
064202001	0604894
064202002	0604895
064202003	0604896
064202004	0604897
064202005	0604898
064202006	0604899
064202007	0604899
064203401	0604900
064271609	0604901
064271610	0604902
064271611	0604903
064271612	0604904
064271613	0604905
064271701	0604906
064271726	0604907
064271702	0604907
064271703	0604908
064271713	0604908
064271712	0604908
064271704	0604909
064271705	0604910
064271706	0604911
064271723	0604912
064271717	0604912
064271721	0604912
064271720	0604912
064271725	0604912
064271718	0604912
064271719	0604912
064271722	0604912
064271707	0604912
064271724	0604912
064271708	0604913
064271709	0604914
064271710	0604915
064271714	0604915
064271711	0604916
064271715	0604916
064271716	0604916
064271803	0604917
064271802	0604918
064271801	0604919
064271804	0604919
064271808	0604920
064271806	0604920
064271805	0604920
064271807	0604920
064271813	0604921
064271814	0604921
064271818	0604922
064271821	0604923
064271820	0604923
064271819	0604923
064273405	0604924
064273406	0604925
064273416	0604925
064273407	0604926
064273408	0604927
064273417	0604928
064273409	0604928
064273410	0604929
064273411	0604930
064273418	0604931
064273412	0604931
064273413	0604932
064273414	0604933
064273419	0604934
064273415	0604934
064273514	0604935
064273501	0604935
064273502	0604936
064273503	0604937
064273504	0604938
064273505	0604939
064273506	0604940
064273515	0604940
064273507	0604941
064273508	0604942
064273509	0604943
064273516	0604943
064273510	0604944
064273517	0604945
064273511	0604945
064273512	0604946
064273518	0604946
064276416	0604947
064276417	0604948
064276501	0604949
064276502	0604950
064276503	0604951
064276504	0604952
064276505	0604953
064276506	0604954
064276507	0604955
064276508	0604956
064276509	0604957
064276510	0604958
064276519	0604958
064276511	0604959
064276518	0604959
064276512	0604960
064276513	0604961
064276514	0604962
064276515	0604963
064276516	0604964
064276517	0604965
064276601	0604966
064276602	0604967
064276603	0604968
064276604	0604969
064905307	0604970
064905308	0604971
064900601	0604972
064900602	0604973
064900603	0604974
064900604	0604975
064900606	0604976
064900605	0604977
064905401	0604978
064905406	0604979
064900607	0604980
064900608	0604981
064905407	0604982
064905405	0604983
064905402	0604984
064905403	0604985
064905404	0604986
064900701	0604987
064900702	0604988
064900703	0604989
064900704	0604990
064900705	0604991
064900706	0604992
064902702	0604993
064902703	0604994
064902704	0604995
064902705	0604996
064902706	0604997
064902707	0604998
064902708	0604999
064902709	0605000
064902710	0605001
064902714	0605001
064902711	0605002
064902712	0605003
064902713	0605004
064902801	0605005
064902802	0605006
064902803	0605007
064902812	0605008
064902804	0605008
064902805	0605009
064902806	0605010
064902807	0605011
064902808	0605012
064902809	0605013
064902810	0605014
064902811	0605015
064906702	0605016
064906703	0605017
064906705	0605018
064906704	0605019
064906707	0605020
064906706	0605021
064904501	0605022
064904502	0605023
064904503	0605024
064904504	0605025
064904505	0605026
064904509	0605026
064904506	0605027
064904507	0605028
064904508	0605029
064904601	0605030
064904602	0605031
064904603	0605032
064904604	0605033
064904605	0605034
064904606	0605035
064904607	0605036
064904608	0605037
064904609	0605038
062740805	0605039
062740803	0605040
062740806	0605041
062740807	0605042
062740808	0605043
062740809	0605044
062740810	0605045
062740811	0605046
062743006	0605047
062743005	0605047
062743007	0605048
062743004	0605049
062743008	0605050
062743009	0605051
062743010	0605052
062743011	0605053
062740901	0605054
062740903	0605055
062740902	0605055
062740908	0605056
062740904	0605056
062740907	0605057
062740905	0605058
062740906	0605059
062743105	0605060
062743109	0605061
062743110	0605062
062743108	0605063
062743106	0605064
062743104	0605065
062743103	0605066
062743101	0605067
062743102	0605067
062743111	0605068
062743107	0605068
062743112	0605069
062740911	0605070
062740910	0605071
062740909	0605072
062740912	0605073
062743113	0605074
062743114	0605075
062741001	0605076
062741002	0605077
062741003	0605078
062741005	0605079
062741004	0605080
062741006	0605081
062741008	0605081
062741007	0605082
062741010	0605083
062741009	0605084
062743201	0605085
062743203	0605086
062743202	0605086
062743204	0605087
062743205	0605088
062743206	0605088
062743208	0605089
062743207	0605089
062743209	0605090
062741102	0605091
062741101	0605092
062741104	0605093
062741103	0605094
062741105	0605095
062741106	0605096
062741107	0605097
062741111	0605098
062741108	0605099
062741110	0605099
062741109	0605100
062743301	0605101
062743302	0605102
062743303	0605103
062743304	0605104
062743305	0605105
062743306	0605106
062743307	0605107
062743308	0605107
062743309	0605108
062741202	0605109
062741201	0605109
062741204	0605110
062741207	0605111
062741208	0605112
062741209	0605113
062741210	0605114
062741211	0605115
062741206	0605116
062741205	0605116
062741203	0605117
062743401	0605118
062743402	0605119
062743404	0605120
062743403	0605120
062743406	0605121
062743405	0605122
062743407	0605123
062743408	0605124
062743409	0605125
062741301	0605126
062741302	0605127
062741303	0605128
062743503	0605129
062743501	0605130
062743502	0605131
062743504	0605132
062743507	0605133
062743508	0605134
062743509	0605135
062743510	0605136
062743506	0605137
062743505	0605137
062741305	0605138
062741304	0605139
062741306	0605140
062741307	0605141
062741308	0605142
062741401	0605143
062741402	0605144
062741403	0605145
062741404	0605146
062741405	0605147
062741406	0605148
062741412	0605149
062741407	0605149
062741408	0605150
062741409	0605151
062741410	0605152
062741411	0605153
062741510	0605154
062741509	0605155
062741508	0605156
062741506	0605157
062741507	0605157
062741503	0605158
062741501	0605159
062741502	0605160
062741504	0605161
062741505	0605162
062743608	0605163
062743607	0605164
062743606	0605165
062743601	0605166
062743602	0605167
062743603	0605168
062743605	0605169
062743609	0605170
062743604	0605171
062741602	0605172
062741601	0605172
062743702	0605173
062743703	0605174
062743701	0605174
062741603	0605175
062741607	0605176
062741606	0605177
062741605	0605178
062741604	0605179
062743704	0605180
062743705	0605181
062743706	0605182
062743707	0605183
062743708	0605184
062743709	0605185
062741701	0605186
062741702	0605187
062741703	0605188
062741704	0605189
062741705	0605190
062741706	0605191
062741707	0605192
062741708	0605193
062741709	0605194
062741710	0605195
062741711	0605196
062741712	0605197
062741713	0605198
062741715	0605199
062741714	0605199
062741802	0605200
062741801	0605200
062741803	0605201
062741804	0605202
062741805	0605203
062741806	0605204
062741808	0605205
062741811	0605206
062741810	0605207
062741809	0605208
062741807	0605209
062743801	0605210
062743802	0605210
062743803	0605211
062743804	0605212
062743805	0605213
062743809	0605214
062743806	0605215
062743808	0605215
062743807	0605216
062743810	0605217
062743811	0605217
062741901	0605218
062741902	0605219
062741904	0605220
062741905	0605221
062741906	0605221
062741907	0605222
062741908	0605222
062741909	0605223
062743909	0605224
062741910	0605224
062741903	0605224
062741911	0605224
062743906	0605225
062743905	0605225
062743908	0605225
062743904	0605226
062743903	0605227
062743901	0605227
062743902	0605228
062743907	0605229
062743910	0605230
062743911	0605230
062742001	0605231
062742002	0605232
062742003	0605233
062744001	0605234
062744003	0605234
062744004	0605235
062744005	0605236
062744006	0605237
062744007	0605238
062744008	0605239
062742004	0605240
062742005	0605241
062742006	0605242
062742007	0605243
062744009	0605244
062742008	0605244
062742009	0605245
062744010	0605245
062744002	0605246
062742101	0605247
062742102	0605248
062742103	0605249
062742104	0605250
062742105	0605251
062744101	0605252
062744110	0605253
062744114	0605254
062744113	0605255
062744112	0605255
062744111	0605255
062744107	0605256
062744108	0605257
062744109	0605258
062744102	0605259
062744103	0605260
062742106	0605261
062742111	0605262
062742110	0605263
062742107	0605263
062742108	0605264
062742109	0605265
062742112	0605266
062742113	0605267
062744105	0605268
062744106	0605269
062744104	0605269
062742201	0605270
062742208	0605270
062742206	0605271
062742207	0605271
062742202	0605272
062742203	0605273
062742204	0605274
062742205	0605275
062744201	0605276
062744202	0605276
062742209	0605276
062744203	0605277
062744204	0605277
062744205	0605278
062744206	0605279
062744207	0605279
062744209	0605280
062744208	0605280
062744211	0605281
062744212	0605281
062744210	0605281
062770101	0605282
062770102	0605283
062770103	0605284
062770104	0605285
062770105	0605286
062770106	0605287
062770117	0605287
062770107	0605288
062770108	0605289
062770109	0605290
062770110	0605291
062770111	0605292
062770112	0605293
062770113	0605294
062770114	0605295
062770115	0605296
062770116	0605297
062770201	0605298
062770207	0605299
062770202	0605299
062770203	0605300
062770204	0605300
062770208	0605301
062770205	0605302
062770206	0605303
062800101	0605304
062800102	0605305
062800103	0605306
062800104	0605307
062800105	0605308
062800106	0605309
062800107	0605310
062800108	0605311
062800109	0605312
062800110	0605313
062800201	0605314
062800202	0605315
062800203	0605316
062800204	0605317
062800205	0605318
062800206	0605319
062800207	0605320
062800208	0605321
062800301	0605322
062800303	0605323
062800305	0605324
062800306	0605325
062800307	0605326
062800304	0605327
062801302	0605328
062801301	0605329
062801306	0605330
062801305	0605331
062801303	0605332
062801304	0605333
062800302	0605334
062800411	0605335
062800401	0605335
062800402	0605336
062800403	0605337
062800404	0605338
062800405	0605339
062800406	0605340
062800407	0605341
062800408	0605342
062800409	0605343
062800410	0605344
062800501	0605345
062800502	0605346
062800503	0605347
062800504	0605348
062800505	0605349
062800506	0605350
062800507	0605351
062800508	0605352
062800509	0605353
062800601	0605354
062800602	0605355
062801404	0605356
062801403	0605356
062801402	0605356
062801401	0605356
062801405	0605357
062801406	0605358
062801508	0605359
062801507	0605359
062800608	0605360
062800607	0605361
062800603	0605362
062800605	0605362
062800604	0605362
062800606	0605363
062800609	0605364
062800610	0605364
062801413	0605365
062801412	0605365
062801501	0605365
062801407	0605366
062801409	0605366
062801411	0605366
062801410	0605366
062801408	0605367
062801502	0605367
062801503	0605368
062801504	0605368
062801506	0605369
062801505	0605370
062800701	0605371
062800702	0605372
062800703	0605373
062800704	0605374
062800705	0605375
062800706	0605376
062800707	0605377
062800708	0605378
062800709	0605379
062800710	0605380
062800711	0605381
062800712	0605381
062800801	0605382
062800802	0605383
062800803	0605384
062800804	0605385
062800805	0605386
062800806	0605387
062800807	0605388
062800808	0605389
062800809	0605390
062800810	0605391
062800811	0605392
062800812	0605393
062800813	0605394
062800814	0605395
062800815	0605396
062800816	0605397
062800821	0605397
062800817	0605398
062800818	0605399
062800819	0605400
062800820	0605401
062800901	0605402
062800902	0605403
062800914	0605403
062800903	0605404
062800915	0605405
062800904	0605405
062800905	0605406
062800906	0605407
062800907	0605408
062800908	0605409
062800913	0605409
062800909	0605410
062800910	0605411
062800911	0605412
062800912	0605413
062800917	0605413
062800916	0605413
062801001	0605414
062801002	0605415
062801003	0605416
062801004	0605417
062801005	0605418
062801006	0605419
062801007	0605420
062801008	0605421
062801101	0605422
062801102	0605423
062801103	0605424
062801113	0605424
062801104	0605425
062801105	0605426
062801106	0605427
062801107	0605428
062801108	0605429
062801109	0605430
062801110	0605431
062801111	0605432
062801112	0605433
062801201	0605434
062801202	0605435
062801203	0605436
062801204	0605437
062801211	0605438
062801205	0605438
062801206	0605439
062801207	0605440
062801208	0605441
062801212	0605441
062801209	0605442
062801210	0605443
062870101	0605444
062870201	0605445
062870301	0605446
062870302	0605447
062870402	0605448
062870401	0605448
062870801	0605449
062870804	0605450
062870805	0605451
062870806	0605452
062870807	0605453
062870803	0605454
062870802	0605455
062870403	0605456
062870404	0605457
062870808	0605458
062870809	0605459
062870405	0605460
062870408	0605461
062870409	0605462
062870407	0605462
062870410	0605463
062870406	0605463
062870411	0605464
062870501	0605465
062870502	0605466
062870601	0605467
062870701	0605468
062870702	0605469
062940101	0605470
062940102	0605471
062940103	0605472
062940201	0605473
062940202	0605474
062940203	0605475
062940213	0605475
062940204	0605476
062940212	0605476
062940205	0605477
062940206	0605478
062940207	0605479
062940208	0605480
062940209	0605481
062940210	0605482
062940211	0605483
062940301	0605484
062940302	0605485
062940303	0605486
062940401	0605487
062940402	0605488
062940403	0605489
062940409	0605489
062940404	0605490
062940405	0605491
062940406	0605492
062940407	0605493
062940408	0605494
062940501	0605495
062940502	0605496
062940503	0605497
062940504	0605498
062940505	0605499
062940506	0605500
062940601	0605501
062940602	0605502
062940603	0605503
062940604	0605504
062940605	0605505
062940606	0605506
062940611	0605506
062940607	0605507
062940612	0605508
062940608	0605508
062940609	0605509
062940610	0605510
062940701	0605511
062940702	0605512
062940703	0605513
062940704	0605514
062940705	0605515
062940706	0605516
062940801	0605517
062940806	0605517
062940805	0605518
062940802	0605519
062940803	0605520
062940804	0605521
062940901	0605522
062940902	0605523
062940903	0605524
062940904	0605525
062940905	0605526
062940807	0605527
062940808	0605528
062940809	0605529
062940810	0605530
062940811	0605531
063010101	0605532
063010102	0605532
063010201	0605533
063010301	0605534
063010401	0605535
063010501	0605536
063010502	0605537
063010503	0605538
063010504	0605539
063010505	0605540
063010506	0605541
063010507	0605542
063010508	0605543
063010509	0605544
063010510	0605545
063010511	0605546
063010512	0605547
063010513	0605548
063010515	0605548
063010514	0605549
063010602	0605550
063010702	0605551
063010701	0605551
063010911	0605552
063010601	0605552
063010901	0605552
063010902	0605553
063010903	0605553
063010805	0605554
063010803	0605555
063010806	0605556
063010804	0605556
063010807	0605557
063010808	0605557
063010810	0605558
063010809	0605559
063010905	0605560
063010904	0605561
063010906	0605562
063010908	0605563
063010907	0605563
063010909	0605564
063010910	0605565
063010801	0605566
063010802	0605566
063080101	0605567
063080201	0605568
063080301	0605569
063080401	0605570
063080501	0605571
063080502	0605572
063080601	0605573
063080602	0605574
063080603	0605575
063080604	0605576
063080701	0605577
063080801	0605578
063080901	0605579
063081001	0605580
063081004	0605581
063081003	0605582
063081002	0605582
063150101	0605583
063150103	0605584
063150108	0605584
063150105	0605585
063150804	0605586
063150106	0605587
063150107	0605588
063150109	0605589
063150802	0605590
063150803	0605591
063150806	0605592
063150809	0605593
063150807	0605593
063150810	0605594
063150102	0605595
063150805	0605596
063150104	0605597
063150110	0605598
063150801	0605599
063150808	0605600
063150201	0605601
063150301	0605602
063150302	0605603
063150303	0605604
063150306	0605604
063150304	0605604
063150305	0605604
063150401	0605605
063150501	0605606
063150504	0605607
063150503	0605607
063150502	0605607
063150601	0605608
063150701	0605609
063220101	0605610
063220102	0605611
063220103	0605612
063220201	0605613
063220202	0605614
063220203	0605615
063220204	0605616
063220301	0605617
063220302	0605618
063220303	0605619
063220304	0605620
063220305	0605621
063220306	0605622
063220307	0605623
063220401	0605624
063220402	0605625
063220403	0605626
063220404	0605627
063220405	0605628
063220501	0605629
063220502	0605630
063220503	0605631
063220504	0605632
063220505	0605633
063220603	0605634
063220604	0605634
063221406	0605635
063221405	0605636
063221401	0605637
063221404	0605638
063221408	0605639
063221403	0605640
063220602	0605641
063220608	0605641
063220609	0605641
063220601	0605642
063221411	0605643
063221410	0605644
063220607	0605645
063220605	0605646
063221402	0605647
063221407	0605648
063221409	0605649
063220606	0605650
063220702	0605651
063220703	0605652
063220701	0605653
063220704	0605654
063220705	0605655
063220801	0605656
063220802	0605657
063220803	0605658
063220901	0605659
063220902	0605660
063220903	0605661
063221001	0605662
063221002	0605663
063221003	0605664
063221004	0605665
063221005	0605666
063221006	0605667
063221007	0605668
063221008	0605669
063221101	0605670
063221102	0605671
063221103	0605672
063221201	0605673
063221202	0605674
063221203	0605675
063221301	0605676
063221302	0605677
063221303	0605678
063221304	0605679
063290101	0605680
063290102	0605681
063290103	0605682
063290104	0605683
063290201	0605684
063290202	0605685
063290203	0605686
063290701	0605687
063290704	0605688
063290705	0605689
063290706	0605689
063290707	0605690
063290708	0605691
063290709	0605692
063290711	0605693
063290710	0605694
063290302	0605695
063290301	0605696
063290304	0605697
063290303	0605698
063290307	0605699
063290306	0605700
063290305	0605701
063290702	0605702
063290703	0605703
063290401	0605704
063290405	0605705
063290402	0605705
063290404	0605706
063290403	0605706
063290501	0605707
063290502	0605708
063290503	0605709
063290504	0605710
063290505	0605711
063290506	0605712
063290507	0605712
063290601	0605713
063290602	0605714
063360101	0605715
063360201	0605716
063360202	0605717
063360203	0605718
063360204	0605719
063360205	0605720
063360301	0605721
063360302	0605721
063360401	0605722
063360501	0605723
063360601	0605724
063360702	0605725
063360701	0605725
063360801	0605726
063360901	0605727
063361002	0605728
063361001	0605728
063361004	0605729
063361003	0605729
063430101	0605730
063430102	0605731
063430103	0605732
063430106	0605732
063430104	0605733
063430105	0605734
063430201	0605735
063430301	0605736
063430302	0605737
063430303	0605738
063430401	0605739
063430402	0605740
063430501	0605741
063430502	0605742
063430503	0605743
063430601	0605744
063430602	0605745
063430607	0605745
063430603	0605746
063430604	0605747
063430605	0605748
063430606	0605749
063430701	0605750
063430702	0605751
063430703	0605752
063430704	0605753
063430705	0605754
063430706	0605755
063430707	0605756
063430708	0605757
063430709	0605758
063430710	0605759
063430715	0605759
063430711	0605760
063430712	0605761
063430714	0605762
063430713	0605762
063430801	0605763
063430802	0605764
063510101	0605765
063510102	0605766
063510103	0605767
063510104	0605768
063510201	0605769
063510202	0605770
063510301	0605771
063510302	0605772
063510303	0605773
063510304	0605774
063510401	0605775
063510402	0605776
063510403	0605777
063510407	0605777
063510404	0605778
063510405	0605779
063510406	0605780
063510501	0605781
063510502	0605782
063510604	0605783
063511102	0605784
063510608	0605785
063510607	0605786
063510606	0605786
063511106	0605787
063511105	0605788
063511104	0605789
063511107	0605790
063511103	0605790
063510601	0605791
063510602	0605792
063511101	0605793
063510603	0605794
063511108	0605795
063511109	0605796
063510605	0605797
063510701	0605798
063510702	0605799
063510703	0605800
063510801	0605801
063510802	0605802
063510803	0605803
063510904	0605804
063510901	0605804
063510902	0605805
063510903	0605806
063511001	0605807
063511002	0605808
063511003	0605809
063570101	0605810
063570102	0605811
063570103	0605812
063570104	0605813
063570105	0605814
063570106	0605815
063570107	0605816
063570108	0605817
063570109	0605818
063570201	0605819
063570202	0605820
063570203	0605821
063570211	0605822
063570204	0605822
063570205	0605823
063570206	0605824
063570207	0605825
063570208	0605826
063570209	0605827
063570210	0605828
063570301	0605829
063570302	0605830
063570312	0605830
063570303	0605831
063570304	0605832
063570305	0605833
063570313	0605834
063570306	0605834
063570307	0605835
063570308	0605836
063570314	0605837
063570309	0605837
063570310	0605838
063570315	0605839
063570311	0605839
063570401	0605840
063570402	0605841
063570403	0605842
063570404	0605843
063570405	0605844
063570406	0605845
063570411	0605846
063570407	0605846
063570408	0605847
063570409	0605848
063570412	0605849
063570410	0605849
063570501	0605850
063570502	0605851
063570503	0605852
063570504	0605853
063570505	0605854
063570506	0605855
063570507	0605856
063570508	0605857
063570509	0605858
063570510	0605859
063570511	0605860
063570512	0605861
063570513	0605862
063570514	0605863
063570601	0605864
063570602	0605865
063570603	0605866
063570604	0605867
063570605	0605868
063570606	0605869
063570607	0605870
063570608	0605871
063570609	0605872
063570610	0605873
063570611	0605874
063570701	0605875
063570702	0605876
063570703	0605877
063570704	0605878
063570705	0605879
063570706	0605880
063570707	0605881
063570708	0605882
063570709	0605883
063570710	0605884
063570711	0605885
063570801	0605886
063570802	0605887
063570803	0605888
063570804	0605889
063570805	0605890
063570806	0605891
063570807	0605892
063570808	0605893
063570809	0605894
063570810	0605895
063570811	0605896
063570812	0605897
063570813	0605898
063570814	0605899
063570914	0605900
063570901	0605900
063570902	0605901
063570903	0605902
063570904	0605903
063570905	0605904
063570906	0605905
063570907	0605906
063570908	0605907
063570909	0605908
063570910	0605909
063570911	0605910
063570912	0605911
063570913	0605912
063571001	0605913
063571002	0605914
063571003	0605915
063571004	0605916
063571016	0605916
063571005	0605917
063571006	0605918
063571007	0605919
063571008	0605920
063571009	0605921
063571010	0605922
063571011	0605923
063571012	0605924
063571013	0605925
063571014	0605926
063571015	0605927
063571101	0605928
063571102	0605929
063571103	0605930
063571104	0605931
063571113	0605931
063571105	0605932
063571106	0605933
063571114	0605933
063571107	0605934
063571108	0605935
063571109	0605936
063571115	0605936
063571110	0605937
063571111	0605938
063571112	0605939
063571204	0605940
063571206	0605941
063571205	0605942
063571208	0605943
063571207	0605944
063571210	0605944
063571209	0605945
063579604	0605946
063579603	0605947
063571203	0605948
063571202	0605949
063571201	0605949
063579601	0605950
063579602	0605951
063579605	0605952
063579606	0605953
063579608	0605954
063579607	0605954
063571301	0605955
063571302	0605956
063571303	0605957
063571310	0605958
063571304	0605958
063571305	0605959
063571306	0605960
063571307	0605961
063571308	0605962
063571309	0605963
063571401	0605964
063571402	0605965
063571403	0605966
063571404	0605967
063571405	0605968
063571406	0605969
063571407	0605970
063571408	0605971
063571409	0605972
063571512	0605973
063571501	0605973
063571502	0605974
063571503	0605975
063571513	0605976
063571504	0605976
063571505	0605977
063571506	0605978
063571514	0605979
063571507	0605979
063571508	0605980
063571509	0605981
063571510	0605982
063571511	0605983
063571601	0605984
063571602	0605985
063571603	0605986
063571604	0605987
063571614	0605987
063571605	0605988
063571606	0605989
063571607	0605990
063571608	0605991
063571609	0605992
063571610	0605993
063571611	0605994
063571612	0605995
063571613	0605996
063571701	0605997
063571702	0605998
063571711	0605999
063571703	0605999
063571704	0606000
063571705	0606001
063571706	0606002
063571707	0606003
063571712	0606004
063571708	0606004
063571709	0606005
063571710	0606006
063571809	0606007
063571811	0606008
063571810	0606008
063571812	0606009
063571808	0606010
063571805	0606011
063571804	0606011
063571801	0606012
063571802	0606013
063571803	0606014
063571806	0606014
063571813	0606015
063571807	0606015
063571815	0606016
063571814	0606016
063571901	0606017
063571902	0606018
063571903	0606019
063571904	0606020
063571905	0606021
063571906	0606022
063571907	0606023
063571912	0606024
063571908	0606024
063571909	0606025
063571910	0606026
063571913	0606027
063571911	0606027
063572001	0606028
063572002	0606029
063572003	0606030
063572004	0606031
063572005	0606032
063572006	0606033
063572007	0606034
063572008	0606035
063572009	0606036
063572101	0606037
063572109	0606038
063572102	0606038
063572103	0606039
063572104	0606040
063572110	0606041
063572105	0606041
063572106	0606042
063572111	0606042
063572107	0606043
063572108	0606044
063572201	0606045
063572202	0606046
063572203	0606047
063572215	0606047
063572204	0606048
063572205	0606049
063572216	0606050
063572206	0606050
063572207	0606051
063572208	0606052
063572209	0606053
063572210	0606054
063572211	0606055
063572212	0606056
063572213	0606057
063572214	0606058
063572311	0606059
063572301	0606059
063572303	0606060
063572302	0606060
063572307	0606061
063572304	0606061
063572305	0606062
063572306	0606063
063572309	0606064
063572308	0606065
063572310	0606066
063572401	0606067
063572402	0606068
063572403	0606069
063572404	0606070
063572405	0606071
063572501	0606072
063572502	0606073
063572503	0606074
063572604	0606075
063572603	0606076
063572602	0606077
063572601	0606078
063572701	0606079
063572702	0606080
063572703	0606081
063572704	0606082
063572705	0606083
063572801	0606084
063572802	0606085
063572803	0606086
063572804	0606087
063572805	0606088
063572806	0606089
063572901	0606090
063572902	0606091
063572903	0606092
063572904	0606093
063572905	0606094
063572906	0606095
063573001	0606096
063573002	0606097
063573003	0606098
063573004	0606099
063573005	0606100
063573006	0606101
063573007	0606102
063573008	0606103
063573009	0606104
063573010	0606105
063573011	0606106
063573101	0606107
063573102	0606108
063573103	0606109
063573104	0606110
063573108	0606111
063573105	0606111
063573106	0606112
063573107	0606113
063573110	0606114
063573109	0606115
063573201	0606116
063573202	0606117
063573203	0606118
063573211	0606119
063573204	0606119
063573205	0606120
063573206	0606121
063573212	0606122
063573207	0606122
063573208	0606123
063573209	0606124
063573210	0606125
063573301	0606126
063573312	0606127
063573302	0606127
063573303	0606128
063573304	0606129
063573313	0606129
063573305	0606130
063573306	0606131
063573307	0606132
063573314	0606132
063573308	0606133
063573315	0606133
063573309	0606134
063573310	0606135
063573311	0606136
063573401	0606137
063573402	0606138
063573403	0606139
063573404	0606140
063573405	0606141
063573406	0606142
063573407	0606143
063573408	0606144
063573501	0606145
063573502	0606146
063573503	0606147
063573504	0606148
063573505	0606149
063573511	0606149
063573506	0606150
063573507	0606151
063573512	0606151
063573508	0606152
063573509	0606153
063573510	0606154
063573601	0606155
063573602	0606156
063573603	0606157
063573604	0606158
063573605	0606159
063573702	0606160
063573703	0606161
063573704	0606162
063573701	0606162
063573705	0606163
063573706	0606164
063573707	0606165
063573708	0606166
063573709	0606167
063573801	0606168
063573804	0606169
063573803	0606170
063573802	0606171
063573901	0606172
063573902	0606173
063573903	0606174
063573904	0606175
063573905	0606176
063573906	0606177
063573907	0606178
063573908	0606179
063573909	0606180
063574001	0606181
063574002	0606182
063574003	0606183
063574004	0606184
063574005	0606185
063574006	0606186
063574007	0606187
063574008	0606188
063574101	0606189
063574102	0606190
063574103	0606191
063574104	0606192
063574105	0606193
063574106	0606194
063574107	0606195
063574108	0606195
063574201	0606196
063574202	0606197
063574203	0606198
063574204	0606199
063574205	0606200
063574206	0606201
063574207	0606202
063574301	0606203
063574302	0606204
063574303	0606205
063574304	0606206
063574305	0606207
063574306	0606208
063574307	0606209
063574308	0606210
063574309	0606211
063574310	0606212
063574311	0606213
063574312	0606214
063574401	0606215
063574402	0606216
063574403	0606217
063574404	0606218
063574405	0606219
063574406	0606220
063574407	0606221
063574408	0606222
063574409	0606223
063574502	0606224
063574503	0606225
063574501	0606226
063574507	0606227
063574508	0606227
063574506	0606228
063574504	0606229
063574505	0606229
063574511	0606230
063574510	0606230
063574509	0606231
063574512	0606231
063579401	0606232
063579402	0606233
063579405	0606234
063579406	0606235
063579407	0606236
063579404	0606237
063579408	0606238
063579409	0606239
063579403	0606239
063574601	0606240
063574602	0606241
063574603	0606242
063574604	0606243
063574614	0606244
063574605	0606244
063574606	0606245
063574607	0606246
063574608	0606247
063574609	0606248
063574610	0606249
063574611	0606250
063574612	0606251
063574613	0606252
063574701	0606253
063574702	0606254
063574703	0606255
063574704	0606256
063574711	0606257
063574705	0606257
063574706	0606258
063574707	0606259
063574708	0606260
063574712	0606260
063574709	0606261
063574710	0606262
063574713	0606262
063574801	0606263
063574816	0606263
063574802	0606264
063574803	0606265
063574804	0606266
063574805	0606267
063574806	0606268
063574807	0606269
063574808	0606270
063574809	0606271
063574817	0606272
063574810	0606272
063574811	0606273
063574812	0606274
063574813	0606275
063574814	0606276
063574815	0606277
063574901	0606278
063574902	0606279
063574903	0606280
063574904	0606281
063574905	0606282
063574906	0606283
063574907	0606284
063574908	0606285
063575001	0606286
063575002	0606287
063575003	0606288
063575004	0606289
063575005	0606290
063575006	0606291
063575007	0606292
063575015	0606292
063575008	0606293
063575009	0606294
063575010	0606295
063575011	0606296
063575012	0606297
063575013	0606298
063575014	0606299
063575101	0606300
063575102	0606301
063575103	0606302
063575104	0606303
063575105	0606304
063575106	0606305
063575107	0606306
063575108	0606307
063575109	0606308
063575110	0606308
063575201	0606309
063575202	0606310
063575203	0606311
063575204	0606312
063575205	0606313
063575206	0606314
063575207	0606315
063575208	0606316
063579710	0606317
063579709	0606318
063579707	0606319
063579708	0606320
063579706	0606321
063579705	0606322
063579701	0606323
063579702	0606323
063579703	0606324
063579704	0606324
063575301	0606325
063575302	0606326
063575305	0606327
063575306	0606327
063575311	0606328
063575310	0606329
063575309	0606330
063575308	0606331
063575307	0606331
063575304	0606332
063575303	0606333
063579501	0606334
063579502	0606335
063579504	0606336
063579503	0606336
063579508	0606336
063579505	0606337
063579506	0606338
063579507	0606339
063579509	0606340
063575401	0606341
063575402	0606342
063575403	0606343
063575404	0606344
063575405	0606345
063575406	0606346
063575407	0606347
063575408	0606348
063575501	0606349
063575502	0606350
063575503	0606351
063575509	0606351
063575504	0606352
063575510	0606352
063575505	0606353
063575506	0606354
063575507	0606355
063575508	0606356
063575511	0606356
063575601	0606357
063575602	0606358
063575603	0606359
063575604	0606360
063575613	0606360
063575614	0606361
063575605	0606361
063575606	0606362
063575607	0606363
063575608	0606364
063575609	0606365
063575610	0606366
063575615	0606367
063575611	0606367
063575612	0606368
063575701	0606369
063575711	0606369
063575702	0606370
063575703	0606371
063575704	0606372
063575712	0606372
063575705	0606373
063575706	0606374
063575707	0606375
063575708	0606376
063575709	0606377
063575710	0606378
063575801	0606379
063575802	0606380
063575803	0606381
063575804	0606382
063575805	0606383
063575806	0606384
063575807	0606385
063575809	0606386
063575808	0606386
063575901	0606387
063575902	0606388
063575903	0606389
063575904	0606390
063575905	0606391
063575912	0606392
063575906	0606392
063575907	0606393
063575908	0606394
063575909	0606395
063575910	0606396
063575911	0606397
063576001	0606398
063576002	0606399
063576003	0606400
063576004	0606401
063576005	0606402
063576006	0606403
063576012	0606403
063576007	0606404
063576008	0606405
063576009	0606406
063576010	0606407
063576011	0606408
063576101	0606409
063576114	0606410
063576102	0606410
063576103	0606411
063576104	0606412
063576105	0606413
063576106	0606414
063576115	0606414
063576107	0606415
063576108	0606416
063576109	0606417
063576110	0606418
063576116	0606418
063576111	0606419
063576112	0606420
063576113	0606421
063576201	0606422
063576202	0606423
063576203	0606424
063576204	0606425
063576205	0606426
063576206	0606427
063576207	0606428
063576208	0606429
063576209	0606430
063576210	0606431
063576211	0606432
063576212	0606432
063576302	0606433
063576303	0606434
063576304	0606435
063576305	0606436
063576306	0606437
063576307	0606438
063576308	0606439
063576401	0606440
063576412	0606440
063576402	0606441
063576413	0606441
063576403	0606442
063576404	0606443
063576405	0606444
063576406	0606445
063576407	0606446
063576408	0606447
063576409	0606448
063576410	0606449
063576411	0606450
063576501	0606451
063576502	0606452
063576503	0606453
063576515	0606454
063576504	0606454
063576505	0606455
063576506	0606456
063576507	0606457
063576508	0606458
063576509	0606459
063576516	0606459
063576510	0606460
063576511	0606461
063576512	0606462
063576513	0606463
063576514	0606464
063576601	0606465
063576602	0606466
063576609	0606467
063576603	0606467
063576604	0606468
063576605	0606469
063576606	0606470
063576607	0606471
063576608	0606472
063576701	0606473
063576702	0606474
063576703	0606475
063576704	0606476
063576705	0606477
063576706	0606478
063576707	0606479
063576708	0606480
063576709	0606481
063576710	0606482
063576711	0606483
063576712	0606484
063576713	0606485
063576714	0606486
063576715	0606487
063576801	0606488
063576802	0606489
063576803	0606490
063576804	0606491
063576805	0606492
063576806	0606493
063576807	0606494
063576808	0606495
063576809	0606496
063576810	0606497
063576901	0606498
063576902	0606499
063576903	0606500
063576904	0606501
063576905	0606502
063576906	0606503
063576907	0606504
063576908	0606505
063576909	0606506
063576910	0606507
063576911	0606508
063577001	0606509
063577002	0606510
063577003	0606511
063577015	0606511
063577004	0606512
063577016	0606512
063577005	0606513
063577006	0606514
063577007	0606515
063577008	0606516
063577009	0606517
063577010	0606518
063577011	0606519
063577012	0606520
063577013	0606521
063577014	0606522
063577101	0606523
063577102	0606524
063577103	0606525
063577104	0606526
063577105	0606527
063577112	0606528
063577106	0606528
063577107	0606529
063577113	0606530
063577108	0606530
063577114	0606531
063577109	0606531
063577110	0606532
063577111	0606533
063577201	0606534
063577202	0606535
063577203	0606536
063577204	0606537
063577205	0606538
063577206	0606539
063577207	0606540
063577208	0606541
063577212	0606542
063577209	0606542
063577213	0606543
063577210	0606543
063577211	0606544
063577301	0606545
063577305	0606546
063577304	0606546
063577303	0606547
063577302	0606548
063577310	0606549
063579101	0606549
063579104	0606549
063577311	0606550
063577309	0606551
063579103	0606552
063579102	0606552
063579106	0606552
063579105	0606552
063577308	0606553
063579107	0606553
063577306	0606554
063577307	0606555
063579108	0606555
063579109	0606555
063579111	0606556
063579110	0606556
063577402	0606557
063577401	0606558
063577403	0606559
063577404	0606560
063577406	0606561
063577405	0606561
063577407	0606562
063577408	0606562
063577410	0606563
063577409	0606564
063578902	0606565
063578901	0606566
063578903	0606567
063578904	0606568
063578907	0606569
063578906	0606569
063578905	0606570
063578908	0606570
063578910	0606571
063578909	0606571
063578911	0606572
063578914	0606573
063578912	0606573
063578913	0606574
063578915	0606574
063577501	0606575
063577502	0606576
063579802	0606577
063577511	0606577
063577504	0606578
063577505	0606579
063577506	0606580
063577507	0606580
063577509	0606581
063577510	0606582
063577508	0606583
063579801	0606584
063579804	0606585
063579805	0606585
063579803	0606586
063579806	0606587
063579807	0606588
063577601	0606589
063577602	0606590
063577606	0606590
063577610	0606591
063577612	0606592
063577611	0606592
063579004	0606593
063577609	0606594
063577608	0606595
063577607	0606596
063577605	0606597
063577604	0606598
063577603	0606598
063579001	0606599
063579002	0606599
063579003	0606600
063579005	0606601
063579006	0606602
063579007	0606603
063579008	0606604
063579009	0606604
063579010	0606605
063579011	0606605
063577703	0606606
063577704	0606607
063577702	0606608
063577701	0606609
063578413	0606610
063577705	0606610
063577710	0606611
063577706	0606611
063577708	0606612
063577707	0606612
063577709	0606612
063578401	0606613
063578402	0606613
063578403	0606614
063578404	0606614
063578406	0606615
063578407	0606615
063578405	0606615
063578408	0606616
063578411	0606616
063578409	0606616
063578410	0606616
063578412	0606617
063578505	0606618
063578501	0606618
063578506	0606618
063578502	0606618
063578503	0606619
063578504	0606619
063578512	0606620
063578507	0606620
063578508	0606620
063578509	0606621
063578511	0606621
063578510	0606621
063578606	0606622
063578604	0606622
063578603	0606622
063578601	0606622
063578605	0606622
063578602	0606622
063578611	0606623
063578609	0606623
063578608	0606623
063578610	0606623
063578607	0606623
063578612	0606623
063578613	0606623
063577801	0606624
063577802	0606625
063577803	0606626
063577804	0606627
063577805	0606628
063577806	0606629
063577807	0606630
063579214	0606631
063579215	0606631
063579208	0606632
063579203	0606632
063579201	0606633
063579202	0606633
063579205	0606634
063579204	0606634
063579206	0606635
063579207	0606635
063579210	0606636
063579209	0606636
063579211	0606637
063579212	0606638
063579213	0606639
063577901	0606640
063577902	0606641
063577903	0606642
063577904	0606643
063577905	0606644
063577906	0606645
063577907	0606646
063577908	0606647
063577909	0606647
063577912	0606648
063577911	0606648
063579302	0606649
063579303	0606650
063579304	0606651
063579305	0606652
063579307	0606652
063579308	0606653
063579309	0606654
063579310	0606654
063579301	0606655
063579306	0606655
063577910	0606656
063578707	0606657
063578706	0606657
063578705	0606658
063578709	0606659
063578708	0606659
063578710	0606660
063578711	0606660
063578704	0606661
063578712	0606661
063578713	0606662
063578703	0606662
063578701	0606663
063578702	0606664
063578010	0606665
063578011	0606666
063578014	0606667
063578013	0606668
063578012	0606669
063578009	0606670
063578001	0606671
063578003	0606672
063578002	0606672
063578004	0606672
063578006	0606673
063578005	0606673
063578007	0606674
063578008	0606674
063578101	0606675
063578102	0606676
063578103	0606677
063578104	0606678
063579901	0606679
063579905	0606679
063579903	0606680
063579902	0606680
063579904	0606681
063578105	0606682
063578106	0606683
063579906	0606684
063579907	0606684
063579908	0606685
063579909	0606686
063579910	0606687
063579911	0606688
063579912	0606688
063578201	0606689
063578202	0606690
063578203	0606690
063578205	0606691
063578210	0606691
063578204	0606691
063578209	0606692
063578208	0606693
063578207	0606694
063578801	0606694
063578804	0606694
063578211	0606694
063578212	0606694
063578803	0606694
063578206	0606694
063578802	0606694
063578805	0606695
063578811	0606696
063578810	0606697
063578806	0606698
063578807	0606699
063578808	0606700
063578809	0606700
063578214	0606701
063578213	0606701
063578301	0606702
063578303	0606703
063578302	0606703
063640105	0606704
063640104	0606705
063640101	0606706
063640103	0606706
063640901	0606707
063640102	0606708
063640903	0606709
063640902	0606710
063640905	0606711
063640906	0606712
063640907	0606713
063640908	0606714
063640909	0606715
063640910	0606716
063640904	0606717
063640109	0606718
063640108	0606719
063640107	0606720
063640110	0606721
063640111	0606722
063640106	0606722
063641106	0606723
063641105	0606723
063641108	0606724
063641107	0606724
063641103	0606725
063641109	0606725
063641102	0606725
063641104	0606725
063640203	0606726
063640204	0606726
063640202	0606726
063640205	0606726
063640201	0606726
063641110	0606727
063640207	0606727
063641101	0606727
063640206	0606727
063641208	0606728
063641111	0606728
063641201	0606729
063641202	0606730
063641203	0606731
063641205	0606732
063641204	0606732
063641206	0606733
063641207	0606733
063641209	0606734
063641210	0606734
063641211	0606735
063641212	0606736
063641302	0606737
063641301	0606737
063640303	0606737
063641303	0606737
063640301	0606737
063640308	0606737
063640304	0606738
063640302	0606738
063640305	0606739
063640306	0606740
063640307	0606741
063640309	0606742
063641401	0606743
063641402	0606743
063641404	0606744
063641403	0606744
063641405	0606745
063641406	0606746
063641309	0606747
063641305	0606748
063641304	0606749
063641307	0606750
063641306	0606751
063641308	0606752
063641407	0606753
063641410	0606753
063641411	0606753
063641409	0606753
063641412	0606753
063641408	0606754
063640401	0606755
063640402	0606755
063640412	0606756
063640411	0606756
063640403	0606757
063640404	0606757
063640409	0606758
063640410	0606758
063640406	0606759
063640405	0606759
063641501	0606760
063641502	0606761
063640407	0606762
063640408	0606762
063641503	0606763
063641504	0606763
063641505	0606764
063641507	0606765
063641508	0606766
063641506	0606766
063641510	0606767
063641514	0606767
063641513	0606767
063641511	0606767
063641509	0606767
063641512	0606767
063641516	0606768
063641515	0606768
063640507	0606769
063640501	0606769
063640505	0606770
063640502	0606770
063640503	0606771
063640504	0606772
063640506	0606772
063640601	0606773
063640602	0606774
063640605	0606775
063640603	0606775
063640606	0606775
063640604	0606776
063641007	0606777
063641008	0606778
063641006	0606779
063641002	0606780
063641001	0606781
063640701	0606782
063640702	0606782
063640704	0606783
063640703	0606784
063640708	0606785
063640707	0606785
063640706	0606786
063640705	0606787
063640710	0606788
063640709	0606788
063640711	0606789
063640712	0606790
063641003	0606791
063641004	0606792
063641005	0606793
063641009	0606793
063640802	0606794
063640808	0606794
063640803	0606794
063640804	0606794
063640801	0606794
063640810	0606795
063640811	0606795
063641606	0606796
063641601	0606797
063640809	0606797
063641602	0606798
063641605	0606798
063641604	0606798
063641603	0606798
063641802	0606799
063641806	0606800
063641803	0606800
063641804	0606801
063641805	0606801
063641811	0606802
063641810	0606803
063641812	0606803
063641807	0606804
063641808	0606805
063641801	0606805
063641813	0606806
063641809	0606806
063641709	0606807
063641710	0606807
063641708	0606807
063641814	0606808
063641712	0606809
063641711	0606809
063641707	0606810
063641706	0606811
063641705	0606812
063641704	0606813
063641703	0606814
063641701	0606815
063641702	0606815
063640806	0606816
063640807	0606816
063640812	0606816
063640814	0606816
063640805	0606816
063640813	0606816
063710101	0606817
063710102	0606818
063710103	0606819
063710112	0606819
063710104	0606820
063710105	0606821
063710106	0606822
063710107	0606823
063710108	0606824
063710109	0606825
063710113	0606825
063710114	0606826
063710110	0606826
063710111	0606827
063710204	0606828
063710205	0606829
063710206	0606830
063710203	0606831
063710201	0606832
063710202	0606832
063713801	0606833
063713802	0606834
063713804	0606835
063713803	0606836
063713806	0606837
063713805	0606838
063713807	0606839
063710301	0606840
063710302	0606841
063710303	0606842
063713902	0606843
063713901	0606843
063713903	0606844
063713904	0606844
063713905	0606845
063713906	0606846
063710304	0606847
063710306	0606848
063710305	0606848
063710307	0606849
063710308	0606850
063710309	0606851
063713907	0606852
063713908	0606853
063713909	0606854
063710409	0606855
063710401	0606855
063710402	0606856
063710403	0606857
063710404	0606858
063710405	0606859
063710410	0606860
063710406	0606860
063710407	0606861
063710408	0606862
063710501	0606863
063710511	0606864
063710502	0606864
063710503	0606865
063710504	0606866
063710505	0606867
063710512	0606868
063710506	0606868
063710507	0606869
063710508	0606870
063710509	0606871
063710510	0606872
063710601	0606873
063710613	0606873
063710602	0606874
063710603	0606875
063710604	0606876
063710605	0606877
063710606	0606878
063710607	0606879
063710608	0606880
063710609	0606881
063710610	0606882
063710611	0606883
063710612	0606884
063710701	0606885
063710702	0606886
063714002	0606887
063714003	0606888
063714004	0606889
063714007	0606890
063714006	0606891
063714005	0606891
063714001	0606892
063710704	0606893
063710703	0606893
063710706	0606894
063710705	0606895
063710708	0606896
063710707	0606897
063710802	0606898
063710801	0606899
063710804	0606900
063710805	0606901
063710806	0606902
063710807	0606903
063710803	0606903
063714105	0606904
063714104	0606905
063714103	0606906
063714101	0606907
063714102	0606908
063714106	0606909
063710901	0606910
063710904	0606911
063710905	0606911
063710906	0606912
063710910	0606913
063710909	0606914
063710907	0606915
063710908	0606915
063710903	0606916
063710902	0606917
063714201	0606918
063714207	0606919
063714208	0606920
063714209	0606921
063714206	0606922
063714202	0606923
063714205	0606924
063714204	0606925
063714203	0606926
063711001	0606927
063711005	0606928
063711006	0606929
063711007	0606930
063711004	0606931
063711002	0606932
063711003	0606933
063711008	0606934
063714304	0606935
063714305	0606936
063714306	0606936
063714303	0606937
063714301	0606938
063714302	0606939
063714307	0606940
063714308	0606941
063714309	0606942
063711101	0606943
063711102	0606944
063711111	0606944
063711103	0606945
063711112	0606945
063711104	0606946
063711105	0606947
063711106	0606948
063711107	0606949
063711108	0606950
063711113	0606950
063711109	0606951
063711114	0606952
063711110	0606952
063711201	0606953
063711202	0606954
063711203	0606955
063711211	0606956
063711204	0606956
063711205	0606957
063711206	0606958
063711212	0606959
063711207	0606959
063711213	0606960
063711208	0606960
063711209	0606961
063711214	0606962
063711210	0606962
063714401	0606963
063714402	0606964
063714404	0606965
063714403	0606965
063714406	0606966
063714405	0606967
063711302	0606968
063711301	0606969
063711303	0606969
063711304	0606970
063711305	0606971
063711306	0606971
063711308	0606972
063711307	0606972
063714407	0606973
063714408	0606974
063711401	0606975
063711402	0606976
063711403	0606977
063711404	0606978
063711405	0606979
063711406	0606980
063711407	0606981
063711408	0606982
063711409	0606983
063711410	0606984
063711411	0606985
063711412	0606986
063711413	0606987
063711415	0606988
063711414	0606988
063711501	0606989
063711504	0606990
063711502	0606990
063711506	0606991
063711503	0606991
063711507	0606992
063711505	0606993
063711508	0606993
063711509	0606994
063711510	0606994
063714501	0606995
063714502	0606995
063714503	0606996
063714505	0606997
063714506	0606998
063714504	0606999
063714509	0607000
063714508	0607001
063714510	0607001
063714507	0607002
063711601	0607003
063711602	0607004
063711603	0607005
063711604	0607006
063711606	0607007
063711605	0607007
063711607	0607008
063711608	0607009
063714604	0607010
063714602	0607011
063714603	0607011
063714601	0607012
063714608	0607013
063714607	0607014
063714605	0607015
063714606	0607015
063714609	0607016
063711703	0607017
063711701	0607017
063711702	0607018
063711706	0607019
063711705	0607019
063711707	0607020
063711708	0607021
063711709	0607021
063714703	0607022
063714702	0607023
063711704	0607024
063714701	0607025
063714707	0607026
063714708	0607026
063714706	0607027
063714705	0607028
063714704	0607029
063714709	0607030
063711801	0607031
063714801	0607032
063714803	0607033
063714802	0607033
063714807	0607034
063714804	0607035
063711803	0607036
063711802	0607037
063711805	0607038
063711804	0607039
063714805	0607040
063714808	0607041
063714806	0607041
063714810	0607042
063714809	0607043
063711808	0607044
063711807	0607044
063711806	0607045
063711901	0607046
063711902	0607047
063712303	0607048
063712304	0607048
063712305	0607049
063712306	0607050
063712308	0607051
063712309	0607052
063712311	0607052
063712310	0607053
063715102	0607054
063712307	0607055
063715101	0607056
063715103	0607057
063715104	0607058
063715105	0607059
063715106	0607060
063715107	0607061
063715108	0607062
063715109	0607063
063712401	0607064
063712402	0607065
063712403	0607066
063712404	0607067
063712405	0607068
063712406	0607069
063712407	0607070
063712408	0607071
063712501	0607072
063712502	0607073
063712503	0607074
063712504	0607075
063712505	0607076
063712506	0607077
063712507	0607078
063712508	0607079
063712601	0607080
063712602	0607081
063712603	0607082
063712604	0607083
063712605	0607084
063712606	0607085
063712607	0607086
063712608	0607087
063712701	0607088
063712702	0607089
063712703	0607090
063712709	0607090
063712704	0607091
063712705	0607092
063712706	0607093
063712707	0607094
063712708	0607095
063712801	0607096
063712802	0607097
063712803	0607098
063712804	0607099
063712805	0607100
063712806	0607101
063712807	0607102
063712808	0607103
063712901	0607104
063712902	0607105
063712903	0607106
063712904	0607107
063712905	0607108
063712906	0607109
063712907	0607110
063712908	0607111
063712909	0607112
063713001	0607113
063713002	0607114
063713003	0607115
063713004	0607116
063713005	0607117
063713006	0607118
063713007	0607119
063713008	0607120
063713009	0607121
063713010	0607122
063713011	0607123
063713101	0607124
063713102	0607125
063713103	0607126
063713104	0607127
063713105	0607128
063713106	0607129
063713109	0607129
063713107	0607130
063713108	0607131
063713201	0607132
063713203	0607133
063713202	0607133
063713207	0607134
063713208	0607134
063713209	0607135
063713210	0607135
063713206	0607136
063713204	0607137
063713205	0607138
063715201	0607139
063715206	0607140
063715207	0607141
063715208	0607142
063715205	0607142
063715202	0607143
063715203	0607144
063715204	0607145
063715209	0607146
063713301	0607147
063713311	0607148
063713302	0607148
063713303	0607149
063713312	0607149
063713304	0607150
063713305	0607151
063713306	0607152
063713313	0607152
063713307	0607153
063713308	0607154
063713309	0607155
063713310	0607156
063713401	0607157
063713402	0607158
063713403	0607159
063713404	0607160
063713411	0607161
063713405	0607161
063713412	0607161
063713406	0607162
063713407	0607163
063713410	0607164
063713408	0607164
063713409	0607165
063713501	0607166
063713502	0607167
063713503	0607168
063713504	0607169
063713505	0607170
063713506	0607171
063713507	0607172
063713508	0607173
063713509	0607174
063713510	0607175
063713511	0607176
063713512	0607177
063713513	0607178
063713514	0607179
063713601	0607180
063713603	0607180
063713602	0607180
063713605	0607181
063713604	0607181
063713606	0607182
063713607	0607182
063713609	0607183
063713608	0607183
063713610	0607184
063713611	0607185
063715301	0607186
063715302	0607186
063715303	0607187
063715304	0607188
063715305	0607188
063715306	0607189
063715308	0607190
063715307	0607190
063713701	0607191
063713708	0607192
063713706	0607192
063713702	0607192
063713707	0607192
063713703	0607193
063713704	0607194
063713705	0607195
063713709	0607196
063713711	0607197
063713710	0607197
063715402	0607198
063715401	0607198
063715404	0607198
063715403	0607198
063715410	0607199
063715405	0607199
063715406	0607200
063715407	0607200
063715408	0607201
063715409	0607201
063713712	0607202
063713713	0607202
063713715	0607203
063713714	0607203
063715412	0607204
063715413	0607205
063715411	0607206
063715414	0607206
063850101	0607207
063850108	0607207
063850102	0607208
063850103	0607209
063850104	0607210
063850105	0607211
063850106	0607212
063850107	0607213
063850201	0607214
063850202	0607215
063850203	0607216
063850204	0607217
063850301	0607218
063850302	0607219
063850303	0607220
063850401	0607221
063850402	0607222
063850403	0607223
063850404	0607224
063850405	0607225
063850501	0607226
063850601	0607227
063850703	0607228
063850704	0607229
063850707	0607230
063850708	0607231
063850706	0607232
063851209	0607233
063851207	0607234
063851206	0607235
063851203	0607236
063851201	0607237
063851202	0607238
063850701	0607239
063850709	0607240
063851205	0607241
063850705	0607242
063851208	0607243
063851204	0607244
063850702	0607245
063850803	0607246
063850801	0607246
063850802	0607247
063850901	0607248
063850902	0607249
063851001	0607250
063851004	0607250
063851003	0607251
063851002	0607251
063851101	0607252
063851102	0607253
063920101	0607254
063920105	0607255
063920106	0607255
063920104	0607256
063920103	0607257
063921601	0607258
063921602	0607259
063921603	0607260
063921604	0607261
063921605	0607262
063921608	0607263
063921607	0607264
063920108	0607265
063920107	0607266
063920109	0607267
063920102	0607268
063921606	0607269
063920201	0607270
063920202	0607271
063920203	0607272
063920204	0607273
063920301	0607274
063920302	0607275
063920303	0607276
063920304	0607277
063920305	0607278
063920306	0607279
063920401	0607280
063920402	0607281
063920403	0607282
063920404	0607283
063920405	0607284
063920501	0607285
063920502	0607286
063920503	0607287
063920504	0607288
063920505	0607289
063920601	0607290
063920602	0607291
063920603	0607292
063920604	0607293
063920605	0607294
063920701	0607295
063920711	0607296
063920702	0607296
063920703	0607297
063920704	0607298
063920705	0607299
063920706	0607300
063920707	0607301
063920708	0607302
063920709	0607303
063920710	0607304
063920801	0607305
063920802	0607306
063920803	0607307
063920804	0607308
063920805	0607309
063920806	0607310
063920807	0607310
063920901	0607311
063920902	0607312
063920903	0607313
063920908	0607313
063920904	0607314
063920905	0607315
063920906	0607316
063920907	0607317
063921001	0607318
063921002	0607319
063921003	0607320
063921004	0607321
063921005	0607322
063921006	0607323
063921101	0607324
063921102	0607325
063921103	0607326
063921201	0607327
063921202	0607328
063921203	0607329
063921213	0607329
063921204	0607330
063921205	0607331
063921206	0607332
063921214	0607332
063921212	0607333
063921207	0607333
063921211	0607334
063921210	0607334
063921208	0607334
063921209	0607335
063921301	0607336
063921302	0607337
063921303	0607338
063921405	0607339
063921401	0607339
063921402	0607340
063921403	0607341
063921404	0607342
063921501	0607343
063921502	0607344
063921508	0607345
063921503	0607345
063921504	0607346
063921505	0607347
063921506	0607348
063921507	0607349
063990101	0607350
063990102	0607351
063990103	0607352
063990104	0607353
063990105	0607354
063990110	0607354
063990111	0607354
063990106	0607355
063990107	0607356
063990108	0607357
063990109	0607358
063990201	0607359
063990202	0607360
063990301	0607361
063990302	0607362
063990305	0607363
063990303	0607363
063990304	0607364
063990401	0607365
063990402	0607366
063990506	0607367
063990507	0607368
063990501	0607369
063990503	0607369
063990504	0607370
063990505	0607370
063990502	0607370
063990601	0607371
063990602	0607372
063990701	0607373
063990702	0607374
063990707	0607375
063990708	0607375
063990703	0607375
063990709	0607376
063990704	0607376
063990705	0607377
063990706	0607378
063990801	0607379
063990802	0607380
063990803	0607381
063990804	0607382
063990805	0607383
064060101	0607384
064060102	0607385
064060103	0607386
064060104	0607387
064060105	0607388
064060106	0607389
064060107	0607390
064060206	0607391
064060207	0607392
064060208	0607393
064060408	0607394
064060209	0607395
064060405	0607396
064060404	0607397
064060201	0607398
064060202	0607399
064060203	0607400
064060409	0607400
064060204	0607400
064060403	0607401
064060401	0607402
064060402	0607403
064060205	0607404
064060407	0607405
064060406	0607406
064060301	0607407
064060302	0607408
064060310	0607408
064060303	0607409
064060304	0607410
064060305	0607411
064060306	0607412
064060307	0607413
064060308	0607414
064060309	0607415
064081609	0607416
064081605	0607417
064081608	0607418
064081606	0607419
064081607	0607419
064081603	0607420
064081601	0607421
064080109	0607422
064080110	0607422
064080108	0607423
064080107	0607424
064080105	0607425
064080104	0607426
064080103	0607427
064080102	0607428
064080101	0607429
064080106	0607430
064081604	0607431
064081602	0607432
064080201	0607433
064080202	0607434
064080203	0607435
064080204	0607436
064080205	0607437
064080206	0607438
064081707	0607439
064081709	0607439
064081706	0607440
064081701	0607440
064081703	0607441
064081702	0607441
064081705	0607442
064081704	0607442
064081708	0607443
064080301	0607444
064080302	0607445
064080303	0607446
064080304	0607447
064080305	0607448
064080306	0607449
064080307	0607450
064080311	0607450
064080312	0607451
064080308	0607451
064080309	0607452
064080310	0607453
064080401	0607454
064080402	0607455
064080403	0607456
064080406	0607457
064080405	0607457
064080404	0607458
064080407	0607459
064081801	0607460
064081803	0607461
064081802	0607462
064081804	0607463
064081805	0607464
064081806	0607465
064080501	0607466
064080502	0607467
064080503	0607468
064080504	0607469
064080505	0607470
064080506	0607471
064080507	0607472
064080508	0607473
064080509	0607474
064080510	0607475
064080511	0607476
064080512	0607477
064080601	0607478
064080602	0607479
064080603	0607480
064080604	0607481
064080610	0607482
064080605	0607482
064080606	0607483
064080607	0607484
064080608	0607485
064080609	0607486
064080611	0607486
064080701	0607487
064080702	0607488
064080703	0607489
064080704	0607490
064080705	0607491
064080706	0607492
064080707	0607493
064080708	0607494
064080709	0607495
064080710	0607496
064080801	0607497
064080802	0607498
064080803	0607499
064080804	0607500
064080805	0607501
064080806	0607502
064080807	0607503
064080808	0607504
064080809	0607505
064080810	0607506
064080811	0607507
064080812	0607508
064080813	0607509
064080814	0607510
064080901	0607511
064080902	0607512
064080903	0607513
064080904	0607514
064080905	0607515
064080909	0607515
064080906	0607516
064080910	0607517
064080907	0607517
064080908	0607518
064081001	0607519
064081002	0607520
064081003	0607521
064081004	0607521
064081006	0607522
064081005	0607522
064081007	0607523
064081008	0607523
064081009	0607524
064081011	0607525
064081010	0607525
064081012	0607526
064081101	0607527
064081102	0607528
064081103	0607529
064081104	0607530
064081105	0607531
064081112	0607531
064081106	0607532
064081107	0607533
064081108	0607534
064081109	0607535
064081110	0607536
064081111	0607537
064081201	0607538
064081202	0607539
064081203	0607540
064081204	0607541
064081205	0607542
064081206	0607543
064081207	0607544
064081208	0607545
064081209	0607546
064081302	0607547
064081301	0607547
064081901	0607548
064081902	0607549
064081303	0607550
064081304	0607551
064081305	0607552
064081306	0607553
064081903	0607554
064081904	0607555
064081905	0607556
064081906	0607556
064081307	0607557
064081308	0607558
064081907	0607559
064081401	0607560
064081402	0607561
064081414	0607561
064081403	0607562
064081404	0607563
064081415	0607563
064081405	0607564
064081406	0607565
064081407	0607566
064081408	0607567
064081409	0607568
064081410	0607569
064081411	0607570
064081412	0607571
064081413	0607572
064081501	0607573
064081514	0607573
064081502	0607574
064081503	0607575
064081504	0607576
064081515	0607577
064081505	0607577
064081506	0607578
064081507	0607579
064081508	0607580
064081509	0607581
064081510	0607582
064081511	0607583
064081512	0607584
064081513	0607585
064100101	0607586
064100102	0607587
064100103	0607588
064100105	0607589
064100104	0607589
064100106	0607590
064100107	0607591
064101407	0607592
064101406	0607593
064101403	0607594
064101402	0607595
064101401	0607595
064101404	0607596
064101405	0607597
064101408	0607598
064100201	0607599
064100202	0607600
064100203	0607601
064100204	0607602
064100211	0607602
064100205	0607603
064100206	0607604
064100212	0607604
064100207	0607605
064100208	0607606
064100213	0607606
064100209	0607607
064100210	0607608
064100301	0607609
064100302	0607610
064100303	0607611
064100304	0607612
064100305	0607613
064100306	0607614
064100307	0607615
064100308	0607616
064100313	0607617
064100309	0607617
064100310	0607618
064100311	0607619
064100312	0607620
064100403	0607621
064100402	0607622
064100401	0607623
064100404	0607624
064100405	0607625
064100406	0607626
064100407	0607626
064100408	0607627
064100409	0607628
064101509	0607629
064101508	0607629
064101507	0607630
064101506	0607631
064101505	0607632
064101806	0607633
064100707	0607634
064100708	0607635
064100709	0607636
064101807	0607637
064101808	0607637
064100801	0607638
064100802	0607639
064100803	0607640
064100804	0607641
064100805	0607642
064100806	0607643
064100810	0607643
064100807	0607644
064100808	0607645
064100809	0607646
064100901	0607647
064100902	0607647
064100903	0607648
064100907	0607649
064100906	0607649
064100905	0607650
064100904	0607650
064100909	0607651
064100911	0607651
064100908	0607652
064100910	0607653
064100912	0607654
064100913	0607655
064101011	0607656
064101001	0607656
064101012	0607657
064101002	0607657
064101003	0607658
064101004	0607659
064101005	0607660
064101006	0607661
064101007	0607662
064101013	0607662
064101008	0607663
064101009	0607664
064101010	0607665
064101101	0607666
064101106	0607667
064101102	0607668
064101103	0607669
064101104	0607670
064101105	0607670
064101902	0607671
064101901	0607672
064101903	0607673
064101904	0607674
064101905	0607674
064101906	0607675
064101907	0607676
064101201	0607677
064101202	0607677
064101204	0607678
064101203	0607678
064101205	0607679
064102001	0607680
064102002	0607681
064102003	0607682
064101206	0607683
064101207	0607684
064101208	0607685
064102004	0607686
064102005	0607687
064102006	0607688
064102008	0607689
064102007	0607689
064101301	0607690
064101302	0607691
064101303	0607692
064101304	0607693
064101305	0607694
064101312	0607695
064101306	0607695
064101307	0607696
064101308	0607697
064101309	0607698
064101310	0607699
064101311	0607700
064120101	0607701
064120102	0607702
064120103	0607703
064120105	0607704
064120104	0607705
064120110	0607706
064120106	0607706
064120113	0607707
064120111	0607708
064120112	0607708
064120109	0607709
064120107	0607709
064120108	0607710
064121601	0607710
064121602	0607711
064121603	0607711
064121604	0607712
064121607	0607713
064121606	0607713
064121605	0607713
064121609	0607714
064121608	0607714
064121610	0607715
064121611	0607716
064121612	0607717
064121614	0607717
064121613	0607718
064121615	0607718
064120201	0607719
064120202	0607720
064120203	0607721
064120204	0607722
064120205	0607723
064120206	0607724
064120207	0607725
064120208	0607726
064120209	0607727
064120210	0607728
064120211	0607729
064120301	0607730
064120302	0607731
064120303	0607731
064120304	0607732
064120305	0607732
064120307	0607733
064120306	0607733
064120308	0607734
064120309	0607734
064121706	0607735
064121705	0607736
064121703	0607737
064121701	0607738
064121702	0607739
064121704	0607740
064121707	0607741
064121708	0607742
064120402	0607743
064120401	0607743
064120403	0607744
064120405	0607744
064120407	0607745
064120404	0607746
064120406	0607746
064121801	0607747
064121804	0607748
064121808	0607749
064121807	0607750
064121806	0607751
064121805	0607752
064121803	0607753
064121802	0607754
064120501	0607755
064120502	0607756
064120503	0607757
064120504	0607758
064120505	0607759
064120506	0607760
064120507	0607761
064120508	0607762
064121902	0607763
064121901	0607763
064121903	0607764
064121904	0607765
064121905	0607766
064121906	0607767
064121907	0607768
064120601	0607769
064120602	0607770
064120603	0607771
064120604	0607772
064120605	0607773
064122006	0607774
064122001	0607774
064122007	0607775
064122008	0607776
064122004	0607777
064122005	0607778
064122003	0607779
064122002	0607779
064120606	0607780
064120607	0607781
064120701	0607782
064120702	0607783
064120703	0607784
064122101	0607784
064122103	0607785
064122102	0607786
064122106	0607787
064122107	0607788
064122108	0607789
064122109	0607790
064122105	0607791
064122104	0607792
064120704	0607793
064120705	0607794
064120706	0607795
064120707	0607796
064120708	0607797
064120709	0607798
064120801	0607799
064120802	0607799
064122201	0607800
064122202	0607800
064122209	0607801
064122208	0607802
064122207	0607803
064122206	0607804
064122204	0607805
064122203	0607806
064120803	0607807
064120804	0607808
064120805	0607809
064120806	0607810
064122205	0607811
064120807	0607812
064120808	0607813
064120901	0607814
064120907	0607814
064120906	0607815
064120902	0607816
064120903	0607816
064120904	0607817
064122308	0607817
064122307	0607818
064122306	0607818
064122301	0607819
064122302	0607820
064122303	0607821
064122305	0607822
064122304	0607822
064122316	0607823
064122315	0607824
064122314	0607824
064122313	0607825
064122312	0607826
064122310	0607827
064122311	0607827
064122309	0607828
064120905	0607829
064120908	0607830
064120909	0607830
064120912	0607831
064120911	0607831
064120910	0607831
064121001	0607832
064121007	0607832
064121008	0607833
064121006	0607834
064121005	0607835
064121004	0607835
064121003	0607836
064121002	0607837
064122401	0607838
064122402	0607839
064122502	0607840
064122501	0607840
064122503	0607841
064122504	0607842
064122505	0607843
064122506	0607844
064122403	0607845
064122404	0607846
064122405	0607846
064122507	0607847
064122406	0607847
064122511	0607847
064122510	0607848
064122508	0607849
064122509	0607850
064122409	0607851
064122407	0607851
064122408	0607852
064121106	0607853
064121101	0607853
064121103	0607854
064121102	0607854
064121105	0607855
064121104	0607855
064121108	0607856
064121107	0607857
064121110	0607858
064121111	0607859
064121112	0607860
064122614	0607861
064121109	0607862
064122613	0607863
064122611	0607864
064122610	0607865
064122609	0607866
064122608	0607867
064122607	0607868
064122612	0607869
064122606	0607870
064122603	0607871
064122604	0607871
064122605	0607871
064122601	0607872
064122602	0607872
064121213	0607873
064121212	0607874
064121205	0607875
064121206	0607876
064121204	0607876
064121201	0607877
064121202	0607877
064121203	0607878
064121208	0607879
064121207	0607879
064121211	0607880
064121209	0607881
064121210	0607881
064121301	0607882
064121302	0607883
064121306	0607884
064121307	0607885
064121308	0607886
064122701	0607887
064122702	0607888
064122703	0607889
064122704	0607890
064122705	0607891
064122706	0607892
064121304	0607893
064122708	0607893
064122709	0607893
064122707	0607893
064121305	0607893
064121303	0607893
064121401	0607894
064121402	0607895
064122802	0607896
064122801	0607896
064122803	0607897
064121403	0607898
064121404	0607899
064121405	0607899
064122804	0607900
064122805	0607901
064121406	0607902
064121407	0607903
064121408	0607904
064122806	0607905
064122807	0607906
064121501	0607907
064121502	0607908
064121503	0607908
064121506	0607909
064121504	0607909
064121505	0607910
064121507	0607911
064121508	0607912
064122902	0607913
064122901	0607914
064122904	0607915
064122905	0607916
064122903	0607917
064122907	0607918
064122906	0607918
064130111	0607919
064130101	0607919
064130102	0607920
064130103	0607921
064130104	0607922
064130105	0607923
064130106	0607924
064130107	0607925
064130108	0607926
064130109	0607927
064130110	0607928
064130204	0607929
064130205	0607929
064130201	0607930
064130202	0607931
064130206	0607932
064132308	0607933
064132307	0607934
064132306	0607935
064132301	0607936
064132303	0607937
064132302	0607938
064132304	0607939
064132305	0607940
064130203	0607941
064130301	0607942
064130302	0607943
064130303	0607944
064130304	0607945
064130305	0607946
064130306	0607947
064130307	0607948
064130308	0607949
064130309	0607950
064130310	0607951
064130311	0607952
064132401	0607953
064132403	0607954
064132402	0607955
064130401	0607956
064130402	0607956
064132404	0607957
064132407	0607958
064132408	0607959
064132410	0607960
064132409	0607960
064132406	0607961
064132405	0607961
064130403	0607962
064130406	0607963
064130404	0607964
064130405	0607965
064130407	0607965
064130502	0607966
064130501	0607966
064130503	0607967
064130504	0607968
064130508	0607969
064130506	0607970
064130507	0607971
064132501	0607972
064132502	0607973
064132503	0607974
064132504	0607974
064132508	0607975
064132506	0607976
064132507	0607976
064132505	0607977
064130505	0607978
064130601	0607979
064130602	0607980
064130603	0607981
064130604	0607982
064130613	0607982
064130605	0607983
064130606	0607984
064130614	0607985
064130607	0607985
064130608	0607986
064130609	0607987
064130610	0607988
064130611	0607989
064130612	0607990
064130701	0607991
064130702	0607992
064130703	0607993
064130704	0607994
064130801	0607995
064130802	0607996
064130901	0607997
064130902	0607998
064130903	0607999
064130904	0608000
064131001	0608001
064131101	0608002
064131102	0608003
064131103	0608004
064131104	0608005
064131105	0608006
064131106	0608007
064131203	0608008
064131201	0608008
064131202	0608009
064131204	0608009
064131301	0608010
064131310	0608010
064131302	0608011
064131303	0608012
064131311	0608012
064131304	0608013
064131312	0608013
064131313	0608014
064131305	0608014
064131306	0608015
064131307	0608016
064131308	0608017
064131309	0608018
064131401	0608019
064131402	0608020
064131403	0608021
064131404	0608022
064131406	0608023
064131407	0608024
064131411	0608024
064131408	0608025
064131409	0608026
064131410	0608027
064131501	0608028
064131502	0608029
064131503	0608030
064131504	0608031
064131505	0608032
064131506	0608033
064131507	0608034
064131508	0608035
064131510	0608036
064131509	0608036
064131601	0608037
064131602	0608038
064131603	0608039
064131604	0608040
064131701	0608041
064131702	0608041
064131801	0608042
064131807	0608042
064131802	0608043
064131803	0608044
064131804	0608045
064131805	0608046
064131806	0608047
064131901	0608048
064131911	0608049
064131909	0608049
064131902	0608049
064131908	0608049
064131910	0608049
064131912	0608050
064131903	0608050
064131913	0608051
064131904	0608051
064131905	0608052
064131906	0608053
064131907	0608053
064132001	0608054
064132002	0608055
064132003	0608056
064132111	0608057
064132101	0608057
064132102	0608058
064132103	0608059
064132104	0608060
064132105	0608061
064132106	0608062
064132107	0608063
064132112	0608064
064132108	0608064
064132109	0608065
064132113	0608065
064132110	0608066
064132201	0608067
064132202	0608068
064132203	0608069
064132204	0608070
064132205	0608071
064132206	0608072
064132207	0608073
064132208	0608074
064132209	0608075
064132210	0608076
064132211	0608077
064132212	0608078
064200101	0608079
064200106	0608080
064200105	0608081
064200104	0608082
064200107	0608082
064200103	0608083
064200102	0608084
064200110	0608085
064200109	0608086
064200108	0608087
064202401	0608088
064202402	0608089
064202403	0608090
064202404	0608091
064202405	0608092
064202406	0608093
064202407	0608094
064202408	0608094
064200201	0608095
064200202	0608096
064200204	0608097
064200205	0608098
064200208	0608099
064200209	0608100
064200210	0608101
064200211	0608102
064200207	0608103
064200206	0608104
064200203	0608105
064202301	0608106
064202303	0608107
064202302	0608108
064202304	0608109
064202305	0608109
064202306	0608110
064202701	0608111
064202702	0608112
064202703	0608113
064200305	0608114
064200307	0608115
064200308	0608116
064200306	0608117
064200304	0608118
064200301	0608119
064200302	0608119
064200303	0608120
064202708	0608121
064202707	0608122
064202704	0608123
064202706	0608124
064202705	0608124
064202711	0608125
064202709	0608125
064202802	0608125
064202710	0608125
064202801	0608125
064202803	0608126
064202810	0608127
064202809	0608128
064202804	0608128
064202806	0608129
064202805	0608129
064202808	0608130
064202807	0608130
064200411	0608131
064200412	0608131
064200409	0608132
064200410	0608132
064200402	0608133
064200401	0608133
064200403	0608134
064200404	0608134
064200408	0608135
064200407	0608135
064200406	0608136
064200405	0608137
064200413	0608138
064202507	0608139
064202502	0608140
064202501	0608141
064202503	0608142
064202505	0608143
064202506	0608144
064202508	0608145
064202510	0608146
064202509	0608146
064202511	0608147
064202513	0608148
064202512	0608148
064202514	0608149
064202504	0608149
064200501	0608150
064200513	0608150
064200502	0608151
064200503	0608152
064200514	0608152
064200504	0608153
064200505	0608154
064200515	0608155
064200506	0608155
064200507	0608156
064200508	0608157
064200509	0608158
064200510	0608159
064200511	0608160
064200512	0608161
064200613	0608162
064200601	0608162
064200602	0608163
064200603	0608164
064200604	0608165
064200605	0608166
064200606	0608167
064200607	0608168
064200614	0608168
064200608	0608169
064200615	0608169
064200609	0608170
064200610	0608171
064200611	0608172
064200612	0608173
064200712	0608174
064200701	0608174
064200702	0608175
064200703	0608176
064200704	0608177
064200705	0608178
064200706	0608179
064200713	0608180
064200707	0608180
064200708	0608181
064200714	0608181
064200709	0608182
064200710	0608183
064200711	0608184
064200801	0608185
064200810	0608185
064200802	0608186
064200811	0608186
064200803	0608187
064200804	0608188
064200805	0608189
064200806	0608190
064200807	0608191
064200808	0608192
064200809	0608193
064200901	0608194
064202601	0608195
064202602	0608195
064200902	0608196
064200903	0608196
064200904	0608197
064200905	0608198
064200906	0608199
064200907	0608200
064200908	0608200
064202603	0608201
064202607	0608202
064202606	0608202
064202605	0608203
064202604	0608204
064202608	0608205
064201001	0608206
064201002	0608207
064201003	0608208
064201004	0608209
064201005	0608210
064201006	0608210
064201007	0608211
064201008	0608211
064201009	0608212
064201010	0608212
064201011	0608213
064201012	0608213
064202901	0608214
064202903	0608215
064202902	0608215
064202904	0608216
064202906	0608216
064202905	0608216
064202907	0608217
064202908	0608217
064202909	0608218
064202910	0608218
064201101	0608219
064201102	0608219
064201103	0608220
064201105	0608221
064201104	0608222
064201106	0608223
064201107	0608224
064201108	0608225
064201109	0608226
064201110	0608227
064201112	0608228
064201111	0608228
064201114	0608229
064201113	0608229
064203001	0608230
064203002	0608230
064203003	0608231
064203004	0608232
064203005	0608232
064203007	0608233
064203006	0608233
064203009	0608234
064203010	0608234
064203008	0608234
064203013	0608235
064203011	0608235
064203014	0608235
064203012	0608235
064201203	0608236
064201202	0608236
064201201	0608236
064201207	0608237
064201205	0608238
064201204	0608238
064201206	0608238
064201209	0608239
064201208	0608240
064203601	0608241
064203602	0608241
064203607	0608242
064203606	0608242
064203605	0608243
064203603	0608243
064203604	0608243
064203608	0608244
064203609	0608244
064203703	0608245
064203702	0608246
064203701	0608246
064203705	0608247
064203706	0608247
064203704	0608248
064203708	0608248
064203709	0608249
064203707	0608249
064201302	0608250
064201301	0608251
064201304	0608252
064201303	0608253
064201306	0608254
064201305	0608255
064203102	0608256
064203101	0608256
064203103	0608257
064203104	0608257
064203105	0608258
064203106	0608258
064203108	0608259
064203107	0608259
064203110	0608260
064203109	0608260
064201401	0608261
064201402	0608261
064201405	0608262
064201406	0608262
064201403	0608263
064201404	0608263
064203201	0608264
064203202	0608264
064203204	0608265
064203203	0608265
064203205	0608266
064203206	0608267
064203207	0608268
064203209	0608269
064203208	0608269
064203210	0608270
064201501	0608271
064201502	0608272
064201506	0608273
064201503	0608273
064201504	0608274
064201505	0608275
064201510	0608276
064201509	0608276
064201507	0608277
064201508	0608277
064201512	0608278
064201511	0608278
064201513	0608279
064201514	0608280
064201515	0608280
064201601	0608281
064201602	0608282
064201603	0608283
064201604	0608284
064201605	0608285
064201606	0608286
064201607	0608287
064201608	0608288
064201609	0608289
064201610	0608290
064201611	0608291
064201612	0608292
064201613	0608292
064201701	0608293
064201702	0608294
064201711	0608295
064201703	0608295
064201704	0608296
064201712	0608297
064201705	0608297
064201706	0608298
064201707	0608299
064201708	0608300
064201709	0608301
064201710	0608302
064201714	0608302
064201713	0608302
064201801	0608303
064201802	0608304
064201813	0608305
064201803	0608305
064201814	0608306
064201804	0608306
064201805	0608307
064201806	0608308
064203402	0608309
064203403	0608310
064203405	0608310
064203404	0608311
064203407	0608312
064203406	0608313
064203409	0608313
064203408	0608314
064203501	0608315
064203502	0608316
064203503	0608317
064203508	0608318
064203509	0608318
064203507	0608319
064203504	0608320
064203505	0608320
064202105	0608321
064203506	0608321
064202104	0608322
064202103	0608322
064202107	0608323
064202106	0608323
064202102	0608324
064202101	0608325
064202108	0608326
064202109	0608326
064202202	0608327
064202201	0608327
064202204	0608328
064202203	0608328
064202205	0608329
064202206	0608330
064202207	0608331
064202209	0608332
064202208	0608332
064203802	0608333
064203801	0608333
064203803	0608334
064202210	0608335
064202211	0608335
064202212	0608335
064203804	0608336
064203805	0608336
064203806	0608337
064203807	0608337
064203808	0608338
064203809	0608338
064203810	0608339
064203811	0608339
064203901	0608340
064203909	0608340
064203906	0608340
064203903	0608340
064203904	0608340
064203912	0608340
064203905	0608340
064203902	0608340
064203910	0608340
064203913	0608340
064203907	0608340
064203908	0608340
064203911	0608340
064270101	0608341
064270102	0608342
064270103	0608343
064270104	0608344
064270105	0608345
064270106	0608346
064270107	0608347
064270108	0608348
064270109	0608349
064270110	0608350
064270111	0608351
064270112	0608352
064270113	0608353
064270201	0608354
064270202	0608355
064270203	0608356
064270219	0608357
064270204	0608357
064270205	0608358
064270206	0608359
064270207	0608360
064270208	0608361
064270209	0608362
064270210	0608363
064270211	0608364
064270212	0608365
064270213	0608366
064270214	0608367
064270215	0608368
064270216	0608369
064270217	0608370
064270218	0608371
064270301	0608372
064270302	0608373
064270303	0608374
064270304	0608375
064270305	0608376
064270306	0608377
064270307	0608378
064270308	0608379
064270309	0608380
064270310	0608381
064270311	0608382
064270312	0608383
064270401	0608384
064270402	0608385
064270410	0608386
064270403	0608386
064270404	0608387
064270405	0608388
064270406	0608389
064270407	0608390
064270408	0608391
064270409	0608392
064270501	0608393
064270502	0608394
064270503	0608395
064270504	0608396
064270505	0608397
064270512	0608397
064270506	0608398
064270507	0608399
064270513	0608399
064270508	0608400
064270509	0608401
064270510	0608402
064270511	0608403
064270601	0608404
064270602	0608405
064270603	0608406
064270604	0608407
064270605	0608408
064270606	0608409
064270607	0608410
064270608	0608411
064270609	0608412
064270615	0608412
064270610	0608413
064270611	0608414
064270612	0608415
064270613	0608416
064270614	0608417
064270701	0608418
064270714	0608419
064270702	0608419
064270703	0608420
064270704	0608421
064270705	0608422
064270706	0608423
064270707	0608424
064270708	0608425
064270709	0608426
064270710	0608427
064270711	0608428
064270712	0608429
064270713	0608430
064270801	0608431
064270802	0608432
064270803	0608433
064270804	0608434
064270805	0608435
064270806	0608436
064270807	0608437
064270808	0608438
064270809	0608439
064270810	0608440
064270811	0608441
064270812	0608442
064270901	0608443
064270902	0608444
064270913	0608445
064270903	0608445
064270904	0608446
064270905	0608447
064270906	0608448
064270914	0608449
064270907	0608449
064270908	0608450
064270909	0608451
064270910	0608452
064270911	0608453
064270912	0608454
064271001	0608455
064271002	0608456
064271003	0608457
064271004	0608458
064271005	0608459
064271006	0608460
064271007	0608461
064271008	0608462
064271009	0608463
064271013	0608463
064271010	0608464
064271011	0608465
064271012	0608466
064271101	0608467
064271102	0608468
064271103	0608469
064271104	0608470
064271105	0608471
064271106	0608472
064271112	0608472
064271107	0608473
064271108	0608474
064271109	0608475
064271110	0608476
064271111	0608477
064271211	0608478
064271201	0608478
064271212	0608479
064271202	0608479
064271203	0608480
064271204	0608481
064271205	0608482
064271206	0608483
064271213	0608483
064271207	0608484
064271208	0608485
064271209	0608486
064271210	0608487
064271301	0608488
064271302	0608489
064271303	0608490
064271312	0608490
064271304	0608491
064271305	0608492
064271313	0608492
064271306	0608493
064271307	0608494
064271308	0608495
064271309	0608496
064271310	0608497
064271314	0608497
064271311	0608498
064271315	0608498
064271401	0608499
064271402	0608500
064271403	0608501
064271404	0608502
064271405	0608503
064271406	0608504
064271407	0608505
064271408	0608506
064271409	0608507
064271421	0608508
064271410	0608508
064271422	0608509
064271411	0608509
064271412	0608510
064271413	0608511
064271414	0608512
064271415	0608513
064271416	0608514
064271423	0608514
064271417	0608515
064271418	0608516
064271419	0608517
064271420	0608518
064271501	0608519
064271502	0608520
064271503	0608521
064271504	0608522
064271505	0608523
064271506	0608524
064271507	0608525
064271508	0608526
064271509	0608527
064271510	0608528
064271511	0608529
064271512	0608530
064271516	0608530
064271513	0608531
064271517	0608532
064271514	0608532
064271518	0608532
064271515	0608533
064271601	0608534
064271602	0608535
064271614	0608535
064271603	0608536
064271615	0608536
064271616	0608537
064271604	0608537
064271605	0608538
064271606	0608539
064271617	0608539
064271607	0608540
064271618	0608540
064271619	0608541
064271608	0608541
064271824	0608542
064271822	0608542
064271825	0608543
064271823	0608543
064271829	0608544
064271828	0608544
064271827	0608544
064271830	0608545
064271826	0608545
064271831	0608546
064271816	0608547
064271815	0608547
064271811	0608547
064271812	0608547
064271817	0608547
064271810	0608547
064271809	0608547
064271901	0608548
064271902	0608549
064271911	0608550
064271903	0608550
064271904	0608551
064271905	0608552
064271906	0608553
064271907	0608554
064271908	0608555
064271909	0608556
064271910	0608557
064272001	0608558
064272002	0608559
064272003	0608560
064272004	0608561
064272005	0608562
064272006	0608563
064272007	0608564
064272008	0608565
064272009	0608566
064272010	0608567
064272011	0608568
064272012	0608569
064272013	0608570
064272014	0608571
064272015	0608572
064272016	0608573
064272106	0608574
064272105	0608574
064272101	0608575
064272104	0608575
064272102	0608576
064272103	0608576
064272111	0608577
064272110	0608577
064272109	0608578
064272108	0608578
064272107	0608579
064272113	0608580
064272112	0608581
064272201	0608582
064272202	0608583
064272203	0608584
064272204	0608585
064272205	0608586
064272206	0608587
064272207	0608588
064272208	0608589
064272209	0608590
064272301	0608591
064272302	0608592
064272303	0608593
064272304	0608594
064272305	0608595
064272306	0608596
064272307	0608597
064272308	0608598
064272312	0608598
064272309	0608599
064272310	0608600
064272311	0608601
064272401	0608602
064272402	0608603
064272403	0608604
064272404	0608605
064272405	0608606
064272406	0608607
064272407	0608608
064272411	0608608
064272408	0608609
064272409	0608610
064272410	0608611
064272501	0608612
064272502	0608613
064272503	0608614
064272504	0608615
064272505	0608616
064272506	0608617
064272507	0608618
064272508	0608619
064272509	0608620
064272510	0608621
064272511	0608622
064272512	0608623
064272516	0608623
064272513	0608624
064272514	0608625
064272515	0608626
064272601	0608627
064272602	0608628
064272603	0608629
064272604	0608630
064272605	0608631
064272606	0608632
064272607	0608633
064272608	0608634
064272609	0608635
064272610	0608636
064272612	0608637
064272611	0608637
064272701	0608638
064272702	0608639
064272703	0608640
064272704	0608641
064272705	0608642
064272706	0608643
064272707	0608644
064272708	0608645
064272709	0608646
064272801	0608647
064272802	0608648
064272803	0608649
064272804	0608650
064272805	0608651
064272806	0608652
064272807	0608653
064272808	0608654
064272809	0608655
064272813	0608656
064272810	0608656
064272811	0608657
064272812	0608658
064272901	0608659
064272902	0608660
064272903	0608661
064272904	0608662
064272905	0608663
064272906	0608664
064272907	0608665
064272915	0608666
064272908	0608666
064272909	0608667
064272910	0608668
064272911	0608669
064272912	0608670
064272916	0608670
064272913	0608671
064272914	0608672
064273001	0608673
064273014	0608673
064273002	0608674
064273015	0608674
064273003	0608675
064273004	0608676
064273005	0608677
064273006	0608678
064273007	0608679
064273008	0608680
064273009	0608681
064273010	0608682
064273011	0608683
064273012	0608684
064273013	0608685
064273101	0608686
064273102	0608687
064273103	0608688
064273104	0608689
064273105	0608690
064273106	0608691
064273107	0608692
064273108	0608693
064273111	0608694
064273109	0608694
064273110	0608695
064273201	0608696
064273202	0608697
064273203	0608698
064273204	0608699
064273205	0608700
064273206	0608701
064273207	0608702
064273208	0608703
064273213	0608703
064273209	0608704
064273210	0608705
064273211	0608706
064273212	0608707
064273301	0608708
064273302	0608709
064273303	0608710
064273304	0608711
064273305	0608712
064273306	0608713
064273307	0608714
064273308	0608715
064273309	0608716
064273310	0608717
064273311	0608718
064273312	0608719
064273313	0608720
064273314	0608721
064273315	0608722
064273401	0608723
064273402	0608724
064273403	0608725
064273404	0608726
064273513	0608727
064273601	0608728
064273602	0608729
064273603	0608730
064273604	0608731
064273613	0608732
064273605	0608732
064273614	0608733
064273606	0608733
064273607	0608734
064273608	0608735
064273615	0608736
064273609	0608736
064273616	0608737
064273610	0608737
064273611	0608738
064273617	0608738
064273612	0608739
064273701	0608740
064273702	0608741
064273703	0608742
064273704	0608743
064273705	0608744
064273706	0608745
064273711	0608745
064273707	0608746
064273708	0608747
064273709	0608748
064273712	0608749
064273710	0608749
064273801	0608750
064273802	0608751
064273811	0608752
064273803	0608752
064273804	0608753
064273805	0608754
064273806	0608755
064273807	0608756
064273812	0608757
064273808	0608757
064273809	0608758
064273810	0608759
064273912	0608760
064273901	0608760
064273902	0608761
064273903	0608762
064273904	0608763
064273913	0608764
064273905	0608764
064273906	0608765
064273907	0608766
064273908	0608767
064273909	0608768
064273910	0608769
064273911	0608770
064274013	0608771
064274001	0608771
064274002	0608772
064274003	0608773
064274004	0608774
064274005	0608775
064274006	0608776
064274007	0608777
064274008	0608778
064274009	0608779
064274010	0608780
064274011	0608781
064274012	0608782
064274101	0608783
064274102	0608784
064274111	0608785
064274103	0608785
064274104	0608786
064274105	0608787
064274106	0608788
064274107	0608789
064274108	0608790
064274109	0608791
064274110	0608792
064274201	0608793
064274202	0608794
064274203	0608795
064274204	0608796
064274212	0608796
064274205	0608797
064274206	0608798
064274207	0608799
064274208	0608800
064274209	0608801
064274210	0608802
064274211	0608803
064274301	0608804
064274302	0608805
064274303	0608806
064274304	0608807
064274305	0608808
064274306	0608809
064274307	0608810
064274308	0608811
064274312	0608812
064274309	0608812
064274310	0608813
064274311	0608814
064274401	0608815
064274402	0608816
064274403	0608817
064274404	0608818
064274405	0608819
064274406	0608820
064274407	0608821
064274408	0608822
064274409	0608823
064274410	0608824
064274411	0608825
064274412	0608826
064274512	0608827
064274501	0608827
064274502	0608828
064274503	0608829
064274504	0608830
064274513	0608830
064274505	0608831
064274506	0608832
064274507	0608833
064274514	0608833
064274508	0608834
064274515	0608834
064274509	0608835
064274510	0608836
064274511	0608837
064274601	0608838
064274602	0608839
064274603	0608840
064274604	0608841
064274605	0608842
064274606	0608843
064274607	0608844
064274608	0608845
064274609	0608846
064274610	0608847
064274611	0608848
064274612	0608849
064274613	0608850
064274701	0608851
064274702	0608852
064274703	0608853
064274704	0608854
064274705	0608855
064274706	0608856
064274707	0608857
064274708	0608858
064274709	0608859
064274710	0608860
064274711	0608861
064274712	0608862
064274801	0608863
064274802	0608864
064274803	0608865
064274804	0608866
064274805	0608867
064274806	0608868
064274807	0608869
064274808	0608870
064274809	0608871
064274810	0608872
064274811	0608873
064274812	0608874
064274815	0608874
064274813	0608875
064274816	0608876
064274814	0608876
064274901	0608877
064274902	0608878
064274903	0608879
064274904	0608880
064274913	0608881
064274905	0608881
064274906	0608882
064274914	0608882
064274907	0608883
064274908	0608884
064274909	0608885
064274910	0608886
064274911	0608887
064274912	0608888
064275001	0608889
064275002	0608890
064275003	0608891
064275004	0608892
064275005	0608893
064275006	0608894
064275007	0608895
064275014	0608895
064275008	0608896
064275009	0608897
064275010	0608898
064275011	0608899
064275012	0608900
064275013	0608901
064275101	0608902
064275102	0608903
064275103	0608904
064275104	0608905
064275105	0608906
064275116	0608906
064275117	0608907
064275106	0608907
064275107	0608908
064275108	0608909
064275109	0608910
064275110	0608911
064275111	0608912
064275112	0608913
064275113	0608914
064275114	0608915
064275118	0608915
064275115	0608916
064275201	0608917
064275202	0608918
064275214	0608919
064275203	0608919
064275204	0608920
064275215	0608921
064275205	0608921
064275216	0608921
064275206	0608922
064275207	0608923
064275208	0608924
064275217	0608925
064275209	0608925
064275210	0608926
064275211	0608927
064275212	0608928
064275213	0608929
064275301	0608930
064275311	0608931
064275302	0608931
064275303	0608932
064275304	0608933
064275305	0608934
064275313	0608935
064275312	0608935
064275306	0608935
064275307	0608936
064275308	0608937
064275309	0608938
064275310	0608939
064275401	0608940
064275402	0608941
064275403	0608942
064275404	0608943
064275405	0608944
064275406	0608945
064275407	0608946
064275408	0608947
064275409	0608948
064275413	0608949
064275410	0608949
064275411	0608950
064275412	0608951
064275501	0608952
064275502	0608953
064275503	0608954
064275504	0608955
064275505	0608956
064275514	0608956
064275506	0608957
064275507	0608958
064275508	0608959
064275509	0608960
064275510	0608961
064275511	0608962
064275512	0608963
064275513	0608964
064275515	0608964
064275601	0608965
064275602	0608966
064275603	0608967
064275604	0608968
064275605	0608969
064275606	0608970
064275614	0608970
064275607	0608971
064275608	0608972
064275609	0608973
064275610	0608974
064275611	0608975
064275612	0608976
064275613	0608977
064275701	0608978
064275702	0608979
064275703	0608980
064275704	0608981
064275705	0608982
064275706	0608983
064275707	0608984
064275708	0608985
064275709	0608986
064275710	0608987
064275711	0608988
064275712	0608989
064275716	0608989
064275713	0608990
064275717	0608990
064275714	0608991
064275715	0608992
064275801	0608993
064275816	0608993
064275802	0608994
064275803	0608995
064275804	0608996
064275805	0608997
064275806	0608998
064275807	0608999
064275808	0609000
064275809	0609001
064275810	0609002
064275811	0609003
064275812	0609004
064275813	0609005
064275814	0609006
064275815	0609007
064275901	0609008
064275902	0609009
064275914	0609010
064275903	0609010
064275904	0609011
064275905	0609012
064275915	0609012
064275906	0609013
064275907	0609014
064275908	0609015
064275909	0609016
064275910	0609017
064275911	0609018
064275912	0609019
064275913	0609020
064276001	0609021
064276002	0609022
064276003	0609023
064276004	0609024
064276005	0609025
064276006	0609026
064276019	0609026
064276007	0609027
064276008	0609028
064276009	0609029
064276010	0609030
064276011	0609031
064276012	0609032
064276013	0609033
064276014	0609034
064276015	0609035
064276016	0609036
064276020	0609036
064276017	0609037
064276018	0609038
064276101	0609039
064276115	0609039
064276116	0609040
064276102	0609040
064276103	0609041
064276104	0609042
064276105	0609043
064276106	0609044
064276107	0609045
064276108	0609046
064276109	0609047
064276110	0609048
064276111	0609049
064276112	0609050
064276113	0609051
064276114	0609052
064276117	0609052
064276201	0609053
064276202	0609054
064276203	0609055
064276204	0609056
064276205	0609057
064276206	0609058
064276207	0609059
064276208	0609060
064276209	0609061
064276210	0609062
064276211	0609063
064276212	0609064
064276213	0609065
064276214	0609066
064276215	0609067
064276216	0609068
064276301	0609069
064276302	0609070
064276303	0609071
064276304	0609072
064276305	0609073
064276306	0609074
064276307	0609075
064276313	0609076
064276308	0609076
064276314	0609077
064276309	0609077
064276315	0609078
064276310	0609078
064276311	0609079
064276312	0609080
064276401	0609081
064276402	0609082
064276403	0609083
064276404	0609084
064276405	0609085
064276406	0609086
064276407	0609087
064276408	0609088
064276409	0609089
064276410	0609090
064276411	0609091
064276412	0609092
064276413	0609093
064276414	0609094
064276415	0609095
064276612	0609096
064276605	0609096
064276606	0609097
064276607	0609098
064276608	0609099
064276609	0609100
064276610	0609101
064276611	0609102
064276719	0609103
064276701	0609103
064276720	0609104
064276702	0609104
064276721	0609105
064276703	0609105
064276704	0609106
064276705	0609107
064276706	0609108
064276707	0609109
064276708	0609110
064276709	0609111
064276710	0609112
064276711	0609113
064276712	0609114
064276713	0609115
064276722	0609116
064276714	0609116
064276715	0609117
064276716	0609118
064276717	0609119
064276718	0609120
064276801	0609121
064276802	0609122
064276803	0609123
064276804	0609124
064276805	0609125
064276806	0609126
064276811	0609126
064276807	0609127
064276808	0609128
064276809	0609129
064276810	0609130
064276901	0609131
064276902	0609132
064276903	0609133
064276904	0609134
064276918	0609135
064276905	0609135
064276906	0609136
064276907	0609137
064276908	0609138
064276919	0609139
064276909	0609139
064276910	0609140
064276911	0609141
064276912	0609142
064276920	0609143
064276913	0609143
064276914	0609144
064276915	0609145
064276916	0609146
064276917	0609147
064277001	0609148
064277002	0609149
064277003	0609150
064277004	0609151
064277005	0609152
064277006	0609153
064277007	0609154
064277008	0609155
064277009	0609156
064277010	0609157
064277011	0609158
064277012	0609159
064277013	0609160
064277014	0609161
064277015	0609162
064277016	0609163
064277017	0609164
064277018	0609165
064277117	0609166
064277101	0609166
064277102	0609167
064277103	0609168
064277104	0609169
064277105	0609170
064277106	0609171
064277107	0609172
064277108	0609173
064277109	0609174
064277110	0609175
064277111	0609176
064277112	0609177
064277118	0609177
064277119	0609178
064277113	0609178
064277114	0609179
064277115	0609180
064277116	0609181
064277201	0609182
064277202	0609183
064277203	0609184
064277204	0609185
064277213	0609185
064277205	0609186
064277206	0609187
064277207	0609188
064277208	0609189
064277209	0609190
064277210	0609191
064277211	0609192
064277214	0609192
064277215	0609193
064277212	0609193
064277301	0609194
064277317	0609195
064277302	0609195
064277303	0609196
064277304	0609197
064277305	0609198
064277306	0609199
064277307	0609200
064277318	0609201
064277308	0609201
064277309	0609202
064277319	0609202
064277320	0609203
064277310	0609203
064277311	0609204
064277312	0609205
064277313	0609206
064277314	0609207
064277315	0609208
064277316	0609209
064277321	0609209
064277322	0609209
064277419	0609210
064277401	0609210
064277402	0609211
064277420	0609211
064277421	0609212
064277403	0609212
064277404	0609213
064277405	0609214
064277422	0609215
064277406	0609215
064277407	0609216
064277408	0609217
064277409	0609218
064277410	0609219
064277411	0609220
064277412	0609221
064277413	0609222
064277414	0609223
064277423	0609223
064277415	0609224
064277416	0609225
064277417	0609226
064277418	0609227
064277424	0609227
064277523	0609228
064277501	0609228
064277524	0609228
064277522	0609228
064277502	0609229
064277517	0609229
064277503	0609230
064277518	0609230
064277519	0609231
064277504	0609231
064277520	0609231
064277505	0609232
064277521	0609232
064277506	0609233
064277528	0609234
064277526	0609234
064277525	0609234
064277507	0609234
064277527	0609234
064277508	0609235
064277529	0609235
064277509	0609236
064277510	0609237
064277530	0609237
064277511	0609238
064277531	0609238
064277512	0609239
064277532	0609239
064277513	0609240
064277514	0609241
064277515	0609242
064277516	0609243
064277601	0609244
064277619	0609244
064277620	0609245
064277602	0609245
064277603	0609246
064277621	0609246
064277604	0609247
064277605	0609248
064277622	0609249
064277606	0609249
064277607	0609250
064277608	0609251
064277623	0609251
064277624	0609252
064277609	0609252
064277625	0609253
064277610	0609253
064277626	0609254
064277611	0609254
064277627	0609255
064277612	0609255
064277613	0609256
064277614	0609257
064277615	0609258
064277616	0609259
064277617	0609260
064277618	0609261
064277717	0609262
064277701	0609262
064277702	0609263
064277703	0609264
064277704	0609265
064277718	0609265
064277705	0609266
064277719	0609267
064277706	0609267
064277707	0609268
064277708	0609269
064277709	0609270
064277710	0609271
064277720	0609271
064277711	0609272
064277721	0609273
064277712	0609273
064277713	0609274
064277714	0609275
064277715	0609276
064277716	0609277
064277801	0609278
064277802	0609279
064277803	0609280
064277804	0609281
064277805	0609282
064277806	0609283
064277807	0609284
064277808	0609285
064277809	0609286
064277810	0609287
064277811	0609288
064277814	0609289
064277812	0609289
064277813	0609290
064277901	0609291
064277902	0609292
064277903	0609293
064277904	0609294
064277912	0609295
064277905	0609295
064277906	0609296
064277907	0609297
064277908	0609298
064277909	0609299
064277910	0609300
064277913	0609301
064277911	0609301
064278001	0609302
064278017	0609303
064278002	0609303
064278003	0609304
064278004	0609305
064278005	0609306
064278006	0609307
064278018	0609307
064278007	0609308
064278008	0609309
064278019	0609309
064278009	0609310
064278010	0609311
064278011	0609312
064278012	0609313
064278013	0609314
064278014	0609315
064278015	0609316
064278016	0609317
064278101	0609318
064278102	0609319
064278103	0609320
064278104	0609321
064278105	0609322
064278113	0609322
064278106	0609323
064278107	0609324
064278108	0609325
064278109	0609326
064278110	0609327
064278114	0609328
064278111	0609328
064278112	0609329
064278214	0609330
064278201	0609330
064278202	0609331
064278215	0609332
064278203	0609332
064278204	0609333
064278205	0609334
064278206	0609335
064278207	0609336
064278216	0609336
064278217	0609337
064278208	0609337
064278209	0609338
064278218	0609338
064278210	0609339
064278219	0609339
064278211	0609340
064278212	0609341
064278213	0609342
064278301	0609343
064278302	0609344
064278303	0609345
064278304	0609346
064278316	0609346
064278305	0609347
064278306	0609348
064278307	0609349
064278308	0609350
064278309	0609351
064278310	0609352
064278311	0609353
064278312	0609354
064278315	0609355
064278313	0609355
064278314	0609356
064278430	0609357
064278401	0609357
064278429	0609357
064278419	0609358
064278418	0609358
064278402	0609358
064278403	0609359
064278420	0609359
064278404	0609360
064278405	0609361
064278421	0609361
064278406	0609362
064278422	0609363
064278407	0609363
064278408	0609364
064278423	0609364
064278424	0609365
064278409	0609365
064278410	0609366
064278411	0609367
064278412	0609368
064278425	0609368
064278426	0609368
064278438	0609369
064278413	0609369
064278431	0609369
064278436	0609369
064278434	0609369
064278432	0609369
064278435	0609369
064278433	0609369
064278437	0609369
064278414	0609370
064278427	0609371
064278415	0609371
064278428	0609371
064278416	0609372
064278417	0609373
064278501	0609374
064278502	0609375
064278503	0609376
064278504	0609377
064278505	0609378
064278506	0609379
064278507	0609380
064278508	0609381
064278509	0609382
064278510	0609383
064278511	0609384
064278512	0609385
064278513	0609386
064278601	0609387
064278602	0609388
064278603	0609389
064278604	0609390
064278605	0609391
064278606	0609392
064278607	0609393
064278608	0609394
064278609	0609395
064278610	0609396
064278611	0609397
064278612	0609398
064278613	0609399
064278614	0609400
064278701	0609401
064278702	0609402
064278703	0609403
064278704	0609404
064278716	0609405
064278705	0609405
064278706	0609406
064278707	0609407
064278708	0609408
064278709	0609409
064278710	0609410
064278711	0609411
064278712	0609412
064278713	0609413
064278714	0609414
064278715	0609415
064278801	0609416
064278814	0609417
064278802	0609417
064278803	0609418
064278815	0609418
064278804	0609419
064278816	0609419
064278805	0609420
064278817	0609420
064278806	0609421
064278807	0609422
064278818	0609422
064278808	0609423
064278809	0609424
064278819	0609424
064278810	0609425
064278811	0609426
064278812	0609427
064278820	0609427
064278813	0609428
064278821	0609428
064278901	0609429
064278929	0609429
064278930	0609429
064278931	0609430
064278932	0609430
064278902	0609430
064278933	0609430
064278915	0609431
064278903	0609431
064278904	0609432
064278916	0609432
064278918	0609433
064278917	0609433
064278905	0609433
064278906	0609434
064278919	0609434
064278907	0609435
064278920	0609435
064278908	0609436
064278921	0609436
064278909	0609437
064278922	0609437
064278923	0609438
064278910	0609438
064278911	0609439
064278924	0609439
064278912	0609440
064278925	0609440
064278926	0609441
064278913	0609441
064278928	0609442
064278927	0609442
064278914	0609442
064279015	0609443
064279001	0609443
064279016	0609444
064279002	0609444
064279003	0609445
064279004	0609446
064279005	0609447
064279006	0609448
064279007	0609449
064279008	0609450
064279017	0609451
064279009	0609451
064279018	0609452
064279010	0609452
064279011	0609453
064279012	0609454
064279013	0609455
064279014	0609456
064279101	0609457
064279117	0609457
064279102	0609458
064279118	0609459
064279103	0609459
064279104	0609460
064279105	0609461
064279106	0609462
064279107	0609463
064279119	0609464
064279108	0609464
064279109	0609465
064279121	0609465
064279110	0609466
064279111	0609467
064279112	0609468
064279124	0609468
064279123	0609468
064279120	0609469
064279113	0609469
064279114	0609470
064279122	0609471
064279115	0609471
064279116	0609472
064279204	0609473
064279206	0609473
064279205	0609473
064279203	0609473
064279201	0609473
064279202	0609473
064279802	0609474
064279801	0609474
064279805	0609475
064279804	0609476
064279806	0609476
064279807	0609477
064279803	0609477
064279212	0609478
064279211	0609478
064279210	0609479
064279207	0609479
064279208	0609480
064279209	0609480
064279903	0609481
064279908	0609481
064279907	0609481
064279808	0609481
064279905	0609481
064279901	0609481
064279906	0609481
064279904	0609481
064279902	0609481
064279815	0609482
064279814	0609482
064279809	0609483
064279810	0609484
064279811	0609484
064279812	0609485
064279813	0609486
064279912	0609487
064279913	0609488
064279910	0609489
064279911	0609490
064279909	0609491
064279301	0609492
064279302	0609493
064279318	0609494
064279303	0609494
064279317	0609494
064279304	0609495
064279316	0609495
064279305	0609496
064279319	0609496
064279306	0609497
064279320	0609497
064279307	0609498
064279308	0609499
064279309	0609500
064279321	0609500
064279322	0609501
064279310	0609501
064279323	0609502
064279311	0609502
064279312	0609503
064279324	0609504
064279313	0609504
064279325	0609505
064279314	0609505
064279326	0609506
064279327	0609506
064279315	0609506
064279329	0609506
064279328	0609506
064279401	0609507
064279402	0609508
064279403	0609509
064279414	0609509
064279404	0609510
064279405	0609511
064279406	0609512
064279415	0609512
064279407	0609513
064279408	0609514
064279409	0609515
064279416	0609515
064279410	0609516
064279411	0609517
064279412	0609518
064279417	0609518
064279413	0609519
064279501	0609520
064279502	0609521
064279503	0609522
064279504	0609523
064279515	0609523
064279505	0609524
064279516	0609524
064279506	0609525
064279507	0609526
064279508	0609527
064279509	0609528
064279517	0609528
064279510	0609529
064279518	0609529
064279511	0609530
064279519	0609530
064279520	0609531
064279512	0609531
064279521	0609532
064279513	0609532
064279522	0609533
064279514	0609533
064279617	0609534
064279601	0609534
064279618	0609535
064279602	0609535
064279603	0609536
064279604	0609537
064279619	0609537
064279605	0609538
064279620	0609538
064279621	0609539
064279606	0609539
064279607	0609540
064279622	0609540
064279608	0609541
064279623	0609542
064279609	0609542
064279610	0609543
064279624	0609543
064279611	0609544
064279612	0609545
064279625	0609545
064279613	0609546
064279626	0609547
064279614	0609547
064279627	0609548
064279615	0609548
064279628	0609548
064279629	0609549
064279616	0609549
064279725	0609550
064279701	0609550
064279726	0609551
064279702	0609551
064279703	0609552
064279704	0609553
064279705	0609554
064279706	0609555
064279707	0609556
064279708	0609557
064279709	0609558
064279710	0609559
064279711	0609560
064279727	0609560
064279712	0609561
064279728	0609561
064279713	0609562
064279729	0609562
064279714	0609563
064279730	0609563
064279715	0609564
064279716	0609565
064279731	0609565
064279717	0609566
064279732	0609566
064279733	0609567
064279718	0609567
064279719	0609568
064279720	0609569
064279734	0609570
064279721	0609570
064279722	0609571
064279723	0609572
064279724	0609573
064340113	0609574
064340112	0609574
064340101	0609574
064340102	0609575
064340103	0609576
064340104	0609577
064340105	0609578
064340106	0609579
064340107	0609580
064340108	0609581
064340109	0609582
064340110	0609583
064340111	0609584
064340201	0609585
064340202	0609586
064340203	0609587
064340204	0609588
064340205	0609589
064340206	0609590
064340207	0609591
064340208	0609592
064340209	0609593
064340210	0609594
064340211	0609595
064340212	0609596
064340301	0609597
064340302	0609598
064340303	0609599
064340304	0609600
064340305	0609601
064340306	0609602
064340307	0609603
064340308	0609604
064340309	0609605
064340310	0609606
064340401	0609607
064340402	0609608
064340403	0609609
064340404	0609610
064340405	0609611
064340406	0609612
064340407	0609613
064340408	0609614
064340409	0609615
064340410	0609616
064340509	0609617
064340501	0609617
064340510	0609618
064340502	0609618
064340503	0609619
064340504	0609620
064340505	0609621
064340506	0609622
064340507	0609623
064340508	0609624
064340601	0609625
064340602	0609626
064340603	0609627
064340604	0609628
064340605	0609629
064340606	0609630
064340607	0609631
064340608	0609632
064340609	0609633
064340701	0609634
064340702	0609635
064340703	0609636
064340704	0609637
064340705	0609638
064340706	0609639
064340712	0609640
064340707	0609640
064340708	0609641
064340709	0609642
064340710	0609643
064340711	0609644
064340801	0609645
064344601	0609646
064344602	0609647
064344603	0609648
064340802	0609649
064340803	0609650
064340804	0609651
064344604	0609652
064344605	0609653
064344606	0609654
064344607	0609655
064344608	0609656
064340805	0609657
064340806	0609658
064340807	0609659
064340808	0609660
064340901	0609661
064340902	0609662
064340903	0609663
064340904	0609664
064340905	0609665
064340906	0609666
064340907	0609667
064340908	0609668
064340909	0609669
064344706	0609670
064344707	0609671
064344705	0609672
064344701	0609673
064344702	0609674
064344703	0609675
064344704	0609676
064344708	0609677
064344709	0609678
064341001	0609679
064341002	0609680
064341003	0609681
064341004	0609682
064341005	0609683
064341006	0609684
064341007	0609685
064341008	0609686
064341009	0609687
064341010	0609688
064341011	0609689
064341012	0609690
064341101	0609691
064341102	0609692
064341103	0609693
064341104	0609694
064341105	0609695
064341106	0609696
064341107	0609697
064341108	0609698
064341109	0609699
064341110	0609700
064341111	0609701
064341112	0609702
064341113	0609703
064341114	0609704
064341201	0609705
064341202	0609706
064341203	0609707
064341204	0609708
064341205	0609709
064341206	0609710
064341207	0609711
064341208	0609712
064341301	0609713
064341302	0609714
064341303	0609715
064341304	0609716
064341305	0609717
064341306	0609718
064341307	0609719
064341308	0609720
064341309	0609721
064341310	0609722
064341311	0609723
064341312	0609724
064341401	0609725
064341402	0609726
064341403	0609727
064341404	0609728
064341405	0609729
064341406	0609730
064341407	0609731
064341408	0609732
064341501	0609733
064341502	0609734
064344801	0609735
064344809	0609736
064344808	0609737
064344803	0609738
064344802	0609739
064341503	0609740
064341504	0609741
064341505	0609742
064341506	0609743
064344804	0609744
064344806	0609745
064344807	0609745
064344805	0609746
064341507	0609746
064341508	0609747
064341601	0609748
064341602	0609749
064341603	0609750
064344901	0609751
064344902	0609752
064344903	0609753
064344907	0609754
064344904	0609754
064344908	0609755
064344906	0609756
064344905	0609757
064341604	0609758
064341605	0609759
064341606	0609759
064341607	0609760
064341701	0609761
064341702	0609762
064341703	0609763
064341704	0609764
064341705	0609765
064341706	0609766
064341707	0609767
064341708	0609768
064341709	0609769
064341710	0609770
064341711	0609771
064341801	0609772
064341805	0609772
064341802	0609773
064341803	0609774
064341804	0609774
064341806	0609775
064341808	0609776
064341807	0609776
064345002	0609777
064345001	0609777
064345005	0609778
064345006	0609779
064345007	0609780
064345008	0609781
064345004	0609782
064345003	0609783
064341809	0609784
064341810	0609785
064341901	0609786
064341902	0609787
064341911	0609787
064341903	0609788
064341904	0609789
064341910	0609790
064341905	0609790
064341906	0609791
064341907	0609792
064341908	0609793
064341909	0609794
064342001	0609795
064342002	0609796
064342003	0609797
064342004	0609798
064342005	0609799
064342006	0609800
064342011	0609800
064342007	0609801
064342008	0609802
064342009	0609803
064342010	0609804
064342101	0609805
064342102	0609806
064342103	0609807
064342104	0609808
064342105	0609809
064342106	0609810
064342107	0609811
064342108	0609812
064342109	0609813
064342110	0609814
064342111	0609815
064342112	0609816
064342113	0609817
064342201	0609818
064342207	0609819
064342206	0609820
064342205	0609821
064342202	0609822
064342203	0609823
064342204	0609824
064345106	0609825
064345103	0609826
064345105	0609826
064345104	0609826
064345107	0609827
064345102	0609827
064345101	0609828
064342208	0609829
064345108	0609830
064345109	0609831
064342301	0609832
064342304	0609833
064342305	0609834
064342303	0609835
064342302	0609836
064342307	0609837
064342306	0609838
064345208	0609839
064345207	0609840
064345206	0609841
064345203	0609842
064345201	0609843
064345202	0609844
064345204	0609845
064345205	0609846
064342401	0609847
064342402	0609848
064342403	0609849
064342404	0609850
064342405	0609851
064342406	0609852
064342407	0609853
064342408	0609854
064342409	0609855
064342410	0609856
064345301	0609857
064345302	0609858
064345303	0609859
064345304	0609860
064345305	0609861
064345308	0609862
064345309	0609863
064345307	0609864
064345306	0609865
064342507	0609866
064342506	0609867
064342505	0609868
064342504	0609869
064342503	0609870
064342502	0609871
064342508	0609872
064342509	0609873
064342501	0609874
064342602	0609875
064342603	0609875
064342601	0609875
064342604	0609876
064342606	0609877
064342611	0609877
064342605	0609877
064342607	0609878
064342608	0609879
064342610	0609880
064342609	0609881
064345411	0609882
064345408	0609883
064342612	0609884
064345407	0609885
064345406	0609886
064345401	0609887
064345402	0609888
064345403	0609889
064345404	0609890
064345405	0609891
064345409	0609892
064345410	0609893
064342701	0609894
064342702	0609895
064342703	0609896
064342704	0609897
064342705	0609898
064342706	0609899
064342707	0609900
064342708	0609901
064342709	0609902
064342710	0609903
064342801	0609904
064342802	0609905
064342803	0609906
064342804	0609907
064342805	0609908
064342806	0609909
064342807	0609910
064342808	0609911
064342809	0609912
064342810	0609913
064342811	0609914
064342812	0609915
064342813	0609916
064342814	0609917
064342901	0609918
064342902	0609919
064342903	0609920
064342904	0609921
064342905	0609922
064342906	0609923
064342907	0609924
064342908	0609925
064342909	0609926
064342910	0609927
064342911	0609928
064343001	0609929
064343002	0609930
064343003	0609931
064343004	0609932
064343005	0609933
064343006	0609934
064343007	0609935
064343008	0609936
064343009	0609937
064343101	0609938
064343102	0609938
064343104	0609939
064343105	0609940
064343106	0609941
064343103	0609942
064343107	0609942
064345505	0609943
064345506	0609944
064343108	0609945
064343109	0609946
064345509	0609947
064345508	0609948
064345507	0609949
064345504	0609950
064345503	0609950
064345502	0609951
064345501	0609952
064343201	0609953
064343204	0609953
064343203	0609954
064343202	0609954
064343208	0609955
064343207	0609956
064343205	0609957
064343206	0609958
064345604	0609959
064345601	0609960
064345602	0609961
064345603	0609962
064345605	0609963
064345606	0609964
064345607	0609965
064343301	0609966
064343302	0609967
064343303	0609968
064343304	0609969
064343305	0609970
064343306	0609971
064343307	0609972
064343308	0609973
064343401	0609974
064343402	0609975
064343403	0609976
064343404	0609977
064343405	0609978
064343406	0609979
064343407	0609980
064343408	0609981
064343409	0609982
064343410	0609983
064343411	0609984
064343415	0609985
064343412	0609985
064343413	0609986
064343414	0609987
064343501	0609988
064343502	0609989
064343503	0609990
064343504	0609991
064343505	0609992
064343506	0609993
064343507	0609994
064343508	0609995
064343514	0609995
064343509	0609996
064343510	0609997
064343511	0609998
064343512	0609999
064343513	0610000
064343601	0610001
064343602	0610002
064343603	0610003
064343604	0610004
064343605	0610005
064343606	0610006
064343607	0610007
064343608	0610008
064343701	0610009
064343702	0610010
064343703	0610011
064343704	0610012
064343705	0610013
064343706	0610014
064343707	0610015
064343708	0610016
064343801	0610017
064343802	0610018
064343803	0610019
064343810	0610019
064343811	0610020
064343804	0610020
064343805	0610021
064343806	0610022
064343807	0610023
064343812	0610024
064343808	0610024
064343809	0610025
064343901	0610026
064343902	0610027
064343903	0610028
064343904	0610029
064343905	0610030
064343906	0610031
064343907	0610032
064343908	0610033
064343909	0610034
064344001	0610035
064344002	0610036
064344003	0610037
064344004	0610038
064344005	0610039
064344006	0610040
064344007	0610041
064344008	0610042
064344101	0610043
064344102	0610044
064344103	0610045
064344104	0610046
064344105	0610047
064344106	0610048
064344107	0610049
064344108	0610050
064344201	0610051
064344202	0610052
064344203	0610053
064344204	0610054
064344205	0610055
064344206	0610056
064344207	0610057
064344208	0610058
064344301	0610059
064344302	0610060
064344303	0610061
064344304	0610062
064344305	0610063
064344306	0610064
064344307	0610065
064344308	0610066
064344401	0610067
064344402	0610068
064344403	0610069
064344404	0610070
064344405	0610071
064344406	0610072
064344407	0610073
064344408	0610074
064344409	0610075
064344410	0610076
064344411	0610077
064344413	0610078
064344412	0610078
064344501	0610079
064344513	0610080
064344502	0610080
064344503	0610081
064344504	0610082
064344505	0610083
064344506	0610084
064344507	0610085
064344508	0610086
064344509	0610087
064344510	0610088
064344511	0610089
064344512	0610090
064410101	0610091
064410102	0610092
064410103	0610093
064410104	0610094
064410105	0610095
064410106	0610096
064410107	0610097
064410108	0610098
064410109	0610099
064410110	0610100
064410111	0610101
064410112	0610102
064410113	0610103
064410201	0610104
064410202	0610105
064410203	0610106
064410204	0610107
064410205	0610108
064410206	0610109
064410212	0610110
064410207	0610110
064410208	0610111
064410209	0610112
064410210	0610113
064410211	0610114
064410301	0610115
064410302	0610116
064410303	0610117
064410304	0610118
064410305	0610119
064410306	0610120
064410307	0610121
064410308	0610122
064417204	0610123
064417205	0610123
064417209	0610124
064417208	0610125
064417207	0610126
064417206	0610127
064417203	0610128
064417202	0610129
064417201	0610129
064410409	0610130
064410408	0610131
064410407	0610132
064410406	0610133
064410401	0610133
064410402	0610134
064410405	0610134
064410403	0610135
064410404	0610136
064410501	0610137
064410502	0610138
064410503	0610139
064410504	0610140
064410505	0610141
064410506	0610142
064410507	0610143
064410508	0610144
064410509	0610145
064410601	0610146
064410602	0610147
064410603	0610148
064410604	0610149
064410605	0610150
064410606	0610151
064410607	0610152
064410608	0610153
064410609	0610154
064410610	0610154
064410701	0610155
064410702	0610156
064410703	0610157
064410704	0610158
064410705	0610159
064410710	0610159
064410706	0610160
064410707	0610161
064410708	0610162
064410709	0610163
064410810	0610164
064410801	0610164
064410802	0610165
064410803	0610166
064410804	0610167
064410805	0610168
064410806	0610169
064410807	0610170
064410808	0610171
064410809	0610172
064410901	0610173
064410902	0610174
064410903	0610175
064410904	0610176
064410909	0610176
064410905	0610177
064410907	0610178
064410908	0610178
064410906	0610179
064417301	0610180
064417302	0610181
064417307	0610182
064417306	0610183
064417303	0610184
064417304	0610185
064417305	0610186
064411001	0610187
064411002	0610188
064411003	0610189
064411004	0610190
064411007	0610191
064411009	0610192
064411008	0610192
064411006	0610193
064411005	0610194
064417404	0610195
064417403	0610195
064417402	0610196
064417401	0610197
064417405	0610198
064417406	0610199
064417407	0610200
064417408	0610201
064411102	0610202
064411101	0610203
064411104	0610204
064411103	0610205
064411106	0610206
064411107	0610207
064411108	0610208
064411109	0610209
064417501	0610210
064417502	0610211
064417507	0610212
064417506	0610212
064411105	0610213
064417508	0610213
064417509	0610214
064417510	0610214
064417505	0610215
064417503	0610215
064417511	0610216
064417504	0610217
064411201	0610218
064411203	0610219
064411202	0610220
064411206	0610221
064411204	0610222
064411205	0610223
064417601	0610224
064417609	0610225
064417608	0610226
064417602	0610227
064411207	0610228
064411208	0610228
064417603	0610229
064411209	0610230
064417604	0610231
064417605	0610232
064417607	0610233
064417606	0610233
064411301	0610234
064411302	0610235
064411303	0610236
064411304	0610237
064411305	0610238
064411306	0610239
064411307	0610240
064411308	0610241
064411309	0610242
064411310	0610242
064411401	0610243
064411402	0610244
064411403	0610245
064411404	0610246
064411405	0610247
064411410	0610247
064411406	0610248
064411407	0610249
064411408	0610250
064411409	0610251
064411508	0610252
064411509	0610252
064411507	0610253
064411506	0610253
064411501	0610254
064411502	0610255
064411505	0610255
064411504	0610256
064411503	0610256
064417702	0610257
064417701	0610258
064417703	0610259
064417704	0610260
064417705	0610260
064417706	0610261
064417707	0610262
064417708	0610263
064411602	0610264
064411601	0610264
064419801	0610265
064419802	0610266
064419803	0610267
064419804	0610268
064419805	0610269
064419806	0610269
064419807	0610270
064419808	0610270
064419809	0610271
064419810	0610272
064411604	0610273
064411609	0610273
064411603	0610274
064411605	0610275
064411606	0610276
064411607	0610277
064411608	0610278
064411701	0610279
064411702	0610280
064411703	0610281
064411704	0610282
064411705	0610283
064411714	0610283
064411706	0610284
064411707	0610285
064411708	0610286
064411709	0610287
064411710	0610288
064411711	0610289
064411712	0610290
064411713	0610291
064411801	0610292
064411802	0610293
064411803	0610294
064411807	0610295
064411808	0610296
064411809	0610297
064411806	0610298
064411804	0610299
064411805	0610299
064417801	0610300
064417802	0610301
064417805	0610301
064417803	0610302
064417804	0610302
064417806	0610303
064417807	0610304
064411901	0610305
064411902	0610306
064411912	0610306
064411903	0610307
064411904	0610308
064411913	0610308
064411905	0610309
064411914	0610310
064411906	0610310
064411907	0610311
064411908	0610312
064411909	0610313
064411910	0610314
064411911	0610315
064412001	0610316
064412002	0610316
064412003	0610317
064412004	0610318
064412005	0610319
064412006	0610320
064417904	0610321
064417903	0610322
064417901	0610323
064417902	0610324
064417905	0610324
064412009	0610325
064412007	0610326
064412008	0610327
064417906	0610328
064417907	0610329
064417909	0610330
064417908	0610330
064417911	0610331
064417912	0610331
064417910	0610332
064412101	0610333
064412102	0610334
064412107	0610335
064412108	0610335
064418001	0610336
064418002	0610337
064412106	0610338
064412103	0610339
064412104	0610340
064412105	0610341
064418003	0610342
064418004	0610343
064418006	0610344
064418005	0610345
064418007	0610346
064418008	0610347
064418009	0610347
064412201	0610348
064412202	0610349
064412203	0610350
064412204	0610351
064412210	0610351
064412205	0610352
064412206	0610353
064412207	0610354
064412208	0610355
064412209	0610356
064412301	0610357
064412302	0610358
064412303	0610359
064412304	0610360
064412305	0610361
064412306	0610362
064412307	0610363
064412308	0610364
064412309	0610365
064412401	0610366
064412402	0610367
064412403	0610368
064412404	0610369
064412412	0610370
064412405	0610370
064412406	0610371
064412413	0610371
064412407	0610372
064412408	0610373
064412409	0610374
064412410	0610375
064412411	0610376
064412414	0610376
064412501	0610377
064412502	0610378
064412511	0610379
064412503	0610379
064412504	0610380
064412505	0610381
064412506	0610382
064412512	0610382
064412507	0610383
064412508	0610384
064412509	0610385
064412510	0610386
064418103	0610387
064412606	0610388
064412604	0610389
064412605	0610390
064412602	0610391
064412601	0610392
064412603	0610393
064418101	0610394
064418107	0610395
064418108	0610396
064418109	0610396
064418106	0610397
064418102	0610398
064418105	0610399
064418104	0610400
064412701	0610401
064412702	0610402
064412703	0610403
064412704	0610404
064412705	0610405
064412706	0610406
064412707	0610407
064412708	0610408
064412710	0610408
064412709	0610409
064412801	0610410
064412802	0610411
064412803	0610412
064412804	0610413
064412805	0610414
064412806	0610415
064412807	0610416
064412808	0610417
064418201	0610418
064418202	0610419
064418204	0610420
064418203	0610420
064418206	0610421
064418205	0610421
064418208	0610422
064418207	0610422
064412903	0610423
064412902	0610424
064412901	0610425
064412907	0610426
064412906	0610427
064412904	0610428
064412905	0610429
064412908	0610430
064418301	0610431
064418302	0610432
064418308	0610433
064418307	0610434
064418303	0610435
064418304	0610435
064418306	0610436
064418305	0610436
064413001	0610437
064413002	0610438
064413003	0610439
064413004	0610440
064413005	0610441
064413006	0610442
064413007	0610443
064413008	0610444
064413009	0610445
064413101	0610446
064413102	0610447
064413103	0610448
064413104	0610449
064413105	0610450
064413106	0610451
064413107	0610452
064418401	0610453
064413108	0610454
064418402	0610455
064418403	0610456
064418404	0610457
064418405	0610458
064418406	0610459
064418407	0610460
064418408	0610461
064413201	0610462
064413202	0610463
064413203	0610464
064413212	0610464
064413204	0610465
064413205	0610466
064413206	0610467
064413207	0610468
064413208	0610469
064413209	0610470
064413210	0610471
064413211	0610472
064413301	0610473
064413302	0610474
064413303	0610475
064413304	0610476
064413305	0610477
064413306	0610478
064413307	0610479
064413308	0610480
064413309	0610481
064413310	0610482
064413311	0610483
064413401	0610484
064413402	0610485
064413403	0610486
064413404	0610487
064413405	0610488
064413406	0610489
064413407	0610490
064413408	0610491
064413409	0610492
064413410	0610493
064413411	0610494
064413412	0610495
064413413	0610496
064413414	0610497
064413415	0610498
064413504	0610499
064413503	0610500
064413501	0610501
064413502	0610502
064413507	0610503
064413505	0610504
064413506	0610505
064413508	0610506
064413509	0610506
064413510	0610507
064413511	0610507
064419605	0610508
064419604	0610509
064419601	0610510
064419602	0610511
064419603	0610512
064419606	0610513
064419608	0610513
064419609	0610514
064419607	0610514
064413601	0610515
064413602	0610516
064413603	0610517
064413604	0610518
064413605	0610519
064413606	0610520
064413607	0610521
064413608	0610522
064413609	0610523
064413610	0610524
064413611	0610525
064413612	0610526
064413701	0610527
064413703	0610528
064413702	0610528
064413704	0610529
064413705	0610530
064413706	0610531
064413707	0610532
064413709	0610533
064413708	0610534
064413710	0610535
064413711	0610536
064419503	0610537
064419502	0610537
064419501	0610538
064419504	0610539
064419508	0610540
064419509	0610540
064419507	0610540
064419506	0610540
064419510	0610540
064419505	0610540
064413801	0610541
064413811	0610541
064413802	0610542
064413803	0610543
064413804	0610544
064413805	0610545
064413806	0610546
064413807	0610547
064413808	0610548
064413812	0610548
064413809	0610549
064413810	0610550
064413901	0610551
064413902	0610552
064413903	0610553
064413904	0610554
064413905	0610555
064413906	0610556
064413907	0610557
064413908	0610558
064413909	0610559
064413910	0610560
064414001	0610561
064414002	0610562
064414003	0610563
064414004	0610564
064414005	0610565
064414006	0610566
064414007	0610567
064414008	0610568
064414009	0610569
064414010	0610570
064414011	0610571
064414012	0610572
064414013	0610573
064414113	0610574
064414101	0610574
064414102	0610575
064414103	0610576
064414114	0610576
064414104	0610577
064414105	0610578
064414106	0610579
064414107	0610580
064414108	0610581
064414115	0610581
064414109	0610582
064414110	0610583
064414116	0610584
064414111	0610584
064414118	0610585
064414112	0610585
064414117	0610585
064414202	0610586
064414201	0610586
064414210	0610587
064414211	0610587
064414209	0610588
064414208	0610588
064414207	0610589
064414206	0610589
064414204	0610590
064414203	0610590
064418708	0610591
064414205	0610591
064418802	0610592
064418801	0610592
064418806	0610593
064418808	0610594
064418807	0610594
064418810	0610595
064418809	0610595
064418811	0610596
064418805	0610597
064418813	0610598
064418804	0610598
064418812	0610598
064418803	0610599
064418711	0610600
064418710	0610600
064418709	0610600
064418706	0610601
064418707	0610601
064418704	0610602
064418705	0610602
064418703	0610603
064418702	0610604
064418701	0610604
064414301	0610605
064414302	0610606
064414303	0610607
064414304	0610608
064414305	0610609
064414306	0610610
064414307	0610611
064414308	0610612
064414309	0610613
064414310	0610614
064414311	0610615
064414312	0610616
064414313	0610617
064414314	0610618
064414315	0610619
064414316	0610619
064414401	0610620
064414402	0610621
064414403	0610622
064414404	0610623
064414405	0610624
064414406	0610625
064414411	0610625
064414412	0610626
064414407	0610626
064414408	0610627
064414409	0610628
064414413	0610629
064414410	0610629
064414501	0610630
064414502	0610631
064414503	0610632
064414504	0610633
064414505	0610634
064414512	0610635
064414506	0610635
064414507	0610636
064414508	0610637
064414509	0610638
064414510	0610639
064414513	0610639
064414511	0610640
064414601	0610641
064414602	0610642
064414603	0610643
064414604	0610644
064414605	0610645
064414606	0610646
064414607	0610647
064414608	0610648
064414609	0610649
064414701	0610650
064414711	0610650
064414702	0610651
064414703	0610652
064414712	0610653
064414704	0610653
064414705	0610654
064414706	0610655
064414707	0610656
064414713	0610656
064414708	0610657
064414709	0610658
064414714	0610658
064414710	0610659
064414801	0610660
064414802	0610661
064414803	0610662
064414804	0610663
064414805	0610664
064414806	0610665
064414807	0610666
064414808	0610667
064414809	0610668
064414901	0610669
064414902	0610670
064414903	0610671
064414904	0610672
064414905	0610673
064414906	0610674
064414907	0610675
064414908	0610676
064414909	0610677
064414910	0610678
064415001	0610679
064415002	0610680
064415003	0610681
064415011	0610681
064415004	0610682
064415005	0610683
064415006	0610684
064415007	0610685
064415008	0610686
064415009	0610687
064415010	0610688
064419901	0610689
064419903	0610689
064419904	0610690
064419905	0610691
064419902	0610692
064415104	0610693
064415101	0610694
064415102	0610695
064415103	0610696
064415109	0610697
064415110	0610698
064415108	0610699
064415107	0610700
064415105	0610701
064415106	0610702
064419906	0610703
064419907	0610704
064419908	0610705
064419909	0610706
064415211	0610707
064415201	0610707
064415202	0610708
064415203	0610709
064415204	0610710
064415205	0610711
064415206	0610712
064415207	0610713
064415208	0610714
064415209	0610715
064415210	0610716
064415301	0610717
064415302	0610718
064415303	0610719
064415304	0610720
064415305	0610721
064415306	0610722
064415307	0610723
064415308	0610724
064415309	0610725
064415310	0610726
064415401	0610727
064415402	0610728
064415403	0610729
064415404	0610730
064415407	0610731
064415406	0610731
064415405	0610732
064415408	0610733
064415409	0610734
064415410	0610735
064419703	0610736
064419704	0610737
064419705	0610738
064419706	0610739
064419709	0610740
064419708	0610741
064419707	0610742
064419702	0610743
064419701	0610744
064415501	0610745
064415512	0610745
064415513	0610746
064415502	0610746
064415503	0610747
064415504	0610748
064415514	0610749
064415505	0610749
064415506	0610750
064415507	0610751
064415508	0610752
064415515	0610752
064415516	0610753
064415509	0610753
064415510	0610754
064415517	0610754
064415511	0610755
064415601	0610756
064415603	0610757
064415602	0610757
064415607	0610758
064415606	0610759
064415605	0610760
064415604	0610760
064415612	0610761
064415611	0610761
064415610	0610762
064415609	0610763
064415608	0610763
064415701	0610764
064415702	0610765
064415714	0610766
064415703	0610766
064415704	0610767
064415705	0610768
064415715	0610768
064415706	0610769
064415707	0610770
064415716	0610770
064415708	0610771
064415709	0610772
064415717	0610772
064415710	0610773
064415711	0610774
064415718	0610775
064415712	0610775
064415713	0610776
064415801	0610777
064415802	0610778
064415803	0610779
064415804	0610780
064415805	0610781
064415806	0610782
064415807	0610783
064415808	0610784
064415901	0610785
064415902	0610786
064415903	0610787
064415904	0610788
064415905	0610789
064415906	0610790
064415907	0610791
064415908	0610792
064415909	0610793
064415910	0610794
064416011	0610795
064416001	0610795
064416002	0610796
064416003	0610797
064416004	0610798
064416005	0610799
064416006	0610800
064416007	0610801
064416008	0610802
064416012	0610803
064416009	0610803
064416010	0610804
064416101	0610805
064416102	0610806
064416103	0610807
064416104	0610808
064416105	0610809
064416106	0610810
064416107	0610811
064416108	0610812
064416109	0610813
064416110	0610814
064416111	0610815
064416112	0610816
064416201	0610817
064416202	0610818
064416203	0610819
064416204	0610820
064416205	0610821
064416206	0610822
064416207	0610823
064416208	0610824
064416209	0610825
064416210	0610826
064416214	0610827
064416211	0610827
064416215	0610828
064416212	0610828
064416216	0610829
064416213	0610829
064416301	0610830
064416302	0610831
064416303	0610832
064416304	0610833
064416312	0610833
064416305	0610834
064416306	0610835
064416307	0610836
064416308	0610837
064416313	0610837
064416309	0610838
064416310	0610839
064416314	0610840
064416311	0610840
064416405	0610841
064416404	0610841
064416403	0610842
064416402	0610843
064416401	0610844
064416408	0610845
064416407	0610846
064416406	0610847
064416409	0610848
064416411	0610849
064416410	0610849
064416412	0610849
064416414	0610850
064416413	0610851
064419305	0610852
064419304	0610853
064419306	0610854
064419307	0610855
064419308	0610855
064419309	0610856
064419313	0610857
064419314	0610857
064419315	0610857
064419312	0610858
064419310	0610858
064419311	0610858
064419302	0610859
064419303	0610859
064419301	0610859
064416501	0610860
064416502	0610860
064416511	0610861
064416512	0610862
064416506	0610863
064416509	0610864
064416510	0610865
064416508	0610866
064416505	0610867
064416507	0610867
064416503	0610868
064416504	0610868
064418901	0610869
064418903	0610870
064418902	0610871
064418904	0610872
064418908	0610873
064418909	0610873
064418905	0610874
064418906	0610875
064419001	0610876
064419002	0610877
064419003	0610878
064418907	0610878
064419004	0610878
064419009	0610878
064419005	0610879
064419007	0610879
064419008	0610879
064419006	0610879
064419010	0610880
064419011	0610880
064416607	0610881
064416602	0610881
064416601	0610881
064416608	0610882
064419201	0610883
064419204	0610883
064416606	0610884
064416603	0610885
064416605	0610886
064416604	0610886
064419102	0610887
064419101	0610887
064419103	0610888
064419202	0610889
064419203	0610890
064419105	0610891
064419104	0610891
064419106	0610892
064419108	0610893
064419111	0610894
064419109	0610894
064419110	0610894
064419210	0610895
064419107	0610895
064419209	0610896
064419208	0610897
064419207	0610897
064419205	0610898
064419206	0610898
064416705	0610899
064416701	0610899
064416702	0610900
064416703	0610901
064416706	0610901
064416707	0610901
064416708	0610901
064416709	0610902
064416710	0610902
064416704	0610902
064416808	0610903
064416807	0610903
064416806	0610903
064416805	0610903
064416801	0610904
064416804	0610904
064416803	0610905
064416802	0610906
064418502	0610907
064418501	0610907
064418503	0610908
064418507	0610909
064418504	0610909
064418508	0610910
064418506	0610910
064418505	0610911
064418509	0610911
064418511	0610912
064418510	0610912
064418607	0610913
064418605	0610913
064418606	0610913
064418604	0610913
064418603	0610913
064418602	0610914
064418601	0610914
064418608	0610915
064418611	0610916
064418610	0610916
064418609	0610916
064416811	0610917
064416812	0610917
064416809	0610918
064416813	0610918
064416810	0610918
064416814	0610919
064416902	0610920
064416901	0610920
064416904	0610921
064416903	0610921
064416905	0610922
064416906	0610923
064416907	0610923
064416908	0610924
064416911	0610925
064416912	0610925
064419401	0610926
064416909	0610926
064416910	0610926
064419403	0610927
064419402	0610927
064419406	0610928
064419410	0610928
064419405	0610928
064419404	0610928
064419407	0610929
064419409	0610930
064419408	0610930
064419411	0610931
064419412	0610931
064417001	0610932
064417002	0610933
064417003	0610934
064417004	0610935
064417008	0610935
064417005	0610936
064417009	0610937
064417006	0610937
064417007	0610938
064417010	0610938
064417101	0610939
064480101	0610940
064480104	0610940
064480102	0610941
064480103	0610942
064480201	0610943
064480202	0610944
064480203	0610945
064480301	0610946
064480302	0610947
064480303	0610948
064480401	0610949
064480402	0610950
064480403	0610951
064480501	0610952
064480502	0610953
064480503	0610954
064480604	0610955
064480606	0610956
064480608	0610957
064480605	0610958
064481303	0610959
064481304	0610960
064481305	0610961
064481306	0610962
064481301	0610963
064481302	0610963
064481307	0610963
064480602	0610964
064480603	0610964
064480601	0610964
064480609	0610965
064481309	0610966
064481308	0610966
064481310	0610967
064480607	0610968
064480701	0610969
064480702	0610970
064480703	0610971
064480801	0610972
064480802	0610973
064480803	0610974
064480901	0610975
064480902	0610976
064480903	0610977
064480904	0610978
064481001	0610979
064481002	0610980
064481003	0610981
064481004	0610982
064481101	0610983
064481102	0610984
064481103	0610985
064481201	0610986
064481202	0610987
064481203	0610988
064481204	0610989
064481205	0610990
064481206	0610991
064550101	0610992
064550106	0610993
064551501	0610994
064551502	0610995
064551504	0610996
064551503	0610997
064551508	0610998
064551507	0610998
064551506	0610999
064551505	0611000
064550107	0611001
064550109	0611002
064550108	0611003
064550105	0611004
064550102	0611005
064550103	0611006
064550104	0611006
064550201	0611007
064550301	0611008
064550401	0611009
064550402	0611009
064550501	0611010
064550601	0611011
064550609	0611011
064550602	0611012
064550603	0611013
064550608	0611013
064550604	0611014
064550605	0611015
064550606	0611016
064550610	0611017
064550607	0611017
064550701	0611018
064550702	0611018
064550801	0611019
064550802	0611020
064550901	0611021
064551001	0611022
064551101	0611023
064551201	0611024
064551301	0611025
064551302	0611025
064551601	0611026
064551602	0611027
064551605	0611027
064551606	0611028
064551607	0611029
064551604	0611030
064551603	0611031
064551404	0611032
064551403	0611033
064551402	0611034
064551401	0611035
064551408	0611036
064551407	0611037
064551406	0611038
064551405	0611039
064620101	0611040
064620201	0611041
064620202	0611042
064620203	0611043
064620301	0611044
064620401	0611045
064620402	0611046
064620408	0611047
064620403	0611047
064620404	0611048
064620405	0611049
064620407	0611049
064620406	0611050
064620501	0611051
064620502	0611052
064620606	0611053
064620601	0611053
064620602	0611054
064620603	0611055
064620604	0611056
064620605	0611057
064620701	0611058
064620702	0611059
064620703	0611060
064620714	0611060
064620704	0611061
064620705	0611062
064620706	0611063
064620715	0611063
064620707	0611064
064620708	0611065
064620709	0611066
064620713	0611067
064620710	0611067
064620711	0611068
064620712	0611069
064620801	0611070
064620802	0611071
064620803	0611071
064620901	0611072
064621001	0611073
064621002	0611074
064621003	0611074
064621004	0611074
064621101	0611075
064621102	0611076
064621201	0611077
064621209	0611078
064621202	0611078
064621203	0611079
064621204	0611080
064621205	0611081
064621208	0611081
064621206	0611082
064621207	0611083
064690101	0611084
064690103	0611085
064690105	0611086
064690107	0611087
064690106	0611087
064691601	0611088
064690108	0611089
064691603	0611089
064690109	0611090
064691604	0611091
064691605	0611092
064691608	0611092
064691606	0611093
064690102	0611094
064690104	0611095
064691602	0611096
064691607	0611097
064690201	0611098
064690202	0611099
064690205	0611099
064690204	0611100
064690208	0611101
064690207	0611101
064690206	0611102
064691701	0611102
064691706	0611103
064691702	0611104
064690209	0611105
064691703	0611105
064691705	0611106
064691704	0611107
064690203	0611108
064691709	0611109
064691707	0611110
064691708	0611111
064690301	0611112
064690307	0611112
064690302	0611113
064690303	0611114
064690308	0611115
064690304	0611115
064690305	0611116
064690306	0611117
064690401	0611118
064690407	0611118
064690402	0611119
064690403	0611120
064690404	0611121
064690405	0611122
064690406	0611123
064690501	0611124
064690502	0611125
064690503	0611126
064690504	0611127
064691803	0611128
064690603	0611129
064690604	0611129
064690608	0611130
064691806	0611131
064690607	0611132
064690606	0611132
064690609	0611132
064690605	0611132
064690602	0611132
064690610	0611132
064690601	0611132
064691801	0611133
064691804	0611133
064691808	0611133
064691807	0611133
064691805	0611133
064691802	0611133
064690701	0611134
064690702	0611135
064690703	0611136
064690801	0611137
064690802	0611138
064690803	0611139
064690804	0611140
064690805	0611141
064690806	0611142
064690807	0611143
064690901	0611144
064690902	0611145
064690903	0611146
064690904	0611147
064690905	0611148
064690906	0611149
064690907	0611150
064690908	0611151
064690910	0611152
064690909	0611152
064691001	0611153
064691002	0611154
064691008	0611154
064691003	0611155
064691004	0611156
064691005	0611157
064691006	0611158
064691007	0611159
064691101	0611160
064691109	0611160
064691102	0611161
064691103	0611162
064691104	0611163
064691105	0611164
064691108	0611165
064691106	0611165
064691107	0611166
064691201	0611167
064691202	0611168
064691203	0611169
064691204	0611170
064691301	0611171
064691302	0611172
064691309	0611172
064691303	0611173
064691304	0611174
064691308	0611175
064691305	0611175
064691306	0611176
064691307	0611177
064691401	0611178
064691402	0611179
064691403	0611180
064691405	0611180
064691404	0611181
064691501	0611182
064691509	0611182
064691502	0611183
064691503	0611184
064691504	0611185
064691505	0611186
064691506	0611187
064691507	0611188
064691508	0611189
064691510	0611189
064760101	0611190
064760102	0611191
064760103	0611192
064760104	0611193
064760105	0611194
064760106	0611195
064760107	0611196
064760108	0611197
064760201	0611198
064760209	0611198
064760202	0611199
064760203	0611200
064760204	0611201
064760205	0611202
064760206	0611203
064760207	0611204
064760208	0611205
064760301	0611206
064760302	0611207
064760303	0611208
064760401	0611209
064760402	0611210
064760403	0611211
064760404	0611212
064760501	0611213
064760502	0611214
064760503	0611215
064760504	0611216
064760505	0611217
064760601	0611218
064760602	0611219
064760603	0611220
064760604	0611221
064760701	0611222
064760702	0611223
064760710	0611224
064760703	0611224
064760704	0611225
064760705	0611226
064760706	0611227
064760707	0611228
064760708	0611229
064760709	0611230
064760801	0611231
064760802	0611232
064760803	0611233
064760804	0611234
064760901	0611235
064760902	0611236
064760903	0611237
064760904	0611238
064760905	0611239
064761001	0611240
064761002	0611241
064761003	0611242
064761101	0611243
064761102	0611244
064761103	0611245
064761104	0611246
064761105	0611247
064761201	0611248
064761202	0611249
064761203	0611250
064761204	0611251
064761205	0611252
064761206	0611253
064761301	0611254
064761409	0611255
064761401	0611255
064761402	0611256
064761403	0611257
064761404	0611258
064761405	0611259
064761406	0611260
064761407	0611261
064761408	0611262
064830101	0611263
064830102	0611263
064830107	0611264
064830108	0611264
064830109	0611265
064830106	0611266
064830105	0611267
064830104	0611268
064830103	0611269
064831105	0611270
064831104	0611271
064831103	0611272
064831102	0611273
064831106	0611274
064831110	0611275
064831111	0611276
064831109	0611277
064831108	0611278
064831107	0611279
064831101	0611280
064830201	0611281
064830202	0611282
064830203	0611283
064830301	0611284
064830302	0611285
064830306	0611285
064830303	0611286
064830305	0611286
064830304	0611287
064830403	0611288
064830407	0611288
064830401	0611288
064830402	0611288
064830404	0611289
064830405	0611290
064830406	0611291
064831201	0611292
064831206	0611293
064831205	0611294
064831204	0611295
064831203	0611296
064831202	0611296
064830408	0611297
064830409	0611298
064830410	0611299
064830411	0611300
064830414	0611300
064830413	0611300
064830412	0611300
064831211	0611301
064831210	0611302
064831207	0611303
064831209	0611303
064831208	0611304
064830501	0611305
064830507	0611305
064830502	0611306
064830503	0611307
064830504	0611308
064830505	0611309
064830506	0611310
064830601	0611311
064830606	0611312
064830603	0611312
064830605	0611312
064830604	0611312
064830602	0611312
064830701	0611313
064830702	0611314
064830703	0611315
064830704	0611316
064830705	0611317
064830706	0611318
064830801	0611319
064830802	0611320
064830803	0611321
064830804	0611322
064830805	0611323
064830806	0611324
064830901	0611325
064830910	0611325
064830902	0611326
064830903	0611327
064830904	0611328
064830911	0611328
064830909	0611328
064830905	0611329
064830906	0611330
064830907	0611331
064830908	0611332
064831001	0611333
064831002	0611334
064900115	0611335
064900101	0611335
064900102	0611336
064900103	0611337
064900104	0611338
064900105	0611339
064900106	0611340
064900107	0611341
064900108	0611342
064900109	0611343
064900110	0611344
064900111	0611345
064900112	0611346
064900113	0611347
064900114	0611348
064900201	0611349
064900202	0611350
064900203	0611351
064900204	0611352
064900205	0611353
064900206	0611354
064900207	0611355
064900208	0611356
064900209	0611357
064900210	0611358
064900301	0611359
064900302	0611360
064900303	0611361
064900304	0611362
064900305	0611363
064900314	0611364
064900306	0611364
064900307	0611365
064900308	0611366
064900309	0611367
064900315	0611368
064900310	0611368
064900311	0611369
064900312	0611370
064900313	0611371
064900401	0611372
064900402	0611373
064900408	0611374
064900403	0611375
064900404	0611376
064900405	0611377
064905201	0611378
064900406	0611379
064905202	0611379
064900407	0611380
064905203	0611381
064905206	0611382
064905205	0611382
064905207	0611383
064905208	0611384
064905209	0611385
064905204	0611385
064900501	0611386
064900505	0611387
064900502	0611388
064900503	0611389
064900504	0611390
064900506	0611391
064900507	0611392
064900508	0611393
064905303	0611394
064905304	0611395
064905302	0611396
064905301	0611397
064905305	0611398
064905306	0611399
064900707	0611400
064900708	0611401
064900709	0611402
064900710	0611403
064900711	0611404
064900712	0611405
064900713	0611406
064900714	0611407
064900715	0611408
064900801	0611409
064900802	0611410
064900803	0611411
064900804	0611412
064900805	0611413
064900806	0611414
064900807	0611415
064900808	0611416
064900809	0611417
064900901	0611418
064900902	0611419
064900903	0611420
064900904	0611421
064900905	0611422
064900906	0611423
064900907	0611424
064900908	0611425
064900909	0611426
064901001	0611427
064901004	0611428
064901006	0611429
064901009	0611430
064901008	0611431
064901010	0611431
064901007	0611432
064901005	0611433
064901003	0611434
064901002	0611435
064905501	0611436
064905502	0611437
064905503	0611438
064905504	0611439
064905505	0611440
064905506	0611441
064901101	0611442
064901102	0611443
064901103	0611444
064901114	0611445
064901104	0611445
064901106	0611446
064901105	0611446
064901107	0611447
064901108	0611448
064901109	0611449
064901111	0611450
064901110	0611450
064901113	0611451
064901112	0611451
064905607	0611452
064905608	0611452
064905606	0611453
064905609	0611453
064905610	0611453
064905612	0611454
064905611	0611454
064905613	0611455
064905603	0611456
064905605	0611457
064905604	0611457
064905601	0611458
064905602	0611459
064901201	0611460
064901202	0611461
064901203	0611462
064901204	0611463
064901205	0611464
064901211	0611465
064901206	0611465
064901207	0611466
064901208	0611467
064901209	0611468
064901210	0611469
064905704	0611470
064905705	0611471
064905703	0611472
064905701	0611473
064905702	0611474
064901307	0611475
064905707	0611476
064905706	0611477
064905708	0611478
064901308	0611479
064901306	0611480
064901305	0611481
064901304	0611482
064901303	0611483
064901301	0611484
064901302	0611484
064901401	0611485
064901402	0611486
064901403	0611487
064901404	0611488
064901405	0611489
064901406	0611490
064901407	0611491
064901408	0611492
064901409	0611493
064901410	0611494
064901411	0611495
064901412	0611496
064901501	0611497
064901502	0611498
064901503	0611499
064901504	0611500
064901505	0611501
064901506	0611502
064901507	0611503
064901508	0611504
064901509	0611505
064901510	0611506
064901511	0611507
064901601	0611508
064901602	0611509
064901603	0611510
064901610	0611510
064901604	0611511
064901611	0611512
064901605	0611512
064901606	0611513
064901607	0611514
064901608	0611515
064901609	0611516
064901701	0611517
064901703	0611517
064901702	0611518
064901704	0611519
064901708	0611520
064901705	0611520
064901707	0611521
064901706	0611521
064901709	0611522
064901710	0611523
064901711	0611524
064901713	0611524
064901712	0611525
064901801	0611526
064901802	0611527
064901803	0611528
064901804	0611529
064901805	0611530
064901806	0611531
064901807	0611532
064901808	0611533
064905802	0611534
064905801	0611535
064905805	0611536
064905804	0611537
064905803	0611538
064905808	0611539
064905807	0611540
064905806	0611541
064901901	0611542
064901902	0611543
064901903	0611544
064901904	0611545
064901905	0611546
064901906	0611547
064901913	0611548
064901907	0611548
064901908	0611549
064901909	0611550
064901910	0611551
064901911	0611552
064901912	0611553
064902001	0611554
064902002	0611555
064902003	0611556
064902004	0611557
064902005	0611558
064902006	0611559
064902007	0611560
064902008	0611561
064902009	0611562
064902101	0611563
064902111	0611563
064902102	0611564
064902103	0611565
064902104	0611566
064902105	0611567
064902106	0611568
064902107	0611569
064902108	0611570
064902109	0611571
064902110	0611572
064902112	0611572
064902201	0611573
064902202	0611574
064902213	0611575
064902203	0611575
064902204	0611576
064902205	0611577
064902214	0611578
064902206	0611578
064902207	0611579
064902208	0611580
064902209	0611581
064902215	0611582
064902210	0611582
064902211	0611583
064902212	0611584
064902301	0611585
064902303	0611586
064902302	0611587
064905909	0611588
064905908	0611589
064905907	0611590
064902304	0611591
064902306	0611591
064902305	0611592
064905905	0611593
064905906	0611593
064905903	0611594
064905904	0611595
064905902	0611596
064905901	0611597
064902401	0611598
064902403	0611599
064902402	0611599
064902404	0611600
064902405	0611601
064906002	0611601
064906001	0611602
064906003	0611603
064906004	0611604
064906005	0611604
064906006	0611605
064906007	0611605
064906008	0611606
064902407	0611607
064902406	0611608
064902501	0611609
064902502	0611610
064902503	0611611
064902504	0611612
064902505	0611613
064902506	0611614
064902507	0611615
064902508	0611616
064902601	0611617
064902602	0611618
064902603	0611619
064902604	0611620
064902605	0611621
064902606	0611622
064902607	0611623
064902608	0611624
064902609	0611625
064902614	0611626
064902610	0611626
064902611	0611627
064902612	0611628
064902613	0611629
064902701	0611630
064902901	0611631
064902902	0611632
064902903	0611633
064902904	0611634
064902905	0611635
064902906	0611636
064902907	0611637
064902908	0611638
064902909	0611639
064902910	0611640
064902911	0611641
064903001	0611642
064903002	0611643
064903003	0611644
064903004	0611645
064903005	0611646
064903011	0611646
064903006	0611647
064903007	0611648
064903008	0611649
064903009	0611650
064903010	0611651
064903101	0611652
064903102	0611653
064903103	0611654
064903104	0611655
064903105	0611656
064903111	0611657
064903106	0611657
064903107	0611658
064903112	0611659
064903108	0611659
064903109	0611660
064903110	0611661
064903201	0611662
064903202	0611663
064903211	0611663
064903203	0611664
064903204	0611665
064903205	0611666
064903206	0611667
064903212	0611667
064903207	0611668
064903213	0611669
064903208	0611669
064903209	0611670
064903210	0611671
064903301	0611672
064903302	0611673
064903303	0611674
064903311	0611675
064903304	0611675
064903305	0611676
064903306	0611677
064903307	0611678
064903308	0611679
064903309	0611680
064903310	0611681
064903401	0611682
064903402	0611682
064903403	0611683
064903405	0611684
064903404	0611685
064903407	0611686
064903406	0611687
064906101	0611688
064906104	0611689
064906105	0611690
064906106	0611691
064906109	0611692
064906108	0611693
064906107	0611694
064906103	0611695
064906102	0611696
064903501	0611697
064903502	0611698
064903506	0611699
064903503	0611699
064903505	0611699
064903504	0611700
064903507	0611700
064903510	0611701
064903508	0611701
064903511	0611702
064903513	0611702
064903509	0611703
064903512	0611703
064906216	0611704
064906215	0611704
064906214	0611705
064906213	0611706
064906212	0611707
064906211	0611708
064906210	0611709
064906209	0611709
064906208	0611710
064906207	0611710
064906206	0611711
064906205	0611712
064906203	0611713
064906204	0611713
064906202	0611714
064906201	0611714
064903601	0611715
064903602	0611716
064903603	0611717
064903604	0611718
064903605	0611719
064903606	0611720
064903607	0611721
064903608	0611722
064903609	0611723
064903610	0611724
064903611	0611725
064903612	0611726
064903701	0611727
064903702	0611728
064903703	0611729
064903704	0611730
064903705	0611731
064903706	0611732
064903707	0611733
064903708	0611734
064906303	0611735
064903709	0611735
064906305	0611736
064906304	0611736
064906302	0611737
064906301	0611738
064906306	0611739
064906307	0611739
064906308	0611740
064903801	0611741
064903802	0611742
064903803	0611743
064903810	0611744
064903805	0611745
064903804	0611746
064903806	0611747
064906402	0611748
064906401	0611748
064906407	0611749
064906408	0611750
064906406	0611751
064906405	0611752
064906404	0611753
064906403	0611754
064903807	0611755
064903812	0611756
064903808	0611756
064903809	0611757
064903811	0611757
064903901	0611758
064903902	0611758
064903904	0611759
064903903	0611759
064903906	0611760
064903907	0611760
064903905	0611760
064903908	0611760
064903909	0611761
064903910	0611761
064903912	0611762
064903911	0611762
064906510	0611763
064906505	0611763
064906511	0611764
064906512	0611765
064906513	0611766
064906507	0611767
064906508	0611768
064906509	0611769
064906506	0611770
064906503	0611771
064906504	0611772
064906502	0611772
064906501	0611773
064904001	0611774
064904003	0611775
064904002	0611775
064904005	0611776
064904004	0611776
064904006	0611777
064904007	0611777
064904010	0611778
064904008	0611778
064904009	0611779
064904011	0611779
064904012	0611780
064904013	0611781
064904014	0611782
064906609	0611782
064906602	0611783
064906601	0611783
064906603	0611784
064906604	0611784
064906605	0611785
064906610	0611785
064906606	0611785
064906611	0611785
064906607	0611786
064906608	0611786
064904101	0611787
064904102	0611788
064904201	0611789
064904202	0611790
064904203	0611791
064904204	0611792
064904205	0611793
064904206	0611794
064904207	0611795
064904208	0611796
064904301	0611797
064904302	0611798
064904303	0611799
064904304	0611800
064904305	0611801
064904306	0611802
064904307	0611803
064904308	0611804
064904309	0611805
064904310	0611806
064904311	0611807
064904312	0611808
064904313	0611809
064904314	0611810
064904403	0611811
064904402	0611812
064904401	0611812
064904407	0611813
064904408	0611814
064904406	0611815
064904405	0611816
064904404	0611816
064906701	0611817
064904610	0611818
064904611	0611819
064904612	0611820
064904701	0611821
064904702	0611822
064904703	0611823
064904704	0611824
064904705	0611825
064904706	0611826
064904707	0611827
064904708	0611828
064904709	0611829
064904710	0611830
064904711	0611831
064904712	0611832
064904713	0611833
064904801	0611834
064904802	0611835
064904803	0611836
064904812	0611837
064904804	0611837
064904805	0611838
064904806	0611839
064904807	0611840
064904808	0611841
064904809	0611842
064904810	0611843
064904811	0611844
064904901	0611845
064904912	0611846
064904902	0611846
064904903	0611847
064904904	0611848
064904905	0611849
064904906	0611850
064904907	0611851
064904908	0611852
064904909	0611853
064904910	0611854
064904913	0611854
064904911	0611855
064904914	0611855
064905001	0611856
064905002	0611857
064905003	0611858
064905004	0611859
064905005	0611860
064905006	0611861
064905007	0611862
064905008	0611863
064905009	0611864
064905010	0611865
064905011	0611866
064905101	0611867
064905102	0611868
064905103	0611869
064905104	0611870
064905112	0611871
064905105	0611871
064905106	0611872
064905107	0611873
064905108	0611874
064905109	0611875
064905110	0611876
064905111	0611877
064970101	0611878
064970102	0611879
064970103	0611880
064970104	0611881
064970105	0611882
064970106	0611883
064970107	0611884
064970108	0611885
064970109	0611886
064970110	0611887
064970111	0611888
064970112	0611889
064970210	0611890
064970201	0611890
064970202	0611891
064970203	0611892
064970209	0611892
064970208	0611893
064970204	0611893
064970205	0611894
064970206	0611895
064970207	0611896
064970302	0611897
064970303	0611898
064970304	0611898
064970306	0611899
064970305	0611899
064970301	0611900
064971501	0611901
064971502	0611901
064970312	0611901
064971503	0611901
064970307	0611901
064970309	0611901
064970308	0611901
064970313	0611901
064970310	0611902
064971504	0611903
064971505	0611903
064971506	0611904
064970311	0611905
064971507	0611906
064971508	0611907
064970315	0611908
064970314	0611908
064970401	0611909
064970403	0611910
064970402	0611910
064970404	0611911
064970405	0611911
064970406	0611912
064970407	0611913
064970408	0611914
064970409	0611915
064971608	0611916
064971609	0611916
064971607	0611917
064971606	0611917
064971605	0611918
064971601	0611918
064971602	0611918
064971604	0611918
064971603	0611918
064970501	0611919
064970502	0611920
064970503	0611921
064970504	0611922
064970505	0611922
064970507	0611923
064970506	0611923
064970508	0611924
064970509	0611924
064970510	0611925
064971701	0611926
064971702	0611927
064971706	0611928
064971705	0611928
064971708	0611929
064971707	0611929
064971704	0611930
064971703	0611931
064970601	0611932
064970602	0611933
064970603	0611934
064971801	0611935
064971802	0611936
064971803	0611937
064971805	0611938
064971807	0611939
064971806	0611939
064970608	0611940
064970609	0611940
064970604	0611940
064970606	0611940
064970605	0611941
064970607	0611942
064971808	0611943
064971804	0611943
064971809	0611944
064971810	0611945
064970701	0611946
064970711	0611946
064970702	0611947
064970703	0611948
064970704	0611949
064970705	0611950
064970706	0611951
064970707	0611952
064970708	0611953
064970709	0611954
064970710	0611955
064970805	0611956
064970806	0611957
064970804	0611957
064970801	0611958
064970803	0611958
064970802	0611958
064970812	0611959
064970811	0611960
064970810	0611961
064970809	0611962
064971910	0611963
064971901	0611963
064971903	0611964
064971902	0611964
064971904	0611965
064971905	0611966
064971908	0611967
064971909	0611967
064971907	0611968
064971906	0611969
064970807	0611970
064970808	0611970
064970901	0611971
064971001	0611972
064971002	0611973
064971003	0611974
064971004	0611975
064971005	0611976
064971009	0611977
064971006	0611977
064971007	0611978
064971008	0611979
064971010	0611979
064971101	0611980
064971102	0611981
064971103	0611982
064971109	0611983
064971104	0611983
064971105	0611984
064971106	0611985
064971107	0611986
064971108	0611987
064972001	0611988
064972004	0611989
064972005	0611989
064972006	0611990
064972007	0611991
064972008	0611992
064972009	0611993
064972003	0611994
064971212	0611995
064972002	0611995
064971216	0611995
064971214	0611995
064971213	0611995
064971215	0611995
064971201	0611996
064971202	0611996
064971203	0611996
064971206	0611997
064971205	0611997
064971204	0611997
064971211	0611998
064971207	0611998
064971210	0611998
064971209	0611999
064971208	0611999
064971301	0612000
064971313	0612000
064971302	0612001
064971303	0612002
064971304	0612003
064971312	0612004
064971305	0612004
064971306	0612005
064971307	0612006
064971308	0612007
064971309	0612008
064971310	0612009
064971311	0612010
064971401	0612011
064971411	0612011
064971402	0612012
064971403	0612013
064971412	0612013
064971404	0612014
064971405	0612015
064971406	0612016
064971407	0612017
064971408	0612018
064971409	0612019
064971410	0612020
065050101	0612021
065050102	0612022
065050103	0612023
065050104	0612024
065050105	0612025
065050106	0612026
065050201	0612027
065050202	0612028
065050203	0612029
065050204	0612030
065050205	0612031
065050213	0612031
065050206	0612032
065050207	0612033
065050208	0612034
065050209	0612035
065050210	0612036
065050211	0612037
065050301	0612038
065050302	0612039
065050303	0612040
065050304	0612041
065050306	0612042
065050305	0612042
065050311	0612043
065050308	0612043
065050307	0612043
065050310	0612044
065050312	0612045
065050501	0612046
065050503	0612047
065050502	0612048
065050313	0612049
065050309	0612050
065050314	0612051
065050508	0612052
065050507	0612052
065050510	0612053
065050511	0612054
065050512	0612055
065050506	0612056
065050505	0612057
065050504	0612058
065050513	0612059
065050514	0612059
065050509	0612059
065050401	0612060
065050402	0612061
065050408	0612061
065050403	0612062
065050404	0612063
065050405	0612064
065050406	0612065
065050407	0612066
065110101	0612067
065110102	0612068
065110201	0612069
065110202	0612070
065110301	0612071
065110302	0612072
065110303	0612073
065110304	0612074
065110401	0612075
065110402	0612076
065110501	0612077
065110502	0612078
065110514	0612079
065110503	0612079
065110504	0612080
065110505	0612081
065110506	0612082
065110507	0612083
065110508	0612084
065110509	0612085
065110515	0612085
065110510	0612086
065110511	0612087
065110512	0612088
065110513	0612089
065110603	0612090
065110601	0612091
065110602	0612092
065110701	0612093
065110702	0612094
065150101	0612095
065150102	0612096
065150103	0612097
065152201	0612098
065152202	0612099
065152203	0612099
065152204	0612100
065152205	0612101
065152206	0612102
065152207	0612102
065152208	0612103
065150109	0612104
065150108	0612105
065150110	0612105
065150106	0612106
065150107	0612106
065150105	0612107
065150104	0612107
065150201	0612108
065150203	0612109
065150202	0612110
065150204	0612111
065150205	0612112
065150206	0612113
065150207	0612114
065150209	0612114
065152301	0612115
065150208	0612115
065152309	0612116
065152307	0612117
065152308	0612117
065152302	0612117
065150210	0612118
065150211	0612119
065150212	0612120
065152304	0612121
065152303	0612121
065152305	0612122
065152306	0612123
065150301	0612124
065150302	0612125
065150303	0612126
065150304	0612127
065150305	0612128
065150306	0612129
065152401	0612130
065152402	0612131
065152406	0612132
065152407	0612133
065152408	0612134
065152405	0612135
065152404	0612136
065152403	0612137
065150401	0612138
065150402	0612139
065150403	0612140
065150404	0612141
065150405	0612142
065150406	0612143
065150407	0612144
065150408	0612145
065150409	0612146
065150410	0612147
065150411	0612148
065150501	0612149
065150502	0612150
065150503	0612151
065150504	0612152
065150505	0612153
065150506	0612154
065150507	0612155
065150508	0612156
065150509	0612157
065150510	0612158
065150513	0612159
065150511	0612159
065150512	0612160
065150601	0612161
065150608	0612162
065152501	0612163
065152505	0612164
065152506	0612165
065152507	0612166
065152508	0612166
065152504	0612167
065152502	0612168
065150607	0612169
065150602	0612170
065150603	0612171
065150604	0612172
065150606	0612173
065150605	0612174
065152503	0612175
065152509	0612176
065150701	0612177
065150702	0612178
065150703	0612179
065150706	0612180
065150707	0612181
065150705	0612182
065150704	0612183
065152601	0612184
065152603	0612185
065152602	0612185
065152604	0612186
065152605	0612187
065152606	0612188
065152607	0612188
065152608	0612189
065152609	0612190
065150813	0612191
065150801	0612191
065150802	0612192
065150803	0612193
065150804	0612194
065150805	0612195
065150806	0612196
065150807	0612197
065150808	0612198
065150809	0612199
065150810	0612200
065150811	0612201
065150814	0612201
065150812	0612202
065152703	0612203
065152702	0612204
065152704	0612204
065152705	0612205
065152706	0612206
065152707	0612207
065152708	0612208
065150905	0612209
065150906	0612210
065150907	0612211
065152701	0612212
065150908	0612212
065150901	0612213
065150902	0612214
065150904	0612215
065150903	0612216
065151009	0612217
065151008	0612218
065151007	0612218
065151006	0612219
065151001	0612220
065151002	0612221
065151005	0612222
065151004	0612223
065152805	0612224
065151003	0612224
065152806	0612225
065152808	0612226
065152807	0612227
065152804	0612228
065152803	0612229
065152801	0612230
065152802	0612231
065151101	0612232
065151102	0612233
065151114	0612233
065151103	0612234
065151104	0612235
065151105	0612236
065151106	0612237
065151107	0612238
065151108	0612239
065151109	0612240
065151110	0612241
065151111	0612242
065151112	0612243
065151113	0612244
065151201	0612245
065151202	0612246
065151203	0612247
065151204	0612248
065151205	0612249
065151206	0612250
065152910	0612251
065151207	0612251
065151208	0612252
065151209	0612253
065152905	0612254
065152904	0612255
065152902	0612256
065152901	0612256
065152903	0612257
065152907	0612258
065152906	0612259
065152909	0612260
065152908	0612261
065151301	0612262
065151302	0612263
065151303	0612264
065151304	0612265
065151305	0612266
065151306	0612266
065151307	0612267
065151308	0612267
065153001	0612268
065153008	0612269
065153007	0612270
065153009	0612270
065153006	0612271
065153002	0612272
065153003	0612273
065153005	0612274
065153004	0612275
065151401	0612276
065151402	0612277
065151403	0612278
065151404	0612279
065151405	0612280
065151406	0612281
065151407	0612282
065151408	0612283
065151409	0612284
065151410	0612285
065151411	0612286
065151501	0612287
065151502	0612288
065151503	0612289
065151504	0612290
065151505	0612291
065151506	0612292
065151507	0612293
065151508	0612294
065151509	0612295
065151510	0612296
065151511	0612297
065151512	0612298
065151513	0612299
065151601	0612300
065151602	0612301
065151603	0612302
065151604	0612303
065151605	0612304
065151606	0612305
065151610	0612306
065151607	0612306
065151611	0612307
065151608	0612307
065151609	0612308
065151713	0612309
065151701	0612309
065151702	0612310
065151711	0612310
065151703	0612311
065151704	0612312
065151705	0612313
065151706	0612314
065151714	0612314
065151712	0612315
065151707	0612315
065151708	0612316
065151709	0612317
065151710	0612318
065151801	0612319
065151802	0612320
065151803	0612321
065151804	0612321
065151805	0612322
065151806	0612323
065153106	0612324
065153105	0612325
065153101	0612326
065153102	0612327
065153104	0612328
065153103	0612329
065153107	0612330
065153108	0612331
065153109	0612331
065151901	0612332
065151903	0612333
065151904	0612334
065151907	0612334
065151908	0612335
065151906	0612336
065151905	0612337
065153201	0612338
065151902	0612338
065153207	0612339
065153208	0612340
065153206	0612341
065153202	0612342
065153203	0612343
065153205	0612344
065153204	0612345
065153308	0612346
065153307	0612346
065153310	0612347
065153309	0612348
065153303	0612349
065153304	0612350
065153306	0612351
065153305	0612352
065153301	0612353
065153302	0612354
065152003	0612355
065152004	0612355
065152002	0612356
065152001	0612357
065152005	0612358
065152006	0612359
065152007	0612359
065152008	0612360
065152101	0612361
065152102	0612362
065152103	0612363
065152104	0612364
065153403	0612365
065153402	0612366
065153401	0612367
065153406	0612368
065153405	0612369
065153407	0612370
065153408	0612371
065153404	0612372
065152107	0612373
065152106	0612374
065152105	0612375
065180101	0612376
065180102	0612377
065180103	0612378
065180104	0612379
065180105	0612380
065180106	0612381
065180107	0612382
065180108	0612383
065180109	0612384
065180110	0612385
065180111	0612386
065180112	0612387
065180113	0612388
065180114	0612389
065180115	0612390
065180201	0612391
065180202	0612392
065180203	0612393
065180204	0612394
065180205	0612395
065180206	0612396
065180207	0612397
065180208	0612398
065180209	0612399
065180210	0612400
065180211	0612401
065180212	0612402
065180301	0612403
065180302	0612404
065180303	0612405
065180304	0612406
065180305	0612407
065180401	0612408
065180402	0612409
065180403	0612410
065180404	0612411
065180405	0612412
065180406	0612413
065180407	0612414
065180408	0612415
065180409	0612416
065180410	0612417
065180411	0612418
065180412	0612419
065180501	0612420
065180502	0612421
065180503	0612422
065180504	0612423
065180505	0612424
065180506	0612425
065180507	0612426
065180508	0612427
065180509	0612428
065180510	0612429
065180512	0612430
065180511	0612430
065180601	0612431
065180602	0612432
065180604	0612432
065180605	0612433
065180606	0612434
065180607	0612434
065180608	0612435
065180609	0612436
065180901	0612437
065180603	0612438
065180903	0612439
065180902	0612439
065180904	0612440
065180906	0612441
065180907	0612442
065180908	0612443
065180910	0612444
065180911	0612444
065180912	0612444
065180905	0612445
065180909	0612445
065180913	0612445
065181010	0612446
065181001	0612446
065180702	0612447
065180701	0612447
065180703	0612447
065180706	0612448
065180705	0612448
065180704	0612448
065181005	0612449
065181004	0612450
065180712	0612450
065180711	0612451
065180710	0612452
065180709	0612453
065180713	0612453
065180714	0612454
065180708	0612455
065180715	0612456
065180707	0612456
065181002	0612457
065181009	0612458
065181008	0612459
065181003	0612460
065181006	0612461
065181007	0612462
065180801	0612463
065180802	0612464
065180803	0612465
065180804	0612466
065180805	0612467
065180807	0612468
065180806	0612468
065180808	0612469
065180809	0612469
065181104	0612470
065181105	0612470
065181103	0612471
065181106	0612471
065181109	0612472
065181107	0612472
065181108	0612472
065181102	0612473
065181101	0612474
065181111	0612475
065181110	0612476
065250702	0612477
065250701	0612478
065250106	0612479
065250105	0612480
065250104	0612481
065250101	0612482
065250102	0612483
065250103	0612484
065250107	0612485
065250108	0612486
065250705	0612487
065250704	0612487
065250703	0612488
065250706	0612489
065250707	0612490
065250202	0612491
065250201	0612492
065250203	0612493
065250205	0612493
065250208	0612493
065250204	0612493
065250207	0612494
065250206	0612494
065250301	0612495
065250306	0612496
065250302	0612496
065250305	0612497
065250303	0612497
065250307	0612497
065250304	0612498
065250401	0612499
065250402	0612499
065250403	0612500
065250407	0612500
065250404	0612501
065250406	0612502
065250409	0612503
065250408	0612503
065250410	0612504
065250411	0612504
065250412	0612505
065250413	0612506
065250414	0612507
065250405	0612508
065250802	0612509
065250803	0612509
065250801	0612510
065250811	0612511
065250816	0612511
065250804	0612511
065250808	0612511
065250805	0612512
065250806	0612512
065250809	0612513
065250807	0612513
065250810	0612514
065250812	0612515
065250815	0612515
065250813	0612516
065250814	0612516
065250502	0612517
065250505	0612517
065250501	0612517
065250507	0612517
065250506	0612517
065250503	0612518
065250504	0612519
065250508	0612520
065250509	0612520
065250602	0612521
065250601	0612522
065250604	0612523
065250605	0612523
065250606	0612524
065250607	0612525
065250610	0612526
065250609	0612526
065250603	0612527
065250608	0612527
065250901	0612528
065250902	0612529
065250903	0612530
065250906	0612531
065250905	0612531
065250904	0612532
065250907	0612533
065250908	0612534
065320101	0612535
065320113	0612535
065320102	0612536
065320103	0612537
065320104	0612538
065320105	0612539
065320106	0612540
065320107	0612541
065320108	0612542
065320109	0612543
065320110	0612544
065320111	0612545
065320112	0612546
065320201	0612547
065320202	0612548
065320203	0612549
065320204	0612550
065320205	0612551
065320206	0612552
065320207	0612553
065320208	0612554
065320301	0612555
065320302	0612556
065320303	0612557
065320304	0612558
065320306	0612559
065320305	0612560
065321601	0612561
065321602	0612561
065321603	0612562
065321604	0612563
065321605	0612563
065321606	0612564
065321607	0612565
065321608	0612566
065321609	0612567
065320401	0612568
065320405	0612568
065320402	0612569
065320403	0612570
065320404	0612570
065320501	0612571
065320502	0612572
065320503	0612573
065320504	0612574
065320505	0612574
065320601	0612575
065320602	0612576
065320603	0612577
065320604	0612578
065320701	0612579
065320801	0612580
065320802	0612581
065320803	0612582
065320804	0612583
065320805	0612584
065320902	0612585
065320901	0612585
065320903	0612585
065320907	0612586
065320904	0612586
065320905	0612586
065320909	0612587
065320910	0612587
065320908	0612588
065321705	0612588
065321706	0612588
065321704	0612588
065321703	0612589
065320906	0612589
065321707	0612590
065321709	0612591
065321708	0612591
065321711	0612592
065321710	0612592
065321714	0612592
065321806	0612593
065321804	0612593
065321805	0612593
065321807	0612594
065321802	0612594
065321801	0612594
065321803	0612594
065321702	0612595
065321701	0612595
065321713	0612596
065321712	0612596
065321001	0612597
065321006	0612598
065321002	0612598
065321003	0612599
065321004	0612600
065321005	0612601
065321101	0612602
065321102	0612603
065321103	0612604
065321104	0612605
065321201	0612606
065321202	0612607
065321203	0612608
065321301	0612609
065321302	0612610
065321303	0612611
065321401	0612612
065321402	0612613
065321403	0612614
065321404	0612615
065321405	0612616
065321406	0612617
065321407	0612618
065321408	0612619
065321501	0612620
065321502	0612621
065321513	0612621
065321503	0612622
065321504	0612623
065321505	0612624
065321506	0612625
065321507	0612626
065321508	0612627
065321509	0612628
065321514	0612628
065321510	0612629
065321511	0612630
065321515	0612631
065321512	0612631
065390101	0612632
065390104	0612633
065390106	0612634
065390105	0612635
065390103	0612636
065390102	0612637
065393501	0612638
065393502	0612639
065393503	0612640
065393504	0612641
065393505	0612642
065393506	0612643
065393507	0612644
065393508	0612645
065390201	0612646
065390202	0612647
065390207	0612648
065390209	0612649
065390208	0612649
065602309	0612650
065602310	0612651
065602308	0612651
065604310	0612652
065604309	0612653
065604305	0612654
065604303	0612654
065604302	0612655
065604306	0612656
065604307	0612657
065604311	0612658
065604308	0612658
065602401	0612659
065602402	0612660
065604402	0612661
065604401	0612662
065604407	0612663
065604408	0612664
065604409	0612665
065604406	0612666
065604403	0612667
065602405	0612668
065602403	0612669
065602404	0612669
065602409	0612670
065602408	0612671
065602407	0612672
065681610	0612673
065681611	0612674
065681612	0612675
065681701	0612676
065681702	0612677
065681703	0612678
065681704	0612679
065681705	0612680
065681713	0612681
065681706	0612681
065681707	0612682
065681708	0612683
065681709	0612684
065681710	0612685
065681711	0612686
065681712	0612687
065681809	0612688
065681807	0612689
065681808	0612689
065681806	0612690
065681805	0612690
065683608	0612691
065683609	0612691
065683606	0612692
065683607	0612692
065681804	0612693
065681803	0612694
065683605	0612695
066581610	0612696
066581611	0612697
066581612	0612698
066581701	0612699
066581702	0612700
066581703	0612701
066581704	0612702
066581705	0612703
066581706	0612704
066581707	0612705
066581708	0612706
066581709	0612707
066581710	0612708
066581711	0612709
066581712	0612710
066581801	0612711
066581802	0612712
066581803	0612713
066581804	0612714
066581805	0612715
066581806	0612716
066581807	0612717
066581808	0612718
067350306	0612719
067350307	0612720
067350310	0612721
067350308	0612721
067350401	0612722
067350407	0612723
067350402	0612723
067350405	0612724
067350403	0612724
067350404	0612725
067350406	0612725
067350501	0612726
067350502	0612727
067350503	0612728
067350504	0612729
067350601	0612730
067350602	0612731
067350603	0612732
067350701	0612733
067350711	0612734
067350702	0612734
067350703	0612735
067350704	0612736
067350705	0612737
067350706	0612738
067350712	0612738
067350707	0612739
067350708	0612740
067350709	0612741
067350710	0612742
067420101	0612743
067560606	0612744
067560607	0612745
067560608	0612746
067560609	0612747
067560610	0612748
067560611	0612749
067560612	0612750
067560701	0612751
067560702	0612752
067560703	0612753
067560704	0612754
067560705	0612755
067560711	0612756
067560706	0612756
067560707	0612757
067560708	0612758
067560709	0612759
067560710	0612760
067560801	0612761
067560802	0612762
067560803	0612763
067560804	0612764
067560805	0612765
067560806	0612766
067562001	0612767
067562002	0612768
067562003	0612769
067562004	0612770
067562005	0612771
067562006	0612772
067562007	0612773
067562010	0612773
067562008	0612774
067562009	0612775
067562113	0612776
067562101	0612776
067562102	0612777
067562103	0612778
067562112	0612779
067562104	0612779
067562105	0612780
067562106	0612781
067562107	0612782
067562108	0612783
067562109	0612784
067562110	0612785
067562111	0612786
067562202	0612787
067562203	0612788
067562204	0612789
068330502	0612790
068330503	0612791
068330601	0612792
068330602	0612793
068330603	0612794
068330604	0612795
068330701	0612796
068330702	0612797
068330703	0612798
068330704	0612799
068330705	0612800
068330706	0612801
068330801	0612802
068330802	0612803
068330803	0612804
068330901	0612805
068330902	0612806
068330903	0612807
068332208	0612808
068332209	0612808
068332207	0612809
068332206	0612810
068332201	0612811
068332205	0612812
068332202	0612812
068332204	0612813
068331007	0612814
068332203	0612814
065390206	0612815
065390203	0612816
065390205	0612817
065390204	0612817
065393602	0612818
065393601	0612818
065393603	0612819
065393604	0612820
065393605	0612821
065393606	0612822
065393607	0612823
065393608	0612824
065390301	0612825
065390302	0612826
065390303	0612827
065390304	0612828
065390305	0612829
065390306	0612830
065390307	0612831
065390308	0612832
065390309	0612833
065390310	0612834
065390311	0612835
065393707	0612836
065390405	0612837
065390406	0612837
065390409	0612838
065393708	0612839
065393706	0612840
065393701	0612841
065393702	0612841
065390404	0612842
065390408	0612843
065393704	0612844
065393703	0612844
065390403	0612845
065390402	0612846
065393705	0612847
065390407	0612848
065390401	0612849
065390501	0612850
065390510	0612851
065390502	0612851
065390503	0612852
065390504	0612853
065390505	0612854
065390506	0612855
065390507	0612856
065390508	0612857
065390509	0612858
065390511	0612858
065390601	0612859
065390610	0612859
065390602	0612860
065390603	0612861
065390604	0612862
065390605	0612863
065390611	0612864
065390606	0612864
065390612	0612865
065390607	0612865
065390608	0612866
065390609	0612867
065390710	0612868
065390701	0612868
065390702	0612869
065390703	0612870
065390711	0612871
065390704	0612871
065390705	0612872
065390706	0612873
065390707	0612874
065390708	0612875
065390709	0612876
065390712	0612876
065390802	0612877
065390801	0612878
065390804	0612879
065390803	0612880
065390806	0612881
065390805	0612882
065390807	0612883
065393804	0612884
065393803	0612885
065393801	0612886
065393802	0612887
065393806	0612888
065393807	0612888
065393805	0612889
065393808	0612890
065393809	0612891
065390901	0612892
065390902	0612893
065390903	0612894
065390904	0612895
065390905	0612896
065390913	0612897
065390906	0612897
065390907	0612898
065390908	0612899
065394101	0612900
065394104	0612901
065394105	0612902
065394106	0612903
065394107	0612904
065394108	0612905
065394109	0612906
065391301	0612907
065391310	0612907
065391302	0612908
065391303	0612909
065391304	0612910
065391305	0612911
065391306	0612912
065391307	0612913
065391308	0612914
065391309	0612915
065391311	0612915
065391401	0612916
065391402	0612917
065391403	0612918
065391404	0612919
065394201	0612920
065394202	0612921
065394203	0612922
065394204	0612923
065391405	0612924
065391406	0612925
065391407	0612926
065391408	0612927
065394205	0612928
065394206	0612929
065394207	0612930
065391409	0612931
065391501	0612932
065391502	0612933
065391503	0612934
065391504	0612935
065391505	0612936
065391506	0612937
065391507	0612938
065391512	0612938
065391508	0612939
065391509	0612940
065391510	0612941
065391511	0612942
065391601	0612943
065391603	0612944
065391602	0612944
065391604	0612945
065391605	0612946
065391608	0612947
065391607	0612947
065391606	0612948
065394301	0612948
065394305	0612949
065394306	0612949
065394307	0612950
065394308	0612951
065394304	0612952
065394303	0612953
065394302	0612953
065394401	0612954
065394407	0612955
065394406	0612956
065394405	0612957
065394402	0612958
065394403	0612959
065391701	0612960
065391702	0612961
065391703	0612962
065394404	0612963
065394408	0612964
065391708	0612965
065391707	0612966
065391704	0612967
065391705	0612968
065391706	0612969
065391709	0612970
065391801	0612971
065391802	0612972
065391803	0612973
065391804	0612974
065391805	0612975
065391806	0612976
065391807	0612977
065391808	0612978
065391809	0612979
065391901	0612980
065391902	0612981
065391903	0612982
065391904	0612983
065391905	0612984
065391906	0612985
065391907	0612986
065391908	0612987
065391909	0612988
065392001	0612989
065392004	0612990
065392005	0612991
065392006	0612992
065392007	0612993
065392008	0612994
065392002	0612995
065392003	0612996
065394501	0612997
065394502	0612997
065394503	0612998
065394504	0612999
065394505	0613000
065394506	0613000
065394507	0613001
065394508	0613002
065392101	0613003
065392102	0613004
065392103	0613005
065392104	0613006
065392105	0613007
065392106	0613008
065392107	0613009
065392108	0613010
065392201	0613011
065392209	0613012
065392202	0613012
065392210	0613013
065392203	0613013
065392204	0613014
065392205	0613015
065392211	0613015
065392206	0613016
065392207	0613017
065392208	0613018
065392301	0613019
065392302	0613020
065392303	0613021
065392304	0613022
065392305	0613023
065392306	0613024
065392307	0613025
065394601	0613026
065392308	0613026
065394602	0613027
065394603	0613028
065394604	0613029
065394605	0613030
065394606	0613031
065394607	0613032
065392401	0613033
065392402	0613034
065394701	0613035
065394702	0613036
065392403	0613037
065392405	0613038
065392406	0613039
065392407	0613040
065392408	0613041
065392404	0613042
065394703	0613043
065394705	0613044
065394704	0613045
065394707	0613046
065394706	0613047
065392501	0613048
065392513	0613048
065392502	0613049
065392503	0613050
065392504	0613051
065392505	0613052
065392506	0613053
065392507	0613054
065392508	0613055
065392509	0613056
065392510	0613057
065392511	0613058
065392512	0613059
065392601	0613060
065392605	0613061
065392602	0613061
065392603	0613062
065392604	0613063
065392606	0613064
065392607	0613065
065394806	0613066
065394807	0613066
065394805	0613067
065394802	0613068
065394801	0613069
065394803	0613070
065394804	0613071
065394808	0613072
065394809	0613073
065394901	0613074
065394902	0613074
065392703	0613075
065392702	0613075
065392701	0613076
065392704	0613076
065392705	0613077
065392706	0613078
065392707	0613079
065392708	0613080
065394909	0613081
065394908	0613081
065394907	0613082
065394906	0613083
065394905	0613084
065394904	0613085
065394903	0613085
065392801	0613086
065392802	0613087
065392803	0613088
065392804	0613089
065392805	0613090
065392806	0613091
065392807	0613092
065392808	0613093
065392813	0613093
065392809	0613094
065392810	0613095
065392811	0613096
065392812	0613097
065392902	0613098
065392901	0613098
065395010	0613099
065395011	0613100
065392903	0613101
065392904	0613102
065392905	0613102
065395012	0613103
065395009	0613104
065395008	0613105
065395006	0613106
065395005	0613106
065395001	0613107
065395002	0613108
065395003	0613109
065395004	0613110
065395013	0613111
065395007	0613111
065392906	0613112
065392913	0613112
065392908	0613113
065392907	0613113
065392909	0613114
065392910	0613115
065392911	0613116
065392912	0613117
065395105	0613117
065395104	0613118
065395101	0613119
065395102	0613120
065395103	0613121
065395106	0613122
065393002	0613123
065393001	0613123
065393006	0613124
065393007	0613124
065393008	0613125
065393009	0613126
065393005	0613127
065393003	0613128
065393004	0613129
065395202	0613130
065395201	0613131
065395205	0613132
065395204	0613133
065395203	0613134
065395207	0613135
065395208	0613136
065395209	0613137
065395206	0613138
065393101	0613139
065393102	0613139
065393104	0613140
065393103	0613140
065393110	0613141
065393109	0613141
065393111	0613141
065393107	0613142
065393105	0613142
065393106	0613143
065393108	0613144
065393113	0613145
065393112	0613145
065395303	0613146
065395304	0613147
065395302	0613148
065395301	0613149
065395308	0613150
065395307	0613151
065395305	0613152
065395306	0613153
065395309	0613154
065395310	0613155
065395401	0613156
065395402	0613157
065395403	0613158
065395404	0613159
065395406	0613160
065395405	0613161
065395408	0613162
065395407	0613163
065393201	0613164
065393202	0613165
065393203	0613166
065393204	0613167
065393205	0613168
065393206	0613168
065393209	0613169
065393210	0613169
065393207	0613170
065393208	0613170
065393301	0613171
065393302	0613172
065393306	0613173
065393307	0613174
065393308	0613175
065393311	0613176
065395507	0613177
065393310	0613178
065393309	0613178
065393304	0613179
065393303	0613179
065395501	0613179
065393305	0613180
065395502	0613180
065395506	0613181
065395508	0613182
065395509	0613183
065395510	0613183
065395511	0613184
065395512	0613184
065395504	0613185
065395505	0613185
065395503	0613186
065393401	0613187
065393403	0613188
065393402	0613188
065393405	0613189
065393404	0613190
065393409	0613191
065393408	0613191
065393406	0613192
065393407	0613192
065393410	0613193
065393411	0613193
065395613	0613194
065395612	0613195
065395611	0613196
065395602	0613197
065395601	0613198
065395603	0613199
065395606	0613199
065395604	0613200
065395605	0613200
065395610	0613201
065395609	0613202
065395607	0613203
065395608	0613204
065470101	0613205
065470102	0613206
065470201	0613207
065470204	0613208
065470202	0613208
065470203	0613209
065470301	0613210
065470303	0613211
065470302	0613211
065470305	0613212
065470304	0613213
065471001	0613214
065530207	0613215
065530204	0613215
065530210	0613215
065530206	0613215
065530208	0613216
065530205	0613216
065530301	0613217
065530302	0613218
065530306	0613219
065530307	0613220
065530308	0613221
065530402	0613222
065530401	0613223
065530403	0613224
065530407	0613225
065530406	0613226
065530404	0613227
065530405	0613227
065530305	0613228
065530304	0613229
065530303	0613230
065600101	0613231
065600109	0613231
065600103	0613232
065600102	0613232
065600104	0613233
065600105	0613233
065600108	0613234
065600111	0613235
065600107	0613235
065600106	0613236
065602603	0613237
065602601	0613238
065602602	0613239
065602604	0613240
065602605	0613241
065602606	0613242
065600112	0613243
065600113	0613244
065602609	0613244
065602608	0613244
065600110	0613244
065602607	0613244
065602610	0613245
065600201	0613246
065600202	0613246
065600203	0613247
065600204	0613248
065600205	0613249
065600206	0613249
065600207	0613250
065600209	0613251
065602702	0613251
065600208	0613252
065600210	0613253
065600211	0613254
065600212	0613255
065602708	0613256
065602707	0613256
065602706	0613256
065602709	0613256
065602704	0613256
065602703	0613256
065602701	0613256
065602705	0613256
065602807	0613257
065602810	0613257
065602811	0613258
065602809	0613259
065602812	0613259
065602808	0613260
065602907	0613260
065602903	0613260
065602906	0613260
065602803	0613261
065602804	0613261
065602902	0613261
065602806	0613261
065602905	0613261
065602802	0613261
065602908	0613261
065602901	0613261
065602805	0613261
065602801	0613261
065602904	0613261
065600305	0613262
065600304	0613262
065600301	0613262
065600310	0613262
065600303	0613263
065600302	0613263
065600306	0613264
065600307	0613265
065600308	0613266
065600309	0613267
065604604	0613268
065604603	0613268
065604601	0613268
065604602	0613268
065604608	0613269
065604711	0613269
065604609	0613269
065604606	0613269
065604705	0613269
065604605	0613269
065604607	0613269
065604703	0613270
065604704	0613270
065604706	0613271
065604710	0613272
065604709	0613273
065604708	0613274
065604707	0613275
065604702	0613276
065604701	0613276
065604610	0613277
065600401	0613278
065600402	0613279
065600411	0613280
065600412	0613280
065603002	0613281
065603001	0613281
065603013	0613282
065603012	0613283
065603011	0613284
065603003	0613285
065603004	0613285
065600409	0613286
065600410	0613287
065600403	0613288
065600404	0613289
065600405	0613290
065600406	0613291
065600407	0613292
065600408	0613293
065603005	0613294
065603006	0613295
065603007	0613295
065603008	0613296
065603010	0613297
065603009	0613297
065600501	0613298
065600502	0613298
065600503	0613299
065600504	0613300
065600505	0613301
065600506	0613301
065600507	0613302
065600508	0613303
065600509	0613304
065600510	0613305
065603102	0613306
065603101	0613307
065603105	0613308
065603104	0613309
065603103	0613310
065603106	0613311
065603107	0613312
065600601	0613313
065600608	0613314
065600607	0613314
065600602	0613315
065600603	0613316
065600609	0613317
065600606	0613317
065600610	0613318
065600612	0613319
065603208	0613319
065600611	0613320
065600605	0613320
065600604	0613321
065603201	0613321
065603206	0613322
065603207	0613323
065603209	0613324
065603210	0613325
065603205	0613326
065603202	0613327
065603203	0613328
065603204	0613329
065603211	0613330
065600701	0613331
065600702	0613332
065600709	0613332
065600711	0613333
065600710	0613334
065600708	0613335
065600707	0613336
065600706	0613337
065600705	0613338
065603311	0613339
065603312	0613339
065600704	0613340
065600703	0613341
065603310	0613342
065603301	0613343
065603302	0613344
065603304	0613345
065603303	0613345
065603308	0613346
065603309	0613346
065603307	0613347
065603306	0613347
065603305	0613348
065600801	0613349
065600802	0613350
065600803	0613351
065600804	0613352
065600805	0613353
065600806	0613354
065603401	0613355
065603402	0613355
065603403	0613356
065603404	0613357
065603405	0613358
065603406	0613359
065603407	0613360
065603408	0613360
065600901	0613361
065600902	0613362
065600903	0613363
065600904	0613364
065600905	0613365
065600906	0613366
065600907	0613367
065600908	0613368
065600909	0613369
065600910	0613370
065600911	0613371
065600913	0613372
065600912	0613372
065603501	0613373
065603503	0613374
065603504	0613375
065603506	0613376
065603505	0613376
065603507	0613377
065603508	0613378
065601004	0613379
065603502	0613379
065601001	0613380
065601002	0613381
065601003	0613382
065601007	0613383
065601006	0613384
065601005	0613385
065601101	0613386
065601106	0613387
065601107	0613388
065601105	0613389
065601102	0613389
065601103	0613390
065601104	0613391
065601108	0613392
065601109	0613392
065601110	0613393
065603610	0613393
065603609	0613394
065601404	0613395
065604809	0613396
065604808	0613396
065604810	0613397
065604811	0613398
065601501	0613399
065601502	0613400
065601507	0613401
065601509	0613402
065601508	0613403
065601511	0613404
065601510	0613405
065603810	0613406
065603809	0613406
065601506	0613406
065603808	0613406
065601503	0613407
065601504	0613407
065601505	0613408
065603807	0613409
065603806	0613410
065603805	0613411
065603801	0613412
065603803	0613413
065603802	0613413
065603804	0613414
065601602	0613415
065601601	0613415
065601604	0613416
065601605	0613417
065601606	0613418
065601603	0613418
065601608	0613419
065601607	0613420
065601609	0613421
065601610	0613422
065603901	0613423
065603902	0613424
065603904	0613425
065603903	0613426
065603905	0613427
065603907	0613427
065603906	0613428
065603908	0613429
065603909	0613430
065601702	0613431
065601701	0613431
065601704	0613432
065601703	0613432
065601706	0613433
065601705	0613433
065601708	0613434
065601707	0613434
065601710	0613435
065601711	0613435
065604905	0613436
065601709	0613436
065604902	0613437
065604901	0613437
065604903	0613438
065604904	0613439
065604910	0613440
065604906	0613441
065605002	0613442
065605001	0613442
065604911	0613443
065604913	0613443
065604912	0613444
065605012	0613445
065605011	0613445
065605004	0613446
065605005	0613447
065605010	0613448
065605006	0613449
065605007	0613449
065605008	0613450
065605009	0613451
065604908	0613452
065604907	0613453
065605003	0613454
065604909	0613454
065601802	0613455
065601801	0613455
065601812	0613456
065601813	0613456
065601811	0613457
065601805	0613458
065601803	0613459
065601804	0613459
065601810	0613460
065601807	0613460
065601806	0613460
065601808	0613461
065601809	0613461
065604010	0613462
065604009	0613463
065604001	0613463
065604003	0613464
065604002	0613464
065604007	0613465
065604008	0613465
065604011	0613466
065604006	0613467
065604004	0613468
065604005	0613469
065601901	0613470
065605102	0613471
065605101	0613471
065605103	0613472
065605104	0613472
065601902	0613473
065601903	0613474
065605106	0613475
065605105	0613475
065601904	0613476
065601905	0613477
065601910	0613478
065601908	0613479
065601909	0613479
065601906	0613480
065601907	0613481
065605112	0613482
065605107	0613483
065605109	0613484
065605108	0613484
065605110	0613485
065605111	0613485
065605201	0613486
065605202	0613486
065605203	0613486
065605204	0613487
065605205	0613487
065605206	0613488
065605207	0613488
065605208	0613489
065605209	0613489
065605210	0613489
065602001	0613490
065602005	0613490
065602002	0613491
065602003	0613492
065602004	0613493
065602007	0613494
065602006	0613495
065602009	0613496
065602008	0613497
065604111	0613498
065604110	0613498
065604105	0613499
065604109	0613499
065604108	0613499
065604107	0613499
065604103	0613500
065604101	0613501
065604102	0613502
065604104	0613502
065604106	0613503
065602102	0613504
065602101	0613504
065602103	0613505
065602104	0613506
065602105	0613507
065602106	0613507
065602107	0613508
065602108	0613509
065604208	0613509
065604211	0613510
065604210	0613510
065604209	0613511
065604207	0613512
065604206	0613512
065604201	0613513
065604203	0613514
065604202	0613514
065604205	0613515
065604204	0613516
065602202	0613517
065602201	0613517
065602204	0613518
065602203	0613518
065602206	0613519
065602205	0613519
065602207	0613520
065605308	0613521
065605307	0613521
065605306	0613522
065605301	0613523
065605302	0613524
065605303	0613524
065605305	0613525
065605304	0613525
065605309	0613526
065602301	0613527
065602304	0613528
065602305	0613529
065602306	0613530
065602307	0613530
065602303	0613531
065602302	0613532
065604301	0613533
065604304	0613534
065602406	0613535
065604404	0613536
065604405	0613537
065604410	0613537
065602501	0613538
065602502	0613539
065602504	0613540
065602503	0613540
065602505	0613541
065602506	0613541
065602507	0613542
065602508	0613543
065602509	0613544
065602510	0613545
065604502	0613546
065604503	0613546
065604504	0613547
065604501	0613547
065604505	0613548
065604506	0613549
065604507	0613550
065604508	0613550
065604510	0613551
065604509	0613551
065680101	0613552
065680102	0613553
065680103	0613554
065680201	0613555
065680202	0613556
065680203	0613557
065680204	0613558
065680205	0613559
065680206	0613560
065680207	0613561
065680208	0613562
065680209	0613563
065680210	0613564
065680211	0613565
065680212	0613566
065680301	0613567
065683201	0613568
065683202	0613569
065683203	0613570
065683204	0613571
065683205	0613572
065683206	0613573
065680303	0613574
065680302	0613575
065680304	0613576
065683208	0613577
065683207	0613577
065683209	0613578
065683210	0613579
065683211	0613579
065680307	0613580
065680305	0613581
065680306	0613581
065680308	0613582
065680401	0613583
065680402	0613584
065680403	0613585
065680404	0613586
065680412	0613586
065680405	0613587
065680413	0613587
065680406	0613588
065680407	0613589
065680408	0613590
065680409	0613591
065680410	0613592
065680414	0613593
065680411	0613593
065680501	0613594
065680502	0613595
065680511	0613595
065680503	0613596
065680504	0613597
065680505	0613598
065680512	0613598
065680506	0613599
065680507	0613600
065680508	0613601
065680509	0613602
065680510	0613603
065680606	0613604
065680605	0613604
065680607	0613605
065680604	0613606
065680602	0613607
065680601	0613607
065680603	0613608
065683308	0613609
065683307	0613609
065683301	0613610
065683302	0613610
065683303	0613611
065683304	0613612
065683305	0613613
065683306	0613614
065680701	0613615
065680702	0613616
065680703	0613617
065680704	0613618
065680705	0613619
065680706	0613620
065680709	0613620
065680707	0613621
065680708	0613622
065680801	0613623
065680802	0613624
065680803	0613625
065680804	0613626
065680805	0613627
065680806	0613628
065680807	0613629
065680808	0613630
065680901	0613631
065680902	0613632
065680903	0613633
065680913	0613633
065680904	0613634
065680905	0613635
065680906	0613636
065680907	0613637
065680908	0613638
065680909	0613639
065680910	0613640
065680914	0613640
065680911	0613641
065680912	0613642
065681001	0613643
065681002	0613644
065681003	0613645
065681004	0613646
065681005	0613647
065681006	0613648
065681007	0613649
065681008	0613650
065681009	0613651
065683401	0613652
065683402	0613653
065683403	0613654
065683404	0613655
065683406	0613656
065683405	0613657
065683407	0613658
065683408	0613659
065681101	0613660
065681102	0613660
065681103	0613661
065681104	0613662
065681106	0613663
065681105	0613663
065681107	0613664
065683501	0613664
065683502	0613665
065683503	0613666
065683504	0613667
065683505	0613668
065683507	0613669
065683506	0613669
065683508	0613670
065683509	0613671
065681201	0613672
065681202	0613673
065681203	0613674
065681204	0613675
065681205	0613676
065681206	0613677
065681207	0613678
065681208	0613679
065681209	0613680
065681210	0613681
065681211	0613681
065681301	0613682
065681302	0613683
065681303	0613684
065681304	0613685
065681305	0613686
065681306	0613687
065681307	0613688
065681308	0613689
065681309	0613690
065681310	0613691
065681401	0613692
065681402	0613693
065681403	0613694
065681404	0613695
065681405	0613696
065681406	0613697
065681411	0613698
065681407	0613698
065681408	0613699
065681409	0613700
065681412	0613700
065681410	0613701
065681501	0613702
065681502	0613703
065681503	0613704
065681504	0613705
065681505	0613706
065681506	0613707
065681507	0613708
065681508	0613709
065681509	0613710
065681510	0613711
065681601	0613712
065681602	0613713
065681603	0613714
065681604	0613715
065681613	0613715
065681605	0613716
065681606	0613717
065681607	0613718
065681608	0613719
065681614	0613720
065681609	0613720
065683603	0613721
065683602	0613722
065683601	0613723
065683604	0613724
065681802	0613725
065681801	0613726
065681901	0613727
065681902	0613728
065681903	0613729
065681904	0613730
065681905	0613731
065681906	0613732
065681907	0613733
065681908	0613734
065681909	0613735
065681910	0613736
065681911	0613737
065682007	0613738
065682001	0613739
065682003	0613740
065682002	0613740
065683701	0613741
065683702	0613742
065683703	0613743
065683704	0613744
065682004	0613745
065682005	0613746
065682006	0613747
065683708	0613748
065683709	0613748
065683707	0613749
065683705	0613750
065683706	0613751
065683807	0613752
065683808	0613752
065682107	0613753
065682108	0613754
065682103	0613755
065682106	0613756
065683803	0613757
065683806	0613758
065683805	0613759
065683804	0613760
065683802	0613761
065683801	0613762
065682105	0613763
065682104	0613763
065682102	0613764
065682101	0613764
065682201	0613765
065682202	0613766
065682203	0613767
065682204	0613768
065682206	0613769
065682205	0613769
065682207	0613770
065682208	0613770
065682209	0613771
065682212	0613772
065682213	0613772
065683911	0613773
065682211	0613773
065682210	0613774
065683910	0613774
065683913	0613775
065683914	0613775
065683912	0613776
065683909	0613776
065683908	0613777
065683907	0613777
065683906	0613778
065683905	0613779
065683904	0613780
065683903	0613781
065683901	0613782
065683902	0613782
065682301	0613783
065682302	0613784
065682303	0613785
065682312	0613785
065682304	0613786
065682305	0613787
065682306	0613788
065682307	0613789
065682308	0613790
065682309	0613791
065682310	0613792
065682311	0613793
065682401	0613794
065682402	0613795
065682403	0613796
065682404	0613797
065682405	0613798
065682406	0613799
065682407	0613800
065682408	0613801
065682409	0613802
065682410	0613803
065682501	0613804
065682502	0613805
065684001	0613806
065682503	0613807
065682504	0613807
065682505	0613808
065682506	0613809
065682507	0613809
065684007	0613810
065684006	0613810
065684002	0613811
065684003	0613812
065684004	0613813
065684005	0613814
065682508	0613815
065682601	0613816
065682602	0613817
065682603	0613818
065682604	0613819
065682605	0613820
065682606	0613821
065682607	0613822
065682608	0613823
065682609	0613824
065682610	0613825
065682611	0613826
065682612	0613827
065682712	0613828
065682701	0613828
065682702	0613829
065682703	0613830
065682704	0613831
065682705	0613832
065682706	0613833
065682707	0613834
065682708	0613835
065682709	0613836
065682710	0613837
065682711	0613838
065682811	0613839
065682801	0613839
065682802	0613840
065682803	0613841
065682812	0613841
065682804	0613842
065682805	0613843
065682806	0613844
065682807	0613845
065682808	0613846
065682809	0613847
065682810	0613848
065682901	0613849
065682902	0613850
065682903	0613851
065682904	0613852
065682905	0613853
065682906	0613854
065682907	0613855
065682908	0613856
065682909	0613857
065682910	0613858
065682911	0613859
065682912	0613860
065682913	0613861
065682914	0613862
065683001	0613863
065683002	0613864
065683012	0613865
065683003	0613865
065683004	0613866
065683013	0613866
065683005	0613867
065683006	0613868
065683007	0613869
065683014	0613869
065683008	0613870
065683009	0613871
065683010	0613872
065683011	0613873
065683105	0613874
065683106	0613874
065683107	0613875
065684104	0613876
065684102	0613877
065684101	0613877
065684103	0613878
065684106	0613879
065684105	0613880
065683104	0613881
065683101	0613882
065683102	0613883
065683103	0613884
065684107	0613885
065740101	0613886
065740102	0613887
065740201	0613888
065740202	0613889
065740301	0613890
065740302	0613891
065740303	0613892
065740401	0613893
065740410	0613894
065740409	0613894
065740403	0613895
065740402	0613895
065740404	0613896
065740406	0613897
065740405	0613897
065740407	0613898
065740408	0613899
065741005	0613900
065741007	0613901
065741006	0613902
065741008	0613902
065741009	0613903
065741010	0613904
065741011	0613905
065741004	0613906
065741003	0613907
065741001	0613908
065741002	0613908
065740501	0613909
065740502	0613910
065740503	0613911
065740601	0613912
065740602	0613913
065740709	0613914
065740701	0613914
065740702	0613915
065740703	0613916
065740704	0613917
065740705	0613918
065740706	0613919
065740707	0613920
065740708	0613921
065740801	0613922
065740802	0613923
065740803	0613924
065740804	0613925
065740805	0613926
065740901	0613927
065740902	0613928
065740903	0613929
065810101	0613930
065810102	0613931
065810103	0613932
065810112	0613932
065810104	0613933
065810105	0613934
065810106	0613935
065810107	0613936
065810108	0613937
065810109	0613938
065810110	0613939
065810111	0613940
065810201	0613941
065810202	0613942
065810203	0613943
065810204	0613944
065810205	0613945
065810206	0613946
065810207	0613947
065810208	0613948
065810209	0613949
065810210	0613950
065810211	0613951
065810212	0613952
065810301	0613953
065810302	0613954
065810303	0613955
065810304	0613956
065810305	0613957
065810306	0613958
065810307	0613959
065810308	0613960
065810401	0613961
065810402	0613962
065810403	0613963
065810404	0613964
065810412	0613965
065810405	0613965
065810406	0613966
065810407	0613967
065810408	0613968
065810409	0613969
065810410	0613970
065810411	0613971
065810501	0613972
065810502	0613973
065810503	0613974
065810504	0613975
065810505	0613976
065810506	0613977
065810507	0613978
065810509	0613978
065810510	0613979
065810508	0613979
065810601	0613980
065810602	0613981
065810603	0613982
065810604	0613983
065810713	0613984
065810714	0613984
065810701	0613984
065810702	0613985
065810703	0613986
065810704	0613987
065810705	0613988
065810706	0613989
065810707	0613990
065810708	0613991
065810715	0613991
065810709	0613992
065810710	0613993
065810711	0613994
065810712	0613995
065810801	0613996
065810802	0613997
065810803	0613998
065810804	0613999
065810805	0614000
065810806	0614001
065810807	0614002
065810808	0614003
065810811	0614004
065810809	0614004
065810812	0614005
065810810	0614005
065810901	0614006
065810902	0614007
065810903	0614008
065810904	0614009
065810905	0614010
065810906	0614011
065810907	0614012
065810908	0614013
065810909	0614014
065810910	0614015
065810911	0614016
065810912	0614017
065810913	0614018
065811007	0614019
065811001	0614019
065811008	0614019
065811002	0614020
065811003	0614021
065811004	0614022
065811005	0614023
065811006	0614024
065811101	0614025
065811102	0614026
065811103	0614027
065811104	0614028
065811105	0614029
065811110	0614029
065811106	0614030
065811107	0614031
065811111	0614031
065811108	0614032
065811109	0614033
065811201	0614034
065811202	0614035
065811203	0614036
065811204	0614037
065811205	0614038
065811206	0614039
065811207	0614040
065811302	0614041
065811301	0614041
065811304	0614042
065811303	0614043
065811305	0614044
065812001	0614045
065812003	0614046
065812002	0614046
065812013	0614047
065812010	0614047
065812012	0614047
065812004	0614047
065812114	0614047
065812011	0614047
065812113	0614047
065812112	0614047
065812110	0614047
065812111	0614047
065812005	0614048
065812105	0614048
065812009	0614048
065812008	0614048
065812106	0614048
065812108	0614048
065812107	0614048
065812109	0614048
065812006	0614049
065812101	0614049
065812102	0614050
065812007	0614050
065812103	0614051
065812104	0614051
065811401	0614052
065811402	0614052
065812201	0614052
065811403	0614053
065811405	0614054
065811404	0614055
065812202	0614056
065812203	0614057
065812205	0614057
065812204	0614057
065812206	0614058
065811406	0614059
065811407	0614060
065812208	0614061
065812207	0614062
065812209	0614063
065811512	0614064
065811501	0614064
065811502	0614065
065811503	0614066
065811504	0614067
065811505	0614068
065811506	0614069
065811507	0614070
065811508	0614071
065811509	0614072
065811510	0614073
065811511	0614074
065811601	0614075
065811602	0614076
065811603	0614077
065811604	0614078
065811605	0614079
065811606	0614080
065811609	0614080
065811607	0614081
065811608	0614082
065811701	0614083
065811702	0614084
065811703	0614085
065811704	0614086
065811705	0614087
065811706	0614088
065811707	0614089
065811708	0614090
065811709	0614091
065811710	0614092
065811711	0614093
065811801	0614094
065811802	0614095
065811803	0614096
065811804	0614097
065811810	0614098
065811805	0614098
065811806	0614099
065811807	0614100
065811808	0614101
065811809	0614102
065811901	0614103
065811913	0614103
065811902	0614104
065811914	0614104
065811903	0614105
065811915	0614105
065811904	0614106
065811905	0614107
065811906	0614108
065811907	0614109
065811908	0614110
065811909	0614111
065811910	0614112
065811911	0614113
065811912	0614114
065880101	0614115
065880108	0614116
065881809	0614117
065881810	0614117
065881808	0614118
065880107	0614119
065880105	0614120
065880103	0614121
065880102	0614122
065880104	0614123
065880106	0614124
065881807	0614125
065881806	0614126
065881805	0614127
065881804	0614128
065881803	0614129
065881801	0614130
065881802	0614131
065880201	0614132
065880202	0614133
065880203	0614134
065880204	0614135
065880205	0614136
065880206	0614137
065880207	0614138
065880208	0614139
065880310	0614140
065880301	0614140
065880302	0614141
065880303	0614142
065880304	0614143
065880305	0614144
065880306	0614145
065880307	0614146
065880308	0614147
065880309	0614148
065880401	0614149
065880501	0614150
065880502	0614151
065880503	0614152
065880504	0614153
065880505	0614154
065880601	0614155
065880701	0614156
065880702	0614157
065880703	0614158
065880801	0614159
065880802	0614160
065880904	0614161
065880905	0614162
065880903	0614163
065880906	0614163
065880907	0614163
065880902	0614164
065880901	0614164
065881912	0614165
065880912	0614165
065881911	0614166
065880911	0614166
065880910	0614167
065880909	0614168
065880908	0614169
065881909	0614170
065881908	0614171
065881904	0614171
065881910	0614171
065881907	0614171
065881905	0614172
065881906	0614173
065881901	0614174
065881902	0614175
065881903	0614175
065881001	0614176
065881002	0614177
065881003	0614178
065881004	0614179
065881005	0614180
065881006	0614181
065881007	0614182
065881008	0614183
065881009	0614184
065881010	0614185
065881011	0614186
065881012	0614187
065881101	0614188
065881102	0614189
065881201	0614190
065881202	0614191
065881203	0614192
065881301	0614193
065881307	0614193
065881302	0614194
065881303	0614195
065881304	0614196
065881306	0614197
065881305	0614197
065881401	0614198
065881402	0614199
065881403	0614200
065881404	0614201
065881501	0614202
065881502	0614203
065881503	0614204
065881504	0614205
065881601	0614206
065881602	0614207
065881610	0614208
065881603	0614208
065881604	0614209
065881605	0614210
065881606	0614211
065881607	0614212
065881608	0614213
065881609	0614214
065881701	0614215
065881702	0614216
065881703	0614217
065881704	0614218
065881705	0614219
065881706	0614220
065881707	0614221
065881708	0614222
065950101	0614223
065950102	0614224
065950103	0614225
065950111	0614225
065950104	0614226
065950105	0614227
065950112	0614227
065950106	0614228
065950107	0614229
065950108	0614230
065950109	0614231
065950110	0614232
065950113	0614232
065950210	0614233
065950201	0614234
065950207	0614235
065950208	0614236
065950209	0614236
065952808	0614237
065952807	0614238
065950206	0614239
065950205	0614240
065950204	0614240
065950202	0614241
065952801	0614242
065952802	0614242
065952803	0614243
065952806	0614244
065952805	0614245
065950203	0614246
065952804	0614247
065952901	0614248
065952902	0614249
065950301	0614250
065950302	0614251
065952903	0614252
065950307	0614253
065950303	0614254
065950304	0614255
065950306	0614256
065952906	0614257
065952905	0614257
065952908	0614258
065952907	0614258
065950305	0614259
065952904	0614260
065950401	0614261
065950402	0614262
065950403	0614263
065950404	0614264
065950405	0614265
065950406	0614266
065950407	0614267
065950408	0614268
065950409	0614269
065950410	0614270
065950411	0614271
065950412	0614272
065950413	0614273
065950501	0614274
065950602	0614275
065950601	0614276
065950603	0614277
065950701	0614278
065950801	0614279
065950802	0614280
065950901	0614281
065951001	0614282
065951101	0614283
065951201	0614284
065951301	0614285
065951401	0614286
065951501	0614287
065951601	0614288
065951604	0614288
065951602	0614289
065951603	0614290
065951607	0614291
065951605	0614291
065951606	0614292
065951608	0614293
065951609	0614294
065953001	0614294
065953002	0614295
065953003	0614295
065953005	0614296
065953004	0614297
065953006	0614298
065953007	0614299
065953008	0614300
065951701	0614301
065951801	0614302
065951802	0614303
065951803	0614304
065951804	0614305
065951904	0614306
065951905	0614306
065951903	0614307
065951907	0614308
065951906	0614309
065953101	0614310
065953103	0614311
065953102	0614312
065953104	0614313
065953106	0614314
065953105	0614315
065953107	0614315
065953108	0614316
065953109	0614317
065952001	0614318
065952002	0614319
065952101	0614320
065952102	0614321
065952103	0614322
065952104	0614323
065952105	0614324
065952106	0614325
065952201	0614326
065952202	0614326
065952302	0614327
065952301	0614327
065952401	0614328
065952402	0614329
065952406	0614330
065952405	0614331
065952404	0614332
065952403	0614333
065953202	0614334
065953203	0614334
065953201	0614335
065953205	0614335
065953204	0614336
065953206	0614337
065953207	0614338
065953208	0614339
065952502	0614340
065952501	0614341
065952503	0614342
065952504	0614342
065952505	0614343
065952506	0614343
065952507	0614344
065953308	0614345
065953305	0614346
065953304	0614347
065953301	0614348
065953302	0614349
065953303	0614350
065953306	0614351
065953307	0614352
065952601	0614353
065952603	0614354
065952602	0614354
065952606	0614355
065952605	0614355
065952604	0614355
065952607	0614356
065952610	0614357
065952608	0614357
065952609	0614358
065952612	0614359
065952611	0614359
065952613	0614360
065953401	0614360
065953402	0614361
065953403	0614362
065953404	0614362
065953409	0614363
065953410	0614363
065953408	0614364
065953411	0614364
065953407	0614365
065953405	0614366
065953406	0614366
065953504	0614367
065953501	0614367
065953503	0614368
065953502	0614368
065952711	0614369
065953506	0614369
065952712	0614369
065952709	0614369
065952710	0614369
065952714	0614370
065952713	0614370
065953505	0614371
065953507	0614371
065953508	0614372
065952708	0614373
065952701	0614373
065952702	0614374
065952703	0614374
065952707	0614375
065952706	0614376
065952705	0614377
065952704	0614378
066020101	0614379
066020201	0614380
066020202	0614381
066020203	0614382
066020204	0614383
066020205	0614384
066020206	0614385
066020207	0614386
066020301	0614387
066020302	0614388
066020303	0614389
066020304	0614390
066020310	0614390
066020311	0614390
066020305	0614391
066020306	0614392
066020307	0614393
066020308	0614394
066020309	0614395
066020401	0614396
066020501	0614397
066020601	0614398
066020701	0614399
066020807	0614400
066020802	0614401
066020808	0614401
066020803	0614402
066020804	0614403
066020801	0614404
066020805	0614404
066020806	0614405
066020901	0614406
066020902	0614407
066020903	0614408
066021001	0614409
066021101	0614410
066021103	0614410
066021105	0614411
066021104	0614411
066021106	0614412
066021107	0614412
066021108	0614413
066021112	0614414
066021111	0614415
066021701	0614416
066021702	0614417
066021110	0614417
066021703	0614418
066021109	0614418
066021102	0614419
066021704	0614420
066021705	0614420
066021706	0614421
066021707	0614422
066021202	0614423
066021201	0614423
066021301	0614424
066021401	0614425
066021408	0614426
066021402	0614426
066021407	0614426
066021403	0614427
066021404	0614428
066021409	0614429
066021405	0614429
066021406	0614430
066021411	0614430
066021412	0614430
066021410	0614430
066021501	0614431
066021603	0614432
066021801	0614432
066021601	0614432
066021604	0614433
066021606	0614434
066021605	0614434
066021802	0614435
066021803	0614436
066021805	0614437
066021804	0614438
066021807	0614439
066021806	0614440
066021608	0614441
066021607	0614442
066021602	0614443
066021609	0614443
066090101	0614444
066090102	0614445
066090111	0614445
066090103	0614446
066090104	0614447
066090105	0614448
066090106	0614449
066090107	0614450
066090108	0614451
066090109	0614452
066090110	0614453
066090201	0614454
066092001	0614455
066092003	0614456
066092002	0614457
066090205	0614458
066090202	0614459
066090203	0614459
066090204	0614460
066092006	0614461
066090209	0614461
066092005	0614462
066090208	0614462
066092004	0614463
066092012	0614464
066092011	0614464
066092008	0614465
066092009	0614465
066090207	0614466
066092007	0614466
066092013	0614467
066092010	0614467
066090206	0614468
066090301	0614469
066090302	0614470
066090303	0614471
066090304	0614472
066090401	0614473
066090405	0614473
066090402	0614474
066090403	0614475
066090404	0614476
066090501	0614477
066090502	0614478
066090503	0614479
066090606	0614480
066090601	0614481
066090604	0614482
066090605	0614483
066090607	0614484
066090612	0614485
066090608	0614485
066090610	0614486
066090611	0614486
066092103	0614487
066092107	0614487
066092102	0614488
066090603	0614489
066090602	0614490
066092101	0614491
066092106	0614492
066092105	0614492
066092104	0614492
066090609	0614492
066090701	0614493
066090702	0614494
066090703	0614495
066090704	0614496
066090705	0614497
066090706	0614497
066090801	0614498
066090802	0614499
066090803	0614500
066090804	0614501
066090901	0614502
066090902	0614503
066090903	0614504
066090904	0614505
066090905	0614506
066090906	0614507
066091001	0614508
066091008	0614508
066091002	0614509
066091003	0614510
066091004	0614511
066091005	0614512
066091006	0614513
066091007	0614514
066091009	0614514
066091101	0614515
066091102	0614516
066091201	0614517
066091202	0614518
066091301	0614519
066091307	0614519
066091302	0614520
066091303	0614521
066091304	0614522
066091305	0614523
066091306	0614524
066091401	0614525
066091402	0614526
066091501	0614527
066091502	0614528
066091503	0614529
066091601	0614530
066091602	0614531
066091603	0614532
066091604	0614533
066091701	0614534
066091702	0614535
066091703	0614536
066091704	0614537
066091705	0614538
066091706	0614539
066091707	0614540
066091708	0614541
066091709	0614542
066091801	0614543
066091802	0614544
066091901	0614545
066091910	0614545
066091902	0614546
066091903	0614547
066091911	0614547
066091904	0614548
066091905	0614549
066091906	0614550
066091907	0614551
066091908	0614552
066091912	0614552
066091909	0614553
066160101	0614554
066160102	0614555
066160103	0614556
066160104	0614557
066160105	0614558
066160106	0614559
066160107	0614560
066160108	0614561
066160109	0614562
066160110	0614563
066160201	0614564
066160202	0614565
066160301	0614566
066160302	0614567
066160303	0614568
066160304	0614569
066160305	0614570
066160306	0614571
066160307	0614572
066160308	0614573
066160310	0614573
066160311	0614573
066160309	0614574
066230101	0614575
066230102	0614576
066230103	0614577
066230104	0614578
066230105	0614579
066230113	0614579
066230106	0614580
066230107	0614581
066230108	0614582
066230109	0614583
066230110	0614584
066230111	0614585
066230112	0614586
066230201	0614587
066230202	0614588
066230203	0614589
066230204	0614590
066230205	0614591
066230206	0614592
066230207	0614593
066230208	0614594
066230209	0614595
066230301	0614596
066230302	0614597
066230303	0614598
066230304	0614599
066230305	0614600
066230306	0614601
066230307	0614602
066230308	0614603
066230309	0614604
066230310	0614605
066230311	0614606
066230401	0614607
066230402	0614608
066230403	0614609
066230404	0614610
066230405	0614611
066230406	0614612
066230407	0614613
066230408	0614614
066230411	0614614
066230409	0614615
066230410	0614616
066230501	0614617
066230502	0614618
066230503	0614619
066230511	0614620
066230504	0614620
066230505	0614621
066230512	0614622
066230506	0614622
066230507	0614623
066230508	0614624
066230509	0614625
066230510	0614626
066230513	0614626
066230601	0614627
066230602	0614628
066230603	0614629
066230701	0614630
066230702	0614631
066230703	0614632
066230704	0614633
066230705	0614634
066230802	0614635
066230801	0614636
066230803	0614637
066230901	0614638
066230902	0614639
066230903	0614640
066230904	0614641
066231001	0614642
066231002	0614643
066231003	0614644
066231101	0614645
066231102	0614646
066231103	0614647
066231104	0614648
066231201	0614649
066231202	0614650
066231301	0614651
066231302	0614652
066231401	0614653
066231402	0614654
066231403	0614655
066231404	0614656
066231501	0614657
066231502	0614658
066231504	0614658
066231503	0614659
066231601	0614660
066231606	0614660
066231602	0614661
066231603	0614662
066231604	0614663
066231607	0614664
066231605	0614664
066231701	0614665
066231702	0614666
066231703	0614667
066231801	0614668
066231802	0614669
066231803	0614670
066231804	0614671
066231901	0614672
066231902	0614673
066232003	0614674
066232001	0614674
066232002	0614674
066232004	0614674
066232011	0614675
066233002	0614675
066233001	0614676
066233003	0614676
066233004	0614677
066233005	0614678
066233006	0614679
066233009	0614680
066233008	0614680
066233007	0614681
066232009	0614682
066232010	0614682
066232008	0614683
066232007	0614684
066232006	0614684
066232005	0614685
066232101	0614686
066232108	0614687
066232109	0614687
066232102	0614687
066232103	0614688
066232104	0614689
066232105	0614690
066232106	0614691
066232107	0614692
066233106	0614693
066233107	0614694
066233108	0614695
066232201	0614696
066232205	0614697
066232204	0614698
066232207	0614699
066232206	0614700
066232208	0614700
066232209	0614700
066232203	0614701
066232210	0614701
066233105	0614702
066233102	0614702
066233104	0614702
066233103	0614703
066232211	0614704
066232212	0614704
066232202	0614705
066233101	0614706
066232301	0614707
066232302	0614708
066232303	0614709
066232304	0614710
066232305	0614711
066232306	0614712
066232401	0614713
066232402	0614714
066232403	0614715
066232404	0614716
066232501	0614717
066232502	0614718
066232503	0614719
066232507	0614720
066232504	0614720
066232505	0614721
066232506	0614722
066232601	0614723
066232602	0614724
066232701	0614725
066232702	0614726
066232703	0614727
066232704	0614728
066232801	0614729
066232803	0614730
066232802	0614730
066232804	0614731
066232805	0614732
066232806	0614733
066233203	0614734
066233202	0614734
066233201	0614735
066233206	0614736
066233205	0614737
066233204	0614737
066232807	0614738
066232808	0614739
066233208	0614740
066233209	0614741
066233207	0614741
066232906	0614742
066232907	0614742
066232908	0614743
066232905	0614743
066232902	0614744
066232901	0614744
066232904	0614745
066232903	0614746
066233305	0614747
066233304	0614748
066233303	0614748
066233301	0614749
066233302	0614749
066233306	0614750
066233307	0614751
066233308	0614752
066300101	0614753
066300201	0614754
066300202	0614755
066300203	0614756
066300204	0614757
066300205	0614758
066300301	0614759
066300401	0614760
066300501	0614761
066300602	0614762
066300601	0614762
066300603	0614762
066380102	0614763
066380101	0614763
066380104	0614763
066380103	0614763
066380106	0614764
066380105	0614764
066380107	0614765
066380108	0614766
066380109	0614767
066382411	0614767
066380112	0614767
066380111	0614767
066380110	0614767
066380113	0614767
066382412	0614768
066382413	0614768
066382410	0614769
066382409	0614769
066382407	0614770
066382408	0614770
066382507	0614771
066382508	0614771
066382406	0614772
066382506	0614772
066382402	0614773
066382405	0614773
066382403	0614773
066382404	0614773
066382401	0614773
066382501	0614774
066382502	0614774
066382511	0614774
066382503	0614775
066382504	0614775
066382513	0614775
066382505	0614775
066382509	0614775
066382512	0614776
066382510	0614776
066380202	0614777
066380203	0614778
066380201	0614778
066380204	0614778
066380207	0614779
066380206	0614780
066380205	0614780
066382602	0614781
066382601	0614782
066382605	0614783
066382606	0614784
066382604	0614785
066382603	0614786
066382607	0614787
066382608	0614788
066382609	0614789
066382610	0614790
066380301	0614791
066380303	0614792
066380302	0614792
066380304	0614793
066380305	0614794
066380306	0614794
066380307	0614795
066380308	0614796
066380309	0614797
066380310	0614798
066382702	0614799
066382704	0614799
066380311	0614799
066382709	0614799
066382701	0614799
066382703	0614799
066382705	0614800
066382706	0614801
066382712	0614801
066382707	0614802
066382711	0614802
066382708	0614803
066382710	0614803
066380401	0614804
066380402	0614805
066380403	0614806
066380404	0614807
066380405	0614808
066380407	0614808
066380408	0614809
066382804	0614809
066380406	0614809
066382802	0614810
066382801	0614810
066382803	0614811
066382809	0614812
066382807	0614813
066382808	0614813
066382806	0614814
066382805	0614815
066382810	0614815
066380505	0614816
066380504	0614817
066380501	0614818
066380502	0614819
066380503	0614820
066380507	0614821
066380506	0614821
066380510	0614822
066382906	0614823
066382905	0614824
066382904	0614825
066382903	0614826
066380509	0614827
066380508	0614828
066382901	0614828
066382902	0614829
066380602	0614830
066380601	0614830
066380603	0614831
066380605	0614832
066380604	0614832
066383002	0614833
066383003	0614833
066383001	0614834
066380607	0614835
066380606	0614835
066380609	0614836
066380608	0614836
066380610	0614837
066380611	0614838
066383005	0614839
066383006	0614839
066383004	0614840
066383007	0614841
066383008	0614841
066383011	0614842
066383010	0614842
066383009	0614843
066383012	0614843
066383013	0614844
066383014	0614844
066380702	0614845
066380701	0614845
066380703	0614846
066380704	0614847
066380705	0614848
066380706	0614849
066380708	0614850
066380707	0614851
066383101	0614852
066383108	0614853
066383103	0614854
066383102	0614855
066383106	0614856
066383105	0614856
066383107	0614857
066383104	0614857
066380801	0614858
066380803	0614859
066380804	0614859
066380802	0614859
066380805	0614860
066380807	0614860
066380806	0614861
066383201	0614862
066380808	0614863
066380809	0614864
066380810	0614865
066380811	0614865
066383206	0614866
066383205	0614867
066383204	0614867
066383202	0614868
066383203	0614869
066383210	0614870
066383211	0614870
066383209	0614870
066383214	0614871
066383212	0614871
066383208	0614872
066383213	0614873
066383207	0614873
066380901	0614874
066380902	0614875
066380903	0614876
066380904	0614877
066380905	0614878
066380909	0614879
066380906	0614879
066380907	0614880
066383302	0614880
066383303	0614881
066383301	0614881
066380908	0614882
066383304	0614882
066383306	0614883
066383305	0614883
066383307	0614884
066383308	0614885
066383309	0614886
066383310	0614886
066381001	0614887
066381002	0614888
066381003	0614889
066381004	0614890
066381005	0614891
066381006	0614892
066381012	0614893
066381007	0614893
066381013	0614894
066381008	0614894
066381009	0614895
066381014	0614896
066381010	0614896
066381011	0614897
066381102	0614898
066381101	0614898
066381107	0614899
066381103	0614900
066381106	0614900
066381105	0614901
066381104	0614901
066383401	0614902
066383402	0614903
066383410	0614904
066383408	0614905
066383409	0614905
066383403	0614906
066383407	0614906
066383405	0614907
066383404	0614907
066383411	0614908
066383406	0614908
066383412	0614909
066381205	0614910
066381201	0614911
066381203	0614912
066381202	0614912
066381204	0614913
066383506	0614914
066383501	0614914
066383502	0614914
066381206	0614915
066383503	0614915
066381207	0614916
066383504	0614917
066383505	0614918
066383507	0614918
066383508	0614919
066383509	0614920
066381308	0614921
066381301	0614921
066381302	0614921
066381309	0614922
066381310	0614923
066381311	0614924
066381312	0614925
066383607	0614926
066383608	0614926
066383605	0614927
066383606	0614927
066383601	0614928
066383602	0614929
066383603	0614930
066383604	0614931
066383609	0614932
066381307	0614933
066383610	0614933
066383611	0614934
066383612	0614935
066383613	0614936
066381306	0614937
066381305	0614938
066381304	0614938
066381303	0614939
066381401	0614940
066381410	0614941
066381402	0614941
066381403	0614942
066381404	0614943
066381405	0614944
066381406	0614945
066381407	0614946
066381408	0614947
066381409	0614948
066381501	0614949
066381502	0614950
066381503	0614951
066381504	0614952
066381505	0614953
066381509	0614954
066381506	0614954
066381508	0614954
066383701	0614955
066381510	0614955
066381511	0614956
066381512	0614956
066383702	0614957
066383704	0614958
066383705	0614958
066383703	0614958
066383708	0614959
066381507	0614959
066383710	0614960
066383709	0614961
066383707	0614962
066383706	0614962
066381601	0614963
066381602	0614964
066381612	0614965
066381603	0614965
066381604	0614966
066381605	0614967
066381606	0614968
066381614	0614969
066381607	0614969
066381608	0614970
066381613	0614971
066381609	0614971
066381610	0614972
066381611	0614973
066381701	0614974
066381703	0614974
066381702	0614975
066381704	0614976
066381705	0614977
066381706	0614977
066381707	0614978
066381708	0614979
066381709	0614980
066383810	0614981
066383811	0614981
066383809	0614982
066383808	0614983
066383807	0614984
066383805	0614985
066383806	0614985
066383802	0614986
066383803	0614986
066383804	0614987
066383801	0614987
066381801	0614988
066381803	0614988
066381804	0614988
066381805	0614988
066381807	0614989
066381806	0614990
066383905	0614991
066383904	0614991
066383901	0614991
066383903	0614991
066381802	0614991
066383906	0614992
066383902	0614993
066383907	0614994
066383910	0614995
066383911	0614996
066383908	0614997
066383909	0614997
066381907	0614998
066381908	0614998
066381901	0614998
066381909	0614999
066381910	0614999
066381902	0614999
066381911	0615000
066381903	0615000
066381904	0615001
066381912	0615002
066381913	0615002
066381905	0615002
066381914	0615002
066381906	0615003
066382001	0615004
066382002	0615005
066382012	0615005
066382003	0615006
066382014	0615006
066382013	0615006
066382004	0615007
066382010	0615008
066382005	0615008
066382006	0615009
066382007	0615010
066382008	0615011
066382011	0615012
066382009	0615012
066382101	0615013
066382105	0615013
066382107	0615014
066382108	0615015
066382111	0615016
066382110	0615016
066382109	0615016
066382112	0615017
066382106	0615018
066382103	0615019
066382104	0615019
066382102	0615019
066382113	0615020
066382206	0615021
066382205	0615021
066382209	0615022
066382208	0615023
066384002	0615024
066384003	0615025
066382207	0615026
066382204	0615026
066382201	0615027
066382203	0615028
066382202	0615029
066384001	0615030
066384004	0615031
066384005	0615032
066384006	0615033
066384007	0615034
066384008	0615034
066382301	0615035
066382308	0615036
066382302	0615036
066382309	0615036
066382303	0615037
066382304	0615038
066382305	0615039
066382306	0615040
066382307	0615041
066440101	0615042
066440102	0615043
066440103	0615044
066440112	0615044
066440104	0615045
066440105	0615046
066440106	0615047
066440107	0615048
066440108	0615049
066440109	0615050
066440110	0615051
066440111	0615052
066440201	0615053
066440209	0615054
066440202	0615054
066440203	0615055
066440204	0615056
066440205	0615057
066440210	0615058
066440206	0615058
066440207	0615059
066440208	0615060
066440301	0615061
066440302	0615062
066440711	0615063
066440710	0615063
066440303	0615063
066440305	0615064
066440306	0615064
066440304	0615065
066440307	0615066
066440308	0615067
066440309	0615068
066440703	0615069
066440702	0615070
066440705	0615071
066440701	0615071
066440706	0615072
066440707	0615073
066440709	0615074
066440708	0615075
066440704	0615076
066440409	0615077
066440401	0615077
066440402	0615078
066440403	0615079
066440404	0615080
066440405	0615081
066440406	0615082
066440407	0615083
066440410	0615083
066440408	0615084
066440505	0615085
066440504	0615085
066441002	0615086
066441008	0615086
066441007	0615086
066440501	0615086
066440502	0615086
066440503	0615086
066441001	0615086
066441003	0615087
066441006	0615088
066441005	0615089
066441004	0615089
066441102	0615090
066441101	0615090
066441103	0615091
066441104	0615092
066441105	0615093
066441106	0615094
066441110	0615095
066441109	0615096
066441107	0615096
066441108	0615097
066440601	0615098
066440606	0615098
066440801	0615099
066440806	0615100
066440807	0615101
066440808	0615102
066440809	0615102
066440805	0615103
066440803	0615104
066440802	0615105
066440602	0615106
066440605	0615106
066440607	0615107
066440608	0615108
066440609	0615108
066440610	0615109
066440604	0615109
066440603	0615110
066440903	0615111
066440902	0615112
066440901	0615112
066440804	0615113
066440810	0615114
066440911	0615115
066440910	0615115
066440905	0615116
066440904	0615116
066440906	0615117
066440909	0615117
066440907	0615118
066440908	0615119
066480101	0615120
066480102	0615121
066480104	0615122
066480103	0615122
066480105	0615123
066480106	0615124
066480107	0615125
066480108	0615126
066480109	0615127
066480110	0615128
066480611	0615129
066480601	0615130
066480610	0615131
066480111	0615132
066480608	0615133
066480607	0615133
066480609	0615134
066480602	0615135
066480604	0615136
066480603	0615136
066480605	0615137
066480606	0615138
066480203	0615139
066480204	0615140
066480202	0615140
066480205	0615141
066480201	0615141
066480209	0615142
066480206	0615142
066480207	0615143
066480208	0615143
066480210	0615144
066480704	0615145
066480707	0615145
066480703	0615146
066480701	0615146
066480702	0615147
066480706	0615148
066480705	0615148
066480708	0615149
066480709	0615150
066480710	0615151
066480711	0615151
066480301	0615152
066480303	0615153
066480302	0615153
066480311	0615154
066480308	0615155
066480309	0615155
066480310	0615156
066480306	0615157
066480307	0615158
066480305	0615159
066480304	0615159
066480807	0615160
066480801	0615161
066480806	0615161
066480805	0615162
066480802	0615162
066480808	0615163
066480811	0615164
066480812	0615165
066480810	0615165
066480809	0615166
066480813	0615167
066480803	0615167
066480804	0615167
066480814	0615167
066480401	0615168
066480402	0615169
066480403	0615170
066480404	0615171
066480405	0615171
066480901	0615172
066480902	0615173
066480904	0615174
066480903	0615174
066480906	0615175
066480905	0615175
066480908	0615176
066480907	0615176
066480909	0615177
066480910	0615177
066480911	0615178
066480501	0615179
066480503	0615180
066480502	0615181
066481001	0615182
066481002	0615183
066480506	0615184
066480505	0615184
066480507	0615185
066480504	0615185
066480508	0615186
066481009	0615187
066481008	0615187
066481006	0615188
066481005	0615189
066481003	0615190
066481004	0615191
066481007	0615192
066510101	0615193
066510113	0615194
066510102	0615194
066510103	0615195
066510114	0615196
066510104	0615196
066510105	0615197
066510106	0615198
066510107	0615199
066510108	0615200
066510109	0615201
066510110	0615202
066510111	0615203
066510112	0615204
066510201	0615205
066510301	0615206
066510302	0615207
066510303	0615208
066510304	0615209
066510401	0615210
066510402	0615211
066510403	0615212
066510404	0615213
066510405	0615214
066510406	0615215
066510407	0615216
066510501	0615217
066510502	0615218
066510503	0615219
066510504	0615220
066510505	0615221
066510506	0615222
066510507	0615223
066510508	0615224
066510509	0615225
066510510	0615226
066510512	0615227
066510511	0615227
066510601	0615228
066510602	0615229
066510603	0615230
066510604	0615231
066510605	0615232
066510606	0615233
066510607	0615234
066510608	0615235
066510609	0615236
066510610	0615237
066510701	0615238
066510702	0615239
066510703	0615240
066510704	0615241
066510705	0615242
066510706	0615243
066510707	0615244
066510708	0615245
066510709	0615246
066510710	0615247
066510711	0615248
066510712	0615249
066510713	0615250
066510717	0615251
066510714	0615251
066510715	0615252
066510716	0615253
066511402	0615254
066510802	0615255
066511408	0615256
066510801	0615257
066510807	0615258
066510806	0615259
066510803	0615260
066510804	0615261
066510805	0615262
066511406	0615263
066511405	0615264
066511404	0615265
066510808	0615266
066511401	0615267
066511409	0615268
066511410	0615269
066511407	0615270
066511403	0615271
066511001	0615272
066511002	0615273
066511003	0615274
066511004	0615275
066511005	0615276
066511101	0615277
066511102	0615278
066511103	0615279
066511104	0615280
066511201	0615281
066511202	0615282
066511203	0615283
066511301	0615284
066511302	0615285
066511303	0615286
066511304	0615287
066511305	0615288
066511306	0615289
066511307	0615290
066511308	0615291
066511309	0615292
066511310	0615293
066511311	0615294
066511312	0615295
066550101	0615296
066550107	0615297
066550102	0615297
066550103	0615298
066550104	0615299
066550105	0615300
066550106	0615301
066550201	0615302
066550202	0615303
066550203	0615304
066550204	0615305
066550205	0615306
066550206	0615307
066550207	0615308
066550208	0615309
066550210	0615310
066550301	0615311
066550303	0615312
066550302	0615312
066550304	0615313
066550305	0615314
066550306	0615315
066550307	0615315
066550308	0615316
066550309	0615316
066550401	0615317
066550402	0615317
066550403	0615318
066550405	0615319
066550404	0615319
066550406	0615320
066550407	0615320
066550408	0615321
066550410	0615321
066550409	0615322
066580108	0615323
066580109	0615323
066580101	0615323
066584601	0615324
066584602	0615325
066584604	0615326
066584603	0615327
066584605	0615328
066584606	0615329
066584607	0615330
066580107	0615331
066580105	0615332
066580106	0615332
066580102	0615333
066580103	0615334
066580104	0615335
066580201	0615336
066580205	0615337
066580206	0615338
066580208	0615339
066580207	0615339
066580204	0615340
066584707	0615341
066580203	0615341
066584706	0615342
066584705	0615342
066580202	0615343
066584701	0615344
066584702	0615345
066584704	0615346
066584703	0615347
066580301	0615348
066580312	0615348
066580313	0615349
066580314	0615349
066580302	0615349
066580303	0615350
066580304	0615351
066580305	0615352
066580306	0615353
066580307	0615354
066580308	0615355
066580315	0615355
066580309	0615356
066580310	0615357
066580311	0615358
066580401	0615359
066580405	0615360
066580404	0615361
066580403	0615362
066580402	0615363
066584801	0615364
066584802	0615365
066584805	0615366
066584806	0615367
066584807	0615368
066584804	0615369
066584803	0615370
066580407	0615371
066580406	0615372
066580408	0615373
066580501	0615374
066580502	0615375
066580503	0615376
066580504	0615377
066580505	0615378
066580506	0615379
066580507	0615380
066580515	0615380
066580508	0615381
066580509	0615382
066580510	0615383
066580511	0615384
066580512	0615385
066580513	0615386
066580514	0615387
066580601	0615388
066580602	0615389
066580603	0615389
066580604	0615390
066580605	0615391
066580606	0615391
066580607	0615392
066584901	0615393
066584903	0615394
066584902	0615395
066584905	0615396
066584906	0615396
066584904	0615397
066584908	0615398
066584907	0615399
066580701	0615400
066580702	0615401
066580703	0615402
066580704	0615403
066580705	0615404
066580706	0615405
066580707	0615406
066580712	0615407
066580708	0615407
066580709	0615408
066580713	0615409
066580710	0615409
066580711	0615410
066585001	0615411
066585002	0615412
066585003	0615413
066585005	0615414
066585004	0615414
066585006	0615415
066585007	0615415
066585009	0615416
066585008	0615416
066585010	0615417
066580808	0615418
066580807	0615419
066580806	0615420
066580805	0615421
066580804	0615422
066580803	0615423
066580802	0615424
066580801	0615425
066580901	0615426
066580902	0615427
066580903	0615427
066580904	0615428
066580905	0615429
066580907	0615430
066580906	0615431
066585103	0615432
066585101	0615433
066585102	0615434
066585105	0615435
066585106	0615435
066585104	0615436
066585107	0615437
066585108	0615438
066581002	0615439
066581001	0615440
066581003	0615441
066585201	0615442
066585203	0615443
066585202	0615443
066585207	0615444
066585205	0615445
066585204	0615445
066585206	0615446
066581005	0615447
066581004	0615448
066581006	0615449
066581007	0615450
066581010	0615450
066581008	0615451
066581009	0615451
066581101	0615452
066581102	0615453
066581103	0615454
066581104	0615455
066581105	0615456
066581106	0615457
066581107	0615458
066581108	0615459
066581109	0615460
066581110	0615461
066581111	0615462
066581112	0615463
066581113	0615464
066581201	0615465
066581202	0615466
066581203	0615467
066585302	0615468
066585301	0615468
066581204	0615469
066581206	0615470
066581205	0615470
066581207	0615471
066585309	0615472
066581208	0615472
066585308	0615473
066585307	0615474
066585306	0615475
066585305	0615475
066585303	0615476
066585304	0615477
066581301	0615478
066581302	0615479
066581303	0615480
066581304	0615481
066581305	0615482
066581306	0615483
066581307	0615484
066581308	0615485
066581309	0615486
066581310	0615487
066581401	0615488
066581402	0615489
066581403	0615490
066581404	0615491
066581405	0615492
066581406	0615493
066581407	0615494
066581408	0615495
066581411	0615496
066581409	0615496
066581410	0615497
066581501	0615498
066581502	0615499
066581503	0615500
066581504	0615501
066581505	0615502
066581506	0615503
066581507	0615504
066581508	0615505
066581509	0615506
066581510	0615507
066581511	0615508
066581512	0615509
066581513	0615510
066581613	0615511
066581601	0615511
066581602	0615512
066581603	0615513
066581604	0615514
066581605	0615515
066581606	0615516
066581607	0615517
066581608	0615518
066581609	0615519
066581809	0615520
066581810	0615521
066581811	0615522
066581812	0615523
066581901	0615524
066581902	0615525
066581903	0615526
066581904	0615527
066581905	0615528
066581906	0615529
067632210	0615530
067630201	0615531
067630202	0615532
067630203	0615533
067630204	0615534
067630205	0615535
067630206	0615536
067630214	0615537
067630207	0615537
067630208	0615538
067630209	0615539
067630210	0615540
067630215	0615541
067630211	0615541
067630212	0615542
067630213	0615543
067630304	0615544
067630301	0615544
067630302	0615545
067630303	0615545
067630306	0615546
067632301	0615547
067630305	0615547
067632308	0615548
067632307	0615549
067632302	0615550
067630307	0615551
067630308	0615551
067632303	0615552
067632304	0615552
067632306	0615553
067632305	0615554
067630401	0615555
067630402	0615556
067630403	0615557
067630404	0615558
067630405	0615559
067630406	0615560
067630407	0615561
067630408	0615562
067630409	0615563
067630410	0615564
067630501	0615565
067630502	0615566
067630505	0615566
067630509	0615567
067630508	0615568
067630506	0615569
067632403	0615570
067630511	0615571
067632402	0615572
067632405	0615573
067632406	0615574
068051706	0615575
068051707	0615576
068051713	0615576
068051708	0615577
068051709	0615578
068051714	0615578
068051710	0615579
068051711	0615580
068051807	0615581
068051808	0615582
068051806	0615583
068051805	0615583
068051804	0615584
068051801	0615585
068051802	0615586
068051803	0615587
068053702	0615588
068053701	0615589
068053706	0615590
068053705	0615590
068053707	0615591
068053708	0615591
068053704	0615592
068053703	0615592
068051901	0615593
068051902	0615594
068051903	0615595
068051904	0615596
068051905	0615597
068051907	0615598
068051906	0615598
068051908	0615599
068053803	0615600
068053802	0615601
068053801	0615602
068053804	0615603
068053805	0615603
068053807	0615604
068053806	0615604
068053808	0615605
068053809	0615606
068052001	0615607
068052002	0615608
068052003	0615609
068052004	0615610
068052005	0615611
068052006	0615612
068052015	0615613
068052007	0615613
068052008	0615614
068052009	0615615
068052010	0615616
068052011	0615617
068052012	0615618
068052013	0615619
066581907	0615620
066581908	0615621
066581909	0615622
066581910	0615623
066581911	0615624
066582001	0615625
066582002	0615626
066582003	0615627
066585401	0615627
066582004	0615628
066582005	0615629
066582007	0615630
066585405	0615631
066585404	0615632
066582006	0615632
066585403	0615633
066585402	0615633
066585407	0615634
066585406	0615634
066585408	0615635
066585409	0615635
066582104	0615636
066582101	0615636
066582105	0615637
066582106	0615637
066582102	0615638
066582103	0615638
066582109	0615639
066582110	0615640
066582108	0615641
066582107	0615641
066585505	0615642
066585504	0615642
066585503	0615643
066585502	0615643
066585501	0615644
066585507	0615645
066585508	0615646
066585512	0615647
066585513	0615647
066585511	0615648
066585514	0615648
066585510	0615649
066585509	0615650
066585506	0615651
066582201	0615652
066582202	0615653
066582203	0615654
066582204	0615655
066582205	0615656
066582206	0615657
066582207	0615658
066582208	0615659
066582209	0615660
066582210	0615661
066582211	0615662
066582301	0615663
066582302	0615664
066582303	0615665
066582313	0615665
066582304	0615666
066582305	0615667
066582306	0615668
066582307	0615669
066582308	0615670
066582309	0615671
066582310	0615672
066582311	0615673
066582312	0615674
066582401	0615675
066582402	0615676
066582403	0615677
066582404	0615678
066582405	0615679
066582406	0615680
066582407	0615681
066582408	0615682
066582409	0615683
066582410	0615684
066582411	0615685
066582412	0615686
066582501	0615687
066582502	0615688
066582503	0615689
066582504	0615690
066582505	0615691
066582506	0615692
066582507	0615693
066582508	0615694
066582509	0615695
066582510	0615696
066582511	0615697
066582512	0615698
066582513	0615699
066582514	0615700
066582601	0615701
066582611	0615701
066582602	0615702
066582612	0615702
066582603	0615703
066582604	0615704
066582605	0615705
066582606	0615706
066582607	0615707
066582608	0615708
066582609	0615709
066582610	0615710
066582701	0615711
066582702	0615712
066582703	0615713
066582704	0615714
066582705	0615715
066582706	0615716
066582707	0615717
066582708	0615718
066582709	0615719
066585607	0615720
066585606	0615721
066585603	0615722
066585601	0615723
066585602	0615724
066585604	0615725
066585605	0615726
066582801	0615727
066582802	0615728
066582803	0615729
066582804	0615730
066582805	0615731
066582806	0615732
066582807	0615733
066582808	0615734
066582809	0615735
066582810	0615736
066582901	0615737
066582902	0615738
066582903	0615739
066582904	0615740
066582905	0615741
066582906	0615742
066582907	0615743
066582908	0615744
066582909	0615745
066582910	0615746
066582911	0615747
066582912	0615748
066583001	0615749
066583002	0615750
066583003	0615751
066583004	0615752
066583005	0615753
066583006	0615754
066583013	0615755
066583007	0615755
066583008	0615756
066583009	0615757
066583014	0615757
066583010	0615758
066583011	0615759
066583012	0615760
066583101	0615761
066583102	0615762
066583103	0615763
066583104	0615764
066583105	0615765
066583114	0615766
066583106	0615766
066583107	0615767
066583108	0615768
066583109	0615769
066583110	0615770
066583111	0615771
066583112	0615772
066583113	0615773
066583201	0615774
066583202	0615775
066583203	0615776
066583204	0615777
066583205	0615778
066583206	0615779
066583207	0615779
066583209	0615780
066583208	0615780
066585705	0615781
066585708	0615781
066585707	0615782
066585706	0615783
066585703	0615784
066585701	0615785
066585704	0615785
066585702	0615786
066583302	0615787
066583301	0615787
066583303	0615788
066583304	0615789
066583305	0615790
066583307	0615791
066583306	0615791
066585809	0615792
066585808	0615792
066585807	0615793
066585804	0615794
066585803	0615795
066585802	0615796
066585801	0615797
066585805	0615798
066585806	0615799
066583401	0615800
066583402	0615801
066583403	0615802
066583404	0615803
066583405	0615804
066585901	0615805
066585902	0615806
066585903	0615807
066585904	0615808
066583406	0615809
066585907	0615810
066585905	0615811
066585906	0615812
066583501	0615813
066583502	0615814
066583503	0615815
066583504	0615816
066583505	0615817
066583506	0615818
066583507	0615819
066583508	0615820
066583509	0615821
066583510	0615822
066583604	0615823
066583602	0615823
066583603	0615823
066583601	0615824
066583605	0615824
066583606	0615825
066583607	0615826
066583609	0615827
066583608	0615828
066586001	0615829
066586002	0615829
066586003	0615830
066586004	0615831
066586005	0615832
066586006	0615833
066586007	0615834
066586008	0615835
066586009	0615836
066583704	0615837
066583701	0615837
066583702	0615838
066583703	0615838
066583705	0615839
066583706	0615839
066583708	0615840
066583707	0615840
066583709	0615841
066583710	0615842
066586103	0615842
066586102	0615843
066586104	0615844
066586105	0615845
066586101	0615846
066586106	0615847
066586107	0615847
066586109	0615848
066586108	0615848
066586110	0615849
066586111	0615849
066583801	0615850
066583802	0615850
066583804	0615851
066583803	0615851
066583805	0615852
066583806	0615853
066583809	0615854
066583810	0615854
066583811	0615855
066583812	0615855
066583808	0615856
066583807	0615857
066583814	0615858
066583813	0615859
066586205	0615860
066586203	0615860
066586204	0615860
066586202	0615860
066586201	0615860
066586206	0615860
066586207	0615861
066586208	0615862
066586209	0615863
066586210	0615863
066586212	0615864
066586211	0615864
066586213	0615865
066583901	0615866
066583902	0615867
066583903	0615868
066583904	0615869
066583905	0615870
066583906	0615871
066583907	0615872
066583908	0615873
066583909	0615874
066583911	0615875
066583910	0615875
066584501	0615876
066584502	0615876
066584507	0615877
066584508	0615878
066584509	0615879
066584506	0615880
066584503	0615881
066584002	0615882
066584003	0615883
066584504	0615884
066584505	0615885
066584004	0615886
066584005	0615887
066584007	0615888
066584008	0615889
066584009	0615890
066584010	0615890
066584006	0615891
066584001	0615892
066584102	0615893
066584103	0615893
066584101	0615893
066586302	0615894
066586301	0615894
066586308	0615895
066586307	0615895
066586311	0615896
066586310	0615897
066586309	0615898
066586304	0615899
066586305	0615899
066586306	0615900
066586303	0615900
066584106	0615901
066584104	0615902
066584105	0615902
066584107	0615903
066584108	0615904
066584109	0615905
066584110	0615906
066584111	0615907
066584201	0615908
066584202	0615909
066584203	0615910
066584204	0615911
066584205	0615912
066584206	0615913
066584207	0615914
066584208	0615915
066584209	0615916
066584210	0615917
066584211	0615918
066584212	0615919
066584214	0615919
066584213	0615920
066584301	0615921
066584302	0615922
066584303	0615923
066584304	0615924
066584305	0615925
066584306	0615926
066584307	0615927
066584308	0615928
066584313	0615928
066584309	0615929
066584310	0615930
066584311	0615931
066584312	0615932
066584407	0615933
066584408	0615934
066586401	0615935
066584405	0615936
066584406	0615936
066584404	0615937
066584401	0615938
066584402	0615939
066584403	0615940
066586403	0615941
066586404	0615941
066586402	0615942
066586406	0615943
066586405	0615943
066586407	0615944
066586408	0615945
066586409	0615946
066650101	0615947
066650106	0615947
066650107	0615948
066650102	0615948
066650103	0615949
066650104	0615950
066650105	0615951
066650201	0615952
066650202	0615953
066650203	0615954
066650204	0615955
066650205	0615956
066650206	0615957
066650207	0615958
066650210	0615959
066650208	0615959
066650209	0615960
066650312	0615961
066650301	0615961
066650302	0615962
066650314	0615963
066650316	0615963
066650303	0615963
066650304	0615964
066650313	0615964
066650305	0615965
066650306	0615966
066650307	0615967
066650308	0615968
066650309	0615969
066650310	0615970
066650315	0615970
066650311	0615971
066650401	0615972
066650402	0615973
066650405	0615973
066650403	0615974
066650404	0615975
066650501	0615976
066650502	0615977
066650503	0615978
066650504	0615978
066650601	0615979
066650701	0615980
066650801	0615981
066650901	0615982
066651001	0615983
066651002	0615984
066651003	0615985
066651004	0615986
066651005	0615987
066651006	0615988
066651007	0615989
066651008	0615990
066651101	0615991
066651201	0615992
066651202	0615993
066651402	0615994
066651401	0615994
066651301	0615995
066651304	0615996
066651305	0615997
066651307	0615997
066651306	0615998
066651308	0615998
066651303	0615999
066651302	0616000
066651404	0616001
066651403	0616001
066651405	0616002
066651406	0616003
066651407	0616004
066651408	0616004
066720101	0616005
066720104	0616006
066720103	0616007
066720105	0616008
066720102	0616008
066720201	0616009
066720202	0616010
066720301	0616011
066720302	0616012
066720303	0616013
066720401	0616014
066720402	0616015
066720405	0616016
066720403	0616016
066720404	0616017
066720501	0616018
066720502	0616019
066720503	0616020
066720504	0616021
066720601	0616022
066720602	0616023
066720603	0616024
066720604	0616025
066720701	0616026
066720702	0616027
066720801	0616028
066720802	0616029
066720901	0616030
066720902	0616031
066720903	0616032
066721001	0616033
066721002	0616034
066721101	0616035
066721102	0616036
066721103	0616037
066721104	0616038
066721208	0616039
066721209	0616039
066721207	0616040
066721210	0616041
066721211	0616042
066721206	0616043
066721506	0616044
066721502	0616045
066721503	0616046
066721504	0616046
066721505	0616047
066721508	0616048
066721212	0616048
066721501	0616048
066721201	0616048
066721204	0616048
066721202	0616049
066721203	0616050
066721512	0616050
066721511	0616051
066721509	0616052
066721510	0616052
066721205	0616053
066721507	0616054
066721301	0616055
066721302	0616056
066721303	0616057
066721401	0616058
066721402	0616059
066721403	0616060
066790101	0616061
066790102	0616062
066790103	0616063
066790104	0616064
066790105	0616065
066790201	0616066
066790202	0616067
066790301	0616068
066790302	0616069
066790303	0616070
066790304	0616071
066790305	0616072
066790306	0616073
066790401	0616074
066790402	0616075
066790403	0616076
066790404	0616077
066790405	0616078
066790501	0616079
066790502	0616080
066790503	0616081
066790601	0616082
066790602	0616083
066790603	0616084
066790604	0616085
066790605	0616086
066790606	0616087
066790607	0616088
066790615	0616089
066790614	0616089
066790608	0616089
066790609	0616090
066790610	0616091
066790611	0616092
066790612	0616093
066790613	0616094
066790701	0616095
066790702	0616096
066790801	0616097
066790802	0616098
066790906	0616099
066790901	0616099
066790902	0616100
066790903	0616101
066790904	0616102
066790905	0616103
066790907	0616103
066791001	0616104
066791004	0616104
066791005	0616104
066791002	0616105
066791003	0616106
066791101	0616107
066791102	0616108
066791104	0616108
066791103	0616109
066791201	0616110
066791202	0616111
066791203	0616112
066791204	0616113
066791205	0616114
066791206	0616115
066860101	0616116
066860111	0616117
066860102	0616117
066860103	0616118
066860104	0616119
066860105	0616120
066860106	0616121
066860107	0616122
066860108	0616123
066860109	0616124
066860110	0616125
066860202	0616126
066860203	0616127
066860211	0616127
066860201	0616128
066860205	0616129
066860206	0616130
066860207	0616131
066860208	0616132
066860209	0616133
066860210	0616134
066860301	0616135
066860302	0616136
066860305	0616136
066860303	0616137
066860304	0616138
066860401	0616139
066860402	0616140
066860403	0616141
066860501	0616142
066860502	0616143
066860601	0616144
066860610	0616145
066860602	0616145
066860611	0616146
066860603	0616146
066860612	0616147
066860604	0616147
066860605	0616148
066860606	0616149
066860607	0616150
066860608	0616151
066860613	0616151
066860609	0616152
066860701	0616153
066860708	0616153
066860702	0616154
066860703	0616155
066860704	0616156
066860705	0616157
066860706	0616158
066860707	0616159
066860801	0616160
066860802	0616161
066860803	0616162
066860804	0616163
066860805	0616164
066860806	0616164
066860901	0616165
066860902	0616166
066860903	0616167
066861001	0616168
066861004	0616169
066861002	0616169
066861003	0616170
066861101	0616171
066861104	0616171
066861102	0616172
066861103	0616173
066861201	0616174
066861202	0616175
066861203	0616176
066861204	0616177
066861301	0616178
066861302	0616179
066861303	0616180
066861304	0616181
066861305	0616182
066861306	0616183
066861307	0616184
066861308	0616185
066861309	0616186
066861310	0616187
066861311	0616188
066861312	0616189
066861313	0616190
066861314	0616191
066930101	0616192
066930102	0616193
066930201	0616194
066930202	0616195
066930203	0616196
066930302	0616197
066930301	0616198
066930303	0616199
066930304	0616200
066930306	0616200
066930305	0616200
066930307	0616201
066930309	0616202
066930308	0616202
066930311	0616203
066930310	0616203
066930801	0616204
066930802	0616205
066930803	0616206
066930804	0616207
066930805	0616208
066930312	0616209
066930313	0616210
066930314	0616211
066930315	0616212
066930806	0616213
066930807	0616214
066930808	0616215
066930401	0616216
066930403	0616216
066930402	0616217
066930501	0616218
066930502	0616219
066930601	0616220
066930602	0616221
066930603	0616222
066930604	0616223
066930701	0616224
066930702	0616225
066930703	0616226
066930704	0616227
067000101	0616228
067000112	0616229
067000102	0616229
067000103	0616230
067000104	0616231
067000105	0616232
067000106	0616233
067000111	0616234
067000107	0616234
067000108	0616235
067000109	0616236
067000110	0616237
067000201	0616238
067000202	0616239
067000203	0616240
067000204	0616241
067000207	0616241
067000208	0616242
067000205	0616242
067000206	0616242
067000209	0616243
067000210	0616244
067000211	0616245
067000212	0616246
067001301	0616247
067001307	0616248
067001306	0616249
067001302	0616250
067001303	0616251
067001304	0616252
067001305	0616253
067000301	0616254
067000302	0616255
067000303	0616256
067000401	0616257
067000402	0616258
067000501	0616259
067000502	0616260
067000503	0616261
067000504	0616262
067000505	0616263
067000601	0616264
067000602	0616265
067000603	0616266
067000604	0616267
067000605	0616268
067000606	0616269
067000701	0616270
067000708	0616270
067000702	0616271
067000703	0616272
067000704	0616273
067000705	0616274
067000706	0616275
067000707	0616276
067000801	0616277
067000802	0616278
067000803	0616279
067000804	0616280
067000805	0616281
067000806	0616282
067000807	0616283
067000808	0616284
067000809	0616285
067000901	0616286
067000902	0616287
067000903	0616288
067000904	0616289
067001001	0616290
067001002	0616291
067001003	0616292
067001006	0616292
067001005	0616292
067001004	0616293
067001101	0616294
067001102	0616295
067001408	0616296
067001409	0616297
067001406	0616298
067001407	0616298
067001206	0616299
067001201	0616300
067001202	0616301
067001203	0616302
067001204	0616303
067001401	0616303
067001205	0616304
067001207	0616305
067001403	0616306
067001402	0616306
067001404	0616307
067001405	0616308
067071202	0616309
067071203	0616310
067071201	0616310
067071205	0616311
067071204	0616312
067071206	0616313
067071207	0616313
067071209	0616314
067071208	0616314
067071210	0616315
067070110	0616316
067070109	0616317
067070108	0616318
067070107	0616319
067070101	0616320
067070102	0616321
067070106	0616322
067070105	0616323
067070103	0616324
067070104	0616325
067070201	0616326
067070202	0616327
067070301	0616328
067070408	0616329
067070411	0616329
067070401	0616329
067070407	0616329
067070402	0616330
067070406	0616330
067070413	0616331
067070403	0616331
067070414	0616331
067070410	0616331
067070412	0616331
067070404	0616332
067070409	0616332
067070405	0616333
067070501	0616334
067070502	0616335
067070503	0616336
067070504	0616337
067070601	0616338
067070602	0616339
067070603	0616340
067070604	0616341
067070605	0616342
067070606	0616343
067070609	0616344
067070607	0616344
067070608	0616345
067070701	0616346
067070702	0616347
067070801	0616348
067070804	0616348
067070802	0616349
067070803	0616350
067070901	0616351
067070902	0616352
067070903	0616353
067071001	0616354
067071002	0616355
067071101	0616356
067071102	0616357
067071103	0616357
067071107	0616358
067071309	0616359
067071308	0616359
067071106	0616360
067071104	0616361
067071105	0616362
067071304	0616363
067071303	0616364
067071301	0616365
067071302	0616366
067071305	0616367
067071306	0616368
067071307	0616368
067141006	0616369
067141005	0616369
067141004	0616370
067141007	0616371
067140101	0616372
067140107	0616373
067140106	0616373
067140108	0616374
067140109	0616375
067140104	0616376
067140105	0616376
067140102	0616377
067140103	0616378
067141009	0616379
067141008	0616380
067141002	0616381
067141001	0616382
067141003	0616383
067140201	0616384
067140202	0616385
067140203	0616386
067140204	0616387
067140205	0616388
067140206	0616389
067140207	0616390
067140307	0616391
067140301	0616391
067140302	0616392
067140303	0616393
067140304	0616394
067140305	0616395
067140306	0616396
067140401	0616397
067140402	0616398
067140403	0616399
067140404	0616400
067140501	0616401
067140507	0616401
067140502	0616402
067140503	0616403
067140506	0616404
067140504	0616404
067140505	0616405
067140603	0616406
067140602	0616406
067140601	0616406
067140604	0616407
067140605	0616408
067140606	0616409
067140607	0616410
067140608	0616411
067140609	0616412
067140610	0616413
067141111	0616414
067141112	0616414
067141110	0616415
067141109	0616416
067141105	0616417
067141104	0616418
067141102	0616418
067141101	0616419
067141103	0616420
067141106	0616421
067141107	0616422
067141108	0616422
067140701	0616423
067140702	0616424
067140703	0616425
067140801	0616426
067140802	0616427
067140803	0616428
067140810	0616429
067140804	0616429
067140805	0616430
067140806	0616431
067140807	0616432
067140808	0616433
067140809	0616434
067140901	0616435
067140902	0616436
067140903	0616437
067140904	0616438
067140905	0616439
067140906	0616440
067210101	0616441
067210102	0616442
067210103	0616443
067210104	0616444
067210206	0616445
067210207	0616446
067210209	0616447
067210210	0616448
067210303	0616448
067210302	0616449
067210307	0616449
067210304	0616449
067210305	0616449
067210308	0616449
067210306	0616450
067210201	0616451
067210202	0616452
067210203	0616453
067210301	0616454
067210309	0616455
067210205	0616456
067210204	0616457
067210208	0616458
067280101	0616459
067280102	0616460
067280201	0616461
067280202	0616462
067280205	0616462
067280203	0616463
067280204	0616464
067280301	0616465
067280302	0616466
067280303	0616467
067280304	0616468
067280401	0616469
067280402	0616470
067280403	0616471
067280501	0616472
067280502	0616473
067280503	0616474
067280601	0616475
067280602	0616476
067280603	0616477
067280701	0616478
067280702	0616479
067280704	0616480
067280703	0616480
067280801	0616481
067280802	0616482
067280803	0616483
067280901	0616484
067280906	0616484
067280902	0616485
067280907	0616486
067280908	0616486
067280903	0616486
067280904	0616487
067280905	0616487
067280909	0616487
067281001	0616488
067281002	0616489
067281003	0616490
067281005	0616491
067281006	0616492
067281009	0616493
067281010	0616494
067281011	0616495
067281012	0616496
067281013	0616497
067281706	0616498
067281705	0616499
067281704	0616500
067281703	0616501
067281008	0616502
067281007	0616503
067281004	0616504
067281701	0616505
067281702	0616506
067281709	0616507
067281708	0616508
067281707	0616508
067281710	0616509
067281713	0616510
067281712	0616510
067281711	0616511
067281714	0616512
067281715	0616513
067281101	0616514
067281102	0616515
067281103	0616516
067281201	0616517
067281202	0616518
067281305	0616519
067281301	0616519
067281306	0616519
067281302	0616520
067281303	0616521
067281304	0616521
067281401	0616522
067281409	0616523
067281402	0616523
067281410	0616524
067281403	0616524
067281404	0616525
067281405	0616526
067281406	0616527
067281407	0616528
067281408	0616529
067281501	0616530
067281502	0616531
067281503	0616532
067281601	0616533
067281602	0616534
067281603	0616535
067350101	0616536
067350102	0616537
067350103	0616538
067350104	0616539
067350105	0616540
067350106	0616541
067350107	0616542
067350108	0616543
067350109	0616544
067350110	0616545
067350209	0616546
067350201	0616546
067350202	0616547
067350203	0616548
067350204	0616549
067350205	0616550
067350206	0616551
067350207	0616552
067350208	0616553
067350301	0616554
067350309	0616554
067350302	0616555
067350303	0616556
067350304	0616557
067350305	0616558
067420201	0616559
067420301	0616560
067420401	0616561
067420402	0616562
067420403	0616563
067420404	0616564
067420405	0616565
067420406	0616566
067420407	0616567
067420408	0616568
067420409	0616569
067420410	0616570
067420411	0616571
067420412	0616572
067420413	0616573
067420414	0616574
067420415	0616574
067420501	0616575
067420601	0616576
067420701	0616577
067420702	0616578
067420801	0616579
067420901	0616580
067490101	0616581
067490102	0616582
067490103	0616583
067490104	0616584
067490105	0616585
067490201	0616586
067490202	0616587
067490203	0616588
067490204	0616589
067490205	0616590
067490206	0616591
067490207	0616592
067490208	0616593
067490209	0616594
067490210	0616595
067490211	0616596
067490212	0616597
067490213	0616598
067490304	0616599
067490303	0616599
067490301	0616600
067490302	0616601
067490306	0616602
067490305	0616603
067490309	0616604
067490308	0616605
067490307	0616606
067491601	0616607
067491602	0616608
067491603	0616608
067491604	0616609
067491605	0616609
067491607	0616610
067491606	0616610
067490401	0616611
067490402	0616612
067490403	0616613
067490404	0616614
067490405	0616615
067490406	0616616
067490501	0616617
067490502	0616618
067490503	0616619
067490514	0616619
067490504	0616620
067490505	0616621
067490506	0616622
067490507	0616623
067490508	0616624
067490515	0616625
067490509	0616625
067490510	0616626
067490511	0616627
067490512	0616628
067490513	0616629
067490601	0616630
067490602	0616631
067490603	0616632
067490606	0616632
067490604	0616633
067490605	0616634
067490607	0616634
067490701	0616635
067490702	0616636
067490703	0616637
067490704	0616638
067490710	0616639
067490705	0616639
067490706	0616640
067490707	0616641
067490708	0616642
067490711	0616642
067490709	0616643
067490801	0616644
067490802	0616645
067490803	0616646
067490804	0616647
067490805	0616648
067490806	0616649
067490807	0616650
067490810	0616650
067490808	0616651
067490809	0616652
067490901	0616653
067491701	0616654
067491702	0616655
067491703	0616656
067491704	0616656
067491705	0616657
067491706	0616658
067490903	0616659
067490902	0616660
067490904	0616661
067490905	0616662
067490908	0616663
067490906	0616663
067490907	0616664
067491707	0616665
067491014	0616666
067491001	0616666
067491002	0616667
067491003	0616668
067491004	0616669
067491005	0616670
067491006	0616671
067491007	0616672
067491008	0616673
067491009	0616674
067491010	0616675
067491011	0616676
067491012	0616677
067491013	0616678
067491101	0616679
067491102	0616680
067491103	0616681
067491104	0616682
067491105	0616683
067491106	0616684
067491107	0616685
067491108	0616686
067491109	0616687
067491110	0616688
067491111	0616689
067491112	0616690
067491115	0616691
067491113	0616691
067491114	0616692
067491201	0616693
067491202	0616694
067491203	0616695
067491212	0616696
067491204	0616696
067491205	0616697
067491206	0616698
067491207	0616699
067491208	0616700
067491209	0616701
067491213	0616702
067491210	0616702
067491211	0616703
067491812	0616704
067491811	0616705
067491801	0616706
067491303	0616707
067491304	0616708
067491302	0616709
067491301	0616710
067491305	0616711
067491306	0616712
067491307	0616713
067491308	0616714
067491309	0616715
067491310	0616716
067491802	0616717
067491803	0616718
067491806	0616719
067491807	0616719
067491804	0616720
067491805	0616721
067491808	0616722
067491810	0616723
067491809	0616724
067491401	0616725
067491402	0616726
067491403	0616727
067491404	0616728
067491405	0616729
067491406	0616730
067491901	0616731
067491907	0616732
067491908	0616733
067491902	0616734
067491903	0616735
067491407	0616736
067491409	0616737
067491408	0616737
067491410	0616738
067491411	0616739
067491905	0616740
067491904	0616741
067491906	0616742
067491912	0616743
067491911	0616743
067491910	0616743
067491909	0616744
067491501	0616745
067491502	0616746
067491503	0616747
067491504	0616748
067491505	0616749
067491506	0616750
067491507	0616751
067491508	0616752
067491509	0616753
067491510	0616754
067491514	0616754
067491511	0616755
067491515	0616755
067491512	0616756
067491513	0616757
067560101	0616758
067560102	0616759
067560103	0616760
067560104	0616761
067560107	0616762
067560110	0616763
067560109	0616764
067560108	0616764
067562810	0616765
067562809	0616766
067562808	0616767
067562807	0616768
067560106	0616769
067560105	0616770
067562802	0616771
067562801	0616771
067562803	0616772
067562806	0616773
067562804	0616773
067562805	0616774
067560201	0616775
067560202	0616776
067560203	0616777
067560204	0616778
067560205	0616779
067560206	0616780
067560210	0616781
067560207	0616781
067560208	0616782
067560209	0616783
067560301	0616784
067560302	0616785
067560303	0616786
067560304	0616787
067560305	0616788
067560306	0616789
067560307	0616790
067560311	0616791
067560308	0616791
067560309	0616792
067560310	0616793
067560312	0616793
067560401	0616794
067560402	0616795
067560403	0616796
067560404	0616797
067560405	0616798
067560406	0616799
067560407	0616800
067560408	0616801
067560501	0616802
067560502	0616803
067560503	0616804
067560504	0616805
067560505	0616806
067560506	0616807
067560507	0616808
067560508	0616809
067560509	0616810
067560510	0616811
067560601	0616812
067560602	0616813
067560603	0616814
067560604	0616815
067560605	0616816
067560807	0616817
067560808	0616818
067560809	0616819
067560908	0616820
067560907	0616821
067560901	0616822
067560902	0616823
067560906	0616824
067560905	0616825
067560904	0616826
067560903	0616827
067562901	0616828
067562902	0616829
067562907	0616830
067562906	0616831
067562903	0616832
067562904	0616833
067562905	0616834
067562908	0616835
067561001	0616836
067561002	0616837
067561003	0616838
067561004	0616839
067561005	0616840
067561006	0616841
067561007	0616842
067561008	0616843
067561009	0616844
067561010	0616845
067561011	0616846
067561012	0616847
067561101	0616848
067561102	0616849
067561104	0616850
067561103	0616851
067561106	0616852
067561105	0616853
067563004	0616854
067563003	0616854
067563005	0616855
067563006	0616856
067563002	0616857
067563001	0616858
067563008	0616859
067563007	0616859
067563009	0616860
067561201	0616861
067561202	0616862
067561203	0616863
067561204	0616864
067561212	0616864
067561205	0616865
067561206	0616866
067561207	0616867
067561208	0616868
067561209	0616869
067561210	0616870
067561211	0616871
067563101	0616872
067563102	0616873
067563103	0616874
067563104	0616875
067563105	0616875
067563106	0616876
067561308	0616877
067561307	0616878
067561301	0616879
067561302	0616879
067561303	0616880
067561304	0616881
067561306	0616882
067561305	0616882
067561309	0616883
067563107	0616884
067563109	0616885
067563108	0616885
067561405	0616886
067561401	0616886
067561404	0616887
067561402	0616887
067561403	0616887
067561408	0616888
067561407	0616889
067561406	0616890
067561410	0616891
067561409	0616892
067563201	0616893
067563203	0616894
067563202	0616894
067563205	0616895
067563211	0616895
067563204	0616895
067563206	0616896
067563207	0616897
067563208	0616898
067563209	0616899
067563210	0616900
067561513	0616901
067561501	0616901
067561502	0616902
067561503	0616903
067561514	0616904
067561504	0616904
067561515	0616905
067561505	0616905
067561506	0616906
067561507	0616907
067561508	0616908
067561509	0616909
067561510	0616910
067561511	0616911
067561512	0616912
067561601	0616913
067561602	0616914
067561603	0616914
067561606	0616915
067561607	0616916
067561605	0616917
067561604	0616918
067563302	0616919
067563307	0616920
067563301	0616920
067563303	0616921
067563304	0616922
067563305	0616923
067563306	0616924
067563308	0616925
067561701	0616926
067561711	0616927
067561702	0616927
067561703	0616928
067561704	0616929
067561705	0616930
067561706	0616931
067561707	0616932
067561708	0616933
067561709	0616934
067561710	0616935
067561801	0616936
067561802	0616937
067561803	0616938
067561804	0616939
067561805	0616940
067561806	0616941
067561807	0616942
067561808	0616943
067561809	0616944
067561810	0616945
067561812	0616946
067561811	0616946
067561901	0616947
067561902	0616948
067561903	0616949
067561904	0616950
067561905	0616951
067561911	0616952
067561906	0616952
067561907	0616953
067561908	0616954
067561909	0616955
067561910	0616956
067562201	0616957
067562206	0616958
067562205	0616959
067563401	0616960
067563402	0616961
067563403	0616962
067563404	0616963
067563405	0616964
067563406	0616965
067563407	0616966
067562301	0616967
067562311	0616967
067562302	0616968
067562303	0616969
067562304	0616970
067562312	0616970
067562305	0616971
067562306	0616972
067562313	0616973
067562307	0616973
067562308	0616974
067562314	0616975
067562309	0616975
067562310	0616976
067562401	0616977
067562402	0616978
067562403	0616979
067562404	0616980
067562405	0616981
067562406	0616982
067562407	0616983
067562408	0616984
067562409	0616985
067562410	0616986
067562411	0616987
067562414	0616987
067562415	0616988
067562412	0616988
067562413	0616989
067562502	0616990
067562501	0616991
067562509	0616992
067562510	0616993
067562508	0616994
067562507	0616995
067562506	0616996
067562505	0616997
067563505	0616998
067562504	0616999
067562503	0617000
067563501	0617001
067563502	0617002
067563503	0617003
067563504	0617004
067563506	0617005
067563507	0617006
067563508	0617007
067563510	0617008
067563509	0617008
067562601	0617009
067562602	0617010
067562603	0617011
067562604	0617012
067562605	0617013
067562606	0617014
067562607	0617015
067562608	0617016
067562609	0617017
067562610	0617018
067562611	0617019
067562701	0617020
067562702	0617021
067562703	0617022
067562704	0617023
067562705	0617024
067562713	0617025
067562706	0617025
067562707	0617026
067562708	0617027
067562709	0617028
067562710	0617029
067562711	0617030
067562714	0617030
067562712	0617031
067600101	0617032
067600102	0617033
067601901	0617034
067601902	0617035
067601903	0617036
067601904	0617036
067601905	0617037
067601906	0617038
067601907	0617038
067600103	0617039
067600105	0617040
067600104	0617040
067600107	0617041
067600110	0617042
067600111	0617043
067600109	0617044
067600108	0617045
067600106	0617045
067601908	0617046
067601909	0617047
067601911	0617048
067601910	0617048
067600202	0617049
067600201	0617049
067600207	0617050
067600206	0617051
067600208	0617052
067600209	0617052
067602004	0617053
067602001	0617053
067602002	0617054
067602003	0617054
067602014	0617055
067602013	0617055
067602012	0617056
067602005	0617057
067600211	0617058
067600210	0617058
067600205	0617059
067600203	0617059
067600204	0617060
067600212	0617061
067602007	0617061
067602006	0617062
067602008	0617063
067602009	0617063
067602010	0617064
067602011	0617065
067600301	0617066
067600302	0617066
067600307	0617067
067600308	0617067
067600309	0617068
067600310	0617069
067600311	0617070
067600306	0617071
067600303	0617072
067600305	0617073
067600312	0617074
067600313	0617075
067602112	0617076
067602110	0617077
067602111	0617077
067602109	0617078
067602108	0617078
067602106	0617079
067602107	0617079
067602105	0617080
067602104	0617080
067600304	0617080
067602102	0617081
067602101	0617081
067602113	0617082
067602103	0617082
067600401	0617083
067600501	0617084
067600502	0617084
067600506	0617085
067600507	0617086
067600511	0617087
067600509	0617088
067600510	0617088
067600508	0617089
067600505	0617090
067600503	0617091
067600504	0617091
067602202	0617092
067602201	0617092
067602203	0617093
067602205	0617094
067602204	0617094
067602207	0617095
067602206	0617095
067600601	0617096
067600602	0617097
067600603	0617098
067600604	0617099
067600605	0617100
067600606	0617101
067600607	0617102
067600608	0617103
067600611	0617104
067600609	0617104
067600612	0617105
067600610	0617105
067600613	0617105
067600701	0617106
067600703	0617107
067600702	0617107
067600705	0617108
067600704	0617108
067600707	0617109
067600706	0617109
067602309	0617110
067602301	0617110
067602308	0617111
067602302	0617112
067602303	0617113
067602304	0617114
067602305	0617115
067602306	0617115
067602307	0617115
067600801	0617116
067600803	0617116
067600802	0617117
067600804	0617117
067602401	0617118
067602403	0617119
067602404	0617120
067602410	0617121
067602402	0617121
067602411	0617122
067602412	0617122
067602409	0617123
067602408	0617124
067602407	0617124
067602406	0617125
067602405	0617125
067600807	0617126
067600806	0617127
067600805	0617127
067600901	0617128
067600902	0617129
067600903	0617130
067600904	0617131
067600905	0617132
067600906	0617132
067600909	0617133
067600907	0617134
067600908	0617134
067602505	0617135
067602506	0617136
067602507	0617137
067602508	0617137
067602510	0617138
067602509	0617138
067602504	0617139
067602503	0617139
067602502	0617140
067602501	0617141
067602511	0617142
067602512	0617143
067601001	0617144
067601002	0617145
067601004	0617146
067601003	0617147
067601005	0617148
067601006	0617149
067601008	0617150
067601007	0617150
067601010	0617151
067601009	0617152
067602606	0617153
067602601	0617154
067602604	0617154
067602602	0617155
067602603	0617156
067602605	0617157
067602607	0617158
067601101	0617159
067601106	0617160
067601105	0617161
067601102	0617161
067601104	0617162
067601103	0617163
067601109	0617164
067601108	0617165
067601107	0617165
067602701	0617166
067602704	0617167
067602702	0617168
067602703	0617169
067602706	0617170
067602705	0617171
067602707	0617172
067602710	0617173
067602708	0617174
067602709	0617175
067601201	0617176
067601202	0617177
067601205	0617178
067601206	0617179
067601207	0617180
067601208	0617181
067601209	0617182
067601210	0617183
067601211	0617184
067601204	0617185
067601203	0617186
067602801	0617187
067602805	0617188
067602802	0617189
067602803	0617190
067602804	0617191
067602806	0617192
067602807	0617193
067602809	0617193
067602808	0617193
067602810	0617194
067601301	0617195
067601302	0617196
067601303	0617197
067601304	0617198
067601305	0617199
067601306	0617200
067601307	0617200
067601309	0617201
067601311	0617201
067601310	0617201
067601308	0617202
067602904	0617203
067602905	0617203
067602906	0617204
067602903	0617205
067602902	0617206
067602901	0617207
067602908	0617208
067602907	0617208
067602909	0617209
067602910	0617209
067602911	0617210
067601404	0617211
067601406	0617212
067601405	0617213
067601402	0617214
067601403	0617214
067601401	0617215
067603102	0617216
067603101	0617216
067603201	0617216
067603203	0617217
067603202	0617217
067603205	0617218
067603206	0617219
067603204	0617220
067603106	0617221
067603105	0617222
067603104	0617222
067603103	0617223
067601408	0617224
067601407	0617225
067601501	0617226
067601502	0617227
067601503	0617228
067601504	0617229
067601505	0617230
067601506	0617230
067603007	0617231
067603006	0617232
067603002	0617233
067601507	0617234
067601508	0617235
067601509	0617236
067601510	0617237
067603001	0617238
067603003	0617239
067603004	0617240
067603005	0617241
067601601	0617242
067601602	0617243
067601603	0617244
067601606	0617245
067601605	0617246
067601604	0617247
067603301	0617248
067603303	0617249
067603302	0617250
067603305	0617251
067601607	0617252
067603307	0617253
067603306	0617254
067603304	0617255
067601701	0617256
067601702	0617256
067601703	0617257
067601704	0617258
067601705	0617259
067601706	0617260
067601707	0617260
067601708	0617261
067603401	0617262
067603402	0617263
067603406	0617264
067603407	0617265
067603409	0617266
067603410	0617267
067603408	0617268
067603405	0617269
067603403	0617270
067603404	0617271
067601801	0617272
067601802	0617273
067601803	0617274
067603505	0617275
067603506	0617275
067603501	0617276
067603502	0617277
067603504	0617278
067603503	0617279
067603507	0617280
067601804	0617281
067601805	0617282
067601807	0617283
067601806	0617283
067601808	0617284
067603508	0617285
067603509	0617286
067603510	0617287
067630101	0617288
067630103	0617289
067630104	0617290
067630105	0617291
067630107	0617292
067630106	0617293
067630102	0617294
067632201	0617295
067632206	0617295
067632208	0617296
067632207	0617296
067632209	0617297
067632205	0617298
067632202	0617299
067632203	0617300
067632204	0617301
067632407	0617302
067632408	0617303
067630504	0617304
067632401	0617305
067630510	0617306
067630507	0617307
067632404	0617308
067630503	0617309
067630603	0617310
067630605	0617311
067630606	0617312
067630607	0617313
067630608	0617314
067630610	0617315
067632506	0617316
067632505	0617316
067632504	0617317
067632502	0617318
067632503	0617319
067632507	0617320
067632508	0617321
067632509	0617322
067630702	0617323
067630705	0617324
067630706	0617325
067630707	0617326
067630708	0617327
067630709	0617328
067630710	0617329
067630714	0617330
067630711	0617330
067630712	0617331
067630801	0617332
067632601	0617333
067630802	0617334
067630803	0617335
067630805	0617336
067630806	0617337
067630807	0617338
067630809	0617339
067630808	0617339
067632604	0617340
067630804	0617340
067632605	0617340
067630810	0617340
067632603	0617341
067632602	0617342
067632606	0617343
067632608	0617344
067632607	0617344
067630901	0617345
067630902	0617346
067630903	0617347
067630904	0617348
067630908	0617348
067630906	0617348
067630907	0617348
067630905	0617348
067631003	0617349
067631001	0617349
067631002	0617350
067631101	0617351
067631102	0617352
067631103	0617353
067631201	0617354
067631202	0617355
067631203	0617356
067631301	0617357
067631302	0617358
067631401	0617359
067631402	0617360
067631403	0617361
067631501	0617362
067631601	0617363
067631602	0617364
067631603	0617365
067631701	0617366
067631710	0617366
067631702	0617367
067631703	0617368
067631704	0617369
067631705	0617370
067631706	0617371
067631707	0617372
067631708	0617373
067631709	0617374
067631801	0617375
067631802	0617376
067631803	0617377
067631804	0617378
067631805	0617379
067631806	0617380
067631807	0617381
067631808	0617382
067631812	0617383
067631809	0617383
067631810	0617383
067631811	0617384
067632709	0617385
067632707	0617386
067632704	0617386
067632706	0617386
067632708	0617387
067632710	0617387
067632705	0617388
067632703	0617389
067632702	0617390
067632701	0617390
067631902	0617391
067631903	0617392
067631904	0617393
067631905	0617394
067631906	0617395
067631907	0617396
067631908	0617397
067631909	0617398
067631910	0617399
067631911	0617400
067632001	0617401
067632014	0617401
067632002	0617402
067632003	0617403
067632004	0617404
067632005	0617405
067632006	0617406
067632007	0617407
067632008	0617408
067632009	0617409
067632010	0617410
067632011	0617411
067632012	0617412
067632013	0617413
067632101	0617414
067700101	0617415
067700102	0617416
067700103	0617417
067700112	0617417
067700104	0617418
067700105	0617419
067700113	0617419
067700106	0617420
067700114	0617420
067700107	0617421
067700108	0617422
067700109	0617423
067700110	0617424
067700111	0617425
067700201	0617426
067700202	0617427
067700203	0617428
067700204	0617429
067700205	0617430
067700206	0617431
067700207	0617432
067700208	0617433
067700301	0617434
067700306	0617434
067700302	0617435
067700303	0617436
067700304	0617437
067700305	0617438
067700401	0617439
067700402	0617440
067700403	0617441
067700404	0617442
067700501	0617443
067700502	0617444
067700503	0617445
067700504	0617446
067700601	0617447
067700602	0617448
067700701	0617449
067700702	0617450
067700703	0617451
067700704	0617452
067700705	0617453
067700801	0617454
067700802	0617455
067700803	0617456
067700804	0617457
067700805	0617458
067700901	0617459
067700909	0617460
067700902	0617460
067700910	0617461
067700903	0617461
067700904	0617462
067700905	0617463
067700906	0617464
067700907	0617465
067700911	0617465
067700912	0617466
067700908	0617466
067702412	0617467
067702411	0617468
067702407	0617468
067702413	0617468
067702410	0617469
067702408	0617470
067702401	0617470
067702409	0617471
067701007	0617471
067701009	0617472
067701010	0617472
067701008	0617473
067702402	0617473
067701004	0617474
067701005	0617474
067701006	0617475
067701002	0617476
067701001	0617477
067701003	0617478
067702406	0617479
067702403	0617479
067702405	0617479
067702404	0617480
067701101	0617481
067701102	0617482
067701103	0617483
067701104	0617484
067701105	0617485
067701207	0617486
067701201	0617486
067701202	0617487
067701203	0617488
067701204	0617489
067701205	0617490
067701206	0617491
067701301	0617492
067701302	0617493
067701303	0617494
067701304	0617495
067701305	0617496
067701306	0617497
067701307	0617498
067701401	0617499
067701402	0617500
067701403	0617501
067701501	0617502
067701502	0617503
067701503	0617504
067701504	0617505
067701505	0617506
067701601	0617507
067701608	0617507
067701602	0617508
067701603	0617509
067701604	0617510
067701605	0617511
067701606	0617512
067701607	0617513
067701701	0617514
067701702	0617515
067701703	0617516
067701704	0617517
067701705	0617518
067701801	0617519
067701802	0617520
067701803	0617521
067701807	0617522
067701804	0617522
067701805	0617523
067701806	0617524
067701901	0617525
067701902	0617526
067701903	0617527
067701904	0617528
067702001	0617529
067702002	0617530
067702101	0617531
067702102	0617532
067702103	0617533
067702104	0617534
067702111	0617534
067702105	0617535
067702106	0617536
067702107	0617537
067702112	0617537
067702108	0617538
067702109	0617539
067702110	0617540
067702202	0617541
067702201	0617542
067702204	0617542
067702203	0617542
067702206	0617543
067702207	0617543
067702205	0617544
067702209	0617545
067702502	0617546
067702208	0617546
067702503	0617547
067702504	0617548
067702505	0617549
067702506	0617550
067702507	0617551
067702501	0617552
067702508	0617553
067702510	0617554
067702509	0617554
067702301	0617555
067781401	0617556
067781402	0617557
067781403	0617558
067781404	0617559
067781406	0617560
067781405	0617560
067781408	0617561
067781407	0617561
067781409	0617562
067781410	0617563
067780101	0617564
067780104	0617564
067780102	0617564
067780103	0617564
067780105	0617564
067781411	0617565
067781412	0617566
067780201	0617567
067780202	0617568
067780204	0617569
067780203	0617569
067780205	0617570
067780208	0617571
067780206	0617571
067780209	0617572
067780207	0617573
067780210	0617573
067781106	0617574
067780211	0617575
067780212	0617575
067781107	0617576
067781108	0617577
067781105	0617578
067781104	0617579
067781109	0617579
067781111	0617580
067781103	0617581
067781110	0617581
067781101	0617582
067781102	0617583
067781112	0617584
067780305	0617585
067780304	0617585
067780302	0617585
067780303	0617585
067780301	0617585
067780401	0617586
067780403	0617587
067780402	0617587
067780404	0617588
067780406	0617588
067780409	0617588
067781508	0617589
067780405	0617589
067781502	0617589
067781503	0617589
067781501	0617589
067781504	0617589
067781505	0617589
067781509	0617589
067781506	0617590
067781507	0617591
067780408	0617592
067780407	0617592
067780501	0617593
067780509	0617594
067780502	0617594
067780508	0617594
067780503	0617595
067780504	0617596
067780505	0617597
067780506	0617598
067780510	0617598
067780507	0617599
067780605	0617600
067780604	0617601
067780609	0617601
067780601	0617601
067780608	0617601
067780607	0617601
067780610	0617601
067780603	0617601
067780602	0617601
067780606	0617601
067781602	0617602
067781607	0617602
067781606	0617602
067781610	0617602
067781608	0617602
067781601	0617602
067781609	0617602
067781603	0617602
067781605	0617603
067781604	0617603
067780701	0617604
067780702	0617605
067780703	0617606
067780704	0617607
067780801	0617608
067780802	0617609
067780803	0617610
067780901	0617611
067780903	0617612
067780905	0617612
067780902	0617612
067780907	0617612
067780904	0617612
067780906	0617613
067780912	0617613
067780911	0617614
067780913	0617614
067780915	0617615
067780914	0617615
067780910	0617616
067780909	0617616
067780908	0617617
067781204	0617618
067781206	0617618
067781205	0617618
067781202	0617618
067781203	0617618
067781208	0617618
067781207	0617618
067781201	0617618
067781209	0617619
067781210	0617620
067781211	0617621
067781212	0617622
067781213	0617623
067781001	0617624
067781002	0617624
067781009	0617625
067781010	0617626
067781011	0617626
067781008	0617627
067781003	0617628
067781004	0617629
067781006	0617630
067781310	0617631
067781007	0617631
067781303	0617632
067781308	0617632
067781005	0617633
067781301	0617634
067781302	0617635
067781307	0617636
067781304	0617636
067781306	0617637
067781305	0617637
067781309	0617638
067781311	0617638
067781312	0617638
067840101	0617639
067840102	0617640
067840201	0617641
067840202	0617642
067840205	0617642
067840203	0617643
067840204	0617644
067840301	0617645
067840302	0617646
067840303	0617647
067840401	0617648
067840402	0617649
067840403	0617650
067840404	0617651
067840501	0617652
067840502	0617653
067840503	0617654
067840601	0617655
067840701	0617656
067840702	0617657
067840703	0617658
067840704	0617659
067840802	0617660
067840801	0617660
067841308	0617661
067840808	0617661
067841307	0617662
067840806	0617663
067840807	0617663
067840805	0617664
067840804	0617665
067840803	0617666
067841306	0617667
067841305	0617668
067841303	0617669
067841304	0617670
067841301	0617671
067841302	0617672
067840901	0617673
067840902	0617674
067841001	0617675
067841002	0617676
067841003	0617677
067841004	0617678
067841101	0617679
067841102	0617680
067841103	0617681
067841104	0617682
067841201	0617683
067841202	0617684
067841203	0617685
067841204	0617686
067910101	0617687
067910114	0617687
067910102	0617688
067910103	0617689
067910104	0617690
067910105	0617691
067910106	0617692
067910112	0617693
067910107	0617693
067910108	0617694
067910109	0617695
067910110	0617696
067910113	0617696
067910111	0617697
067912302	0617698
067910212	0617699
067912301	0617699
067910211	0617700
067910201	0617701
067910203	0617702
067910207	0617703
067910208	0617703
067910210	0617704
067912310	0617705
067912311	0617706
067912309	0617707
067912304	0617708
067912308	0617709
067912307	0617709
067912306	0617710
067912305	0617710
067910202	0617711
067910206	0617712
067910209	0617712
067912303	0617713
067910205	0617714
067910204	0617714
067912312	0617715
067910301	0617716
067910302	0617717
067910303	0617718
067910304	0617719
067910305	0617720
067910306	0617721
067910311	0617722
067910307	0617722
067910308	0617723
067910309	0617724
067910310	0617725
067910312	0617725
067910401	0617726
067910402	0617727
067910403	0617728
067910404	0617729
067910405	0617730
067910406	0617731
067910407	0617732
067910408	0617733
067910409	0617734
067910410	0617735
067910411	0617736
067910412	0617737
067910501	0617738
067910502	0617739
067910503	0617740
067910601	0617741
067910602	0617742
067910603	0617743
067910701	0617744
067910702	0617745
067910801	0617746
067910802	0617747
067910804	0617747
067910803	0617748
067910901	0617749
067910902	0617750
067910903	0617751
067910904	0617752
067910905	0617753
067910906	0617754
067911001	0617755
067911002	0617756
067911003	0617757
067911004	0617758
067911005	0617759
067911006	0617760
067911007	0617761
067911008	0617762
067911009	0617763
067911101	0617764
067911102	0617765
067911103	0617766
067911104	0617767
067911106	0617767
067911105	0617768
067911206	0617769
067911202	0617769
067911201	0617769
067911207	0617770
067911204	0617771
067911205	0617771
067911209	0617772
067911208	0617772
067911210	0617773
067911203	0617774
067912501	0617775
067912508	0617776
067912509	0617776
067912502	0617777
067912503	0617778
067912504	0617779
067912505	0617780
067912507	0617781
067912506	0617781
067911301	0617782
067911302	0617782
067911306	0617783
067911305	0617784
067911304	0617785
067911303	0617786
067912402	0617786
067912403	0617787
067912401	0617787
067912404	0617788
067912406	0617789
067912405	0617790
067911307	0617791
067911309	0617792
067911308	0617792
067912410	0617793
067912409	0617794
067912407	0617794
067912408	0617795
067911401	0617796
067911405	0617796
067911402	0617797
067911408	0617798
067911403	0617798
067911409	0617799
067911404	0617799
067911407	0617800
067911406	0617801
067911501	0617802
067911509	0617802
067911508	0617802
067911502	0617803
067911507	0617803
067911503	0617804
067911504	0617805
067911505	0617806
067911506	0617807
067911601	0617808
067911602	0617809
067911701	0617810
067911702	0617811
067911801	0617812
067911802	0617813
067911803	0617814
067911804	0617815
067911805	0617816
067911806	0617817
067911807	0617818
067911808	0617819
067911809	0617820
067911812	0617821
067911811	0617822
067911810	0617823
067911813	0617824
067911901	0617825
067911902	0617826
067911903	0617827
067911904	0617828
067911905	0617829
067911912	0617829
067911906	0617830
067911907	0617831
067911908	0617832
067911909	0617833
067911910	0617834
067911911	0617835
067912002	0617836
067912001	0617837
067912007	0617837
067912008	0617838
067912009	0617838
067912010	0617839
067912006	0617839
067912005	0617840
067912003	0617841
067912004	0617841
067912013	0617842
067912012	0617842
067912011	0617843
067912014	0617844
067912101	0617845
067912102	0617845
067912107	0617846
067912106	0617846
067912108	0617847
067912109	0617848
067912601	0617849
067912110	0617849
067912111	0617850
067912112	0617850
067912602	0617851
067912603	0617852
067912604	0617853
067912605	0617853
067912614	0617854
067912613	0617854
067912615	0617855
067912105	0617856
067912104	0617856
067912103	0617857
067912606	0617857
067912611	0617857
067912612	0617858
067912610	0617859
067912609	0617859
067912608	0617859
067912607	0617860
067912201	0617861
067912202	0617861
067912203	0617861
067912702	0617862
067912701	0617862
067912703	0617862
067912704	0617863
067912705	0617864
067912204	0617865
067912205	0617866
067912206	0617866
067912207	0617867
067912208	0617867
067912209	0617868
067912210	0617868
067912211	0617869
067912213	0617870
067912212	0617871
067912706	0617872
067912707	0617873
067912708	0617874
067912709	0617875
067912710	0617876
067912711	0617876
067912712	0617877
067912714	0617877
067912713	0617877
067912717	0617878
067912715	0617878
067912716	0617878
067980101	0617879
067980102	0617880
067980103	0617881
067980201	0617882
067980202	0617883
067980203	0617884
067980301	0617885
067980302	0617886
067980401	0617887
067980402	0617888
067980501	0617889
067980502	0617890
067980503	0617891
067980504	0617892
067980505	0617893
067980506	0617894
067980507	0617895
067980601	0617896
067980602	0617896
067980701	0617897
067980712	0617898
067980702	0617898
067980703	0617899
067980704	0617900
067980705	0617901
067980706	0617902
067980713	0617903
067980707	0617903
067980708	0617904
067980714	0617904
067980715	0617904
067980709	0617905
067980710	0617906
067980711	0617907
067980801	0617908
067980901	0617909
067980902	0617910
067980903	0617911
067980904	0617912
067980905	0617913
067981001	0617914
067981002	0617915
067981003	0617916
067981004	0617917
067981005	0617918
067981006	0617919
068050101	0617920
068050102	0617921
068050103	0617922
068050104	0617923
068050109	0617923
068050105	0617924
068050106	0617925
068050110	0617925
068050111	0617926
068050114	0617926
068050113	0617926
068050107	0617926
068050112	0617926
068050108	0617927
068050201	0617928
068050202	0617928
068050205	0617929
068050203	0617929
068050204	0617929
068050206	0617930
068050209	0617931
068050211	0617931
068050212	0617931
068050210	0617931
068050208	0617932
068050207	0617932
068050301	0617933
068050303	0617933
068050302	0617933
068050305	0617934
068050304	0617934
068050306	0617935
068050307	0617936
068050310	0617936
068050309	0617936
068050308	0617936
068050313	0617937
068050315	0617937
068050314	0617937
068050312	0617937
068050311	0617937
068054307	0617938
068054303	0617938
068054301	0617938
068054305	0617938
068054306	0617938
068054302	0617938
068054304	0617938
068054402	0617939
068054401	0617939
068054408	0617940
068054407	0617941
068054406	0617942
068054403	0617943
068054404	0617943
068054405	0617943
068052801	0617944
068050401	0617944
068050402	0617945
068050406	0617946
068050405	0617946
068050407	0617947
068050409	0617948
068050408	0617948
068050410	0617949
068050403	0617950
068050404	0617950
068050411	0617951
068052804	0617952
068050412	0617952
068052805	0617953
068052806	0617953
068052802	0617954
068052803	0617954
068052810	0617955
068052809	0617955
068052808	0617955
068052807	0617955
068050508	0617956
068050509	0617956
068050507	0617957
068050505	0617958
068050506	0617958
068050504	0617959
068050501	0617960
068050502	0617961
068052902	0617962
068050503	0617962
068052901	0617963
068052903	0617964
068052904	0617965
068052905	0617966
068052906	0617966
068052907	0617967
068052908	0617968
068050611	0617969
068050610	0617969
068050609	0617969
068053011	0617970
068050608	0617971
068050606	0617972
068050607	0617972
068050604	0617973
068050605	0617973
068050603	0617974
068050602	0617974
068050601	0617975
068053002	0617976
068053001	0617976
068053004	0617977
068053003	0617977
068053006	0617978
068053005	0617978
068053007	0617978
068053008	0617979
068053009	0617980
068053010	0617980
068050701	0617981
068050702	0617982
068050703	0617983
068050704	0617984
068050705	0617985
068050706	0617986
068050707	0617987
068050708	0617988
068050709	0617989
068050710	0617990
068050711	0617991
068050801	0617992
068050802	0617992
068050803	0617993
068050805	0617994
068050804	0617994
068050806	0617995
068050807	0617995
068050808	0617996
068050809	0617997
068050811	0617998
068050810	0617998
068053105	0617999
068053106	0617999
068053104	0618000
068053103	0618001
068053101	0618002
068053102	0618003
068053109	0618004
068053108	0618004
068053107	0618005
068050901	0618006
068050909	0618006
068050910	0618006
068050902	0618007
068050903	0618008
068050904	0618009
068050905	0618010
068050907	0618010
068050908	0618011
068050906	0618011
068051001	0618012
068051002	0618012
068051003	0618013
068051004	0618014
068051005	0618015
068051006	0618015
068051008	0618016
068051007	0618017
068053204	0618018
068053202	0618019
068053203	0618020
068053205	0618021
068053201	0618022
068053206	0618022
068053207	0618023
068053208	0618024
068051101	0618025
068051102	0618026
068051103	0618027
068051114	0618027
068051104	0618028
068051105	0618029
068051106	0618030
068051107	0618031
068051113	0618032
068051108	0618032
068051112	0618033
068051109	0618033
068051110	0618034
068051111	0618034
068051201	0618035
068051202	0618036
068051203	0618037
068051204	0618038
068051205	0618039
068051206	0618040
068051209	0618041
068051208	0618042
068051207	0618043
068053305	0618044
068053306	0618044
068053303	0618045
068053304	0618045
068053302	0618046
068053301	0618046
068053307	0618047
068053308	0618048
068051303	0618049
068051301	0618049
068051302	0618049
068051304	0618050
068051308	0618050
068051305	0618050
068051306	0618051
068051307	0618052
068053405	0618053
068053403	0618054
068053404	0618055
068053402	0618056
068053401	0618057
068051309	0618058
068051310	0618059
068051311	0618060
068053411	0618061
068053410	0618062
068053409	0618063
068053408	0618064
068053406	0618065
068053407	0618066
068051401	0618067
068051402	0618068
068051403	0618069
068051404	0618070
068051406	0618071
068051405	0618071
068051407	0618072
068051408	0618073
068053501	0618074
068053502	0618075
068053503	0618076
068053505	0618077
068053506	0618078
068053507	0618079
068053509	0618080
068053508	0618081
068053504	0618082
068051501	0618083
068051502	0618084
068051503	0618085
068051504	0618086
068051505	0618087
068051507	0618088
068051506	0618089
068053603	0618090
068053604	0618090
068053602	0618091
068053601	0618092
068053607	0618093
068053606	0618094
068053605	0618095
068051612	0618096
068051601	0618096
068051602	0618097
068051603	0618098
068051614	0618099
068051604	0618099
068051605	0618100
068051606	0618101
068051607	0618102
068051608	0618103
068051609	0618104
068051613	0618104
068051610	0618105
068051611	0618106
068051701	0618107
068051702	0618108
068051712	0618108
068051703	0618109
068051704	0618110
068051705	0618111
068052014	0618112
068052101	0618113
068052102	0618114
068052103	0618115
068052107	0618115
068053906	0618116
068053907	0618116
068053905	0618117
068052106	0618118
068052104	0618119
068052105	0618120
068053904	0618121
068053901	0618122
068053902	0618123
068053903	0618124
068053908	0618125
068053909	0618126
068052202	0618127
068052201	0618127
068052204	0618128
068052203	0618128
068052210	0618129
068052205	0618129
068052206	0618130
068052207	0618130
068052208	0618131
068052209	0618131
068054003	0618132
068054002	0618132
068054004	0618133
068054005	0618134
068054001	0618135
068054006	0618135
068054007	0618136
068052301	0618137
068052302	0618138
068054101	0618139
068054102	0618139
068054105	0618140
068054104	0618140
068054103	0618141
068054107	0618142
068054106	0618143
068054108	0618144
068054109	0618145
068054110	0618146
068054111	0618147
068054112	0618148
068052304	0618148
068052303	0618148
068052308	0618148
068052305	0618149
068052307	0618149
068052306	0618149
068052309	0618150
068052310	0618151
068052311	0618151
068052401	0618152
068052402	0618153
068052403	0618154
068052404	0618155
068052405	0618156
068052411	0618156
068052406	0618157
068052407	0618158
068052408	0618159
068052409	0618160
068052410	0618161
068052501	0618162
068052503	0618163
068052502	0618163
068052507	0618164
068052508	0618165
068052506	0618166
068052505	0618167
068052504	0618167
068054201	0618168
068054202	0618169
068054203	0618169
068054204	0618170
068054205	0618171
068054206	0618172
068054207	0618173
068052601	0618174
068052603	0618175
068052602	0618175
068052614	0618176
068052615	0618177
068052613	0618177
068052604	0618178
068052605	0618179
068052606	0618180
068052612	0618181
068052611	0618181
068052710	0618182
068052716	0618182
068052715	0618183
068052711	0618183
068052707	0618184
068052610	0618185
068052608	0618186
068052607	0618186
068052701	0618187
068052702	0618188
068052706	0618188
068052703	0618189
068052705	0618189
068052714	0618190
068052704	0618191
068052713	0618192
068052712	0618192
068052708	0618193
068052709	0618193
068052609	0618194
068120101	0618195
068120102	0618196
068120201	0618197
068120202	0618198
068120301	0618199
068120302	0618200
068120303	0618201
068120401	0618202
068120404	0618202
068120402	0618203
068120403	0618204
068120501	0618205
068120502	0618206
068120503	0618207
068120504	0618208
068120601	0618209
068120602	0618210
068190101	0618211
068190102	0618212
068190105	0618213
068190103	0618213
068190106	0618214
068190104	0618214
068190201	0618215
068190202	0618216
068190301	0618217
068190302	0618218
068190401	0618219
068190410	0618220
068190403	0618221
068190404	0618222
068190405	0618223
068190406	0618224
068190407	0618225
068190402	0618226
068190408	0618226
068190409	0618227
068190506	0618228
068190501	0618228
068190502	0618229
068190503	0618230
068190504	0618231
068190507	0618232
068190505	0618232
068190601	0618233
068190602	0618234
068190605	0618234
068190604	0618234
068190603	0618235
068190701	0618236
068190801	0618237
068190802	0618238
068190901	0618239
068190902	0618240
068190903	0618241
068190904	0618242
068190905	0618243
068190906	0618244
068190907	0618245
068190908	0618246
068190913	0618246
068190909	0618247
068190910	0618248
068190911	0618249
068190914	0618249
068190912	0618250
068262002	0618251
068262001	0618251
068262006	0618252
068262008	0618253
068262007	0618254
068262005	0618255
068262004	0618256
068262003	0618257
068260101	0618258
068260102	0618259
068260103	0618260
068260104	0618261
068260105	0618262
068260106	0618263
068260111	0618264
068260112	0618265
068260110	0618266
068260109	0618267
068260107	0618268
068260108	0618269
068260113	0618270
068260201	0618271
068260202	0618272
068260215	0618272
068260203	0618273
068260204	0618274
068260205	0618275
068260206	0618276
068260207	0618277
068260208	0618278
068260209	0618279
068260210	0618280
068260211	0618281
068260212	0618282
068260213	0618283
068260214	0618284
068260301	0618285
068260302	0618286
068260303	0618287
068260401	0618288
068260404	0618289
068260402	0618289
068260403	0618290
068260501	0618291
068260502	0618292
068260503	0618293
068260601	0618294
068260602	0618295
068262103	0618296
068262106	0618297
068260701	0618298
068260704	0618298
068260702	0618298
068260703	0618298
068260708	0618299
068260709	0618299
068260707	0618299
068260710	0618300
068260711	0618300
068262104	0618301
068262105	0618301
068262101	0618301
068262102	0618301
068262108	0618301
068262107	0618301
068262111	0618302
068262110	0618302
068262109	0618303
068260706	0618304
068260705	0618304
068260801	0618305
068260802	0618306
068260901	0618307
068260902	0618308
068261001	0618309
068261002	0618310
068261101	0618311
068261102	0618312
068261201	0618313
068261301	0618314
068261302	0618315
068261303	0618316
068261304	0618316
068261401	0618317
068261402	0618318
068261501	0618319
068261502	0618320
068261601	0618321
068261602	0618322
068261603	0618323
068261604	0618324
068261605	0618325
068261606	0618326
068261607	0618327
068261608	0618328
068261612	0618328
068261609	0618329
068261610	0618330
068261611	0618331
068261701	0618332
068261702	0618333
068261703	0618334
068261704	0618335
068261801	0618336
068261802	0618337
068261806	0618338
068261803	0618338
068261807	0618339
068261804	0618339
068261805	0618340
068261901	0618341
068261902	0618342
068261903	0618343
068261904	0618344
068261905	0618345
068261906	0618346
068261907	0618347
068261908	0618348
068261909	0618349
068261910	0618350
068261911	0618351
068330102	0618352
068330103	0618353
068330107	0618354
068330104	0618355
068330105	0618356
068330110	0618357
068330108	0618358
068330109	0618358
068332002	0618359
068332001	0618360
068332004	0618361
068332005	0618361
068332003	0618362
068332006	0618363
068332007	0618363
068332010	0618364
068332011	0618364
068332009	0618365
068332008	0618365
068330101	0618366
068330106	0618367
068330201	0618368
068330204	0618369
068330202	0618370
068330203	0618371
068330207	0618372
068330206	0618373
068330205	0618374
068332102	0618375
068332103	0618375
068332101	0618376
068332105	0618377
068332106	0618378
068332104	0618379
068332107	0618379
068332108	0618380
068330301	0618381
068330302	0618382
068330303	0618383
068330304	0618384
068330305	0618385
068330401	0618386
068330402	0618387
068330403	0618388
068330501	0618389
068331008	0618390
068331006	0618390
068331005	0618391
068331003	0618392
068331004	0618393
068331001	0618394
068331002	0618394
068332210	0618395
068331106	0618396
068331101	0618396
068331102	0618397
068331103	0618398
068331104	0618399
068331105	0618400
068331201	0618401
068331202	0618402
068331203	0618403
068331301	0618404
068331304	0618405
068331306	0618405
068331405	0618406
068331401	0618407
068331402	0618408
068331403	0618409
068331406	0618410
068331407	0618411
068331408	0618412
068331404	0618413
068331501	0618414
068331502	0618415
068331503	0618416
068331504	0618417
068331505	0618418
068331506	0618419
068331601	0618420
068331602	0618421
068331603	0618422
068331604	0618423
068331605	0618424
068331701	0618425
068331702	0618426
068331703	0618427
068331704	0618428
068331710	0618429
068331705	0618429
068331706	0618430
068331707	0618431
068331708	0618432
068331709	0618433
068331801	0618434
068331802	0618435
068331813	0618435
068331814	0618436
068331803	0618436
068331804	0618437
068331805	0618438
068331806	0618439
068331807	0618440
068331815	0618440
068331808	0618441
068331812	0618442
068331816	0618442
068331817	0618442
068331809	0618442
068331810	0618443
068331811	0618444
068331902	0618445
068331901	0618445
068332301	0618446
068332309	0618447
068332310	0618447
068332308	0618448
068332307	0618448
068332306	0618449
068332305	0618449
068332304	0618450
068332302	0618451
068332303	0618451
068331903	0618452
068331904	0618453
068331905	0618454
068331907	0618455
068331906	0618456
068331908	0618457
068331909	0618458
068331910	0618459
068400101	0618460
068400102	0618461
068400103	0618462
068400104	0618463
068400105	0618464
068400106	0618465
068400107	0618466
068400108	0618467
068400109	0618468
068400110	0618469
068400111	0618470
068400112	0618471
068400113	0618472
068400201	0618473
068400202	0618474
068400203	0618475
068400204	0618476
068400205	0618477
068400206	0618478
068400207	0618479
068400208	0618480
068400209	0618481
068400210	0618482
068400211	0618483
068400212	0618484
068400303	0618485
068400302	0618486
068400301	0618486
068400304	0618487
068400305	0618488
068400306	0618489
068400307	0618490
068403301	0618491
068403303	0618492
068403302	0618492
068403304	0618493
068403305	0618494
068403306	0618495
068403307	0618496
068400401	0618497
068400406	0618498
068400402	0618498
068400403	0618499
068400404	0618500
068400405	0618501
068400407	0618502
068400409	0618503
068400408	0618504
068400411	0618505
068400410	0618506
068403402	0618507
068403403	0618508
068540211	0618509
068540301	0618510
068540302	0618511
068540303	0618512
068540304	0618512
068540401	0618513
068540404	0618514
068540402	0618514
068540403	0618515
068540501	0618516
068540502	0618517
068540503	0618518
068540601	0618519
068540602	0618520
068540604	0618520
068540603	0618520
068540701	0618521
068540702	0618522
068540801	0618523
068540802	0618524
068540803	0618525
068540901	0618526
068541001	0618527
068541002	0618528
068541003	0618529
068541004	0618530
068541005	0618531
068541006	0618532
068541016	0618532
068541007	0618533
068403404	0618534
068403406	0618535
068403405	0618535
068403401	0618535
068403407	0618536
068403409	0618537
068403408	0618538
068400501	0618539
068400502	0618540
068400503	0618541
068400504	0618542
068400505	0618543
068400506	0618544
068400507	0618545
068400513	0618545
068400508	0618546
068400509	0618547
068400510	0618548
068400514	0618549
068400511	0618549
068400512	0618550
068400606	0618551
068400604	0618552
068400605	0618553
068400603	0618554
068400601	0618555
068400602	0618556
068403501	0618557
068403502	0618558
068403503	0618559
068403504	0618560
068403505	0618561
068403506	0618562
068403507	0618563
068403509	0618564
068403510	0618565
068403508	0618566
068400701	0618567
068400702	0618567
068400703	0618568
068400704	0618568
068400706	0618569
068400707	0618570
068403603	0618571
068403602	0618572
068400705	0618573
068403601	0618574
068403605	0618575
068403604	0618575
068403606	0618576
068403607	0618576
068403609	0618577
068403608	0618577
068400801	0618578
068400802	0618579
068400803	0618580
068400804	0618581
068400805	0618582
068400806	0618583
068400807	0618584
068403702	0618585
068403704	0618586
068403701	0618586
068403703	0618587
068403706	0618588
068403705	0618588
068403708	0618589
068403707	0618589
068400901	0618590
068400902	0618591
068400903	0618592
068400904	0618593
068400905	0618594
068400906	0618595
068400907	0618596
068400908	0618597
068400909	0618598
068400910	0618599
068401001	0618600
068401002	0618601
068401014	0618601
068401003	0618602
068401004	0618603
068401005	0618604
068401006	0618605
068401007	0618606
068401008	0618607
068401009	0618608
068401010	0618609
068401011	0618610
068401012	0618611
068401013	0618612
068401101	0618613
068401102	0618614
068401103	0618615
068401104	0618616
068401105	0618617
068401106	0618618
068401113	0618618
068401107	0618619
068401114	0618620
068401108	0618620
068401109	0618621
068401115	0618622
068401110	0618622
068401111	0618623
068401112	0618624
068401201	0618625
068401202	0618626
068401203	0618627
068401204	0618628
068401205	0618629
068401206	0618630
068401207	0618631
068401208	0618632
068401209	0618633
068401210	0618634
068401212	0618635
068401211	0618635
068401301	0618636
068401303	0618637
068401305	0618638
068401302	0618638
068401306	0618639
068401307	0618640
068401304	0618641
068401310	0618642
068401309	0618642
068401308	0618643
068403802	0618644
068403801	0618644
068403809	0618645
068403810	0618646
068403808	0618647
068403807	0618647
068403803	0618648
068403804	0618648
068403806	0618649
068403805	0618649
068401401	0618650
068401402	0618651
068401403	0618652
068401411	0618653
068401404	0618653
068401405	0618654
068401406	0618655
068401407	0618656
068401408	0618657
068401409	0618658
068401412	0618659
068401410	0618659
068401501	0618660
068401502	0618661
068401503	0618661
068401504	0618662
068401505	0618663
068403901	0618664
068403902	0618664
068403906	0618665
068403903	0618665
068403907	0618666
068403908	0618667
068403910	0618668
068403909	0618668
068403905	0618669
068403904	0618669
068401506	0618670
068401507	0618671
068401509	0618672
068401508	0618672
068401510	0618673
068401511	0618673
068401601	0618674
068401602	0618675
068404001	0618676
068404002	0618677
068404004	0618678
068404003	0618678
068404006	0618679
068404005	0618679
068404007	0618680
068404009	0618681
068404010	0618681
068404008	0618682
068401603	0618682
068401604	0618683
068401605	0618684
068401606	0618685
068401607	0618686
068401608	0618686
068401609	0618687
068401701	0618688
068401702	0618689
068401703	0618690
068401704	0618691
068401705	0618692
068401706	0618693
068401707	0618694
068401708	0618695
068401709	0618696
068401710	0618697
068401711	0618698
068401712	0618699
068401713	0618700
068401801	0618701
068404101	0618702
068404102	0618702
068404103	0618703
068404104	0618703
068404105	0618704
068404106	0618705
068404107	0618706
068404108	0618706
068401810	0618707
068401809	0618707
068401808	0618708
068401807	0618709
068401806	0618710
068401805	0618711
068401804	0618712
068401803	0618713
068401802	0618714
068404207	0618715
068404206	0618716
068404204	0618717
068404205	0618717
068404201	0618718
068404202	0618718
068404203	0618719
068401901	0618720
068401902	0618720
068401903	0618721
068401904	0618722
068401905	0618723
068401906	0618724
068401907	0618725
068401908	0618726
068402012	0618727
068402001	0618727
068402002	0618728
068402013	0618729
068402003	0618729
068402004	0618730
068402005	0618731
068402006	0618732
068402007	0618733
068402008	0618734
068402009	0618735
068402010	0618736
068402011	0618737
068402101	0618738
068402102	0618739
068402103	0618740
068402104	0618741
068402105	0618742
068402106	0618743
068402107	0618744
068402108	0618745
068402109	0618746
068402110	0618747
068402201	0618748
068402202	0618749
068402203	0618750
068402204	0618751
068402205	0618752
068402206	0618753
068402207	0618754
068402208	0618755
068402301	0618756
068402302	0618757
068402303	0618758
068402304	0618759
068402311	0618760
068402305	0618760
068402306	0618761
068402307	0618762
068402308	0618763
068402309	0618764
068402310	0618765
068402401	0618766
068402402	0618767
068402403	0618768
068402404	0618769
068402405	0618770
068402406	0618771
068402407	0618772
068402408	0618773
068402409	0618774
068402410	0618775
068402501	0618776
068402502	0618777
068402503	0618778
068402504	0618779
068402505	0618780
068402506	0618781
068402507	0618782
068402508	0618783
068402509	0618784
068402510	0618785
068402511	0618786
068402601	0618787
068402602	0618788
068402603	0618789
068402604	0618790
068402605	0618791
068402606	0618792
068402607	0618793
068402608	0618794
068402701	0618795
068402702	0618796
068402703	0618797
068402704	0618798
068402705	0618799
068402706	0618800
068402707	0618801
068402708	0618802
068402709	0618803
068402710	0618804
068402711	0618805
068402712	0618806
068402713	0618807
068402801	0618808
068402802	0618809
068402803	0618810
068402804	0618811
068402805	0618812
068402806	0618813
068402812	0618814
068402807	0618814
068402808	0618815
068402809	0618816
068402810	0618817
068402811	0618818
068402901	0618819
068402902	0618820
068402903	0618821
068402904	0618822
068402905	0618823
068402906	0618824
068402907	0618825
068402908	0618826
068402909	0618827
068402910	0618828
068402911	0618829
068403001	0618830
068403002	0618831
068403003	0618832
068403014	0618832
068403004	0618833
068403005	0618834
068403006	0618835
068403007	0618836
068403008	0618837
068403009	0618838
068403010	0618839
068403011	0618840
068403012	0618841
068403013	0618842
068403101	0618843
068403102	0618844
068403111	0618844
068403112	0618845
068403103	0618845
068403104	0618846
068403105	0618847
068403106	0618848
068403107	0618849
068403108	0618850
068403113	0618851
068403109	0618851
068403110	0618852
068403201	0618853
068403202	0618854
068403203	0618855
068403204	0618856
068403205	0618857
068403206	0618858
068403207	0618859
068403208	0618860
068403209	0618861
068470304	0618862
068470303	0618862
068470108	0618863
068470110	0618864
068470305	0618865
068470109	0618865
068470306	0618866
068470101	0618867
068470102	0618868
068470103	0618869
068470104	0618870
068470301	0618871
068470105	0618872
068470111	0618873
068470302	0618874
068470106	0618875
068470107	0618875
068470307	0618876
068470201	0618877
068470202	0618878
068470203	0618879
068470204	0618880
068470205	0618881
068540107	0618882
068540102	0618883
068540105	0618884
068541502	0618885
068540104	0618886
068540103	0618887
068541504	0618888
068541503	0618889
068541507	0618890
068541505	0618891
068541506	0618891
068541509	0618892
068540108	0618892
068541510	0618892
068540106	0618893
068541508	0618894
068541501	0618895
068540101	0618896
068540212	0618897
068540201	0618897
068540213	0618898
068540202	0618898
068540203	0618899
068540204	0618900
068540205	0618901
068540206	0618902
068540207	0618903
068540208	0618904
068540214	0618905
068540209	0618905
068540210	0618906
068541008	0618907
068541009	0618908
068541010	0618909
068541011	0618910
068541012	0618911
068541013	0618912
068541014	0618913
068541015	0618914
068541101	0618915
068541102	0618916
068541103	0618917
068541201	0618918
068541202	0618919
068541204	0618919
068541203	0618920
068541301	0618921
068541302	0618922
068541401	0618923
068541402	0618924
068541403	0618925
068541404	0618926
068541405	0618927
068541406	0618928
068610101	0618929
068610102	0618930
068610103	0618931
068610104	0618932
068610112	0618932
068610105	0618933
068610106	0618934
068610107	0618935
068610108	0618936
068610109	0618937
068610110	0618938
068610111	0618939
068610201	0618940
068610202	0618941
068610203	0618942
068610204	0618943
068610205	0618944
068610206	0618945
068610207	0618946
068610208	0618947
068610209	0618948
068610210	0618949
068610211	0618950
068610212	0618951
068610301	0618952
068610302	0618953
068610303	0618954
068610304	0618955
068610305	0618956
068610306	0618957
068610307	0618958
068610308	0618959
068610309	0618960
068610310	0618961
068610311	0618962
068610401	0618963
068610413	0618964
068610402	0618964
068610403	0618965
068610404	0618966
068610412	0618967
068610405	0618967
068610406	0618968
068610407	0618969
068610408	0618970
068610409	0618971
068610410	0618972
068610411	0618973
068610501	0618974
068610502	0618975
068610503	0618976
068610504	0618977
068610505	0618978
068610506	0618979
068610507	0618980
068610508	0618981
068610509	0618982
068610601	0618983
068610602	0618984
068610603	0618985
068610604	0618986
068610605	0618987
068610606	0618988
068610607	0618989
068610608	0618990
068610609	0618991
068610610	0618992
068610611	0618993
068610701	0618994
068610702	0618995
068610703	0618996
068610704	0618997
068610705	0618998
068610706	0618999
068610707	0619000
068610708	0619001
068610709	0619002
068610801	0619003
068610802	0619004
068610803	0619005
068610804	0619006
068610805	0619007
068610806	0619008
068610807	0619009
068610808	0619010
068610809	0619011
068610810	0619012
068610811	0619013
068610812	0619013
068610913	0619014
068610901	0619014
068610902	0619015
068610903	0619016
068610904	0619017
068610914	0619018
068610905	0619018
068610906	0619019
068610907	0619020
068610908	0619021
068610909	0619022
068610910	0619023
068610915	0619024
068610911	0619024
068610912	0619025
068611001	0619026
068611002	0619027
068611011	0619027
068611003	0619028
068611004	0619029
068611005	0619030
068611006	0619031
068611007	0619032
068611008	0619033
068611009	0619034
068611010	0619035
068611101	0619036
068611102	0619037
068611103	0619038
068611104	0619039
068611105	0619040
068611106	0619041
068611107	0619042
068611108	0619043
068611109	0619044
068611110	0619045
068611201	0619046
068611202	0619047
068611203	0619048
068611204	0619049
068611205	0619050
068611206	0619051
068611207	0619052
068611208	0619053
068611209	0619054
068611301	0619055
068611302	0619056
068611303	0619057
068611304	0619058
068611305	0619059
068611306	0619060
068611307	0619061
068611308	0619062
068611309	0619063
068611401	0619064
068611402	0619065
068611403	0619066
068611404	0619067
068611405	0619068
068611406	0619069
068611407	0619070
068611408	0619071
068611409	0619072
068611410	0619073
068611411	0619074
068611412	0619075
068611501	0619076
068611502	0619077
068611503	0619078
068611511	0619078
068611504	0619079
068611505	0619080
068611506	0619081
068611507	0619082
068611508	0619083
068611509	0619084
068611510	0619085
068611601	0619086
068611602	0619087
068611603	0619088
068611604	0619089
068611605	0619090
068611606	0619091
068611607	0619092
068611608	0619093
068611609	0619094
068611610	0619095
068611611	0619096
068611701	0619097
068611702	0619098
068611703	0619099
068611704	0619100
068611705	0619101
068611706	0619102
068611707	0619103
068611708	0619104
068611709	0619105
068611801	0619106
068611802	0619107
068611803	0619108
068611804	0619109
068611805	0619110
068611806	0619111
068611807	0619112
068611808	0619113
068611809	0619114
068611810	0619115
068611901	0619116
068611902	0619117
068611903	0619118
068611904	0619119
068611905	0619120
068611906	0619121
068611907	0619122
068613402	0619123
068613401	0619124
068613403	0619125
068613405	0619126
068613404	0619127
068613406	0619128
068613407	0619129
068613408	0619130
068612001	0619131
068612002	0619132
068612003	0619133
068612004	0619134
068612005	0619135
068612006	0619136
068612007	0619137
068612008	0619138
068612101	0619139
068612102	0619140
068612103	0619141
068612104	0619142
068612105	0619143
068612106	0619144
068612107	0619145
068612108	0619146
068612109	0619147
068612201	0619148
068612202	0619149
068612203	0619150
068612204	0619151
068612205	0619152
068612206	0619153
068612207	0619154
068612208	0619155
068612209	0619156
068612210	0619157
068612211	0619158
068612212	0619159
068612301	0619160
068612302	0619161
068612303	0619162
068612304	0619163
068612305	0619164
068612306	0619165
068612310	0619166
068612307	0619166
068612308	0619167
068612309	0619168
068612412	0619169
068612401	0619169
068612402	0619170
068612403	0619171
068612404	0619172
068612405	0619173
068612406	0619174
068612407	0619175
068612408	0619176
068612409	0619177
068612410	0619178
068612413	0619179
068612411	0619179
068612501	0619180
068612510	0619181
068612502	0619181
068612503	0619182
068612504	0619183
068612505	0619184
068612506	0619185
068612507	0619186
068612508	0619187
068612509	0619188
068612601	0619189
068612602	0619190
068612603	0619191
068612604	0619192
068612605	0619193
068612606	0619194
068612611	0619194
068612607	0619195
068612612	0619195
068612613	0619196
068612608	0619196
068612609	0619197
068612610	0619198
068612701	0619199
068612702	0619200
068612703	0619201
068612704	0619202
068612705	0619203
068612706	0619204
068612707	0619205
068612708	0619206
068612709	0619207
068612710	0619208
068612801	0619209
068612802	0619210
068612803	0619211
068612804	0619212
068612805	0619213
068612806	0619214
068612807	0619215
068612808	0619216
068612809	0619217
068612810	0619218
068612901	0619219
068612902	0619220
068612903	0619221
068612904	0619222
068612905	0619223
068612906	0619224
068612907	0619225
068612913	0619226
068612908	0619226
068612909	0619227
068612910	0619228
068612911	0619229
068612912	0619230
068613001	0619231
068613002	0619232
068613003	0619233
068613004	0619234
068613005	0619235
068613006	0619236
068613007	0619237
068613008	0619238
068613009	0619239
068613013	0619239
068613010	0619240
068613011	0619241
068613012	0619242
068613101	0619243
068613102	0619244
068613103	0619245
068613104	0619246
068613105	0619247
068613106	0619248
068613107	0619249
068613108	0619250
068613109	0619251
068613110	0619252
068613201	0619253
068613202	0619254
068613203	0619255
068613204	0619256
068613205	0619257
068613206	0619258
068613207	0619259
068613208	0619260
068613209	0619261
068613210	0619262
068613301	0619263
068613302	0619264
068613311	0619265
068613303	0619265
068613304	0619266
068613305	0619267
068613306	0619268
068613307	0619269
068613308	0619270
068613309	0619271
068613310	0619272
068680101	0619273
068680111	0619273
068680102	0619274
068680103	0619275
068680104	0619276
068680105	0619277
068680106	0619278
068680107	0619279
068680108	0619280
068680109	0619281
068680110	0619282
068680201	0619283
068680902	0619284
068680901	0619284
068680903	0619285
068680202	0619286
068680204	0619287
068680205	0619287
068680203	0619288
068680208	0619288
068680904	0619289
068680905	0619290
068680907	0619291
068680906	0619292
068680908	0619292
068680909	0619293
068680209	0619294
068680207	0619295
068680206	0619295
068680308	0619296
068680301	0619296
068680302	0619297
068680303	0619298
068680307	0619299
068680305	0619300
068680304	0619301
068681001	0619301
068680306	0619302
068681003	0619302
068681002	0619303
068681004	0619304
068681005	0619305
068681006	0619306
068681007	0619307
068681008	0619308
068680401	0619309
068680402	0619310
068680403	0619311
068680404	0619312
068680405	0619313
068680406	0619314
068680407	0619315
068680408	0619316
068680409	0619317
068680411	0619317
068680410	0619318
068680502	0619319
068680501	0619319
068680504	0619320
068680503	0619320
068680505	0619321
068681105	0619322
068680506	0619322
068681103	0619322
068681114	0619322
068681115	0619322
068681101	0619322
068681102	0619322
068681104	0619323
068681106	0619324
068681107	0619325
068681108	0619326
068681109	0619326
068681111	0619327
068681110	0619327
068681112	0619328
068681113	0619328
068681116	0619329
068680601	0619330
068680602	0619331
068680603	0619332
068680611	0619332
068680604	0619333
068680605	0619334
068680606	0619335
068680607	0619336
068680608	0619337
068680609	0619338
068680610	0619339
068680713	0619340
068680701	0619340
068680702	0619341
068680703	0619342
068680704	0619343
068680705	0619344
068680706	0619345
068680707	0619346
068680708	0619347
068680709	0619348
068680710	0619349
068680711	0619350
068680712	0619351
068680801	0619352
068680802	0619353
068680803	0619354
068680804	0619355
068680811	0619355
068680805	0619356
068680806	0619357
068680807	0619358
068680808	0619359
068680812	0619360
068680809	0619360
068680810	0619361
068750101	0619362
068750201	0619363
068750202	0619363
068750301	0619364
068750401	0619365
068750402	0619366
068750404	0619367
068750403	0619367
068750501	0619368
068750502	0619369
068750601	0619370
068750611	0619370
068750602	0619371
068750603	0619372
068750612	0619373
068750604	0619373
068750605	0619374
068750606	0619375
068750610	0619375
068750607	0619376
068750608	0619377
068750609	0619378
068750701	0619379
068750702	0619379
068750801	0619380
068750802	0619381
068750803	0619382
068750804	0619383
068750805	0619384
068750901	0619385
068750902	0619386
068751001	0619387
068751101	0619388
068751201	0619389
068751301	0619390
068751302	0619391
068751401	0619392
068751402	0619393
068751501	0619394
068751502	0619395
068751503	0619396
068751504	0619397
068751505	0619398
068751510	0619399
068751511	0619399
068751506	0619399
068751507	0619400
068751508	0619401
068751509	0619402
068751601	0619403
068751606	0619404
068751607	0619404
068751605	0619405
068751603	0619406
068751604	0619406
068751602	0619406
068751901	0619407
068751915	0619407
068751608	0619407
068751902	0619408
068751903	0619408
068751904	0619409
068751905	0619410
068751914	0619411
068751913	0619412
068751912	0619412
068751906	0619413
068751907	0619414
068751908	0619415
068751911	0619416
068751909	0619417
068751910	0619417
068751701	0619418
068751801	0619419
068820101	0619420
068820102	0619421
068820111	0619421
068820103	0619422
068820104	0619423
068820112	0619424
068820105	0619424
068820106	0619425
068820107	0619426
068820108	0619427
068820109	0619428
068820110	0619429
068820201	0619430
068820204	0619430
068820202	0619431
068820203	0619431
068820205	0619432
068820206	0619433
068820207	0619434
068820208	0619434
068820209	0619435
068821904	0619436
068821902	0619437
068821903	0619437
068821901	0619438
068821908	0619439
068821906	0619440
068821905	0619440
068821910	0619441
068821907	0619442
068821909	0619443
068820301	0619444
068820302	0619445
068820303	0619446
068820304	0619447
068820305	0619448
068820306	0619449
068820307	0619450
068820308	0619451
068820401	0619452
068820409	0619453
068820405	0619453
068820404	0619453
068820407	0619453
068820402	0619453
068820408	0619453
068820410	0619454
068820403	0619454
068820406	0619454
068820501	0619455
068820502	0619456
068820510	0619456
068820503	0619457
068820511	0619457
068820504	0619458
068820505	0619459
068820506	0619460
068820507	0619461
068820508	0619462
068820509	0619463
068820512	0619463
068820603	0619464
068820601	0619464
068820602	0619464
068820701	0619465
068820706	0619466
068820707	0619466
068820705	0619466
068820702	0619466
068820704	0619466
068820703	0619467
068820708	0619467
068820804	0619468
068820806	0619469
068820805	0619470
068820803	0619471
068820802	0619472
068822001	0619473
068822002	0619474
068822003	0619475
068822004	0619476
068822005	0619477
068822006	0619478
068822007	0619479
068820807	0619480
068820801	0619480
068820901	0619481
068820902	0619481
068820905	0619482
068822104	0619483
068822101	0619483
068822105	0619484
068820906	0619485
068820909	0619486
068820910	0619486
068820908	0619487
068822106	0619487
068822103	0619488
068822102	0619489
068822107	0619490
068822109	0619491
068820904	0619492
068820903	0619492
068820907	0619493
068822108	0619494
068821001	0619495
068821002	0619496
068821003	0619497
068821004	0619498
068821005	0619499
068821012	0619500
068821006	0619500
068821007	0619501
068821008	0619502
068821009	0619503
068821013	0619503
068821010	0619504
068821014	0619504
068821015	0619505
068821011	0619505
068821102	0619506
068821104	0619506
068821103	0619506
068821101	0619506
068821201	0619507
068821202	0619507
068821301	0619508
068821302	0619508
068821303	0619508
068821304	0619508
068821401	0619509
068821402	0619509
068821403	0619509
068821501	0619510
068821601	0619511
068821602	0619512
068821603	0619513
068821604	0619514
068821605	0619515
068821606	0619516
068821607	0619517
068821608	0619518
068821701	0619519
068821702	0619520
068821707	0619521
068821708	0619521
068821703	0619522
068821704	0619522
068821705	0619523
068822208	0619524
068821706	0619524
068822207	0619524
068822209	0619525
068822210	0619525
068822211	0619526
068822212	0619526
068822213	0619527
068822206	0619527
068822202	0619528
068822203	0619528
068822205	0619528
068822201	0619528
068822204	0619529
068821804	0619530
068821801	0619530
068821802	0619531
068821803	0619532
061260510	0619533
061260509	0619533
061260501	0619533
061260502	0619533
065050212	0619534
060210204	0619535
060210201	0619536
061120901	0619537
061120906	0619538
060840907	0619539
060840904	0619540
061190705	0619541
061190707	0619542
061750607	0619543
061750602	0619543
061750609	0619543
061750601	0619543
061750603	0619543
063576301	0619544
063576309	0619545
063577503	0619546
064131405	0619547
065951901	0619548
065951902	0619549
065952107	0619550
065952108	0619550
066510902	0619551
066510901	0619552
066550209	0619553
066550211	0619554
066860204	0619555
067421001	0619556
067421002	0619556
067421004	0619556
067421003	0619556
067630601	0619557
067632501	0619557
067630604	0619557
067630602	0619557
067630609	0619557
067630701	0619558
067630704	0619559
067630713	0619560
067630703	0619560
067631912	0619561
067631901	0619561
068331310	0619562
068331309	0619562
068331308	0619562
068331302	0619562
068331305	0619562
068331307	0619562
068331303	0619563
066021002	0619564
020070201	0203509
020070202	0203510
020070203	0203511
020070221	0203512
020070212	0203512
020070223	0203512
020070204	0203512
020070222	0203512
020070205	0203513
020070207	0203513
020070208	0203514
020070209	0203515
020070210	0203516
020070211	0203517
020070213	0203518
020070214	0203519
020070215	0203520
020070216	0203521
020070220	0203521
020070217	0203522
020070218	0203523
020070219	0203524
020070313	0203525
020070315	0203525
020070301	0203525
020070319	0203525
020070316	0203525
020070302	0203525
020070303	0203526
020070304	0203527
020070305	0203528
020070306	0203529
020073001	0203530
020073002	0203531
020073003	0203532
020073005	0203533
020073006	0203533
020073004	0203534
020070310	0203535
020070309	0203536
020070311	0203536
020070308	0203537
020070307	0203538
020070312	0203539
020070314	0203540
020073011	0203541
020073007	0203541
020073008	0203541
020073013	0203541
020073009	0203541
020073010	0203541
020073012	0203541
020070317	0203542
020070318	0203542
020140101	0203543
020140102	0203544
060562708	0619565
061340205	0619566
