ID	CD_MCA
320130805000071	32013080500001
320130805000303	32013080500002
320130805000302	32013080500002
320130805000073	32013080500003
320130805000264	32013080500004
320130805000237	32013080500004
320130805000306	32013080500004
320130805000215	32013080500004
320130805000293	32013080500004
320130805000236	32013080500004
320130805000058	32013080500004
320130805000059	32013080500004
320130805000331	32013080500004
320130805000330	32013080500004
320130805000103	32013080500004
320130805000053	32013080500004
320130805000313	32013080500004
320130805000074	32013080500004
320130805000315	32013080500004
320130805000317	32013080500004
320130805000267	32013080500004
320130805000304	32013080500004
320130805000246	32013080500004
320130805000248	32013080500004
320130805000263	32013080500004
320130805000083	32013080500004
320130805000229	32013080500004
320130805000108	32013080500004
320130805000242	32013080500004
320130805000217	32013080500004
320130805000075	32013080500005
320130805000076	32013080500006
320130805000309	32013080500007
320130805000077	32013080500007
320130805000226	32013080500007
320130805000228	32013080500007
320130805000078	32013080500008
320130805000079	32013080500009
320130805000311	32013080500010
320130805000081	32013080500011
320130805000287	32013080500012
320130805000118	32013080500012
320130805000316	32013080500012
320130805000320	32013080500012
320130805000290	32013080500012
320130805000333	32013080500012
320130805000297	32013080500012
320130805000082	32013080500012
320130805000269	32013080500012
320130805000322	32013080500012
320130805000288	32013080500012
320130805000314	32013080500012
320130805000305	32013080500012
320130805000323	32013080500012
320130805000270	32013080500012
320130805000289	32013080500012
320130805000243	32013080500012
320130805000321	32013080500012
320240505000225	32024050500001
320240505000226	32024050500002
320240505000227	32024050500003
320240505000228	32024050500004
320240505000229	32024050500005
320240505000230	32024050500006
320240505000231	32024050500007
320240505000342	32024050500008
320240505000343	32024050500008
320240505000233	32024050500009
320240505000234	32024050500010
320240505000235	32024050500011
320240505000324	32024050500012
320240505000325	32024050500012
320240505000237	32024050500013
320240505000238	32024050500014
320240505000239	32024050500015
320500215000562	32050021500001
320500215000282	32050021500001
320500215000225	32050021500001
320500215000710	32050021500001
320500215000574	32050021500001
320500215000626	32050021500001
320500215000845	32050021500001
320500215000785	32050021500001
320500215000306	32050021500001
320500215000788	32050021500001
320500215000016	32050021500001
320500215000292	32050021500001
320500215000213	32050021500001
320500215000705	32050021500001
320500215000701	32050021500001
320500215000832	32050021500001
320500215000772	32050021500001
320500215000254	32050021500001
320500215000694	32050021500001
320500215000789	32050021500001
320500215000304	32050021500001
320500215000305	32050021500001
320500215000781	32050021500001
320500215000786	32050021500001
320500215000808	32050021500001
320500215000792	32050021500001
320500215000309	32050021500001
320500215000286	32050021500001
320500215000693	32050021500001
320500215000700	32050021500001
320500215000308	32050021500001
320500215000702	32050021500001
320500215000622	32050021500001
320500215000784	32050021500001
320500215000278	32050021500001
320500215000791	32050021500001
320500215000303	32050021500001
320500215000307	32050021500001
320500215000234	32050021500001
320500215000692	32050021500001
320500215000712	32050021500001
320500215000807	32050021500001
320500215000831	32050021500001
320500215000194	32050021500001
320500215000563	32050021500001
320500215000780	32050021500001
320500215000709	32050021500001
320500215000821	32050021500001
320500215000706	32050021500001
320500215000606	32050021500001
320500215000624	32050021500001
320500215000273	32050021500001
320500215000302	32050021500001
320500215000200	32050021500001
320500215000823	32050021500001
320500215000691	32050021500001
320500215000265	32050021500001
320500215000584	32050021500001
320500215000783	32050021500001
320500215000790	32050021500001
320500215000690	32050021500001
320500215000310	32050021500001
320500215000233	32050021500001
320500215000824	32050021500001
320500215000607	32050021500001
320500215000846	32050021500001
320500215000695	32050021500001
320500215000518	32050021500001
320500215000848	32050021500001
320500215000711	32050021500001
320500215000698	32050021500001
320500215000619	32050021500001
320500215000605	32050021500001
320500215000787	32050021500001
320500215000274	32050021500001
320500215000207	32050021500001
320500215000232	32050021500001
320500215000212	32050021500001
320500215000564	32050021500001
320500215000771	32050021500001
320500215000782	32050021500001
320500215000291	32050021500001
320500215000602	32050021500001
320500215000822	32050021500001
320500215000793	32050021500001
320500215000604	32050021500001
320500215000608	32050021500001
320500215000603	32050021500001
320500215000298	32050021500002
320500215000253	32050021500002
320500215000687	32050021500002
320500215000820	32050021500002
320500215000768	32050021500002
320500215000842	32050021500002
320500215000299	32050021500002
320500215000841	32050021500002
320500215000819	32050021500002
320500215000697	32050021500002
320500215000769	32050021500002
320500215000686	32050021500002
320500215000237	32050021500003
320500215000238	32050021500004
320500215000296	32050021500004
320500215000239	32050021500005
320500215000505	32050021500006
320500215000760	32050021500006
320500215000733	32050021500006
320500215000833	32050021500006
320500215000586	32050021500006
320500215000397	32050021500006
320500215000398	32050021500006
320500215000601	32050021500006
320500215000593	32050021500006
320500215000581	32050021500006
320500215000742	32050021500006
320500215000616	32050021500006
320500215000497	32050021500006
320500215000580	32050021500006
320500215000597	32050021500006
320500215000678	32050021500006
320500215000502	32050021500006
320500215000731	32050021500006
320500215000512	32050021500006
320500215000491	32050021500006
320500215000743	32050021500006
320500215000383	32050021500006
320500215000592	32050021500006
320500215000796	32050021500006
320500215000591	32050021500006
320500215000245	32050021500006
320500215000576	32050021500006
320500215000827	32050021500006
320500215000674	32050021500006
320500215000795	32050021500006
320500215000732	32050021500006
320500215000246	32050021500006
320500215000834	32050021500006
320500215000679	32050021500006
320500215000590	32050021500006
320500215000677	32050021500006
320500215000372	32050021500006
320500215000244	32050021500006
320500215000513	32050021500006
320500215000828	32050021500006
320500215000675	32050021500006
320500215000617	32050021500006
320500215000588	32050021500006
320500215000600	32050021500006
320500215000400	32050021500006
320500215000005	32050021500006
320500215000598	32050021500006
320500215000297	32050021500006
320500215000492	32050021500006
320500215000241	32050021500006
320500215000713	32050021500006
320500215000744	32050021500006
320500215000761	32050021500006
320500215000539	32050021500006
320500215000759	32050021500006
320500215000371	32050021500006
320500215000547	32050021500006
320500215000496	32050021500006
320500215000240	32050021500006
320500215000589	32050021500006
320500215000714	32050021500006
320500215000242	32050021500006
320500215000514	32050021500006
320500215000577	32050021500006
320500215000676	32050021500006
320130805000308	32013080500013
320130805000002	32013080500014
320130805000324	32013080500015
320130805000325	32013080500015
320130805000004	32013080500016
320130805000268	32013080500017
320130805000005	32013080500017
320130805000233	32013080500018
320130805000006	32013080500018
320130805000007	32013080500019
320130805000008	32013080500020
320130805000009	32013080500021
320130805000312	32013080500022
320130805000285	32013080500023
320130805000238	32013080500023
320130805000011	32013080500023
320130805000013	32013080500023
320130805000273	32013080500023
320130805000286	32013080500023
320130805000012	32013080500024
320130805000272	32013080500024
320130805000015	32013080500025
320130805000016	32013080500026
320130805000017	32013080500027
320130805000018	32013080500028
320130805000019	32013080500029
320130805000020	32013080500030
320130805000021	32013080500031
320130805000283	32013080500032
320130805000282	32013080500032
320130805000284	32013080500032
320130805000023	32013080500033
320130805000332	32013080500033
320130805000240	32013080500033
320130805000291	32013080500033
320130805000241	32013080500033
320130805000257	32013080500034
320130805000024	32013080500034
320130805000026	32013080500035
320130805000027	32013080500036
320130805000028	32013080500037
320130805000029	32013080500038
320130805000030	32013080500039
320130805000223	32013080500040
320130805000300	32013080500040
320130805000301	32013080500040
320130805000033	32013080500041
320130805000035	32013080500042
320130805000036	32013080500043
320130805000037	32013080500044
320130805000038	32013080500045
320130805000039	32013080500046
320130805000040	32013080500047
320130805000041	32013080500048
320130805000042	32013080500049
320130805000043	32013080500050
320130805000319	32013080500051
320130805000318	32013080500051
320130805000045	32013080500052
320130805000046	32013080500053
320130805000047	32013080500054
320130805000048	32013080500055
320130805000049	32013080500056
320130805000050	32013080500057
320130805000051	32013080500058
320130805000052	32013080500059
320130805000054	32013080500060
320130805000055	32013080500061
320130805000056	32013080500062
320130805000275	32013080500062
320130805000276	32013080500062
320130805000057	32013080500063
320130805000060	32013080500064
320130805000231	32013080500065
320130805000310	32013080500065
320130805000062	32013080500066
320130805000063	32013080500067
320130805000274	32013080500067
320130805000143	32013080500067
320130805000064	32013080500068
320130805000065	32013080500069
320130805000066	32013080500070
320130805000067	32013080500071
320130805000258	32013080500071
320130805000068	32013080500072
320130805000069	32013080500073
320130805000070	32013080500074
320130805000084	32013080500075
320130805000256	32013080500075
320130805000085	32013080500076
320130805000086	32013080500077
320130805000271	32013080500077
320130805000087	32013080500078
320130805000088	32013080500079
320130805000089	32013080500080
320130805000329	32013080500081
320130805000328	32013080500081
320130805000091	32013080500082
320130805000255	32013080500083
320130805000092	32013080500083
320130805000239	32013080500084
320130805000093	32013080500084
320130805000094	32013080500085
320130805000253	32013080500085
320130805000095	32013080500086
320130805000254	32013080500087
320130805000096	32013080500087
320130805000097	32013080500088
320130805000098	32013080500089
320130805000099	32013080500090
320130805000100	32013080500091
320130805000102	32013080500092
320130805000104	32013080500093
320130805000107	32013080500094
320130805000250	32013080500094
320130805000109	32013080500095
320130805000110	32013080500096
320130805000111	32013080500097
320130805000251	32013080500097
320130805000112	32013080500098
320130805000252	32013080500098
320130805000113	32013080500099
320130805000115	32013080500100
320130805000116	32013080500101
320130805000117	32013080500102
320130805000120	32013080500103
320130805000121	32013080500104
320130805000122	32013080500105
320130805000123	32013080500106
320130805000124	32013080500107
320130805000125	32013080500108
320130805000126	32013080500109
320130805000127	32013080500110
320130805000299	32013080500111
320130805000298	32013080500111
320130805000129	32013080500112
320130805000130	32013080500113
320130805000131	32013080500114
320130805000132	32013080500115
320130805000133	32013080500116
320130805000134	32013080500117
320130805000135	32013080500118
320130805000136	32013080500119
320130805000137	32013080500120
320130805000138	32013080500121
320130805000139	32013080500122
320130805000140	32013080500123
320130805000278	32013080500124
320130805000326	32013080500124
320130805000279	32013080500124
320130805000142	32013080500124
320130805000327	32013080500124
320130805000277	32013080500124
320130805000144	32013080500125
320130805000295	32013080500126
320130805000294	32013080500126
320130805000146	32013080500127
320130805000147	32013080500128
320130805000148	32013080500129
320130805000149	32013080500130
320130805000150	32013080500131
320130805000151	32013080500132
320130805000152	32013080500133
320130805000154	32013080500134
320130805000155	32013080500135
320130805000156	32013080500136
320130805000157	32013080500137
320130805000158	32013080500138
320130805000159	32013080500139
320130805000160	32013080500140
320130805000162	32013080500141
320130805000163	32013080500142
320130805000164	32013080500143
320130805000165	32013080500144
320130805000166	32013080500145
320130805000266	32013080500146
320130805000167	32013080500146
320130805000169	32013080500147
320130805000170	32013080500148
320130805000171	32013080500149
320130805000172	32013080500150
320130805000173	32013080500151
320130805000174	32013080500152
320130805000175	32013080500153
320130805000176	32013080500154
320130805000177	32013080500155
320130805000178	32013080500156
320130805000179	32013080500157
320130805000181	32013080500158
320130805000182	32013080500159
320130805000183	32013080500160
320130805000184	32013080500161
320130805000185	32013080500162
320130805000186	32013080500163
320130805000187	32013080500164
320130805000188	32013080500165
320130805000189	32013080500166
320130805000190	32013080500167
320130805000191	32013080500168
320130805000192	32013080500169
320130805000193	32013080500170
320130805000194	32013080500171
320130805000195	32013080500172
320130805000196	32013080500173
320130805000197	32013080500174
320130805000198	32013080500175
320130805000199	32013080500176
320130805000200	32013080500177
320130805000201	32013080500178
320130805000202	32013080500179
320130805000204	32013080500180
320130805000203	32013080500180
320130805000245	32013080500180
320130805000225	32013080500180
320130805000206	32013080500180
320130805000249	32013080500181
320130805000208	32013080500181
320130805000209	32013080500182
320130805000210	32013080500183
320130805000211	32013080500184
320130805000213	32013080500185
320130805000218	32013080500186
320130805000219	32013080500187
320130805000220	32013080500188
320130810000001	32013081000001
320130810000002	32013081000002
320130810000003	32013081000003
320130810000428	32013081000004
320130810000427	32013081000004
320130810000005	32013081000005
320130810000006	32013081000006
320130810000007	32013081000007
320130810000430	32013081000008
320130810000429	32013081000008
320130810000009	32013081000009
320130810000010	32013081000010
320130810000011	32013081000011
320130810000468	32013081000012
320130810000467	32013081000012
320130810000013	32013081000013
320130810000014	32013081000014
320130810000015	32013081000015
320130810000016	32013081000016
320130810000469	32013081000017
320130810000470	32013081000017
320130810000417	32013081000017
320130810000394	32013081000018
320130810000018	32013081000018
320130810000019	32013081000019
320130810000451	32013081000020
320130810000452	32013081000020
320130810000021	32013081000021
320130810000022	32013081000022
320130810000023	32013081000023
320130810000024	32013081000024
320130810000025	32013081000025
320130810000026	32013081000026
320130810000027	32013081000027
320130810000028	32013081000028
320130810000029	32013081000029
320130810000030	32013081000030
320130810000031	32013081000031
320130810000032	32013081000032
320130810000033	32013081000033
320130810000034	32013081000034
320130810000035	32013081000035
320130810000036	32013081000036
320130810000037	32013081000037
320130810000038	32013081000038
320130810000039	32013081000039
320130810000396	32013081000040
320130810000040	32013081000040
320130810000041	32013081000041
320130810000042	32013081000042
320130810000397	32013081000042
320130810000043	32013081000043
320130810000044	32013081000044
320130810000045	32013081000045
320130810000046	32013081000046
320130810000047	32013081000047
320130810000048	32013081000048
320130810000475	32013081000049
320130810000461	32013081000049
320130810000425	32013081000049
320130810000474	32013081000049
320130810000426	32013081000049
320130810000050	32013081000050
320130810000051	32013081000051
320130810000052	32013081000052
320130810000431	32013081000053
320130810000432	32013081000053
320130810000448	32013081000054
320130810000447	32013081000054
320130810000055	32013081000055
320130810000056	32013081000056
320130810000057	32013081000057
320130810000398	32013081000057
320130810000058	32013081000058
320130810000059	32013081000059
320130810000060	32013081000060
320130810000061	32013081000061
320130810000062	32013081000062
320130810000063	32013081000063
320130810000064	32013081000064
320130810000065	32013081000065
320130810000393	32013081000065
320130810000232	32013081000066
320130810000419	32013081000066
320130810000066	32013081000066
320130810000067	32013081000067
320130810000068	32013081000068
320130810000069	32013081000069
320130810000399	32013081000070
320130810000070	32013081000070
320130810000392	32013081000071
320130810000071	32013081000071
320130810000072	32013081000072
320130810000073	32013081000073
320130810000074	32013081000074
320130810000075	32013081000075
320130810000076	32013081000076
320130810000400	32013081000076
320130810000395	32013081000077
320130810000450	32013081000077
320130810000077	32013081000077
320130810000449	32013081000077
320130810000078	32013081000078
320130810000391	32013081000078
320130810000079	32013081000079
320130810000080	32013081000080
320130810000081	32013081000081
320130810000082	32013081000082
320130810000413	32013081000083
320130810000412	32013081000083
320130810000083	32013081000083
320130810000084	32013081000084
320130810000085	32013081000085
320130810000086	32013081000086
320130810000087	32013081000087
320130810000088	32013081000088
320130810000089	32013081000089
320130810000387	32013081000090
320130810000090	32013081000090
320130810000091	32013081000091
320130810000465	32013081000092
320130810000466	32013081000092
320130810000472	32013081000093
320130810000473	32013081000093
320130810000094	32013081000094
320130810000095	32013081000095
320130810000096	32013081000096
320130810000097	32013081000097
320130810000401	32013081000097
320130810000098	32013081000098
320130810000099	32013081000099
320130810000100	32013081000100
320130810000101	32013081000101
320130810000414	32013081000101
320130810000102	32013081000102
320130810000103	32013081000103
320130810000104	32013081000104
320130810000105	32013081000105
320130810000106	32013081000106
320130810000402	32013081000107
320130810000108	32013081000107
320130810000107	32013081000107
320130810000295	32013081000107
320130810000109	32013081000108
320130810000110	32013081000109
320130810000445	32013081000110
320130810000446	32013081000110
320130810000112	32013081000111
320130810000113	32013081000112
320130810000114	32013081000113
320130810000410	32013081000114
320130810000115	32013081000114
320130810000116	32013081000115
320130810000117	32013081000116
320130810000118	32013081000117
320130810000119	32013081000118
320130810000120	32013081000119
320130810000121	32013081000120
320130810000122	32013081000121
320130810000123	32013081000122
320130810000403	32013081000122
320130810000124	32013081000123
320130810000125	32013081000124
320130810000126	32013081000125
320130810000127	32013081000126
320130810000128	32013081000127
320130810000487	32013081000128
320130810000486	32013081000128
320130810000130	32013081000129
320130810000131	32013081000130
320130810000404	32013081000131
320130810000132	32013081000131
320130810000133	32013081000132
320130810000134	32013081000133
320130810000135	32013081000134
320130810000136	32013081000135
320130810000137	32013081000136
320130810000138	32013081000137
320130810000405	32013081000138
320130810000139	32013081000138
320130810000140	32013081000139
320130810000141	32013081000140
320130810000142	32013081000141
320130810000143	32013081000142
320130810000358	32013081000143
320130810000144	32013081000143
320130810000420	32013081000143
320130810000145	32013081000144
320130810000456	32013081000145
320130810000455	32013081000145
320130810000421	32013081000145
320130810000147	32013081000146
320130810000148	32013081000147
320130810000149	32013081000148
320130810000150	32013081000149
320130810000151	32013081000150
320130810000152	32013081000151
320130810000153	32013081000152
320130810000154	32013081000153
320130810000480	32013081000154
320130810000481	32013081000154
320130810000156	32013081000155
320130810000157	32013081000156
320130810000158	32013081000157
320130810000159	32013081000158
320130810000160	32013081000159
320130810000161	32013081000160
320130810000162	32013081000161
320130810000163	32013081000162
320130810000390	32013081000163
320130810000164	32013081000163
320130810000165	32013081000164
320130810000463	32013081000165
320130810000464	32013081000165
320130810000459	32013081000166
320130810000167	32013081000166
320130810000389	32013081000166
320130810000460	32013081000166
320130810000418	32013081000166
320130810000441	32013081000167
320130810000442	32013081000167
320130810000434	32013081000168
320130810000433	32013081000168
320130810000416	32013081000169
320130810000484	32013081000169
320130810000485	32013081000169
320130810000415	32013081000170
320130810000171	32013081000170
320130810000172	32013081000171
320130810000173	32013081000172
320130810000174	32013081000173
320130810000176	32013081000174
320130810000409	32013081000175
320130810000377	32013081000175
320130810000178	32013081000175
320130810000309	32013081000175
320130810000378	32013081000175
320130810000179	32013081000175
320130810000406	32013081000176
320130810000180	32013081000176
320130810000477	32013081000177
320130810000476	32013081000177
320130810000182	32013081000178
320130810000183	32013081000179
320130810000184	32013081000180
320130810000185	32013081000181
320130810000186	32013081000182
320130810000478	32013081000183
320130810000479	32013081000183
320130810000436	32013081000183
320130810000435	32013081000183
320130810000188	32013081000184
320130810000189	32013081000185
320130810000190	32013081000186
320130810000191	32013081000187
320130810000388	32013081000187
320130810000192	32013081000188
320130810000193	32013081000189
320130810000194	32013081000190
320130810000195	32013081000191
320130810000438	32013081000192
320130810000437	32013081000192
320130810000197	32013081000193
320130810000198	32013081000194
320130810000407	32013081000194
320130810000199	32013081000195
320130810000200	32013081000196
320130810000201	32013081000197
320130810000202	32013081000198
320130810000203	32013081000199
320130810000204	32013081000200
320130810000205	32013081000201
320130810000206	32013081000202
320130810000207	32013081000203
320130810000208	32013081000204
320130810000209	32013081000205
320130810000210	32013081000206
320130810000211	32013081000207
320130810000212	32013081000208
320130810000213	32013081000209
320130810000453	32013081000210
320130810000454	32013081000210
320130810000215	32013081000211
320130810000216	32013081000212
320130810000217	32013081000213
320130810000218	32013081000214
320130810000219	32013081000215
320130810000220	32013081000216
320130810000221	32013081000217
320130810000222	32013081000218
320130810000223	32013081000219
320130810000224	32013081000220
320130810000225	32013081000221
320130810000226	32013081000222
320130810000227	32013081000223
320130810000228	32013081000224
320130810000229	32013081000225
320130810000230	32013081000226
320130810000231	32013081000227
320130810000233	32013081000228
320130810000234	32013081000229
320130810000235	32013081000230
320130810000236	32013081000231
320130810000237	32013081000232
320130810000238	32013081000233
320130810000239	32013081000234
320130810000240	32013081000235
320130810000241	32013081000236
320130810000242	32013081000237
320130810000243	32013081000238
320130810000244	32013081000239
320130810000245	32013081000240
320130810000246	32013081000241
320130810000247	32013081000242
320130810000248	32013081000243
320130810000249	32013081000244
320130810000250	32013081000245
320130810000251	32013081000246
320130810000252	32013081000247
320130810000253	32013081000248
320130810000254	32013081000249
320130810000255	32013081000250
320130810000256	32013081000251
320130810000257	32013081000252
320130810000258	32013081000253
320130810000259	32013081000254
320130810000260	32013081000255
320130810000261	32013081000256
320130810000262	32013081000257
320130810000263	32013081000258
320130810000264	32013081000259
320130810000265	32013081000260
320130810000266	32013081000261
320130810000267	32013081000262
320130810000268	32013081000263
320130810000269	32013081000264
320130810000270	32013081000265
320130810000271	32013081000266
320130810000272	32013081000267
320130810000273	32013081000268
320130810000274	32013081000269
320130810000275	32013081000270
320130810000276	32013081000271
320130810000277	32013081000272
320130810000458	32013081000273
320130810000457	32013081000273
320130810000279	32013081000274
320130810000280	32013081000275
320130810000281	32013081000276
320130810000282	32013081000277
320130810000283	32013081000278
320130810000284	32013081000279
320130810000423	32013081000280
320130810000424	32013081000280
320130810000285	32013081000280
320130810000286	32013081000281
320130810000287	32013081000282
320130810000288	32013081000283
320130810000289	32013081000284
320130810000290	32013081000285
320130810000291	32013081000286
320130810000292	32013081000287
320130810000293	32013081000288
320130810000294	32013081000289
320130810000296	32013081000290
320130810000297	32013081000291
320130810000298	32013081000292
320130810000299	32013081000293
320130810000300	32013081000294
320130810000301	32013081000295
320130810000302	32013081000296
320130810000303	32013081000297
320130810000304	32013081000298
320130810000422	32013081000298
320130810000305	32013081000299
320130810000482	32013081000300
320130810000483	32013081000300
320130810000307	32013081000301
320130810000308	32013081000302
320130810000310	32013081000303
320130810000311	32013081000304
320130810000312	32013081000305
320130810000443	32013081000306
320130810000444	32013081000306
320130810000314	32013081000307
320130810000315	32013081000308
320130810000316	32013081000309
320130810000317	32013081000310
320130810000318	32013081000311
320130810000319	32013081000312
320130810000320	32013081000313
320130810000321	32013081000314
320130810000322	32013081000315
320130810000323	32013081000316
320130810000324	32013081000317
320130810000325	32013081000318
320130810000326	32013081000319
320130810000327	32013081000320
320130810000328	32013081000321
320130810000329	32013081000322
320130810000330	32013081000323
320130810000331	32013081000324
320130810000332	32013081000325
320130810000333	32013081000326
320130810000334	32013081000327
320130810000335	32013081000328
320130810000336	32013081000329
320130810000337	32013081000330
320130810000338	32013081000331
320130810000339	32013081000332
320130810000340	32013081000333
320130810000341	32013081000334
320130810000342	32013081000335
320130810000343	32013081000336
320130810000344	32013081000337
320130810000345	32013081000338
320130810000346	32013081000339
320130810000347	32013081000340
320130810000348	32013081000341
320130810000349	32013081000342
320130810000350	32013081000343
320130810000351	32013081000344
320130810000352	32013081000345
320130810000353	32013081000346
320130810000354	32013081000347
320130810000355	32013081000348
320130810000356	32013081000349
320130810000357	32013081000350
320130810000359	32013081000351
320130810000360	32013081000352
320130810000361	32013081000353
320130810000362	32013081000354
320130810000363	32013081000355
320130810000364	32013081000356
320130810000365	32013081000357
320130810000366	32013081000358
320130810000408	32013081000359
320130810000367	32013081000359
320130810000368	32013081000360
320130810000440	32013081000361
320130810000439	32013081000361
320130810000370	32013081000362
320130810000371	32013081000363
320130810000373	32013081000364
320130810000374	32013081000365
320130810000375	32013081000366
320130810000376	32013081000367
320130810000379	32013081000368
320130810000380	32013081000369
320130810000382	32013081000370
320130810000383	32013081000371
320130810000384	32013081000372
320130810000385	32013081000373
320130810000386	32013081000374
320220705000017	32022070500001
320220705000025	32022070500001
320220705000022	32022070500001
320220705000009	32022070500001
320220705000023	32022070500001
320220705000018	32022070500001
320220705000012	32022070500001
320220705000016	32022070500001
320220705000001	32022070500001
320220705000019	32022070500001
320220705000020	32022070500001
320220705000021	32022070500001
320220705000024	32022070500001
320220705000015	32022070500001
320220705000014	32022070500001
320220705000002	32022070500002
320220705000003	32022070500003
320220705000007	32022070500004
320220705000027	32022070500005
320220705000026	32022070500005
320220705000011	32022070500006
320220710000001	32022071000001
320220710000002	32022071000002
320220710000003	32022071000003
320220710000004	32022071000004
320220713000001	32022071300001
320220715000003	32022071500001
320220715000006	32022071500002
320220715000007	32022071500002
320220715000004	32022071500002
320220713000019	32022071300002
320220713000018	32022071300002
320220713000003	32022071300003
320220713000004	32022071300004
320220713000005	32022071300005
320220713000006	32022071300006
320220713000007	32022071300007
320220713000014	32022071300008
320220713000015	32022071300008
320220713000009	32022071300009
320220713000010	32022071300010
320220713000011	32022071300011
320220713000016	32022071300012
320220713000017	32022071300012
320220713000013	32022071300013
320220715000001	32022071500003
320220715000002	32022071500004
320240505000001	32024050500016
320240505000002	32024050500017
320240505000003	32024050500018
320240505000004	32024050500019
320240505000005	32024050500020
320240505000006	32024050500021
320240505000007	32024050500022
320240505000008	32024050500023
320240505000009	32024050500024
320240505000273	32024050500025
320240505000274	32024050500025
320240505000272	32024050500025
320240505000275	32024050500025
320240505000248	32024050500025
320240505000268	32024050500025
320240505000011	32024050500026
320240505000012	32024050500027
320240505000014	32024050500028
320240505000015	32024050500029
320240505000016	32024050500030
320240505000017	32024050500031
320240505000018	32024050500032
320240505000299	32024050500033
320240505000326	32024050500033
320240505000298	32024050500033
320240505000337	32024050500033
320240505000323	32024050500033
320240505000332	32024050500033
320240505000333	32024050500033
320240505000082	32024050500033
320240505000019	32024050500033
320240505000303	32024050500033
320240505000302	32024050500033
320240505000327	32024050500033
320240505000277	32024050500033
320240505000336	32024050500033
320240505000276	32024050500033
320240505000322	32024050500033
320240505000266	32024050500033
320240505000020	32024050500034
320240505000021	32024050500035
320240505000022	32024050500036
320240505000023	32024050500037
320240505000024	32024050500038
320240505000025	32024050500039
320240505000026	32024050500040
320240505000027	32024050500041
320240505000028	32024050500042
320240505000279	32024050500043
320240505000278	32024050500043
320240505000284	32024050500044
320240505000285	32024050500044
320240505000031	32024050500045
320240505000032	32024050500046
320240505000033	32024050500047
320240505000034	32024050500048
320240505000035	32024050500049
320240505000036	32024050500050
320240505000037	32024050500051
320240505000038	32024050500052
320240505000039	32024050500053
320240505000269	32024050500054
320240505000128	32024050500054
320240505000040	32024050500054
320240505000041	32024050500055
320240505000282	32024050500056
320240505000307	32024050500056
320240505000335	32024050500056
320240505000334	32024050500056
320240505000319	32024050500056
320240505000288	32024050500056
320240505000281	32024050500056
320240505000344	32024050500056
320240505000283	32024050500056
320240505000339	32024050500056
320240505000290	32024050500056
320240505000306	32024050500056
320240505000338	32024050500056
320240505000297	32024050500056
320240505000291	32024050500056
320240505000280	32024050500056
320240505000345	32024050500056
320240505000286	32024050500056
320240505000289	32024050500056
320240505000318	32024050500056
320240505000292	32024050500056
320240505000287	32024050500056
320240505000293	32024050500056
320240505000309	32024050500056
320240505000043	32024050500057
320240505000044	32024050500058
320240505000045	32024050500059
320240505000047	32024050500060
320240505000048	32024050500061
320240505000049	32024050500062
320240505000050	32024050500063
320240505000051	32024050500064
320240505000052	32024050500065
320240505000053	32024050500066
320240505000054	32024050500067
320240505000055	32024050500068
320240505000056	32024050500069
320240505000312	32024050500070
320240505000313	32024050500070
320240505000058	32024050500071
320240505000059	32024050500072
320240505000060	32024050500073
320240505000062	32024050500074
320240505000063	32024050500075
320240505000064	32024050500076
320240505000265	32024050500077
320240505000065	32024050500077
320240505000066	32024050500078
320240505000067	32024050500079
320240505000068	32024050500080
320240505000069	32024050500081
320240505000070	32024050500082
320240505000071	32024050500083
320240505000072	32024050500084
320240505000073	32024050500085
320240505000074	32024050500086
320240505000075	32024050500087
320240505000076	32024050500088
320240505000077	32024050500089
320240505000078	32024050500090
320240505000079	32024050500091
320240505000080	32024050500092
320240505000081	32024050500093
320240505000083	32024050500094
320240505000084	32024050500095
320240505000085	32024050500096
320240505000086	32024050500097
320240505000087	32024050500098
320240505000088	32024050500099
320240505000089	32024050500100
320240505000090	32024050500101
320240505000091	32024050500102
320240505000092	32024050500103
320240505000093	32024050500104
320240505000094	32024050500105
320240505000095	32024050500106
320240505000096	32024050500107
320240505000097	32024050500108
320240505000098	32024050500109
320240505000099	32024050500110
320240505000100	32024050500111
320240505000101	32024050500112
320240505000102	32024050500113
320240505000103	32024050500114
320240505000104	32024050500115
320240505000105	32024050500116
320240505000106	32024050500117
320240505000341	32024050500118
320240505000340	32024050500118
320240505000300	32024050500118
320240505000108	32024050500118
320240505000109	32024050500119
320240505000110	32024050500120
320240505000111	32024050500121
320240505000112	32024050500122
320240505000113	32024050500123
320240505000315	32024050500124
320240505000314	32024050500124
320240505000115	32024050500125
320240505000271	32024050500126
320240505000270	32024050500126
320240505000117	32024050500127
320240505000118	32024050500128
320240505000317	32024050500129
320240505000295	32024050500129
320240505000316	32024050500129
320240505000328	32024050500129
320240505000294	32024050500129
320240505000329	32024050500129
320240505000120	32024050500130
320240505000122	32024050500131
320240505000123	32024050500132
320240505000124	32024050500133
320240505000125	32024050500134
320240505000126	32024050500135
320240505000127	32024050500136
320240505000130	32024050500137
320240505000131	32024050500138
320240505000132	32024050500139
320240505000133	32024050500140
320240505000134	32024050500141
320240505000135	32024050500142
320240505000136	32024050500143
320240505000137	32024050500144
320240505000138	32024050500145
320240505000139	32024050500146
320240505000140	32024050500147
320240505000141	32024050500148
320240505000143	32024050500149
320240505000144	32024050500150
320240505000145	32024050500151
320240505000331	32024050500152
320240505000330	32024050500152
320240505000148	32024050500153
320240505000149	32024050500154
320240505000150	32024050500155
320240505000157	32024050500156
320240505000305	32024050500157
320240505000304	32024050500157
320240505000159	32024050500158
320240505000160	32024050500159
320240505000161	32024050500160
320240505000162	32024050500161
320240505000163	32024050500162
320240505000164	32024050500163
320240505000165	32024050500164
320240505000168	32024050500165
320240505000170	32024050500166
320240505000171	32024050500167
320240505000172	32024050500168
320240505000267	32024050500169
320240505000175	32024050500169
320240505000176	32024050500170
320240505000177	32024050500171
320240505000178	32024050500172
320240505000179	32024050500173
320240505000180	32024050500174
320240505000181	32024050500175
320240505000182	32024050500176
320240505000183	32024050500177
320240505000184	32024050500178
320240505000185	32024050500179
320240505000186	32024050500180
320240505000187	32024050500181
320240505000188	32024050500182
320240505000189	32024050500183
320240505000190	32024050500184
320240505000191	32024050500185
320240505000192	32024050500186
320240505000193	32024050500187
320240505000194	32024050500188
320240505000195	32024050500189
320240505000196	32024050500190
320240505000197	32024050500191
320240505000198	32024050500192
320240505000199	32024050500193
320240505000200	32024050500194
320240505000201	32024050500195
320240505000202	32024050500196
320240505000203	32024050500197
320240505000204	32024050500198
320240505000205	32024050500199
320240505000206	32024050500200
320240505000208	32024050500201
320240505000209	32024050500202
320240505000320	32024050500203
320240505000321	32024050500203
320240505000211	32024050500204
320240505000212	32024050500205
320240505000213	32024050500206
320240505000214	32024050500207
320240505000215	32024050500208
320240505000310	32024050500208
320240505000311	32024050500208
320240505000217	32024050500209
320240505000218	32024050500210
320240505000219	32024050500211
320240505000220	32024050500212
320240505000221	32024050500213
320240505000222	32024050500214
320240505000223	32024050500215
320240505000224	32024050500216
320240505000240	32024050500217
320240505000241	32024050500218
320240505000242	32024050500219
320240505000243	32024050500220
320240505000244	32024050500221
320240505000245	32024050500222
320240505000246	32024050500223
320240505000247	32024050500224
320240505000249	32024050500225
320240505000250	32024050500226
320240505000251	32024050500227
320240505000252	32024050500228
320240505000253	32024050500229
320240505000254	32024050500230
320240505000255	32024050500231
320240505000256	32024050500232
320240505000257	32024050500233
320240505000258	32024050500234
320240505000259	32024050500235
320240505000260	32024050500236
320240505000261	32024050500237
320240505000262	32024050500238
320240505000263	32024050500239
320240510000001	32024051000001
320240510000002	32024051000002
320240510000005	32024051000003
320240510000003	32024051000003
320240510000004	32024051000004
320240515000001	32024051500001
320240515000002	32024051500002
320240515000003	32024051500003
320240515000004	32024051500004
320500205000001	32050020500001
320500205000362	32050020500002
320500205000363	32050020500002
320500205000372	32050020500002
320500205000337	32050020500002
320500205000326	32050020500002
320500205000357	32050020500002
320500205000373	32050020500002
320500205000294	32050020500002
320500205000296	32050020500002
320500205000295	32050020500002
320500205000014	32050020500002
320500205000336	32050020500002
320500205000356	32050020500002
320500205000325	32050020500002
320500205000310	32050020500003
320500205000132	32050020500003
320500205000209	32050020500003
320500205000365	32050020500003
320500205000194	32050020500003
320500205000146	32050020500003
320500205000243	32050020500003
320500205000107	32050020500003
320500205000364	32050020500003
320500205000003	32050020500003
320500205000101	32050020500003
320500205000017	32050020500003
320500205000151	32050020500003
320500205000195	32050020500003
320500205000309	32050020500003
320500205000196	32050020500003
320500205000236	32050020500004
320500205000015	32050020500004
320500205000246	32050020500004
320500205000351	32050020500004
320500205000317	32050020500004
320500205000299	32050020500004
320500205000252	32050020500004
320500205000004	32050020500004
320500205000250	32050020500004
320500205000232	32050020500004
320500205000208	32050020500004
320500205000176	32050020500004
320500205000011	32050020500004
320500205000316	32050020500004
320500205000172	32050020500004
320500205000179	32050020500004
320500205000174	32050020500004
320500205000355	32050020500004
320500205000213	32050020500004
320500205000370	32050020500004
320500205000262	32050020500004
320500205000259	32050020500004
320500205000166	32050020500004
320500205000173	32050020500004
320500205000181	32050020500004
320500205000369	32050020500004
320500205000231	32050020500004
320500205000263	32050020500004
320500205000251	32050020500004
320500205000350	32050020500004
320500205000368	32050020500004
320500205000320	32050020500004
320500205000175	32050020500004
320500205000022	32050020500004
320500205000249	32050020500004
320500205000321	32050020500004
320500205000256	32050020500004
320500205000235	32050020500004
320500205000359	32050020500004
320500205000182	32050020500004
320500205000023	32050020500004
320500205000328	32050020500004
320500205000205	32050020500004
320500205000377	32050020500004
320500205000258	32050020500004
320500205000161	32050020500004
320500205000318	32050020500004
320500205000354	32050020500004
320500205000020	32050020500004
320500205000329	32050020500004
320500205000376	32050020500004
320500205000188	32050020500004
320500205000216	32050020500004
320500205000253	32050020500004
320500205000352	32050020500004
320500205000319	32050020500004
320500205000353	32050020500004
320500205000180	32050020500004
320500205000327	32050020500004
320500205000371	32050020500004
320500205000300	32050020500004
320500205000315	32050020500004
320500205000021	32050020500004
320500205000162	32050020500004
320500205000324	32050020500004
320500205000234	32050020500004
320500205000358	32050020500004
320500205000254	32050020500004
320500205000164	32050020500004
320500205000220	32050020500004
320500205000019	32050020500004
320500205000010	32050020500005
320500205000267	32050020500006
320500205000085	32050020500006
320500205000346	32050020500006
320500205000139	32050020500006
320500205000264	32050020500006
320500205000347	32050020500006
320500205000265	32050020500006
320500205000266	32050020500006
320500205000144	32050020500006
320500205000268	32050020500007
320500205000269	32050020500007
320500205000271	32050020500007
320500205000270	32050020500007
320500205000082	32050020500008
320500205000142	32050020500009
320500205000345	32050020500009
320500205000344	32050020500009
320500205000312	32050020500010
320500205000311	32050020500010
320500205000314	32050020500010
320500205000313	32050020500010
320500205000322	32050020500011
320500205000375	32050020500011
320500205000120	32050020500011
320500205000335	32050020500011
320500205000281	32050020500011
320500205000275	32050020500011
320500205000278	32050020500011
320500205000121	32050020500011
320500205000279	32050020500011
320500205000122	32050020500011
320500205000276	32050020500011
320500205000334	32050020500011
320500205000089	32050020500011
320500205000323	32050020500011
320500205000374	32050020500011
320500205000280	32050020500011
320500205000277	32050020500011
320500205000272	32050020500012
320500205000274	32050020500012
320500205000273	32050020500012
320500205000093	32050020500013
320500205000094	32050020500014
320500205000095	32050020500015
320500205000288	32050020500016
320500205000284	32050020500016
320500205000285	32050020500016
320500205000289	32050020500016
320500205000283	32050020500016
320500205000282	32050020500016
320500205000286	32050020500017
320500205000287	32050020500017
320500205000291	32050020500018
320500205000155	32050020500018
320500205000099	32050020500018
320500205000290	32050020500018
320500205000100	32050020500019
320500205000145	32050020500019
320500205000293	32050020500020
320500205000147	32050020500020
320500205000128	32050020500020
320500205000292	32050020500020
320500205000137	32050020500020
320500205000148	32050020500020
320500205000103	32050020500020
320500205000114	32050020500020
320500205000149	32050020500021
320500205000104	32050020500021
320500205000150	32050020500022
320500205000105	32050020500022
320500205000106	32050020500023
320500205000343	32050020500024
320500205000127	32050020500024
320500205000342	32050020500024
320500205000110	32050020500024
320500205000154	32050020500024
320500205000112	32050020500024
320500205000108	32050020500024
320500205000109	32050020500025
320500205000111	32050020500026
320500205000152	32050020500026
320500205000260	32050020500027
320500205000261	32050020500027
320500205000153	32050020500027
320500205000349	32050020500028
320500205000348	32050020500028
320500205000119	32050020500029
320500205000124	32050020500030
320500205000129	32050020500031
320500205000130	32050020500032
320500205000131	32050020500033
320500205000134	32050020500034
320500205000135	32050020500035
320500205000366	32050020500036
320500205000367	32050020500036
320500205000156	32050020500037
320500205000227	32050020500037
320500205000158	32050020500037
320500205000159	32050020500037
320500205000248	32050020500037
320500205000163	32050020500037
320500205000160	32050020500037
320500205000255	32050020500037
320500205000304	32050020500038
320500205000303	32050020500038
320500205000165	32050020500039
320500205000169	32050020500040
320500205000257	32050020500041
320500205000171	32050020500041
320500205000183	32050020500042
320500205000297	32050020500042
320500205000298	32050020500042
320500205000340	32050020500043
320500205000222	32050020500043
320500205000186	32050020500043
320500205000341	32050020500043
320500205000237	32050020500044
320500205000187	32050020500044
320500205000189	32050020500045
320500205000238	32050020500045
320500205000360	32050020500046
320500205000361	32050020500046
320500205000239	32050020500046
320500205000191	32050020500047
320500205000241	32050020500047
320500205000240	32050020500047
320500205000242	32050020500048
320500205000192	32050020500048
320500205000193	32050020500049
320500205000333	32050020500050
320500205000332	32050020500050
320500205000199	32050020500051
320500205000200	32050020500052
320500205000201	32050020500053
320500205000202	32050020500054
320500205000203	32050020500055
320500205000330	32050020500056
320500205000245	32050020500056
320500205000331	32050020500056
320500205000339	32050020500057
320500205000338	32050020500057
320500205000207	32050020500058
320500205000210	32050020500059
320500205000211	32050020500060
320500205000308	32050020500061
320500205000307	32050020500061
320500205000214	32050020500062
320500205000215	32050020500063
320500205000217	32050020500064
320500205000218	32050020500065
320500205000219	32050020500066
320500205000226	32050020500067
320500205000306	32050020500068
320500205000305	32050020500068
320500205000301	32050020500069
320500205000302	32050020500069
320500205000230	32050020500070
320500210000004	32050021000001
320500210000009	32050021000001
320500210000003	32050021000001
320500210000006	32050021000001
320500210000005	32050021000001
320500210000007	32050021000001
320500210000008	32050021000001
320500210000002	32050021000002
320500215000754	32050021500007
320500215000452	32050021500007
320500215000275	32050021500007
320500215000618	32050021500007
320500215000817	32050021500007
320500215000818	32050021500007
320500215000448	32050021500007
320500215000804	32050021500007
320500215000757	32050021500007
320500215000450	32050021500007
320500215000480	32050021500007
320500215000654	32050021500007
320500215000481	32050021500007
320500215000659	32050021500007
320500215000837	32050021500007
320500215000666	32050021500007
320500215000826	32050021500007
320500215000585	32050021500007
320500215000777	32050021500007
320500215000462	32050021500007
320500215000797	32050021500007
320500215000753	32050021500007
320500215000800	32050021500007
320500215000553	32050021500007
320500215000540	32050021500007
320500215000843	32050021500007
320500215000844	32050021500007
320500215000479	32050021500007
320500215000704	32050021500007
320500215000439	32050021500007
320500215000751	32050021500007
320500215000435	32050021500007
320500215000490	32050021500007
320500215000001	32050021500007
320500215000798	32050021500007
320500215000460	32050021500007
320500215000658	32050021500007
320500215000750	32050021500007
320500215000451	32050021500007
320500215000763	32050021500007
320500215000838	32050021500007
320500215000752	32050021500007
320500215000802	32050021500007
320500215000764	32050021500007
320500215000762	32050021500007
320500215000703	32050021500007
320500215000478	32050021500007
320500215000483	32050021500007
320500215000488	32050021500007
320500215000825	32050021500007
320500215000487	32050021500007
320500215000799	32050021500007
320500215000756	32050021500007
320500215000755	32050021500007
320500215000646	32050021500007
320500215000489	32050021500007
320500215000805	32050021500007
320500215000749	32050021500007
320500215000441	32050021500007
320500215000477	32050021500007
320500215000765	32050021500007
320500215000803	32050021500007
320500215000778	32050021500007
320500215000801	32050021500007
320500215000554	32050021500007
320500215000002	32050021500008
320500215000003	32050021500009
320500215000006	32050021500010
320500215000008	32050021500011
320500215000830	32050021500011
320500215000318	32050021500011
320500215000355	32050021500011
320500215000358	32050021500011
320500215000829	32050021500011
320500215000009	32050021500012
320500215000010	32050021500013
320500215000011	32050021500014
320500215000012	32050021500015
320500215000014	32050021500016
320500215000198	32050021500017
320500215000767	32050021500017
320500215000301	32050021500017
320500215000195	32050021500017
320500215000766	32050021500017
320500215000196	32050021500017
320500215000189	32050021500018
320500215000190	32050021500019
320500215000191	32050021500020
320500215000192	32050021500021
320500215000193	32050021500022
320500215000201	32050021500023
320500215000708	32050021500023
320500215000707	32050021500023
320500215000202	32050021500024
320500215000280	32050021500024
320500215000203	32050021500025
320500215000281	32050021500025
320500215000204	32050021500026
320500215000205	32050021500027
320500215000206	32050021500028
320500215000208	32050021500029
320500215000283	32050021500029
320500215000209	32050021500030
320500215000210	32050021500031
320500215000284	32050021500031
320500215000285	32050021500032
320500215000211	32050021500032
320500215000214	32050021500033
320500215000215	32050021500034
320500215000216	32050021500035
320500215000217	32050021500036
320500215000218	32050021500037
320500215000219	32050021500038
320500215000220	32050021500039
320500215000222	32050021500040
320500215000287	32050021500040
320500215000223	32050021500041
320500215000288	32050021500042
320500215000224	32050021500042
320500215000226	32050021500043
320500215000227	32050021500044
320500215000228	32050021500045
320500215000229	32050021500046
320500215000290	32050021500046
320500215000289	32050021500046
320500215000243	32050021500047
320500215000247	32050021500048
320500215000248	32050021500049
320500215000684	32050021500050
320500215000685	32050021500050
320500215000683	32050021500050
320500215000682	32050021500050
320500215000688	32050021500051
320500215000689	32050021500051
320500215000255	32050021500052
320500215000256	32050021500053
320500215000775	32050021500054
320500215000776	32050021500054
320500215000258	32050021500055
320500215000259	32050021500056
320500215000260	32050021500057
320500215000261	32050021500058
320500215000262	32050021500059
320500215000263	32050021500060
320500215000264	32050021500061
320500215000266	32050021500062
320500215000267	32050021500063
320500215000268	32050021500064
320500215000269	32050021500065
320500215000270	32050021500066
320500215000271	32050021500067
320500215000276	32050021500068
320500215000311	32050021500069
320500215000390	32050021500070
320500215000312	32050021500070
320500215000839	32050021500071
320500215000840	32050021500071
320500215000314	32050021500072
320500215000315	32050021500073
320500215000391	32050021500073
320500215000316	32050021500074
320500215000392	32050021500074
320500215000393	32050021500075
320500215000317	32050021500075
320500215000319	32050021500076
320500215000394	32050021500076
320500215000320	32050021500077
320500215000395	32050021500077
320500215000321	32050021500078
320500215000322	32050021500079
320500215000396	32050021500080
320500215000323	32050021500080
320500215000324	32050021500081
320500215000325	32050021500082
320500215000326	32050021500083
320500215000327	32050021500084
320500215000328	32050021500085
320500215000329	32050021500086
320500215000330	32050021500087
320500215000331	32050021500088
320500215000332	32050021500089
320500215000333	32050021500090
320500215000334	32050021500091
320500215000335	32050021500092
320500215000336	32050021500093
320500215000337	32050021500094
320520015080055	32052001500001
320520015080056	32052001500002
320520015080057	32052001500003
320520015090001	32052001500004
320520015090002	32052001500005
320520015090003	32052001500006
320520015090004	32052001500007
320520015090005	32052001500008
320520015090006	32052001500009
320520015090007	32052001500010
320520015090100	32052001500011
320520015090099	32052001500011
320520015090009	32052001500012
320530905120064	32053090500001
320530905120053	32053090500001
320530905120055	32053090500001
320530905120050	32053090500001
320530905120052	32053090500001
320530905070063	32053090500001
320530905070061	32053090500001
320530905120029	32053090500001
320530905070064	32053090500001
320530905070086	32053090500001
320530905120051	32053090500001
320530905120027	32053090500001
320530905070090	32053090500001
320530905120071	32053090500001
320530905120072	32053090500001
320530905120065	32053090500001
320530905000002	32053090500001
320530905120079	32053090500001
320530905120057	32053090500001
320530905070062	32053090500001
320530905070089	32053090500001
320530905070073	32053090500001
320530905120044	32053090500001
320530905120059	32053090500001
320530905120074	32053090500001
320530905070072	32053090500001
320530905070085	32053090500001
320530905120045	32053090500001
320530905120073	32053090500001
320530905070093	32053090500001
320530905070049	32053090500001
320530905070094	32053090500001
320530905120009	32053090500001
320530905120056	32053090500001
320530905120035	32053090500002
320530905120036	32053090500003
320530905120037	32053090500004
320530905120038	32053090500005
320530905120039	32053090500006
320530905120040	32053090500007
320530905120041	32053090500008
320530905120042	32053090500009
320530910000088	32053091000001
320530910000002	32053091000002
320530910150079	32053091000003
320530910150050	32053091000003
320530910150075	32053091000003
320530910150108	32053091000003
320530910150076	32053091000003
320530910150070	32053091000003
320530910150102	32053091000003
320530910150069	32053091000003
320530910150016	32053091000003
320530910150074	32053091000003
320530910140086	32053091000003
320530910140085	32053091000003
320530910140097	32053091000003
320530910150029	32053091000003
320530910130036	32053091000003
320530910140098	32053091000003
320530910150107	32053091000003
320530910150101	32053091000003
	32053091000004
320530910150035	32053091000005
320530910150036	32053091000006
320530910150037	32053091000007
320530910150038	32053091000008
320530910150039	32053091000009
320530910150040	32053091000010
320530910150041	32053091000011
320530910150042	32053091000012
320500215000338	32050021500095
320500215000339	32050021500096
320500215000340	32050021500097
320500215000401	32050021500098
320500215000741	32050021500098
320500215000740	32050021500098
320500215000343	32050021500099
320500215000345	32050021500100
320500215000346	32050021500101
320500215000347	32050021500102
320500215000348	32050021500103
320500215000349	32050021500104
320500215000350	32050021500105
320500215000351	32050021500106
320500215000352	32050021500107
320500215000353	32050021500108
320500215000354	32050021500109
320500215000356	32050021500110
320500215000357	32050021500111
320500215000359	32050021500112
320500215000360	32050021500113
320500215000361	32050021500114
320500215000362	32050021500115
320500215000363	32050021500116
320500215000364	32050021500117
320500215000365	32050021500118
320500215000366	32050021500119
320500215000367	32050021500120
320500215000368	32050021500121
320500215000369	32050021500122
320500215000402	32050021500123
320500215000403	32050021500124
320500215000404	32050021500125
320500215000467	32050021500125
320500215000468	32050021500126
320500215000405	32050021500126
320500215000406	32050021500127
320500215000469	32050021500128
320500215000407	32050021500128
320500215000470	32050021500129
320500215000408	32050021500129
320500215000836	32050021500130
320500215000835	32050021500130
320500215000412	32050021500131
320500215000413	32050021500131
320500215000410	32050021500131
320500215000465	32050021500131
320500215000411	32050021500131
320500215000471	32050021500131
320500215000728	32050021500131
320500215000727	32050021500131
320500215000443	32050021500131
320500215000414	32050021500132
320500215000415	32050021500133
320500215000715	32050021500134
320500215000716	32050021500134
320500215000720	32050021500135
320500215000719	32050021500135
320500215000419	32050021500136
320500215000729	32050021500137
320500215000730	32050021500137
320500215000421	32050021500138
320500215000472	32050021500138
320500215000422	32050021500139
320500215000473	32050021500140
320500215000423	32050021500140
320500215000474	32050021500141
320500215000424	32050021500141
320500215000425	32050021500142
320500215000431	32050021500142
320500215000426	32050021500143
320500215000427	32050021500144
320500215000428	32050021500145
320500215000429	32050021500146
320500215000430	32050021500147
320500215000723	32050021500148
320500215000815	32050021500148
320500215000432	32050021500148
320500215000485	32050021500148
320500215000466	32050021500148
320500215000458	32050021500148
320500215000725	32050021500148
320500215000486	32050021500148
320500215000484	32050021500148
320500215000726	32050021500148
320500215000816	32050021500148
320500215000434	32050021500149
320500215000475	32050021500149
320500215000436	32050021500150
320500215000476	32050021500151
320500215000437	32050021500151
320500215000438	32050021500152
320500215000738	32050021500153
320500215000739	32050021500153
320500215000721	32050021500154
320500215000722	32050021500154
320500215000748	32050021500155
320500215000445	32050021500155
320500215000747	32050021500155
320500215000446	32050021500156
320500215000746	32050021500157
320500215000745	32050021500157
320500215000449	32050021500158
320500215000454	32050021500159
320500215000455	32050021500160
320500215000661	32050021500161
320500215000628	32050021500161
320500215000456	32050021500161
320500215000457	32050021500162
320500215000459	32050021500163
320500215000461	32050021500164
320500215000463	32050021500165
320500215000464	32050021500166
320500215000493	32050021500167
320500215000494	32050021500168
320500215000495	32050021500169
320500215000501	32050021500170
320500215000595	32050021500170
320500215000594	32050021500170
320500215000498	32050021500170
320500215000571	32050021500170
320500215000621	32050021500170
320500215000596	32050021500170
320500215000499	32050021500171
320500215000500	32050021500172
320500215000503	32050021500173
320500215000504	32050021500174
320500215000578	32050021500175
320500215000506	32050021500175
320500215000579	32050021500176
320500215000507	32050021500176
320500215000774	32050021500177
320500215000773	32050021500177
320500215000510	32050021500178
320500215000511	32050021500179
320500215000515	32050021500180
320500215000681	32050021500180
320500215000680	32050021500180
320500215000517	32050021500181
320500215000520	32050021500182
320500215000612	32050021500183
320500215000613	32050021500183
320500215000609	32050021500183
320500215000611	32050021500183
320500215000610	32050021500183
320500215000521	32050021500183
320500215000735	32050021500184
320500215000734	32050021500184
320500215000561	32050021500184
320500215000560	32050021500184
320500215000523	32050021500185
320500215000524	32050021500186
320500215000615	32050021500187
320500215000614	32050021500187
320500215000525	32050021500187
320500215000526	32050021500188
320500215000527	32050021500189
320500215000528	32050021500190
320500215000529	32050021500191
320500215000530	32050021500192
320500215000531	32050021500193
320500215000533	32050021500194
320500215000534	32050021500195
320500215000535	32050021500196
320500215000810	32050021500197
320500215000809	32050021500197
320500215000537	32050021500198
320500215000538	32050021500199
320500215000565	32050021500200
320500215000544	32050021500200
320500215000545	32050021500201
320500215000566	32050021500201
320500215000546	32050021500202
320500215000548	32050021500203
320500215000549	32050021500204
320500215000550	32050021500205
320500215000551	32050021500206
320500215000552	32050021500207
320500215000555	32050021500208
320500215000556	32050021500209
320500215000557	32050021500210
320500215000847	32050021500211
320500215000567	32050021500212
320500215000568	32050021500213
320500215000570	32050021500214
320500215000573	32050021500215
320500215000599	32050021500215
320500215000575	32050021500216
320500215000627	32050021500217
320500215000629	32050021500218
320500215000630	32050021500219
320500215000631	32050021500220
320500215000632	32050021500221
320500215000633	32050021500222
320500215000634	32050021500223
320500215000635	32050021500224
320500215000636	32050021500225
320500215000639	32050021500226
320500215000640	32050021500227
320500215000641	32050021500228
320500215000668	32050021500229
320500215000642	32050021500229
320500215000811	32050021500230
320500215000812	32050021500230
320500215000644	32050021500231
320500215000669	32050021500231
320500215000645	32050021500232
320500215000647	32050021500233
320500215000649	32050021500234
320500215000664	32050021500234
320500215000670	32050021500235
320500215000650	32050021500235
320500215000671	32050021500236
320500215000652	32050021500236
320500215000653	32050021500237
320500215000673	32050021500237
320500215000672	32050021500237
320500215000655	32050021500238
320500215000656	32050021500239
320500215000657	32050021500240
320500215000718	32050021500241
320500215000660	32050021500241
320500215000758	32050021500241
320500215000717	32050021500241
320500215000663	32050021500242
320500215000736	32050021500243
320500215000737	32050021500243
320500215000813	32050021500244
320500215000814	32050021500244
320500220000195	32050022000001
320500220000126	32050022000001
320500220000197	32050022000001
320500220000127	32050022000001
320500220000115	32050022000001
320500220000001	32050022000001
320500220000192	32050022000001
320500220000092	32050022000001
320500220000128	32050022000001
320500220000196	32050022000001
320500220000191	32050022000001
320500220000198	32050022000002
320500220000125	32050022000002
320500220000008	32050022000002
320500220000145	32050022000002
320500220000167	32050022000002
320500220000160	32050022000002
320500220000054	32050022000002
320500220000162	32050022000002
320500220000042	32050022000002
320500220000002	32050022000002
320500220000146	32050022000002
320500220000210	32050022000002
320500220000209	32050022000002
320500220000079	32050022000002
320500220000068	32050022000002
320500220000202	32050022000002
320500220000170	32050022000002
320500220000053	32050022000002
320500220000130	32050022000002
320500220000096	32050022000002
320500220000185	32050022000002
320500220000165	32050022000002
320500220000168	32050022000002
320500220000199	32050022000002
320500220000182	32050022000002
320500220000200	32050022000002
320500220000180	32050022000002
320500220000169	32050022000002
320500220000077	32050022000002
320500220000109	32050022000002
320500220000161	32050022000002
320500220000201	32050022000002
320500220000140	32050022000002
320500220000143	32050022000002
320500220000186	32050022000002
320500220000208	32050022000002
320500220000005	32050022000002
320500220000039	32050022000002
320500220000062	32050022000002
320500220000181	32050022000002
320500220000141	32050022000002
320500220000203	32050022000002
320500220000144	32050022000002
320500220000007	32050022000002
320500220000166	32050022000002
320500220000041	32050022000002
320500220000124	32050022000002
320500220000070	32050022000002
320500220000177	32050022000003
320500220000176	32050022000003
320500220000175	32050022000003
320500220000040	32050022000004
320500220000043	32050022000005
320500220000044	32050022000006
320500220000064	32050022000007
320500220000045	32050022000007
320500220000067	32050022000007
320500220000057	32050022000007
320500220000172	32050022000007
320500220000190	32050022000007
320500220000171	32050022000007
320500220000173	32050022000008
320500220000174	32050022000008
320500220000060	32050022000008
320500220000047	32050022000009
320500220000048	32050022000010
320500220000049	32050022000011
320500220000050	32050022000012
320500220000205	32050022000013
320500220000204	32050022000013
320500220000179	32050022000014
320500220000178	32050022000014
320500220000056	32050022000015
320500220000158	32050022000016
320500220000159	32050022000016
320500220000183	32050022000016
320500220000184	32050022000016
320500220000157	32050022000016
320500220000074	32050022000017
320500220000075	32050022000018
320500220000149	32050022000019
320500220000150	32050022000019
320500220000080	32050022000020
320500220000129	32050022000020
320500220000110	32050022000020
320500220000152	32050022000021
320500220000151	32050022000021
320500220000163	32050022000021
320500220000164	32050022000021
320500220000194	32050022000022
320500220000193	32050022000022
320500220000083	32050022000023
320500220000188	32050022000024
320500220000112	32050022000024
320500220000187	32050022000024
320500220000155	32050022000025
320500220000207	32050022000025
320500220000206	32050022000025
320500220000086	32050022000026
320500220000154	32050022000027
320500220000113	32050022000027
320500220000153	32050022000027
320500220000088	32050022000028
320500220000147	32050022000029
320500220000114	32050022000029
320500220000123	32050022000029
320500220000148	32050022000029
320500220000090	32050022000030
320500220000097	32050022000030
320500220000131	32050022000030
320500220000133	32050022000030
320500220000136	32050022000030
320500220000134	32050022000030
320500220000132	32050022000030
320500220000135	32050022000030
320500220000091	32050022000031
320500220000098	32050022000032
320500220000099	32050022000033
320500220000100	32050022000034
320500220000137	32050022000035
320500220000121	32050022000035
320500220000104	32050022000035
320500220000122	32050022000035
320500220000120	32050022000035
320500220000138	32050022000035
320500220000102	32050022000036
320500220000119	32050022000036
320500220000103	32050022000037
320500220000105	32050022000038
320500220000106	32050022000039
320500225000001	32050022500001
320500225000002	32050022500002
320510105000001	32051010500001
320510105000002	32051010500002
320510105000003	32051010500003
320510105000004	32051010500004
320510105000184	32051010500005
320510105000183	32051010500005
320510105000050	32051010500006
320510105000111	32051010500006
320510105000141	32051010500006
320510105000044	32051010500006
320510105000131	32051010500006
320510105000170	32051010500006
320510105000187	32051010500006
320510105000177	32051010500006
320510105000135	32051010500006
320510105000144	32051010500006
320510105000169	32051010500006
320510105000143	32051010500006
320510105000014	32051010500006
320510105000178	32051010500006
320510105000136	32051010500006
320510105000007	32051010500007
320510105000139	32051010500008
320510105000008	32051010500008
320510105000009	32051010500009
320510105000112	32051010500009
320510105000010	32051010500010
320510105000011	32051010500011
320510105000012	32051010500012
320510105000013	32051010500013
320510105000015	32051010500014
320510105000016	32051010500015
320510105000017	32051010500016
320510105000113	32051010500016
320510105000018	32051010500017
320510105000019	32051010500018
320510105000114	32051010500019
320510105000020	32051010500019
320510105000021	32051010500020
320510105000022	32051010500021
320510105000023	32051010500022
320510105000024	32051010500023
320510105000025	32051010500024
320510105000026	32051010500025
320510105000150	32051010500026
320510105000151	32051010500026
320510105000115	32051010500027
320510105000028	32051010500027
320510105000029	32051010500028
320510105000030	32051010500029
320510105000031	32051010500030
320510105000032	32051010500031
320510105000116	32051010500031
320510105000033	32051010500032
320510105000185	32051010500033
320510105000176	32051010500033
320510105000091	32051010500033
320510105000172	32051010500033
320510105000117	32051010500033
320510105000175	32051010500033
320510105000051	32051010500033
320510105000174	32051010500033
320510105000173	32051010500033
320510105000034	32051010500033
320510105000142	32051010500033
320510105000181	32051010500033
320510105000179	32051010500033
320510105000186	32051010500033
320510105000148	32051010500033
320510105000182	32051010500033
320510105000149	32051010500033
320510105000130	32051010500033
320510105000035	32051010500034
320510105000036	32051010500035
320510105000037	32051010500036
320510105000038	32051010500037
320510105000039	32051010500038
320510105000040	32051010500039
320510105000041	32051010500040
320510105000042	32051010500041
320510105000152	32051010500042
320510105000153	32051010500042
320510105000157	32051010500043
320510105000156	32051010500043
320510105000052	32051010500044
320510105000053	32051010500045
320510105000056	32051010500046
320510105000057	32051010500047
320510105000058	32051010500048
320510105000059	32051010500049
320510105000060	32051010500050
320510105000063	32051010500051
320510105000064	32051010500052
320510105000065	32051010500053
320510105000066	32051010500054
320510105000067	32051010500055
320510105000068	32051010500056
320510105000069	32051010500057
320510105000070	32051010500058
320510105000071	32051010500059
320510105000072	32051010500060
320510105000073	32051010500061
320510105000074	32051010500062
320510105000075	32051010500063
320510105000076	32051010500064
320510105000077	32051010500065
320510105000155	32051010500066
320510105000154	32051010500066
320510105000079	32051010500067
320510105000080	32051010500068
320510105000168	32051010500069
320510105000167	32051010500069
320510105000082	32051010500070
320510105000166	32051010500071
320510105000165	32051010500071
320510105000163	32051010500072
320510105000164	32051010500072
320510105000162	32051010500072
320510105000085	32051010500073
320510105000086	32051010500074
320510105000087	32051010500075
320510105000088	32051010500076
320510105000089	32051010500077
320510105000090	32051010500078
320510105000092	32051010500079
320510105000093	32051010500080
320510105000094	32051010500081
320510105000097	32051010500082
320510105000102	32051010500083
320510105000103	32051010500084
320510105000104	32051010500085
320510105000159	32051010500086
320510105000158	32051010500086
320510105000161	32051010500087
320510105000171	32051010500087
320510105000160	32051010500087
320510105000107	32051010500088
320510105000108	32051010500089
320510105000109	32051010500090
320510105000110	32051010500091
320510110000005	32051011000001
320510110000010	32051011000001
320510110000003	32051011000001
320510110000006	32051011000001
320510110000009	32051011000001
320510110000008	32051011000001
320510110000007	32051011000001
320520005000186	32052000500001
320520005060001	32052000500002
320520005060002	32052000500003
320520005060283	32052000500004
320520005060003	32052000500004
320520005060255	32052000500005
320520005060004	32052000500005
320520005060005	32052000500006
320520005060006	32052000500007
320520005060007	32052000500008
320520005060284	32052000500008
320520005060008	32052000500009
320520005060009	32052000500010
320520005060396	32052000500011
320520005060011	32052000500012
320520005060012	32052000500013
320520005060013	32052000500014
320520005060285	32052000500014
320520005060014	32052000500015
320520005060015	32052000500016
320520005060016	32052000500017
320520005060017	32052000500018
320520005060018	32052000500019
320520005060019	32052000500020
320520005060256	32052000500021
320520005060020	32052000500021
320520005060021	32052000500022
320520005060022	32052000500023
320520005060023	32052000500024
320520005060024	32052000500025
320520005060025	32052000500026
320520005060026	32052000500027
320520005060027	32052000500028
320520005060028	32052000500029
320520005060297	32052000500030
320520005060029	32052000500030
320520005060030	32052000500031
320520005060031	32052000500032
320520005060286	32052000500032
320520005060032	32052000500033
320520005060391	32052000500034
320520005060390	32052000500034
320520005060317	32052000500034
320520005060034	32052000500035
320520005060035	32052000500036
320520005060257	32052000500037
320520005060036	32052000500037
320520005060037	32052000500038
320520005060038	32052000500039
320520005060039	32052000500040
320520005060287	32052000500040
320520005060367	32052000500041
320520005060366	32052000500041
320520005060368	32052000500041
320520005060041	32052000500042
320520005060042	32052000500043
320520005060043	32052000500044
320520005060288	32052000500045
320520005060044	32052000500045
320520005060045	32052000500046
320520005060046	32052000500047
320520005060047	32052000500048
320520005060048	32052000500049
320520005060049	32052000500050
320520005060050	32052000500051
320520005060325	32052000500052
320520005060324	32052000500052
320520005060052	32052000500053
320520005060053	32052000500054
320520005060290	32052000500055
320520005060054	32052000500055
320520005060289	32052000500055
320520005060336	32052000500056
320520005060334	32052000500056
320520005060335	32052000500056
320520005060386	32052000500057
320520005060385	32052000500057
320520005060057	32052000500058
320520005060058	32052000500059
320520005060333	32052000500060
320520005060332	32052000500060
320520005060245	32052000500060
320520005060258	32052000500061
320520005060392	32052000500061
320520005060259	32052000500061
320520005060393	32052000500061
320520005060061	32052000500062
320520005060260	32052000500062
320520005060321	32052000500063
320520005060320	32052000500063
320520005060063	32052000500064
320520005060261	32052000500064
320520005060064	32052000500065
320520005060065	32052000500066
320520005060312	32052000500067
320520005060313	32052000500067
320520005060067	32052000500068
320520005060308	32052000500068
320520005060309	32052000500068
320520005060262	32052000500068
320520005060068	32052000500069
320520005060291	32052000500069
320520005060379	32052000500070
320520005060378	32052000500070
320520005060327	32052000500071
320520005060326	32052000500071
320520005060071	32052000500072
320520005060072	32052000500073
320520005060073	32052000500074
320520005060074	32052000500075
320520005060075	32052000500076
320520005060076	32052000500077
320520005060265	32052000500078
320520005060267	32052000500078
320520005060264	32052000500078
320520005060354	32052000500078
320520005060355	32052000500078
320520005060077	32052000500078
320520005060078	32052000500079
320520005060079	32052000500080
320520005060080	32052000500081
320520005060363	32052000500082
320520005060082	32052000500083
320520005060083	32052000500084
320520005060084	32052000500085
320520005060085	32052000500086
320520005060086	32052000500087
320520005060087	32052000500088
320520005060339	32052000500089
320520005060338	32052000500089
320520005060384	32052000500089
320520005060383	32052000500089
320520005060089	32052000500090
320520005060268	32052000500091
320520005060362	32052000500091
320520005060361	32052000500091
320520005060356	32052000500091
320520005060359	32052000500091
320520005060360	32052000500091
320520005060375	32052000500091
320520005060346	32052000500091
320520005060269	32052000500091
320520005060090	32052000500091
320520005060357	32052000500091
320520005060358	32052000500091
320520005060347	32052000500091
320520005060091	32052000500092
320520005060092	32052000500093
320520005060093	32052000500094
320520005060094	32052000500095
320520005060292	32052000500095
320520005060376	32052000500096
320520005060377	32052000500096
320520005060100	32052000500097
320520005060101	32052000500098
320520005060365	32052000500099
320520005060364	32052000500099
320520005060103	32052000500100
320520005060104	32052000500101
320520005060105	32052000500102
320520005060106	32052000500103
320520005060107	32052000500104
320520005060293	32052000500105
320520005060108	32052000500105
320520005060109	32052000500106
320520005060272	32052000500106
320520005060110	32052000500107
320520005060294	32052000500108
320520005060111	32052000500108
320520005060112	32052000500109
320520005060113	32052000500110
320520005060273	32052000500110
320520005060114	32052000500111
320520005060115	32052000500112
320520005060116	32052000500113
320520005060117	32052000500114
320520005060118	32052000500115
320520005060274	32052000500115
320520005060311	32052000500116
320520005060310	32052000500116
320520005060120	32052000500117
320520005060121	32052000500118
320520005060122	32052000500119
320520005060123	32052000500120
320520005060124	32052000500121
320520005060125	32052000500122
320520005060126	32052000500123
320520005060127	32052000500124
320520005060128	32052000500125
320520005060275	32052000500125
320520005060276	32052000500126
320520005060129	32052000500126
320520005060277	32052000500126
320520005060278	32052000500126
320520005060329	32052000500127
320520005060328	32052000500127
320520005060131	32052000500128
320520005060132	32052000500129
320520005060133	32052000500130
320520005060134	32052000500131
320520005060318	32052000500132
320520005060319	32052000500132
320520005060136	32052000500133
320520005060137	32052000500134
320520005060138	32052000500135
320520005060139	32052000500136
320520005060140	32052000500137
320520005060141	32052000500138
320520005060142	32052000500139
320520005060143	32052000500140
320520005060144	32052000500141
320520005060145	32052000500142
320520005060146	32052000500143
320520005060147	32052000500144
320520005060372	32052000500145
320520005060369	32052000500145
320520005060371	32052000500145
320520005060370	32052000500145
320520005060149	32052000500146
320520005060374	32052000500147
320520005060373	32052000500147
320520005060151	32052000500148
320520005060152	32052000500149
320520005060295	32052000500150
320520005060153	32052000500150
320520005060154	32052000500151
320520005060307	32052000500152
320520005060306	32052000500152
320520005060156	32052000500153
320520005060388	32052000500153
320520005060394	32052000500153
320520005060395	32052000500153
320520005060387	32052000500153
320520005060175	32052000500153
320520005060280	32052000500153
320520005060282	32052000500153
320520005060389	32052000500153
320520005060157	32052000500154
320520005060158	32052000500155
320520005060159	32052000500156
320520005060160	32052000500157
320520005060161	32052000500158
320520005060162	32052000500159
320520005060163	32052000500160
320520005060348	32052000500161
320520005060349	32052000500161
320520005060322	32052000500162
320520005060323	32052000500162
320520005060166	32052000500163
320520005060167	32052000500164
320520005060168	32052000500165
320520005060169	32052000500166
320520005060170	32052000500167
320520005060171	32052000500168
320520005060381	32052000500169
320520005060380	32052000500169
320520005060382	32052000500169
320520005060173	32052000500170
320520005060305	32052000500171
320520005060304	32052000500171
320520005060176	32052000500172
320520005060177	32052000500173
320520005060178	32052000500174
320520005060179	32052000500175
320520005060180	32052000500176
320520005060301	32052000500177
320520005060300	32052000500177
320520005060183	32052000500178
320520005060184	32052000500179
320520005060185	32052000500180
320520005060186	32052000500181
320520005060314	32052000500182
320520005060315	32052000500182
320520005060188	32052000500183
320520005060189	32052000500184
320520005060190	32052000500185
320520005060351	32052000500186
320520005060350	32052000500186
320520005060192	32052000500187
320520005060193	32052000500188
320520005060194	32052000500189
320520005060195	32052000500190
320520005060196	32052000500191
320520005060341	32052000500192
320520005060340	32052000500192
320520005060198	32052000500193
320520005060199	32052000500194
320520005060200	32052000500195
320520005060201	32052000500196
320520005060202	32052000500197
320520005060203	32052000500198
320520005060204	32052000500199
320520005060205	32052000500200
320520005060206	32052000500201
320520005060207	32052000500202
320520005060208	32052000500203
320520005060209	32052000500204
320520005060210	32052000500205
320520005060211	32052000500206
320520005060212	32052000500207
320520005060213	32052000500208
320520005060214	32052000500209
320520005060215	32052000500210
320520005060216	32052000500211
320520005060217	32052000500212
320520005060218	32052000500213
320520005060219	32052000500214
320520005060220	32052000500215
320520005060296	32052000500216
320520005060330	32052000500216
320520005060331	32052000500216
320520005060222	32052000500217
320520005060279	32052000500217
320520005060223	32052000500218
320520005060224	32052000500219
320520005060298	32052000500220
320520005060226	32052000500220
320520005060299	32052000500220
320520005060227	32052000500221
320520005060228	32052000500222
320520005060229	32052000500223
320520005060230	32052000500224
320520005060231	32052000500225
320520005060232	32052000500226
320520005060233	32052000500227
320520005060234	32052000500228
320520005060342	32052000500229
320520005060343	32052000500229
320520005060236	32052000500230
320520005060237	32052000500231
320520005060238	32052000500232
320520005060239	32052000500233
320520005060240	32052000500234
320520005060241	32052000500235
320520005060242	32052000500236
320520005060243	32052000500237
320520005060244	32052000500238
320520005060246	32052000500239
320520005060247	32052000500240
320520005060345	32052000500241
320520005060344	32052000500241
320520005060249	32052000500242
320520005060353	32052000500243
320520005060352	32052000500243
320520005060251	32052000500244
320520005060252	32052000500245
320520005060303	32052000500246
320520005060302	32052000500246
320520005060254	32052000500247
320520005070001	32052000500248
320520005070002	32052000500249
320520005070003	32052000500250
320520005070004	32052000500251
320520005070005	32052000500252
320520005070006	32052000500253
320520005070007	32052000500254
320520005070008	32052000500255
320520005070015	32052000500256
320520005070014	32052000500256
320520005070010	32052000500257
320520005070011	32052000500258
320520005070012	32052000500259
320520005070013	32052000500260
320520005090001	32052000500261
320520005090024	32052000500262
320520005090002	32052000500262
320520005090003	32052000500263
320520005090004	32052000500264
320520005090026	32052000500264
320520005090005	32052000500265
320520005090027	32052000500265
320520005090028	32052000500266
320520005090006	32052000500266
320520005090007	32052000500267
320520005090008	32052000500268
320520005090030	32052000500269
320520005090029	32052000500269
320520005090010	32052000500270
320520005090011	32052000500271
320520005090012	32052000500272
320520005090013	32052000500273
320520005090014	32052000500274
320520005090015	32052000500275
320520005090025	32052000500276
320520005090016	32052000500276
320520005090017	32052000500277
320520005090018	32052000500278
320520005090019	32052000500279
320520005090020	32052000500280
320520005090021	32052000500281
320520005090022	32052000500282
320520005090023	32052000500283
320520010000001	32052001000001
320520010000002	32052001000002
320520010000003	32052001000003
320520010070001	32052001000004
320520010070051	32052001000004
320520010070002	32052001000005
320520010070065	32052001000006
320520010070064	32052001000006
320520010070046	32052001000007
320520010070047	32052001000007
320520010070045	32052001000007
320520010070004	32052001000007
320520010070048	32052001000007
320520010070063	32052001000008
320520010070062	32052001000008
320520010070058	32052001000009
320520010070059	32052001000009
320520010070056	32052001000009
320520010070050	32052001000009
320520010070057	32052001000009
320520010070007	32052001000010
320520010070008	32052001000011
320520010070009	32052001000012
320520010070010	32052001000013
320520010070011	32052001000014
320520010070012	32052001000015
320520010070013	32052001000016
320520010070014	32052001000017
320520010070015	32052001000018
320520010070016	32052001000019
320520010070017	32052001000020
320520010070052	32052001000021
320520010070018	32052001000021
320520010070019	32052001000022
320520010070020	32052001000023
320520010070053	32052001000023
320520010070054	32052001000024
320520010070021	32052001000024
320520010070022	32052001000025
320520010070068	32052001000026
320520010070024	32052001000027
320520010070025	32052001000028
320520010070026	32052001000029
320520010070027	32052001000030
320520010070055	32052001000031
320520010070028	32052001000031
320520010070060	32052001000032
320520010070061	32052001000032
320520010070030	32052001000033
320520010070031	32052001000034
320520010070032	32052001000035
320520010070067	32052001000036
320520010070066	32052001000036
320520010070034	32052001000037
320520010070035	32052001000038
320520010070036	32052001000039
320520010070037	32052001000040
320520010070038	32052001000041
320520010070039	32052001000042
320520010070040	32052001000043
320520010070041	32052001000044
320520010070042	32052001000045
320520010070044	32052001000046
320520010080001	32052001000047
320520010080002	32052001000048
320520010080003	32052001000049
320520010080004	32052001000050
320520010080019	32052001000050
320520010080005	32052001000051
320520010080018	32052001000051
320520010080022	32052001000052
320520010080023	32052001000052
320520010080007	32052001000053
320520010080008	32052001000054
320520010080009	32052001000055
320520010080010	32052001000056
320520010080011	32052001000057
320520010080012	32052001000058
320520010080013	32052001000059
320520010080014	32052001000060
320520010080024	32052001000061
320520010080016	32052001000062
320520010080021	32052001000062
320520010080017	32052001000063
320520015000125	32052001500013
320520015000124	32052001500014
320520015000123	32052001500014
320520015000004	32052001500015
320520015070088	32052001500016
320520015070082	32052001500016
320520015070072	32052001500016
320520015070081	32052001500016
320520015070076	32052001500016
320520015070077	32052001500016
320520015070089	32052001500016
320520015070080	32052001500016
320520015070002	32052001500017
320520015070003	32052001500018
320520015070004	32052001500019
320520015070060	32052001500020
320520015070005	32052001500020
320520015070006	32052001500021
320520015070007	32052001500022
320520015070008	32052001500023
320520015070009	32052001500024
320520015070010	32052001500025
320520015070011	32052001500026
320520015070012	32052001500027
320520015070069	32052001500028
320520015070067	32052001500028
320520015070068	32052001500028
320520015070074	32052001500029
320520015070075	32052001500029
320520015070015	32052001500030
320520015070016	32052001500031
320520015070017	32052001500032
320520015070018	32052001500033
320520015070019	32052001500034
320520015070020	32052001500035
320520015070021	32052001500036
320520015070085	32052001500037
320520015070079	32052001500037
320520015070087	32052001500037
320520015070086	32052001500037
320520015070084	32052001500037
320520015070083	32052001500037
320520015070024	32052001500038
320520015070025	32052001500039
320520015070026	32052001500040
320520015070027	32052001500041
320520015070028	32052001500042
320520015070029	32052001500043
320520015070030	32052001500044
320520015070031	32052001500045
320520015070032	32052001500046
320520015070061	32052001500047
320520015070033	32052001500047
320520015070034	32052001500048
320520015070035	32052001500049
320520015070036	32052001500050
320520015070037	32052001500051
320520015070038	32052001500052
320520015070039	32052001500053
320520015070040	32052001500054
320520015070041	32052001500055
320520015070042	32052001500056
320520015070043	32052001500057
320520015070044	32052001500058
320520015070045	32052001500059
320520015070071	32052001500060
320520015070070	32052001500060
320520015070063	32052001500061
320520015070047	32052001500061
320520015070048	32052001500062
320520015070049	32052001500063
320520015070050	32052001500064
320520015070051	32052001500065
320520015070052	32052001500066
320520015070053	32052001500067
320520015070062	32052001500068
320520015070054	32052001500068
320520015070055	32052001500069
320520015070056	32052001500070
320520015070057	32052001500071
320520015070064	32052001500072
320520015070065	32052001500072
320520015070066	32052001500072
320520015080001	32052001500073
320520015080002	32052001500074
320520015080003	32052001500075
320520015080004	32052001500076
320520015080058	32052001500076
320520015080005	32052001500077
320520015080059	32052001500077
320520015080006	32052001500078
320520015080065	32052001500078
320520015080007	32052001500079
320520015080060	32052001500079
320520015080008	32052001500080
320520015080009	32052001500081
320520015080061	32052001500082
320520015080010	32052001500082
320520015080062	32052001500083
320520015080011	32052001500083
320520015080012	32052001500084
320520015080013	32052001500085
320520015080014	32052001500086
320520015080066	32052001500087
320520015080015	32052001500087
320520015080016	32052001500088
320520015080017	32052001500089
320520015080018	32052001500090
320520015080019	32052001500091
320520015080020	32052001500092
320520015080021	32052001500093
320520015080022	32052001500094
320520015080023	32052001500095
320520015080024	32052001500096
320520015080025	32052001500097
320520015080026	32052001500098
320520015080067	32052001500098
320520015080027	32052001500099
320520015080028	32052001500100
320520015080029	32052001500101
320520015080030	32052001500102
320520015080031	32052001500103
320520015080032	32052001500104
320520015080033	32052001500105
320520015080034	32052001500106
320520015080068	32052001500107
320520015080035	32052001500107
320520015080036	32052001500108
320520015080069	32052001500108
320520015080070	32052001500109
320520015080071	32052001500109
320520015080038	32052001500110
320520015080039	32052001500111
320520015080040	32052001500112
320520015080041	32052001500113
320520015080042	32052001500114
320520015080043	32052001500115
320520015080044	32052001500116
320520015080045	32052001500117
320520015080046	32052001500118
320520015080047	32052001500119
320520015080048	32052001500120
320520015080049	32052001500121
320520015080063	32052001500122
320520015080050	32052001500122
320520015080064	32052001500122
320520015080051	32052001500123
320520015080052	32052001500124
320520015080053	32052001500125
320520015080054	32052001500126
320520015090010	32052001500127
320520015090011	32052001500128
320520015090012	32052001500129
320520015090013	32052001500130
320520015090014	32052001500131
320520015090015	32052001500132
320520015090016	32052001500133
320520015090017	32052001500134
320520015090018	32052001500135
320520015090019	32052001500136
320520015090020	32052001500137
320520015090021	32052001500138
320520015090022	32052001500139
320520015090023	32052001500140
320520015090024	32052001500141
320520015090095	32052001500142
320520015090025	32052001500142
320520015090026	32052001500143
320520015090027	32052001500144
320520015090092	32052001500145
320520015090028	32052001500145
320520015090029	32052001500146
320520015090030	32052001500147
320520015090031	32052001500148
320520015090032	32052001500149
320520015090033	32052001500150
320520015090034	32052001500151
320520015090096	32052001500151
320520015090035	32052001500152
320520015090036	32052001500153
320520015090037	32052001500154
320520015090038	32052001500155
320520015090039	32052001500156
320520015090040	32052001500157
320520015090041	32052001500158
320520015090042	32052001500159
320520015090093	32052001500160
320520015090043	32052001500160
320520015090110	32052001500161
320520015090109	32052001500161
320520015090045	32052001500162
320520015090046	32052001500163
320520015090047	32052001500164
320520015090048	32052001500165
320520015090049	32052001500166
320520015090050	32052001500167
320520015090051	32052001500168
320520015090052	32052001500169
320520015090094	32052001500170
320520015090053	32052001500170
320520015090103	32052001500171
320520015090104	32052001500171
320520015090055	32052001500172
320520015090056	32052001500173
320520015090057	32052001500174
320520015090058	32052001500175
320520015090059	32052001500176
320520015090060	32052001500177
320520015090061	32052001500178
320520015090062	32052001500179
320520015090063	32052001500180
320520015090064	32052001500181
320520015090065	32052001500182
320520015090066	32052001500183
320520015090067	32052001500184
320520015090107	32052001500185
320520015090108	32052001500185
320520015090101	32052001500186
320520015090102	32052001500186
320520015090070	32052001500187
320520015090071	32052001500188
320520015090072	32052001500189
320520015090073	32052001500190
320520015090074	32052001500191
320520015090075	32052001500192
320520015090076	32052001500193
320520015090077	32052001500194
320520015090078	32052001500195
320520015090079	32052001500196
320520015090105	32052001500197
320520015090106	32052001500197
320520015090080	32052001500197
320520015090081	32052001500198
320520015090082	32052001500199
320520015090083	32052001500200
320520015090084	32052001500201
320520015090085	32052001500202
320520015090086	32052001500203
320520015090098	32052001500203
320520015090087	32052001500204
320520015090088	32052001500205
320520015090089	32052001500206
320520015090090	32052001500207
320520015090091	32052001500208
320520020000060	32052002000001
320520020000061	32052002000001
320520020000012	32052002000002
320520020000068	32052002000002
320520020000011	32052002000002
320520020000016	32052002000002
320520020000066	32052002000002
320520020000009	32052002000002
320520020000071	32052002000002
320520020100046	32052002000002
320520020000059	32052002000002
320520020000069	32052002000002
320520020000021	32052002000002
320520020000008	32052002000002
320520020100098	32052002000002
320520020100100	32052002000002
320520020000064	32052002000002
320520020100099	32052002000002
320520020100149	32052002000002
320520020000022	32052002000002
320520020000063	32052002000002
320520020100102	32052002000002
320520020100150	32052002000002
320520020000013	32052002000002
320520020000014	32052002000002
320520020000019	32052002000002
320520020000015	32052002000002
320520020000067	32052002000002
320520020100101	32052002000002
320520020000017	32052002000002
320520020000070	32052002000002
	32052002000003
320520020000006	32052002000004
320520020000007	32052002000005
320520020100001	32052002000006
320520020100002	32052002000007
320520020100174	32052002000008
320520020100171	32052002000008
320520020100172	32052002000008
320520020100154	32052002000008
320520020100173	32052002000008
320520020100004	32052002000009
320520020100076	32052002000010
320520020100005	32052002000010
320520020100077	32052002000010
320520020100108	32052002000011
320520020100109	32052002000011
320520020100007	32052002000012
320520020100092	32052002000013
320520020100008	32052002000013
320520020100105	32052002000014
320520020100104	32052002000014
320520020100010	32052002000015
320520020100167	32052002000016
320520020100168	32052002000016
320520020100078	32052002000017
320520020100012	32052002000017
320520020100013	32052002000018
320520020100014	32052002000019
320520020100121	32052002000020
320520020100120	32052002000020
320520020100079	32052002000020
320520020100135	32052002000020
320520020100134	32052002000020
320520020100081	32052002000021
320520020100016	32052002000021
320520020100082	32052002000022
320520020100017	32052002000022
320520020100166	32052002000023
320520020100165	32052002000023
320520020100019	32052002000024
320520020100093	32052002000025
320520020100020	32052002000025
320520020100021	32052002000026
320520020100094	32052002000027
320520020100022	32052002000027
320520020100125	32052002000028
320520020100083	32052002000028
320520020100084	32052002000028
320520020100124	32052002000028
320520020100126	32052002000029
320520020100086	32052002000029
320520020100163	32052002000029
320520020100164	32052002000029
320520020100127	32052002000029
320520020100095	32052002000030
320520020100025	32052002000030
320520020100152	32052002000031
320520020100151	32052002000031
320520020100027	32052002000032
320520020100130	32052002000033
320520020100131	32052002000033
320520020100129	32052002000034
320520020100128	32052002000034
320520020100142	32052002000035
320520020100144	32052002000035
320520020100096	32052002000035
320520020100145	32052002000035
320520020100143	32052002000035
320520020100031	32052002000036
320520020100170	32052002000037
320520020100169	32052002000037
320520020100034	32052002000038
320520020100035	32052002000039
320520020100036	32052002000040
320520020100138	32052002000041
320520020100112	32052002000041
320520020100113	32052002000041
320520020100137	32052002000041
320520020100141	32052002000041
320520020100140	32052002000041
320520020100106	32052002000042
320520020100107	32052002000042
320520020100115	32052002000043
320520020100136	32052002000043
320520020100139	32052002000043
320520020100116	32052002000043
320520020100114	32052002000043
320520020100117	32052002000043
320520020100040	32052002000044
320520020100087	32052002000045
320520020100088	32052002000045
320520020100042	32052002000045
320520020100097	32052002000046
320520020100043	32052002000046
320520020100044	32052002000047
320520020100133	32052002000048
320520020100132	32052002000048
320520020100048	32052002000049
320520020100049	32052002000050
320520020100050	32052002000051
320520020100051	32052002000052
320520020100158	32052002000053
320520020100159	32052002000053
320520020100160	32052002000053
320520020100161	32052002000054
320520020100162	32052002000054
320520020100054	32052002000055
320520020100123	32052002000056
320520020100122	32052002000056
320520020100146	32052002000057
320520020100148	32052002000057
320520020100147	32052002000057
320520020100057	32052002000058
320520020100058	32052002000059
320520020100059	32052002000060
320520020100060	32052002000061
320520020100061	32052002000062
320520020100062	32052002000063
320520020100063	32052002000064
320520020100065	32052002000065
320520020100118	32052002000066
320520020100119	32052002000066
320520020100067	32052002000067
320520020100068	32052002000068
320520020100090	32052002000069
320520020100089	32052002000069
320520020100069	32052002000069
320520020100091	32052002000069
320520020100070	32052002000070
320520020100071	32052002000071
320520020100072	32052002000072
320520020100155	32052002000073
320520020100156	32052002000073
320520020100157	32052002000073
320520020100110	32052002000073
320520020100074	32052002000074
320520020100075	32052002000075
320520025000001	32052002500001
320520025000002	32052002500002
320520025070001	32052002500003
320520025080001	32052002500004
320520025080036	32052002500005
320520025080035	32052002500005
320520025080002	32052002500005
320520025080003	32052002500006
320520025080048	32052002500007
320520025080047	32052002500007
320520025080005	32052002500008
320520025080006	32052002500009
320520025080007	32052002500010
320520025080008	32052002500011
320520025080049	32052002500012
320520025080050	32052002500012
320520025080010	32052002500013
320520025080011	32052002500014
320520025080043	32052002500015
320520025080044	32052002500015
320520025080038	32052002500016
320520025080013	32052002500016
320520025080014	32052002500017
320520025080015	32052002500018
320520025080016	32052002500019
320520025080017	32052002500020
320520025080018	32052002500021
320520025080019	32052002500022
320520025080040	32052002500023
320520025080039	32052002500023
320520025080037	32052002500024
320520025080021	32052002500024
320520025080022	32052002500025
320520025080023	32052002500026
320520025080024	32052002500027
320520025080025	32052002500028
320520025080026	32052002500029
320520025080042	32052002500030
320520025080041	32052002500030
320520025080028	32052002500031
320520025080029	32052002500032
320520025080030	32052002500033
320520025080031	32052002500034
320520025080032	32052002500035
320520025080033	32052002500036
320520025080045	32052002500037
320520025080046	32052002500037
320530905090114	32053090500010
320530905080073	32053090500010
320530905090115	32053090500010
320530905120048	32053090500010
320530905090132	32053090500010
320530905090131	32053090500010
320530905000186	32053090500010
320530905080071	32053090500011
320530905060047	32053090500011
320530905060042	32053090500011
320530905080091	32053090500011
320530905060048	32053090500011
320530905080068	32053090500011
320530905080088	32053090500011
320530905080075	32053090500011
320530905080087	32053090500011
320530905060046	32053090500011
320530905060049	32053090500011
320530905080076	32053090500011
320530905080069	32053090500012
320530905080070	32053090500013
320530905060004	32053090500014
320530905060005	32053090500015
320530905060006	32053090500016
320530905060007	32053090500017
320530905060008	32053090500018
320530905060009	32053090500019
320530905060010	32053090500020
320530905060011	32053090500021
320530905060012	32053090500022
320530905060013	32053090500023
320530905060014	32053090500024
320530905060015	32053090500025
320530905060016	32053090500026
320530905060025	32053090500026
320530905060018	32053090500026
320530905060045	32053090500026
320530905070056	32053090500026
320530905060038	32053090500026
320530905060017	32053090500027
320530905060019	32053090500028
320530905060020	32053090500029
320530905060021	32053090500030
320530905060022	32053090500031
320530905060023	32053090500032
320530905060024	32053090500033
320530905060026	32053090500034
320530905060027	32053090500035
320530905060028	32053090500036
320530905060029	32053090500037
320530905060030	32053090500038
320530905060031	32053090500039
320530905060032	32053090500040
320530905060033	32053090500041
320530905080072	32053090500042
320530905060037	32053090500043
320530905070079	32053090500044
320530905070078	32053090500044
320530905070002	32053090500045
320530905070003	32053090500046
320530905070005	32053090500047
320530905070006	32053090500048
320530905070009	32053090500049
320530905070010	32053090500050
320530905070011	32053090500051
320530905070092	32053090500052
320530905070091	32053090500052
320530905070013	32053090500053
320530905070088	32053090500054
320530905070087	32053090500054
320530905070065	32053090500055
320530905070067	32053090500055
320530905070066	32053090500055
320530905070016	32053090500056
320530905070017	32053090500057
320530905070018	32053090500058
320530905070083	32053090500059
320530905070084	32053090500059
320530905070075	32053090500059
320530905070074	32053090500059
320530905070021	32053090500060
320530905070022	32053090500061
320530905070023	32053090500062
320530905070024	32053090500063
320530905070081	32053090500064
320530905070080	32053090500064
320530905070026	32053090500065
320530905070027	32053090500066
320530905070077	32053090500067
320530905070076	32053090500067
320530905070029	32053090500068
320530905070030	32053090500069
320530905070031	32053090500070
320530905070032	32053090500071
320530905070033	32053090500072
320530905060043	32053090500073
320530905070037	32053090500074
320530905070038	32053090500075
320530905060044	32053090500076
320530905070040	32053090500077
320530905070042	32053090500078
320530905070043	32053090500079
320530905070070	32053090500080
320530905070071	32053090500080
320530905070045	32053090500081
320530905070046	32053090500082
320530905070047	32053090500083
320530905070048	32053090500084
320530905070050	32053090500085
320530905070069	32053090500086
320530905070068	32053090500086
320530905070052	32053090500087
320530905070053	32053090500088
320530905070054	32053090500089
320530905070055	32053090500090
320530905080089	32053090500091
320530905080090	32053090500091
320530905080003	32053090500092
320530905080004	32053090500093
320530905080005	32053090500094
320530905080006	32053090500095
320530905080007	32053090500096
320530905080095	32053090500097
320530905080078	32053090500097
320530905080094	32053090500097
320530905080062	32053090500097
320530905080077	32053090500097
320530905080011	32053090500098
320530905080012	32053090500099
320530905080013	32053090500100
320530905080086	32053090500101
320530905080085	32053090500101
320530905080015	32053090500102
320530905080016	32053090500103
320530905080017	32053090500104
320530905080058	32053090500105
320530905080018	32053090500105
320530905080048	32053090500106
320530905080020	32053090500106
320530905080019	32053090500106
320530905080066	32053090500106
320530905080098	32053090500106
320530905080049	32053090500106
320530905080022	32053090500106
320530905080021	32053090500107
320530905080023	32053090500108
320530905080024	32053090500109
320530905080025	32053090500110
320530905080026	32053090500111
320530905080027	32053090500112
320530905080081	32053090500113
320530905080082	32053090500113
320530905080029	32053090500114
320530905080083	32053090500115
320530905080084	32053090500115
320530905080031	32053090500116
320530905080032	32053090500117
320530905090089	32053090500117
320530905080079	32053090500118
320530905080080	32053090500118
320530905080034	32053090500119
320530905080035	32053090500120
320530905080060	32053090500121
320530905080061	32053090500121
320530905080036	32053090500121
320530905080037	32053090500122
320530905080038	32053090500123
320530905090087	32053090500124
320530905080039	32053090500124
320530905090119	32053090500124
320530905090130	32053090500124
320530905090118	32053090500124
320530905080040	32053090500125
320530905080041	32053090500126
320530905080042	32053090500127
320530905080043	32053090500128
320530905080044	32053090500129
320530905080045	32053090500130
320530905080046	32053090500131
320530905080047	32053090500132
320530905080050	32053090500133
320530905080074	32053090500133
320530905080051	32053090500134
320530905080093	32053090500135
320530905080092	32053090500135
320530905080053	32053090500136
320530905080054	32053090500137
320530905080055	32053090500138
320530905080096	32053090500139
320530905080097	32053090500139
320530905080057	32053090500140
320530905090001	32053090500141
320530905090002	32053090500142
320530905090124	32053090500143
320530905090125	32053090500143
320530905090004	32053090500144
320530905090005	32053090500145
320530905090085	32053090500146
320530905090006	32053090500146
320530905090108	32053090500147
320530905090109	32053090500147
320530905090086	32053090500148
320530905090122	32053090500148
320530905090123	32053090500148
320530905090093	32053090500148
320530905090092	32053090500148
320530905090009	32053090500149
320530905090011	32053090500150
320530905090012	32053090500151
320530905090013	32053090500152
320530905090102	32053090500153
320530905090103	32053090500153
320530905090080	32053090500154
320530905090015	32053090500154
320530905090016	32053090500155
320530905090128	32053090500156
320530905090129	32053090500156
320530905090019	32053090500157
320530905090100	32053090500158
320530905090101	32053090500158
320530905090098	32053090500159
320530905090121	32053090500159
320530905090099	32053090500159
320530905090081	32053090500159
320530905090120	32053090500159
320530905090023	32053090500160
320530905090104	32053090500161
320530905090105	32053090500161
320530905090025	32053090500162
320530905090026	32053090500163
320530905090028	32053090500164
320530905090029	32053090500165
320530905090110	32053090500166
320530905090111	32053090500166
320530905090113	32053090500167
320530905090112	32053090500167
320530905090032	32053090500168
320530905090033	32053090500169
320530905090116	32053090500170
320530905090117	32053090500170
320530905090035	32053090500171
320530905090036	32053090500172
320530905090082	32053090500173
320530905090037	32053090500173
320530905090038	32053090500174
320530905090039	32053090500175
320530905090097	32053090500176
320530905090096	32053090500176
320530905090041	32053090500177
320530905090042	32053090500178
320530905090043	32053090500179
320530905090044	32053090500180
320530905090083	32053090500180
320530905090045	32053090500181
320530905090046	32053090500182
320530905090047	32053090500183
320530905090048	32053090500184
320530905090049	32053090500185
320530905090050	32053090500186
320530905090127	32053090500187
320530905090094	32053090500187
320530905090126	32053090500187
320530905090052	32053090500188
320530905090053	32053090500189
320530905090054	32053090500190
320530905090055	32053090500191
320530905090057	32053090500192
320530905090107	32053090500193
320530905090106	32053090500193
320530905090059	32053090500194
320530905090060	32053090500195
320530905090061	32053090500196
320530905090062	32053090500197
320530905090091	32053090500198
320530905090090	32053090500198
320530905090064	32053090500199
320530905090065	32053090500200
320530905090066	32053090500201
320530905090067	32053090500202
320530905090068	32053090500203
320530905090069	32053090500204
320530905090070	32053090500205
320530905090071	32053090500206
320530905090072	32053090500207
320530905090073	32053090500208
320530905090074	32053090500209
320530905090075	32053090500210
320530905090076	32053090500211
320530905090077	32053090500212
320530905090078	32053090500213
320530905090079	32053090500214
320530905100001	32053090500215
320530905100002	32053090500216
320530905100003	32053090500217
320530905100004	32053090500218
320530905100005	32053090500219
320530905100075	32053090500220
320530905100074	32053090500220
320530905100007	32053090500221
320530905100008	32053090500222
320530905100009	32053090500223
320530905100010	32053090500224
320530905100011	32053090500225
320530905100012	32053090500226
320530905100013	32053090500227
320530905100014	32053090500228
320530905100015	32053090500229
320530905100016	32053090500230
320530905100017	32053090500231
320530905100018	32053090500232
320530905100019	32053090500233
320530905100020	32053090500234
320530905100021	32053090500235
320530905100084	32053090500236
320530905100073	32053090500236
320530905100085	32053090500236
320530905100022	32053090500236
320530905100077	32053090500237
320530905100076	32053090500237
320530905100024	32053090500238
320530905100025	32053090500239
320530905100087	32053090500240
320530905100086	32053090500240
320530905100027	32053090500241
320530905100028	32053090500242
320530905100029	32053090500243
320530905100030	32053090500244
320530905100031	32053090500245
320530905100032	32053090500246
320530905100033	32053090500247
320530905100034	32053090500248
320530905100035	32053090500249
320530905100036	32053090500250
320530905100037	32053090500251
320530905100038	32053090500252
320530905100039	32053090500253
320530905100040	32053090500254
320530905100041	32053090500255
320530905100042	32053090500256
320530905100079	32053090500257
320530905100072	32053090500257
320530905100078	32053090500257
320530905100044	32053090500258
320530905100045	32053090500259
320530905100080	32053090500260
320530905100081	32053090500260
320530905100047	32053090500261
320530905100048	32053090500262
320530905100049	32053090500263
320530905100050	32053090500264
320530905100051	32053090500265
320530905100052	32053090500266
320530905100053	32053090500267
320530905100054	32053090500268
320530905100055	32053090500269
320530905100056	32053090500270
320530905100057	32053090500271
320530905100058	32053090500272
320530905100059	32053090500273
320530905100060	32053090500274
320530905100061	32053090500275
320530905100062	32053090500276
320530905100063	32053090500277
320530905100064	32053090500278
320530905100065	32053090500279
320530905100066	32053090500280
320530905100082	32053090500281
320530905100083	32053090500281
320530905100068	32053090500282
320530905100069	32053090500283
320530905100071	32053090500284
320530905120001	32053090500285
320530905120003	32053090500286
320530905120004	32053090500287
320530905120005	32053090500288
320530905120006	32053090500289
320530905120043	32053090500289
320530905120007	32053090500290
320530905120008	32053090500291
320530905120078	32053090500292
320530905120077	32053090500292
320530905120011	32053090500293
320530905120012	32053090500294
320530905120063	32053090500295
320530905120062	32053090500295
320530905120061	32053090500295
320530905120069	32053090500296
320530905120075	32053090500296
320530905120076	32053090500296
320530905120015	32053090500297
320530905120017	32053090500298
320530905120018	32053090500299
320530905120067	32053090500300
320530905120066	32053090500300
320530905120020	32053090500301
320530905120021	32053090500302
320530905120023	32053090500303
320530905120024	32053090500304
320530905120025	32053090500305
320530905120028	32053090500306
320530905120030	32053090500307
320530905120031	32053090500308
320530905120032	32053090500309
320530905120033	32053090500310
320530910150087	32053091000013
320530910130042	32053091000013
320530910130039	32053091000013
320530910130037	32053091000013
320530910130038	32053091000013
320530910130040	32053091000013
320530910130041	32053091000013
320530910150001	32053091000014
320530910150002	32053091000015
320530910150003	32053091000016
320530910150004	32053091000017
320530910150005	32053091000018
320530910150006	32053091000019
320530910150007	32053091000020
320530910150008	32053091000021
320530910150009	32053091000022
320530910150010	32053091000023
320530910150011	32053091000024
320530910150012	32053091000025
320530910150013	32053091000026
320530910150014	32053091000027
320530910150015	32053091000028
320530910150017	32053091000029
320530910150018	32053091000030
320530910150019	32053091000031
320530910150020	32053091000032
320530910150021	32053091000033
320530910150022	32053091000034
320530910150023	32053091000035
320530910150024	32053091000036
320530910150073	32053091000037
320530910150033	32053091000037
320530910150100	32053091000037
320530910150082	32053091000037
320530910150099	32053091000037
320530910150106	32053091000038
320530910150105	32053091000038
320530910150068	32053091000039
320530910150071	32053091000040
320530910150104	32053091000041
320530910150103	32053091000041
320530910150084	32053091000042
320530910150089	32053091000043
320530910150090	32053091000044
320530910150091	32053091000045
320530910150092	32053091000046
320530910130005	32053091000047
320530910130001	32053091000048
320530910130032	32053091000049
320530910130033	32053091000050
320530910130011	32053091000051
320530910130012	32053091000052
320530910130013	32053091000053
320530910130014	32053091000054
320530910130015	32053091000055
320530910130016	32053091000056
320530910130017	32053091000057
320530910130018	32053091000058
320530910130019	32053091000059
320530910130009	32053091000060
320530910140082	32053091000061
320530910140099	32053091000061
320530910140023	32053091000061
320530910140093	32053091000061
320530910140090	32053091000061
320530910140078	32053091000061
320530910140100	32053091000061
320530910140035	32053091000061
320530910140081	32053091000061
320530910140001	32053091000061
320530910140092	32053091000061
320530910140031	32053091000061
320530910140048	32053091000061
320530910140089	32053091000061
320530910140091	32053091000061
320530910140024	32053091000061
320530910140094	32053091000061
	32053091000062
	32053091000063
	32053091000064
	32053091000065
320530910140002	32053091000066
320530910140003	32053091000067
320530910140005	32053091000068
320530910140006	32053091000069
320530910140007	32053091000070
320530910140008	32053091000071
320530910140009	32053091000072
320530910140010	32053091000073
320530910140080	32053091000074
320530910140079	32053091000074
320530910140012	32053091000075
320530910140013	32053091000076
320530910140014	32053091000077
320530910140015	32053091000078
320530910140016	32053091000079
320530910140017	32053091000080
320530910140018	32053091000081
320530910140020	32053091000082
320530910140095	32053091000083
320530910140096	32053091000083
320530910140022	32053091000084
320530910150026	32053091000085
320530910130034	32053091000086
320530910130020	32053091000087
320530910140025	32053091000088
320530910150027	32053091000089
320530910150028	32053091000090
320530910150030	32053091000091
320530910150031	32053091000092
320530910150032	32053091000093
320530910140026	32053091000094
320530910140027	32053091000095
320530910140028	32053091000096
320530910140029	32053091000097
320530910140030	32053091000098
320530910140032	32053091000099
320530910150072	32053091000100
320530910150034	32053091000101
320530910140033	32053091000102
320530910140034	32053091000103
320530910140036	32053091000104
320530910140038	32053091000105
320530910140037	32053091000105
320530910140039	32053091000105
320530910150077	32053091000106
320530910150043	32053091000107
320530910150044	32053091000108
320530910150045	32053091000109
320530910150046	32053091000110
320530910150047	32053091000111
320530910150048	32053091000112
320530910150049	32053091000113
320530910150051	32053091000114
320530910150052	32053091000115
320530910150053	32053091000116
320530910150093	32053091000117
	32053091000118
320530910140052	32053091000119
320530910140084	32053091000120
320530910140083	32053091000120
320530910140042	32053091000121
320530910140043	32053091000122
320530910140044	32053091000123
320530910140045	32053091000124
320530910150054	32053091000125
320530910150055	32053091000126
320530910150056	32053091000127
320530910150057	32053091000128
320530910150058	32053091000129
320530910140046	32053091000130
320530910150059	32053091000131
320530910140049	32053091000132
320530910140050	32053091000133
320530910150088	32053091000134
	32053091000135
320530910150085	32053091000136
320530910150086	32053091000137
320530910140051	32053091000138
320530910140053	32053091000139
320530910140054	32053091000140
320530910150060	32053091000141
320530910150061	32053091000142
320530910150080	32053091000143
320530910130002	32053091000144
320530910130003	32053091000145
320530910140055	32053091000146
320530910140056	32053091000147
320530910150094	32053091000148
	32053091000149
320530910140087	32053091000150
320530910140088	32053091000150
320530910140058	32053091000151
320530910140059	32053091000152
320530910140060	32053091000153
320530910140061	32053091000154
320530910140062	32053091000155
320530910140063	32053091000156
320530910150062	32053091000157
320530910150063	32053091000158
320530910150095	32053091000159
320530910150096	32053091000160
320530910130007	32053091000161
320530910140065	32053091000162
320530910140066	32053091000163
320530910130021	32053091000164
320530910140067	32053091000165
320530910140068	32053091000166
320530910140069	32053091000167
320530910140070	32053091000168
320530910130022	32053091000169
320530910130023	32053091000170
320530910130024	32053091000171
320530910130025	32053091000172
320530910130026	32053091000173
320530910130010	32053091000174
320530910130035	32053091000175
320530910130027	32053091000176
320530910140072	32053091000177
320530910140073	32053091000178
320530910140074	32053091000179
320530910150064	32053091000180
320530910150098	32053091000181
320530910130028	32053091000182
320530910130029	32053091000183
320530910130030	32053091000184
320530910130031	32053091000185
	32053091000186
320530910150065	32053091000187
320530910140075	32053091000188
320530910150083	32053091000189
320530910140076	32053091000190
320530910140077	32053091000191
320530910150066	32053091000192
320500215000277	32050021500245
320500215000370	32050021500246
320500215000373	32050021500247
320500215000374	32050021500248
320500215000375	32050021500249
320500215000376	32050021500250
320500215000377	32050021500251
320500215000378	32050021500252
320500215000379	32050021500253
320500215000380	32050021500254
320500215000381	32050021500255
320500215000382	32050021500256
320500215000384	32050021500257
320500215000385	32050021500258
320500215000386	32050021500259
320500215000387	32050021500260
320500215000388	32050021500261
320500215000389	32050021500262
