ID	CD_MCA
260005405000001	2600054050000001
260005405000002	2600054050000002
260005405000003	2600054050000003
260005405000004	2600054050000004
260005405000005	2600054050000005
260005405000006	2600054050000006
260005405000007	2600054050000007
260005405000119	2600054050000008
260005405000180	2600054050000008
260005405000167	2600054050000008
260005405000202	2600054050000008
260005405000203	2600054050000008
260005405000114	2600054050000008
260005405000138	2600054050000008
260005405000201	2600054050000008
260005405000118	2600054050000008
260005405000139	2600054050000008
260005405000181	2600054050000008
260005405000009	2600054050000009
260005405000121	2600054050000010
260005405000120	2600054050000010
260005405000011	2600054050000011
260005405000012	2600054050000012
260005405000013	2600054050000013
260005405000014	2600054050000014
260005405000015	2600054050000015
260005405000016	2600054050000016
260005405000017	2600054050000017
260005405000189	2600054050000018
260005405000188	2600054050000018
260005405000122	2600054050000019
260005405000123	2600054050000019
260005405000020	2600054050000020
260005405000021	2600054050000021
260005405000022	2600054050000022
260005405000023	2600054050000023
260005405000024	2600054050000024
260005405000025	2600054050000025
260005405000124	2600054050000026
260005405000125	2600054050000026
260005405000137	2600054050000026
260005405000179	2600054050000026
260005405000178	2600054050000026
260005405000136	2600054050000026
260005405000027	2600054050000027
260005405000028	2600054050000028
260005405000029	2600054050000029
260005405000168	2600054050000030
260005405000169	2600054050000030
260005405000031	2600054050000031
260005405000032	2600054050000032
260005405000033	2600054050000033
260005405000126	2600054050000034
260005405000127	2600054050000034
260005405000129	2600054050000035
260005405000128	2600054050000035
260005405000206	2600054050000036
260005405000198	2600054050000036
260005405000132	2600054050000036
260005405000037	2600054050000037
260005405000038	2600054050000038
260005405000039	2600054050000039
260005405000040	2600054050000040
260005405000041	2600054050000041
260005405000186	2600054050000042
260005405000160	2600054050000042
260005405000175	2600054050000042
260005405000161	2600054050000042
260005405000187	2600054050000042
260005405000174	2600054050000042
260005405000043	2600054050000043
260005405000045	2600054050000044
260005405000046	2600054050000045
260005405000047	2600054050000046
260005405000159	2600054050000047
260005405000158	2600054050000047
260005405000049	2600054050000048
260005405000050	2600054050000049
260005405000051	2600054050000050
260005405000134	2600054050000051
260005405000135	2600054050000051
260005405000053	2600054050000052
260005405000054	2600054050000053
260005405000055	2600054050000054
260005405000056	2600054050000055
260005405000057	2600054050000056
260005405000058	2600054050000057
260005405000059	2600054050000058
260005405000060	2600054050000059
260005405000204	2600054050000060
260005405000205	2600054050000060
260005405000064	2600054050000061
260005405000065	2600054050000062
260005405000066	2600054050000063
260005405000067	2600054050000064
260005405000068	2600054050000065
260005405000190	2600054050000066
260005405000191	2600054050000066
260005405000070	2600054050000067
260005405000071	2600054050000068
260005405000073	2600054050000069
260005405000074	2600054050000070
260005405000075	2600054050000071
260005405000144	2600054050000072
260005405000116	2600054050000072
260005405000195	2600054050000072
260005405000176	2600054050000072
260005405000085	2600054050000072
260005405000163	2600054050000072
260005405000164	2600054050000072
260005405000171	2600054050000072
260005405000185	2600054050000072
260005405000117	2600054050000072
260005405000145	2600054050000072
260005405000197	2600054050000072
260005405000194	2600054050000072
260005405000166	2600054050000072
260005405000184	2600054050000072
260005405000182	2600054050000072
260005405000200	2600054050000072
260005405000170	2600054050000072
260005405000183	2600054050000072
260005405000177	2600054050000072
260005405000199	2600054050000072
260005405000146	2600054050000072
260005405000196	2600054050000072
260005405000143	2600054050000072
260005405000193	2600054050000073
260005405000192	2600054050000073
260005405000141	2600054050000073
260005405000086	2600054050000074
260005405000087	2600054050000075
260005405000088	2600054050000076
260005405000089	2600054050000077
260005405000090	2600054050000078
260005405000131	2600054050000079
260005405000130	2600054050000079
260005405000092	2600054050000080
260005405000093	2600054050000081
260005405000149	2600054050000082
260005405000155	2600054050000082
260005405000153	2600054050000082
260005405000151	2600054050000082
260005405000147	2600054050000082
260005405000154	2600054050000082
260005405000150	2600054050000082
260005405000156	2600054050000082
260005405000152	2600054050000082
260005405000148	2600054050000082
260005405000095	2600054050000083
260005405000096	2600054050000084
260005405000098	2600054050000085
260005405000099	2600054050000086
260005405000100	2600054050000087
260005405000101	2600054050000088
260005405000102	2600054050000089
260005405000103	2600054050000090
260005405000104	2600054050000091
260005405000105	2600054050000092
260005405000106	2600054050000093
260005405000107	2600054050000094
260005405000108	2600054050000095
260005405000109	2600054050000096
260005405000110	2600054050000097
260005405000111	2600054050000098
260005405000112	2600054050000099
260005405000113	2600054050000100
260005410000001	2600054100000001
260105205000028	2601052050000001
260105205000029	2601052050000001
260105205000002	2601052050000002
260105205000025	2601052050000003
260105205000033	2601052050000003
260105205000034	2601052050000003
260105205000004	2601052050000004
260105205000005	2601052050000005
260105205000006	2601052050000006
260105205000007	2601052050000007
260105205000008	2601052050000008
260105205000009	2601052050000009
260105205000043	2601052050000010
260105205000044	2601052050000010
260105205000046	2601052050000011
260105205000045	2601052050000011
260105205000038	2601052050000012
260105205000032	2601052050000012
260105205000040	2601052050000012
260105205000039	2601052050000012
260105205000013	2601052050000013
260105205000014	2601052050000014
260105205000035	2601052050000015
260105205000037	2601052050000015
260105205000036	2601052050000015
260105205000042	2601052050000015
260105205000041	2601052050000015
260105205000016	2601052050000016
260105205000017	2601052050000017
260105205000027	2601052050000018
260105205000026	2601052050000018
260105205000019	2601052050000019
260105205000020	2601052050000020
260105205000021	2601052050000021
260290205000030	2602902050000001
260290205000238	2602902050000002
260290205000239	2602902050000002
260290205000032	2602902050000003
260290205000033	2602902050000004
260290205000034	2602902050000005
260290205000035	2602902050000006
260290205000193	2602902050000007
260290205000194	2602902050000007
260290205000195	2602902050000008
260290205000196	2602902050000008
260290205000038	2602902050000009
260290205000162	2602902050000010
260290205000146	2602902050000010
260290205000291	2602902050000010
260290205000294	2602902050000010
260290205000211	2602902050000010
260290205000337	2602902050000010
260290205000312	2602902050000010
260290205000224	2602902050000010
260290205000287	2602902050000010
260290205000192	2602902050000010
260290205000285	2602902050000010
260290205000182	2602902050000010
260290205000199	2602902050000010
260290205000277	2602902050000010
260290205000191	2602902050000010
260290205000244	2602902050000010
260290205000223	2602902050000010
260290205000265	2602902050000010
260290205000243	2602902050000010
260290205000236	2602902050000010
260290205000313	2602902050000010
260290205000289	2602902050000010
260290205000292	2602902050000010
260290205000258	2602902050000010
260290205000278	2602902050000010
260290205000250	2602902050000010
260290205000298	2602902050000010
260290205000296	2602902050000010
260290205000242	2602902050000010
260290205000304	2602902050000010
260290205000295	2602902050000010
260290205000260	2602902050000010
260290205000240	2602902050000010
260290205000197	2602902050000010
260290205000311	2602902050000010
260290205000241	2602902050000010
260290205000234	2602902050000010
260290205000231	2602902050000010
260290205000283	2602902050000010
260290205000181	2602902050000010
260290205000229	2602902050000010
260290205000299	2602902050000010
260290205000310	2602902050000010
260290205000305	2602902050000010
260290205000288	2602902050000010
260290205000218	2602902050000010
260290205000339	2602902050000010
260290205000309	2602902050000010
260290205000217	2602902050000010
260290205000290	2602902050000010
260290205000284	2602902050000010
260290205000336	2602902050000010
260290205000300	2602902050000010
260290205000073	2602902050000010
260290205000227	2602902050000010
260290205000249	2602902050000010
260290205000256	2602902050000010
260290205000297	2602902050000010
260290205000286	2602902050000010
260290205000207	2602902050000010
260290205000219	2602902050000010
260290205000233	2602902050000010
260290205000308	2602902050000010
260290205000198	2602902050000010
260290205000248	2602902050000010
260290205000183	2602902050000010
260290205000293	2602902050000010
260290205000212	2602902050000010
260290205000226	2602902050000010
260290205000208	2602902050000010
260290205000251	2602902050000010
260290205000259	2602902050000010
260290205000228	2602902050000010
260290205000245	2602902050000010
260290205000338	2602902050000010
260290205000301	2602902050000010
260290205000070	2602902050000010
260290205000235	2602902050000010
260290205000255	2602902050000010
260290205000040	2602902050000011
260290205000131	2602902050000012
260290205000132	2602902050000013
260290205000133	2602902050000014
260290205000134	2602902050000015
260290205000307	2602902050000016
260290205000306	2602902050000016
260290205000274	2602902050000016
260290205000273	2602902050000016
260290205000271	2602902050000017
260290205000174	2602902050000017
260290205000272	2602902050000017
260290205000177	2602902050000018
260290205000176	2602902050000018
260290205000269	2602902050000019
260290205000179	2602902050000019
260290205000270	2602902050000019
260290205000139	2602902050000020
260290205000141	2602902050000021
260290205000324	2602902050000022
260290205000325	2602902050000022
260290205000002	2602902050000023
260290205000329	2602902050000024
260290205000328	2602902050000024
260290205000004	2602902050000025
260290205000332	2602902050000026
260290205000333	2602902050000026
260290205000322	2602902050000027
260290205000323	2602902050000027
260290205000164	2602902050000028
260290205000165	2602902050000028
260290205000204	2602902050000028
260290205000205	2602902050000028
260290205000008	2602902050000029
260290205000009	2602902050000030
260290205000327	2602902050000031
260290205000326	2602902050000031
260290205000340	2602902050000032
260290205000012	2602902050000033
260290205000013	2602902050000034
260290205000014	2602902050000035
260290205000015	2602902050000036
260290205000016	2602902050000037
260290205000017	2602902050000038
260290205000187	2602902050000039
260290205000188	2602902050000039
260290205000019	2602902050000040
260290205000020	2602902050000041
260290205000021	2602902050000042
260290205000022	2602902050000043
260290205000023	2602902050000044
260290205000024	2602902050000045
260290205000025	2602902050000046
260290205000189	2602902050000047
260290205000190	2602902050000047
260290205000027	2602902050000048
260290205000028	2602902050000049
260290205000261	2602902050000050
260290205000262	2602902050000050
260290205000254	2602902050000051
260290205000253	2602902050000051
260290205000045	2602902050000052
260290205000046	2602902050000053
260290205000268	2602902050000054
260290205000267	2602902050000054
260290205000232	2602902050000055
260290205000280	2602902050000055
260290205000186	2602902050000055
260290205000281	2602902050000055
260290205000282	2602902050000055
260290205000206	2602902050000055
260290205000185	2602902050000055
260290205000279	2602902050000055
260290205000202	2602902050000055
260290205000166	2602902050000056
260290205000167	2602902050000056
260290205000051	2602902050000057
260290205000264	2602902050000058
260290205000263	2602902050000058
260290205000314	2602902050000059
260290205000315	2602902050000059
260290205000054	2602902050000060
260290205000055	2602902050000061
260290205000056	2602902050000062
260290205000058	2602902050000063
260290205000334	2602902050000064
260290205000335	2602902050000064
260290205000060	2602902050000065
260290205000061	2602902050000066
260290205000062	2602902050000067
260290205000169	2602902050000068
260290205000168	2602902050000068
260290205000065	2602902050000069
260290205000066	2602902050000070
260290205000068	2602902050000071
260290205000071	2602902050000072
260290205000076	2602902050000073
260290205000078	2602902050000074
260290205000081	2602902050000075
260290205000082	2602902050000076
260290205000083	2602902050000077
260290205000084	2602902050000078
260290205000330	2602902050000079
260290205000331	2602902050000079
260290205000086	2602902050000080
260290205000319	2602902050000081
260290205000318	2602902050000081
260290205000316	2602902050000082
260290205000317	2602902050000082
260290205000090	2602902050000083
260290205000091	2602902050000084
260290205000092	2602902050000085
260290205000093	2602902050000086
260290205000094	2602902050000087
260290205000095	2602902050000088
260290205000096	2602902050000089
260290205000097	2602902050000090
260290205000098	2602902050000091
260290205000099	2602902050000092
260290205000100	2602902050000093
260290205000101	2602902050000094
260290205000102	2602902050000095
260290205000103	2602902050000096
260290205000104	2602902050000097
260290205000108	2602902050000098
260290205000109	2602902050000099
260290205000214	2602902050000100
260290205000215	2602902050000100
260290205000111	2602902050000101
260290205000112	2602902050000102
260290205000216	2602902050000103
260290205000115	2602902050000104
260290205000116	2602902050000105
260290205000302	2602902050000106
260290205000303	2602902050000106
260290205000119	2602902050000107
260290205000121	2602902050000108
260290205000321	2602902050000109
260290205000320	2602902050000109
260290205000123	2602902050000110
260290205000124	2602902050000111
260290205000125	2602902050000112
260290205000126	2602902050000113
260290205000127	2602902050000114
260290205000128	2602902050000115
260290205000129	2602902050000116
260290205000222	2602902050000117
260290205000221	2602902050000117
260290205000142	2602902050000118
260290205000150	2602902050000119
260290205000151	2602902050000120
260290205000152	2602902050000121
260290205000155	2602902050000122
260290205000156	2602902050000123
260290205000157	2602902050000124
260290205000276	2602902050000125
260290205000275	2602902050000125
260290205000160	2602902050000126
260290210000001	2602902100000001
260290210000002	2602902100000002
260290210000003	2602902100000003
260290210000014	2602902100000004
260290210000013	2602902100000004
260290210000004	2602902100000004
260290210000005	2602902100000005
260290210000006	2602902100000006
260290210000007	2602902100000007
260290210000008	2602902100000008
260290210000009	2602902100000009
260290210000010	2602902100000010
260290210000011	2602902100000011
260290215000001	2602902150000001
260290215000076	2602902150000002
260290215000077	2602902150000002
260290215000003	2602902150000003
260290215000004	2602902150000004
260290215000005	2602902150000005
260290215000006	2602902150000006
260290215000007	2602902150000007
260290215000008	2602902150000008
260290215000009	2602902150000009
260290215000010	2602902150000010
260290215000129	2602902150000011
260290215000130	2602902150000011
260290215000133	2602902150000012
260290215000134	2602902150000012
260290215000013	2602902150000013
260290215000014	2602902150000014
260290215000015	2602902150000015
260290215000016	2602902150000016
260290215000127	2602902150000017
260290215000069	2602902150000017
260290215000125	2602902150000017
260290215000126	2602902150000017
260290215000031	2602902150000017
260290215000030	2602902150000017
260290215000128	2602902150000017
260290215000086	2602902150000017
260290215000018	2602902150000018
260290215000136	2602902150000019
260290215000135	2602902150000019
260290215000114	2602902150000019
260290215000115	2602902150000019
260290215000121	2602902150000020
260290215000120	2602902150000020
260290215000021	2602902150000021
260290215000101	2602902150000022
260290215000142	2602902150000022
260290215000091	2602902150000022
260290215000110	2602902150000022
260290215000092	2602902150000022
260290215000087	2602902150000022
260290215000112	2602902150000022
260290215000088	2602902150000022
260290215000109	2602902150000022
260290215000022	2602902150000022
260290215000113	2602902150000022
260290215000141	2602902150000022
260290215000111	2602902150000022
260290215000095	2602902150000023
260290215000096	2602902150000023
260290215000124	2602902150000024
260290215000123	2602902150000024
260290215000145	2602902150000024
260290215000116	2602902150000024
260290215000084	2602902150000024
260290215000105	2602902150000024
260290215000117	2602902150000024
260290215000085	2602902150000024
260290215000055	2602902150000024
260290215000083	2602902150000024
260290215000107	2602902150000024
260290215000119	2602902150000024
260290215000122	2602902150000024
260290215000098	2602902150000024
260290215000056	2602902150000024
260290215000132	2602902150000025
260290215000131	2602902150000025
260290215000029	2602902150000026
260290215000032	2602902150000027
260290215000080	2602902150000028
260290215000081	2602902150000028
260290215000034	2602902150000029
260290215000037	2602902150000030
260290215000038	2602902150000031
260290215000039	2602902150000032
260290215000099	2602902150000033
260290215000100	2602902150000033
260290215000041	2602902150000034
260290215000042	2602902150000035
260290215000138	2602902150000036
260290215000137	2602902150000036
260290215000103	2602902150000037
260290215000102	2602902150000037
260290215000045	2602902150000038
260290215000046	2602902150000039
260290215000047	2602902150000040
260290215000048	2602902150000041
260290215000049	2602902150000042
260290215000050	2602902150000043
260290215000051	2602902150000044
260290215000052	2602902150000045
260290215000089	2602902150000046
260290215000143	2602902150000046
260290215000144	2602902150000046
260290215000057	2602902150000047
260290215000058	2602902150000048
260290215000059	2602902150000049
260290215000060	2602902150000050
260290215000064	2602902150000051
260290215000065	2602902150000052
260290215000066	2602902150000053
260290215000070	2602902150000054
260290215000071	2602902150000055
260290215000140	2602902150000056
260290215000094	2602902150000056
260290215000139	2602902150000056
260290220000048	2602902200000001
260290220000047	2602902200000001
260290220000002	2602902200000002
260290220000056	2602902200000003
260290220000055	2602902200000003
260290220000097	2602902200000003
260290220000098	2602902200000003
260290220000057	2602902200000003
260290220000091	2602902200000004
260290220000081	2602902200000004
260290220000127	2602902200000004
260290220000114	2602902200000004
260290220000119	2602902200000004
260290220000116	2602902200000004
260290220000135	2602902200000004
260290220000063	2602902200000004
260290220000074	2602902200000004
260290220000092	2602902200000004
260290220000139	2602902200000004
260290220000026	2602902200000004
260290220000142	2602902200000004
260290220000099	2602902200000004
260290220000122	2602902200000004
260290220000108	2602902200000004
260290220000080	2602902200000004
260290220000136	2602902200000004
260290220000140	2602902200000004
260290220000076	2602902200000004
260290220000144	2602902200000004
260290220000049	2602902200000004
260290220000113	2602902200000004
260290220000132	2602902200000004
260290220000087	2602902200000004
260290220000050	2602902200000004
260290220000143	2602902200000004
260290220000058	2602902200000004
260290220000129	2602902200000004
260290220000062	2602902200000004
260290220000107	2602902200000004
260290220000083	2602902200000004
260290220000102	2602902200000004
260290220000137	2602902200000004
260290220000065	2602902200000004
260290220000138	2602902200000004
260290220000120	2602902200000004
260290220000145	2602902200000004
260290220000125	2602902200000004
260290220000146	2602902200000004
260290220000131	2602902200000004
260290220000077	2602902200000004
260290220000126	2602902200000004
260290220000112	2602902200000004
260290220000115	2602902200000004
260290220000100	2602902200000004
260290220000059	2602902200000004
260290220000084	2602902200000004
260290220000096	2602902200000004
260290220000051	2602902200000004
260290220000130	2602902200000004
260290220000094	2602902200000004
260290220000086	2602902200000004
260290220000093	2602902200000004
260290220000082	2602902200000004
260290220000060	2602902200000004
260290220000123	2602902200000004
260290220000073	2602902200000004
260290220000128	2602902200000004
260290220000124	2602902200000004
260290220000067	2602902200000005
260290220000066	2602902200000005
260290220000141	2602902200000006
260290220000069	2602902200000006
260290220000008	2602902200000007
260290220000009	2602902200000008
260290220000104	2602902200000009
260290220000071	2602902200000009
260290220000134	2602902200000009
260290220000133	2602902200000009
260290220000070	2602902200000009
260290220000011	2602902200000010
260290220000012	2602902200000011
260290220000014	2602902200000012
260290220000017	2602902200000013
260290220000020	2602902200000014
260290220000029	2602902200000015
260290220000030	2602902200000016
260290220000031	2602902200000017
260290220000088	2602902200000018
260290220000089	2602902200000018
260290220000034	2602902200000019
260290220000118	2602902200000020
260290220000117	2602902200000020
260290220000052	2602902200000021
260290220000053	2602902200000021
260290220000040	2602902200000022
260290220000041	2602902200000023
260290220000042	2602902200000024
260345405060106	2603454050600001
260345405060130	2603454050600001
260345405060132	2603454050600001
260345405060133	2603454050600001
260345405060131	2603454050600001
260345405060002	2603454050600002
260345405060003	2603454050600003
260345405060004	2603454050600004
260345405060005	2603454050600005
260345405060006	2603454050600006
260345405060007	2603454050600007
260345405060008	2603454050600008
260345405060137	2603454050600009
260345405060136	2603454050600009
260345405060010	2603454050600010
260345405060011	2603454050600011
260345405060128	2603454050600012
260345405060129	2603454050600012
260345405060013	2603454050600013
260345405060014	2603454050600014
260345405060015	2603454050600015
260345405060146	2603454050600016
260345405060018	2603454050600017
260345405060019	2603454050600018
260345405060020	2603454050600019
260345405060021	2603454050600020
260345405060109	2603454050600021
260345405060110	2603454050600021
260345405060023	2603454050600022
260345405060138	2603454050600023
260345405060145	2603454050600023
260345405060144	2603454050600023
260345405060026	2603454050600024
260345405060028	2603454050600025
260345405060037	2603454050600026
260345405060112	2603454050600026
260345405060140	2603454050600026
260345405060118	2603454050600026
260345405060141	2603454050600026
260345405060117	2603454050600026
260345405060032	2603454050600027
260345405060033	2603454050600028
260345405060034	2603454050600029
260345405060125	2603454050600030
260345405060124	2603454050600030
260345405060040	2603454050600030
260345405060041	2603454050600031
260345405060042	2603454050600032
260345405060043	2603454050600033
260345405060044	2603454050600034
260345405060045	2603454050600035
260345405060046	2603454050600036
260345405060047	2603454050600037
260345405060048	2603454050600038
260345405060049	2603454050600039
260345405060050	2603454050600040
260345405060051	2603454050600041
260345405060108	2603454050600042
260345405060121	2603454050600042
260345405060142	2603454050600042
260345405060143	2603454050600042
260345405060054	2603454050600043
260345405060055	2603454050600044
260345405060056	2603454050600045
260345405060057	2603454050600046
260345405060058	2603454050600047
260345405060059	2603454050600048
260345405060060	2603454050600049
260345405060061	2603454050600050
260345405060062	2603454050600051
260345405060063	2603454050600052
260345405060064	2603454050600053
260345405060065	2603454050600054
260345405060114	2603454050600055
260345405060127	2603454050600055
260345405060126	2603454050600055
260345405060113	2603454050600055
260345405060122	2603454050600056
260345405060123	2603454050600056
260345405060068	2603454050600057
260345405060069	2603454050600058
260345405060070	2603454050600059
260345405060071	2603454050600060
260345405060072	2603454050600061
260345405060073	2603454050600062
260345405060074	2603454050600063
260345405060075	2603454050600064
260345405060076	2603454050600065
260345405060077	2603454050600066
260345405060078	2603454050600067
260345405060079	2603454050600068
260345405060080	2603454050600069
260345405060081	2603454050600070
260345405060082	2603454050600071
260345405060083	2603454050600072
260345405060116	2603454050600073
260345405060115	2603454050600073
260345405060085	2603454050600074
260345405060086	2603454050600075
260345405060134	2603454050600076
260345405060135	2603454050600076
260345405060088	2603454050600077
260345405060089	2603454050600078
260345405060102	2603454050600079
260345405060103	2603454050600079
260345405060091	2603454050600080
260345405060092	2603454050600081
260345405060093	2603454050600082
260345405060094	2603454050600083
260345405060095	2603454050600084
260345405060096	2603454050600085
260345405060097	2603454050600086
260345405060098	2603454050600087
260345405060120	2603454050600088
260345405060119	2603454050600088
260345405060100	2603454050600089
260345405070038	2603454050700001
260345405070039	2603454050700001
260345405070080	2603454050700002
260345405070040	2603454050700002
260345405070079	2603454050700002
260345405070043	2603454050700003
260345405070042	2603454050700003
260345405070004	2603454050700004
260345405070005	2603454050700005
260345405070081	2603454050700006
260345405070044	2603454050700006
260345405070045	2603454050700006
260345405070082	2603454050700006
260345405070008	2603454050700007
260345405070048	2603454050700008
260345405070049	2603454050700008
260345405070047	2603454050700008
260345405070046	2603454050700008
260345405070087	2603454050700008
260345405070012	2603454050700009
260345405070013	2603454050700010
260345405070014	2603454050700011
260345405070051	2603454050700012
260345405070073	2603454050700012
260345405070076	2603454050700012
260345405070074	2603454050700012
260345405070075	2603454050700012
260345405070072	2603454050700012
260345405070068	2603454050700013
260345405070067	2603454050700013
260345405070054	2603454050700014
260345405070055	2603454050700014
260345405070018	2603454050700015
260345405070085	2603454050700016
260345405070086	2603454050700016
260345405070056	2603454050700017
260345405070057	2603454050700017
260345405070022	2603454050700018
260345405070023	2603454050700019
260345405070060	2603454050700020
260345405070071	2603454050700020
260345405070077	2603454050700020
260345405070062	2603454050700020
260345405070061	2603454050700020
260345405070078	2603454050700020
260345405070069	2603454050700020
260345405070070	2603454050700020
260345405070058	2603454050700020
260345405070059	2603454050700020
260345405070063	2603454050700020
260345405070084	2603454050700021
260345405070083	2603454050700021
260345405070027	2603454050700022
260345405070028	2603454050700023
260345405070029	2603454050700024
260345405070030	2603454050700025
260345405070033	2603454050700026
260345405070034	2603454050700027
260345405070035	2603454050700028
260345405070036	2603454050700029
260345405070066	2603454050700030
260345405070065	2603454050700030
260345405080032	2603454050800001
260345405080031	2603454050800001
260345405080023	2603454050800002
260345405080022	2603454050800002
260345405080003	2603454050800003
260345405080024	2603454050800004
260345405080026	2603454050800004
260345405080025	2603454050800004
260345405080005	2603454050800005
260345405080036	2603454050800006
260345405080035	2603454050800006
260345405080037	2603454050800007
260345405080038	2603454050800007
260345405080039	2603454050800008
260345405080040	2603454050800008
260345405080028	2603454050800009
260345405080027	2603454050800009
260345405080010	2603454050800010
260345405080034	2603454050800011
260345405080033	2603454050800011
260345405080012	2603454050800012
260345405080013	2603454050800013
260345405080029	2603454050800014
260345405080030	2603454050800014
260345405080014	2603454050800014
260345405080015	2603454050800015
260345405080017	2603454050800016
260345405080018	2603454050800017
260345405080019	2603454050800018
260345405080021	2603454050800019
260345405090033	2603454050900001
260345405090027	2603454050900001
260345405090032	2603454050900001
260345405090030	2603454050900002
260345405090031	2603454050900002
260345405090003	2603454050900003
260345405090005	2603454050900004
260345405090006	2603454050900005
260345405090025	2603454050900006
260345405090024	2603454050900006
260345405090008	2603454050900007
260345405090029	2603454050900008
260345405090028	2603454050900008
260345405090010	2603454050900009
260345405090022	2603454050900010
260345405090012	2603454050900011
260345405090013	2603454050900012
260345405090014	2603454050900013
260345405090015	2603454050900014
260345405090016	2603454050900015
260345405090018	2603454050900016
260345405090019	2603454050900017
260345405090020	2603454050900018
260345405090021	2603454050900019
260345405090023	2603454050900020
260345405100032	2603454051000001
260345405100031	2603454051000001
260345405100002	2603454051000002
260345405100003	2603454051000003
260345405100033	2603454051000004
260345405100034	2603454051000004
260345405100052	2603454051000005
260345405100056	2603454051000005
260345405100051	2603454051000005
260345405100055	2603454051000005
260345405100049	2603454051000005
260345405100007	2603454051000006
260345405100044	2603454051000007
260345405100045	2603454051000007
260345405100042	2603454051000007
260345405100043	2603454051000007
260345405100039	2603454051000008
260345405100054	2603454051000008
260345405100038	2603454051000008
260345405100053	2603454051000008
260345405100010	2603454051000009
260345405100041	2603454051000010
260345405100040	2603454051000010
260345405100013	2603454051000011
260345405100026	2603454051000012
260345405100046	2603454051000012
260345405100016	2603454051000013
260345405100017	2603454051000014
260345405100018	2603454051000015
260345405100019	2603454051000016
260345405100020	2603454051000017
260345405100048	2603454051000018
260345405100047	2603454051000018
260345405100024	2603454051000019
260345405100025	2603454051000020
260345405100027	2603454051000021
260345405100028	2603454051000022
260345405100029	2603454051000023
260345405100030	2603454051000024
260790105000001	2607901050000001
260790105000439	2607901050000002
260790105000438	2607901050000002
260790105000427	2607901050000003
260790105000426	2607901050000003
260790105000004	2607901050000004
260790105000429	2607901050000005
260790105000428	2607901050000005
260790105000671	2607901050000006
260790105000672	2607901050000006
260790105000431	2607901050000007
260790105000430	2607901050000007
260790105000433	2607901050000008
260790105000432	2607901050000008
260790105000435	2607901050000009
260790105000434	2607901050000009
260790105000636	2607901050000010
260790105000634	2607901050000010
260790105000776	2607901050000010
260790105000777	2607901050000010
260790105000633	2607901050000010
260790105000637	2607901050000010
260790105000553	2607901050000011
260790105000810	2607901050000011
260790105000759	2607901050000011
260790105000811	2607901050000011
260790105000818	2607901050000011
260790105000819	2607901050000011
260790105000640	2607901050000012
260790105000638	2607901050000012
260790105000639	2607901050000012
260790105000763	2607901050000013
260790105000790	2607901050000013
260790105000762	2607901050000013
260790105000791	2607901050000013
260790105000761	2607901050000013
260790105000828	2607901050000014
260790105000829	2607901050000014
260790105000589	2607901050000015
260790105000591	2607901050000015
260790105000562	2607901050000015
260790105000654	2607901050000015
260790105000896	2607901050000015
260790105000898	2607901050000015
260790105000345	2607901050000015
260790105000590	2607901050000015
260790105000561	2607901050000015
260790105000771	2607901050000015
260790105000916	2607901050000015
260790105000812	2607901050000015
260790105000527	2607901050000015
260790105000913	2607901050000015
260790105000915	2607901050000015
260790105000775	2607901050000015
260790105000900	2607901050000015
260790105000920	2607901050000015
260790105000655	2607901050000015
260790105000887	2607901050000015
260790105000191	2607901050000015
260790105000559	2607901050000015
260790105000814	2607901050000015
260790105000592	2607901050000015
260790105000894	2607901050000015
260790105000774	2607901050000015
260790105000624	2607901050000015
260790105000921	2607901050000015
260790105000895	2607901050000015
260790105000560	2607901050000015
260790105000886	2607901050000015
260790105000707	2607901050000015
260790105000623	2607901050000015
260790105000901	2607901050000015
260790105000917	2607901050000015
260790105000698	2607901050000015
260790105000914	2607901050000015
260790105000694	2607901050000015
260790105000912	2607901050000015
260790105000733	2607901050000015
260790105000899	2607901050000015
260790105000699	2607901050000015
260790105000642	2607901050000015
260790105000605	2607901050000015
260790105000598	2607901050000015
260790105000538	2607901050000015
260790105000773	2607901050000015
260790105000734	2607901050000015
260790105000645	2607901050000015
260790105000770	2607901050000015
260790105000575	2607901050000015
260790105000813	2607901050000015
260790105000815	2607901050000015
260790105000614	2607901050000015
260790105000821	2607901050000015
260790105000701	2607901050000015
260790105000606	2607901050000015
260790105000772	2607901050000015
260790105000820	2607901050000015
260790105000597	2607901050000015
260790105000646	2607901050000015
260790105000697	2607901050000015
260790105000897	2607901050000015
260790105000833	2607901050000016
260790105000832	2607901050000016
260790105000830	2607901050000016
260790105000831	2607901050000016
260790105000339	2607901050000017
260790105000889	2607901050000017
260680405000001	2606804050000001
260680405000238	2606804050000002
260680405000237	2606804050000002
260680405000228	2606804050000003
260680405000227	2606804050000003
260680405000004	2606804050000004
260680405000241	2606804050000005
260680405000184	2606804050000005
260680405000242	2606804050000005
260680405000183	2606804050000005
260680405000243	2606804050000005
260680405000129	2606804050000006
260680405000130	2606804050000006
260680405000007	2606804050000007
260680405000008	2606804050000008
260680405000009	2606804050000009
260680405000010	2606804050000010
260680405000011	2606804050000011
260680405000161	2606804050000012
260680405000160	2606804050000012
260680405000247	2606804050000013
260680405000244	2606804050000013
260680405000245	2606804050000013
260680405000246	2606804050000013
260680405000015	2606804050000014
260680405000133	2606804050000015
260680405000134	2606804050000015
260680405000135	2606804050000015
260680405000171	2606804050000016
260680405000172	2606804050000016
260680405000236	2606804050000017
260680405000249	2606804050000017
260680405000253	2606804050000017
260680405000235	2606804050000017
260680405000197	2606804050000017
260680405000234	2606804050000017
260680405000248	2606804050000017
260680405000128	2606804050000017
260680405000203	2606804050000017
260680405000202	2606804050000017
260680405000261	2606804050000017
260680405000162	2606804050000017
260680405000174	2606804050000017
260680405000233	2606804050000017
260680405000118	2606804050000017
260680405000252	2606804050000017
260680405000019	2606804050000018
260680405000021	2606804050000019
260680405000022	2606804050000020
260680405000023	2606804050000021
260680405000210	2606804050000022
260680405000211	2606804050000022
260680405000169	2606804050000022
260680405000164	2606804050000022
260680405000212	2606804050000022
260680405000165	2606804050000022
260680405000201	2606804050000022
260680405000170	2606804050000022
260680405000152	2606804050000022
260680405000157	2606804050000022
260680405000166	2606804050000022
260680405000179	2606804050000022
260680405000167	2606804050000022
260680405000213	2606804050000022
260680405000168	2606804050000022
260680405000151	2606804050000022
260680405000153	2606804050000022
260680405000180	2606804050000022
260680405000209	2606804050000022
260680405000156	2606804050000022
260680405000026	2606804050000023
260680405000028	2606804050000024
260680405000182	2606804050000025
260680405000181	2606804050000025
260680405000200	2606804050000025
260680405000186	2606804050000026
260680405000257	2606804050000026
260680405000185	2606804050000026
260680405000223	2606804050000026
260680405000256	2606804050000026
260680405000144	2606804050000026
260680405000031	2606804050000027
260680405000198	2606804050000028
260680405000199	2606804050000028
260680405000033	2606804050000029
260680405000034	2606804050000030
260680405000035	2606804050000031
260680405000187	2606804050000032
260680405000188	2606804050000032
260680405000037	2606804050000033
260680405000038	2606804050000034
260680405000039	2606804050000035
260680405000040	2606804050000036
260680405000041	2606804050000037
260680405000154	2606804050000038
260680405000231	2606804050000038
260680405000232	2606804050000038
260680405000109	2606804050000038
260680405000146	2606804050000038
260680405000150	2606804050000038
260680405000229	2606804050000038
260680405000155	2606804050000038
260680405000230	2606804050000038
260680405000147	2606804050000038
260680405000221	2606804050000038
260680405000222	2606804050000038
260680405000258	2606804050000039
260680405000259	2606804050000039
260680405000044	2606804050000040
260680405000177	2606804050000041
260680405000178	2606804050000041
260680405000046	2606804050000042
260680405000190	2606804050000043
260680405000189	2606804050000043
260680405000191	2606804050000044
260680405000192	2606804050000044
260680405000049	2606804050000045
260680405000050	2606804050000046
260680405000219	2606804050000047
260680405000220	2606804050000047
260680405000225	2606804050000048
260680405000193	2606804050000048
260680405000226	2606804050000048
260680405000053	2606804050000049
260680405000056	2606804050000050
260680405000057	2606804050000051
260680405000058	2606804050000052
260680405000141	2606804050000053
260680405000140	2606804050000053
260680405000214	2606804050000054
260680405000215	2606804050000054
260680405000218	2606804050000055
260680405000217	2606804050000055
260680405000176	2606804050000055
260680405000064	2606804050000056
260680405000065	2606804050000057
260680405000066	2606804050000058
260680405000067	2606804050000059
260680405000068	2606804050000060
260680405000069	2606804050000061
260680405000071	2606804050000062
260680405000072	2606804050000063
260680405000073	2606804050000064
260680405000216	2606804050000065
260680405000260	2606804050000065
260680405000080	2606804050000065
260680405000158	2606804050000065
260680405000159	2606804050000065
260680405000077	2606804050000066
260680405000078	2606804050000067
260680405000082	2606804050000068
260680405000083	2606804050000069
260680405000084	2606804050000070
260680405000085	2606804050000071
260680405000086	2606804050000072
260680405000087	2606804050000073
260680405000137	2606804050000074
260680405000204	2606804050000074
260680405000136	2606804050000074
260680405000250	2606804050000075
260680405000251	2606804050000075
260680405000091	2606804050000076
260680405000092	2606804050000077
260680405000196	2606804050000078
260680405000195	2606804050000078
260680405000142	2606804050000079
260680405000254	2606804050000079
260680405000255	2606804050000079
260680405000095	2606804050000080
260680405000096	2606804050000081
260680405000097	2606804050000082
260680405000098	2606804050000083
260680405000099	2606804050000084
260680405000100	2606804050000085
260680405000101	2606804050000086
260680405000102	2606804050000087
260680405000103	2606804050000088
260680405000104	2606804050000089
260680405000105	2606804050000090
260680405000106	2606804050000091
260680405000107	2606804050000092
260680405000110	2606804050000093
260680405000205	2606804050000094
260680405000206	2606804050000094
260680405000112	2606804050000095
260680405000113	2606804050000096
260680405000114	2606804050000097
260680405000138	2606804050000098
260680405000139	2606804050000098
260680405000207	2606804050000099
260680405000208	2606804050000099
260680405000117	2606804050000100
260680405000120	2606804050000101
260680405000121	2606804050000102
260680405000122	2606804050000103
260680405000239	2606804050000104
260680405000240	2606804050000104
260680405000124	2606804050000105
260680405000125	2606804050000106
260680420000004	2606804200000001
260680420000016	2606804200000001
260680420000017	2606804200000001
260680420000013	2606804200000001
260680420000015	2606804200000001
260680420000018	2606804200000001
260680420000010	2606804200000001
260680420000008	2606804200000001
260680420000012	2606804200000001
260680420000021	2606804200000001
260680420000019	2606804200000001
260680420000011	2606804200000001
260680420000014	2606804200000001
260680420000020	2606804200000001
260680425000004	2606804250000001
260680425000005	2606804250000001
260680425000002	2606804250000002
260680425000003	2606804250000003
260720805000066	2607208050000001
260720805000067	2607208050000001
260720805000036	2607208050000002
260720805000037	2607208050000002
260720805000025	2607208050000002
260720805000069	2607208050000003
260720805000068	2607208050000003
260720805000070	2607208050000004
260720805000099	2607208050000004
260720805000078	2607208050000004
260720805000033	2607208050000004
260720805000101	2607208050000004
260720805000085	2607208050000004
260720805000123	2607208050000004
260720805000096	2607208050000004
260720805000102	2607208050000004
260720805000053	2607208050000004
260720805000097	2607208050000004
260720805000109	2607208050000004
260720805000124	2607208050000004
260720805000095	2607208050000004
260720805000052	2607208050000004
260720805000055	2607208050000004
260720805000041	2607208050000004
260720805000051	2607208050000004
260720805000120	2607208050000004
260720805000080	2607208050000004
260720805000065	2607208050000004
260720805000049	2607208050000004
260720805000050	2607208050000004
260720805000075	2607208050000004
260720805000119	2607208050000004
260720805000100	2607208050000004
260720805000054	2607208050000004
260720805000081	2607208050000004
260720805000122	2607208050000004
260720805000089	2607208050000004
260720805000093	2607208050000004
260720805000117	2607208050000004
260720805000071	2607208050000004
260720805000077	2607208050000004
260720805000082	2607208050000004
260720805000098	2607208050000004
260720805000092	2607208050000004
260720805000083	2607208050000004
260720805000118	2607208050000004
260720805000086	2607208050000004
260720805000076	2607208050000004
260720805000087	2607208050000004
260720805000091	2607208050000004
260720805000094	2607208050000004
260720805000121	2607208050000004
260720805000079	2607208050000004
260720805000021	2607208050000004
260720805000022	2607208050000004
260720805000040	2607208050000004
260720805000048	2607208050000004
260720805000103	2607208050000005
260720805000112	2607208050000005
260720805000106	2607208050000005
260720805000107	2607208050000005
260720805000110	2607208050000005
260720805000072	2607208050000005
260720805000113	2607208050000005
260720805000114	2607208050000005
260720805000115	2607208050000005
260720805000105	2607208050000005
260720805000111	2607208050000005
260720805000104	2607208050000005
260720805000116	2607208050000005
260720805000010	2607208050000006
260720805000057	2607208050000007
260720805000058	2607208050000007
260720805000056	2607208050000007
260720805000061	2607208050000007
260720805000012	2607208050000007
260720805000060	2607208050000007
260720805000059	2607208050000007
260720805000014	2607208050000008
260720805000017	2607208050000009
260720805000018	2607208050000010
260720805000028	2607208050000011
260720805000029	2607208050000012
260720810000062	2607208100000001
260720810000023	2607208100000001
260720810000055	2607208100000001
260720810000064	2607208100000001
260720810000025	2607208100000001
260720810000011	2607208100000001
260720810000054	2607208100000001
260720810000024	2607208100000001
260720810000026	2607208100000001
260720810000050	2607208100000001
260720810000057	2607208100000001
260720810000061	2607208100000001
260720810000043	2607208100000001
260720810000044	2607208100000001
260720810000028	2607208100000001
260720810000045	2607208100000001
260720810000031	2607208100000001
260720810000039	2607208100000001
260720810000048	2607208100000001
260720810000058	2607208100000001
260720810000046	2607208100000001
260720810000049	2607208100000001
260720810000032	2607208100000001
260720810000036	2607208100000001
260720810000056	2607208100000001
260720810000060	2607208100000001
260720810000065	2607208100000001
260720810000040	2607208100000001
260720810000053	2607208100000001
260720810000029	2607208100000001
260720810000035	2607208100000001
260720810000037	2607208100000001
260720810000034	2607208100000001
260720810000030	2607208100000001
260720810000059	2607208100000001
260720810000052	2607208100000001
260720810000042	2607208100000001
260720810000033	2607208100000001
260720810000063	2607208100000001
260720810000051	2607208100000001
260720810000002	2607208100000002
260720810000003	2607208100000003
260720810000027	2607208100000004
260720810000006	2607208100000005
260720810000009	2607208100000006
260720810000022	2607208100000007
260720815000001	2607208150000001
260720815000002	2607208150000002
260720815000144	2607208150000003
260720815000117	2607208150000003
260720815000148	2607208150000003
260720815000115	2607208150000003
260720815000045	2607208150000003
260720815000093	2607208150000003
260720815000129	2607208150000003
260720815000132	2607208150000003
260720815000131	2607208150000003
260720815000108	2607208150000003
260720815000120	2607208150000003
260720815000074	2607208150000003
260720815000044	2607208150000003
260720815000069	2607208150000003
260720815000079	2607208150000003
260720815000090	2607208150000003
260720815000046	2607208150000003
260720815000105	2607208150000003
260720815000094	2607208150000003
260720815000073	2607208150000003
260720815000127	2607208150000003
260720815000135	2607208150000003
260720815000051	2607208150000003
260720815000116	2607208150000003
260720815000056	2607208150000003
260720815000122	2607208150000003
260720815000143	2607208150000003
260720815000119	2607208150000003
260720815000123	2607208150000003
260720815000121	2607208150000003
260720815000099	2607208150000003
260720815000142	2607208150000003
260720815000118	2607208150000003
260720815000097	2607208150000003
260720815000133	2607208150000003
260720815000113	2607208150000003
260720815000111	2607208150000003
260720815000076	2607208150000003
260720815000140	2607208150000003
260720815000114	2607208150000003
260720815000112	2607208150000003
260720815000110	2607208150000003
260720815000091	2607208150000003
260720815000134	2607208150000003
260720815000130	2607208150000003
260720815000089	2607208150000003
260720815000098	2607208150000003
260720815000145	2607208150000003
260720815000092	2607208150000003
260720815000057	2607208150000003
260720815000096	2607208150000003
260720815000070	2607208150000003
260720815000149	2607208150000003
260720815000075	2607208150000003
260720815000095	2607208150000003
260720815000141	2607208150000003
260720815000126	2607208150000003
260720815000038	2607208150000003
260720815000047	2607208150000004
260720815000048	2607208150000004
260720815000049	2607208150000005
260720815000050	2607208150000005
260720815000006	2607208150000006
260720815000007	2607208150000007
260720815000058	2607208150000008
260720815000059	2607208150000008
260720815000013	2607208150000009
260720815000060	2607208150000010
260720815000061	2607208150000010
260720815000015	2607208150000011
260720815000147	2607208150000012
260720815000062	2607208150000012
260720815000085	2607208150000012
260720815000083	2607208150000012
260720815000146	2607208150000012
260720815000102	2607208150000012
260720815000064	2607208150000012
260720815000084	2607208150000012
260720815000063	2607208150000012
260720815000023	2607208150000012
260720815000136	2607208150000013
260720815000137	2607208150000013
260720815000138	2607208150000013
260720815000139	2607208150000013
260720815000101	2607208150000014
260720815000100	2607208150000014
260720815000086	2607208150000014
260720815000067	2607208150000014
260720815000087	2607208150000014
260720815000068	2607208150000014
260720815000071	2607208150000015
260720815000072	2607208150000015
260720815000029	2607208150000016
260720815000030	2607208150000017
260720815000031	2607208150000018
260720815000124	2607208150000019
260720815000125	2607208150000019
260720815000033	2607208150000020
260720815000082	2607208150000021
260720815000081	2607208150000021
260720815000036	2607208150000022
260720815000037	2607208150000023
260720815000040	2607208150000024
260760405000001	2607604050000001
260760405000002	2607604050000002
260760405000003	2607604050000003
260760405000004	2607604050000004
260760405000005	2607604050000005
260760405000077	2607604050000006
260760405000078	2607604050000006
260760405000007	2607604050000007
260760405000008	2607604050000008
260760405000009	2607604050000009
260760405000010	2607604050000010
260760405000088	2607604050000011
260760405000089	2607604050000011
260760405000126	2607604050000011
260760405000127	2607604050000011
260760405000090	2607604050000011
260760405000124	2607604050000012
260760405000125	2607604050000012
260760405000081	2607604050000013
260760405000082	2607604050000013
260760405000015	2607604050000014
260760405000016	2607604050000015
260760405000106	2607604050000016
260760405000107	2607604050000016
260760405000018	2607604050000017
260760405000099	2607604050000018
260760405000098	2607604050000018
260760405000046	2607604050000019
260760405000043	2607604050000019
260760405000067	2607604050000019
260760405000117	2607604050000019
260760405000100	2607604050000019
260760405000103	2607604050000019
260760405000097	2607604050000019
260760405000128	2607604050000019
260760405000129	2607604050000019
260760405000131	2607604050000019
260760405000062	2607604050000019
260760405000080	2607604050000019
260760405000115	2607604050000019
260760405000134	2607604050000019
260760405000130	2607604050000019
260760405000120	2607604050000019
260760405000045	2607604050000019
260760405000109	2607604050000019
260760405000113	2607604050000019
260760405000119	2607604050000019
260760405000133	2607604050000019
260760405000123	2607604050000019
260760405000066	2607604050000019
260760405000068	2607604050000019
260760405000121	2607604050000019
260760405000104	2607604050000019
260760405000071	2607604050000019
260760405000122	2607604050000019
260760405000110	2607604050000019
260760405000112	2607604050000019
260760405000084	2607604050000019
260760405000116	2607604050000019
260760405000079	2607604050000019
260760405000069	2607604050000019
260760405000118	2607604050000019
260760405000108	2607604050000019
260760405000044	2607604050000019
260760405000065	2607604050000019
260760405000096	2607604050000019
260760405000076	2607604050000019
260760405000105	2607604050000019
260760405000132	2607604050000019
260760405000111	2607604050000019
260760405000102	2607604050000019
260760405000073	2607604050000019
260760405000074	2607604050000019
260760405000114	2607604050000019
260760405000092	2607604050000019
260760405000094	2607604050000019
260760405000042	2607604050000019
260760405000075	2607604050000019
260760405000083	2607604050000019
260760405000072	2607604050000019
260760405000023	2607604050000020
260760405000024	2607604050000021
260760405000025	2607604050000022
260760405000026	2607604050000023
260760405000027	2607604050000024
260760405000028	2607604050000025
260760405000029	2607604050000026
260760405000030	2607604050000027
260760405000033	2607604050000028
260760405000038	2607604050000029
260760405000039	2607604050000030
260760405000040	2607604050000031
260760405000047	2607604050000032
260760405000048	2607604050000033
260760405000049	2607604050000034
260760405000050	2607604050000035
260760405000051	2607604050000036
260760405000085	2607604050000037
260760405000086	2607604050000037
260760405000053	2607604050000038
260760405000054	2607604050000039
260760405000056	2607604050000040
260760405000057	2607604050000041
260760405000063	2607604050000042
260775205000001	2607752050000001
260775205000002	2607752050000002
260775205000003	2607752050000003
260775205000004	2607752050000004
260775205000061	2607752050000005
260775205000025	2607752050000005
260775205000051	2607752050000005
260775205000033	2607752050000005
260775205000048	2607752050000005
260775205000058	2607752050000005
260775205000050	2607752050000005
260775205000060	2607752050000005
260775205000059	2607752050000005
260775205000043	2607752050000005
260775205000055	2607752050000005
260775205000056	2607752050000005
260775205000047	2607752050000005
260775205000062	2607752050000005
260775205000037	2607752050000005
260775205000036	2607752050000005
260775205000042	2607752050000005
260775205000046	2607752050000005
260775205000045	2607752050000005
260775205000057	2607752050000005
260775205000006	2607752050000006
260775205000007	2607752050000007
260775205000008	2607752050000008
260775205000009	2607752050000009
260775205000010	2607752050000010
260775205000011	2607752050000011
260775205000012	2607752050000012
260775205000013	2607752050000013
260775205000052	2607752050000014
260775205000053	2607752050000014
260775205000019	2607752050000015
260775205000020	2607752050000016
260775205000021	2607752050000017
260775205000022	2607752050000018
260775205000023	2607752050000019
260775205000024	2607752050000020
260775205000026	2607752050000021
260775205000027	2607752050000022
260775205000028	2607752050000023
260775205000029	2607752050000024
260775205000030	2607752050000025
260775205000031	2607752050000026
260775205000032	2607752050000027
260790105000437	2607901050000018
260790105000745	2607901050000018
260790105000929	2607901050000018
260790105000835	2607901050000018
260790105000740	2607901050000018
260790105000834	2607901050000018
260790105000440	2607901050000019
260790105000441	2607901050000019
260790105000013	2607901050000020
260790105000443	2607901050000021
260790105000442	2607901050000021
260790105000015	2607901050000022
260790105000445	2607901050000023
260790105000928	2607901050000023
260790105000447	2607901050000023
260790105000824	2607901050000023
260790105000018	2607901050000024
260790105000673	2607901050000025
260790105000674	2607901050000025
260790105000020	2607901050000026
260790105000021	2607901050000027
260790105000022	2607901050000028
260790105000448	2607901050000029
260790105000449	2607901050000029
260790105000451	2607901050000030
260790105000450	2607901050000030
260790105000025	2607901050000031
260790105000452	2607901050000032
260790105000453	2607901050000032
260790105000027	2607901050000033
260790105000028	2607901050000034
260790105000029	2607901050000035
260790105000454	2607901050000036
260790105000455	2607901050000036
260790105000031	2607901050000037
260790105000456	2607901050000038
260790105000457	2607901050000038
260790105000033	2607901050000039
260790105000459	2607901050000040
260790105000458	2607901050000040
260790105000676	2607901050000041
260790105000675	2607901050000041
260790105000460	2607901050000042
260790105000461	2607901050000042
260790105000677	2607901050000043
260790105000678	2607901050000043
260790105000038	2607901050000044
260790105000039	2607901050000045
260790105000040	2607901050000046
260790105000803	2607901050000047
260790105000802	2607901050000047
260790105000463	2607901050000047
260790105000464	2607901050000048
260790105000466	2607901050000048
260790105000465	2607901050000048
260790105000680	2607901050000049
260790105000689	2607901050000049
260790105000688	2607901050000049
260790105000679	2607901050000049
260790105000477	2607901050000050
260790105000044	2607901050000050
260790105000752	2607901050000050
260790105000766	2607901050000050
260790105000479	2607901050000050
260790105000827	2607901050000050
260790105000478	2607901050000050
260790105000826	2607901050000050
260790105000767	2607901050000050
260790105000468	2607901050000051
260790105000467	2607901050000051
260790105000682	2607901050000052
260790105000681	2607901050000052
260790105000784	2607901050000053
260790105000785	2607901050000053
260790105000048	2607901050000054
260790105000049	2607901050000055
260790105000050	2607901050000056
260790105000051	2607901050000057
260790105000052	2607901050000058
260790105000053	2607901050000059
260790105000054	2607901050000060
260790105000055	2607901050000061
260790105000056	2607901050000062
260790105000684	2607901050000063
260790105000683	2607901050000063
260790105000868	2607901050000064
260790105000881	2607901050000064
260790105000059	2607901050000065
260790105000060	2607901050000066
260790105000870	2607901050000067
260790105000869	2607901050000067
260790105000875	2607901050000068
260790105000876	2607901050000068
260790105000469	2607901050000068
260790105000879	2607901050000069
260790105000880	2607901050000069
260790105000064	2607901050000070
260790105000871	2607901050000071
260790105000872	2607901050000071
260790105000066	2607901050000072
260790105000472	2607901050000073
260790105000471	2607901050000073
260790105000068	2607901050000074
260790105000069	2607901050000075
260790105000473	2607901050000076
260790105000474	2607901050000076
260790105000071	2607901050000077
260790105000072	2607901050000078
260790105000073	2607901050000079
260790105000475	2607901050000080
260790105000476	2607901050000080
260790105000906	2607901050000081
260790105000907	2607901050000081
260790105000482	2607901050000082
260790105000481	2607901050000082
260790105000890	2607901050000083
260790105000891	2607901050000083
260790105000484	2607901050000084
260790105000483	2607901050000084
260790105000081	2607901050000085
260790105000082	2607901050000086
260790105000877	2607901050000087
260790105000878	2607901050000087
260790105000084	2607901050000088
260790105000685	2607901050000089
260790105000485	2607901050000089
260790105000686	2607901050000089
260790105000873	2607901050000089
260790105000687	2607901050000089
260790105000874	2607901050000089
260790105000486	2607901050000089
260790105000488	2607901050000090
260790105000487	2607901050000090
260790105000089	2607901050000091
260790105000090	2607901050000092
260790105000091	2607901050000093
260790105000489	2607901050000094
260790105000923	2607901050000094
260790105000922	2607901050000094
260790105000093	2607901050000095
260790105000491	2607901050000096
260790105000492	2607901050000096
260790105000095	2607901050000097
260790105000744	2607901050000098
260790105000493	2607901050000098
260790105000495	2607901050000098
260790105000494	2607901050000098
260790105000425	2607901050000099
260790105000788	2607901050000099
260790105000789	2607901050000099
260790105000496	2607901050000100
260790105000497	2607901050000100
260790105000498	2607901050000101
260790105000499	2607901050000101
260790105000746	2607901050000102
260790105000501	2607901050000102
260790105000500	2607901050000102
260790105000101	2607901050000103
260790105000905	2607901050000104
260790105000904	2607901050000104
260790105000103	2607901050000105
260790105000502	2607901050000106
260790105000503	2607901050000106
260790105000506	2607901050000107
260790105000505	2607901050000107
260790105000504	2607901050000107
260790105000508	2607901050000108
260790105000860	2607901050000108
260790105000509	2607901050000108
260790105000861	2607901050000108
260790105000786	2607901050000108
260790105000511	2607901050000109
260790105000510	2607901050000109
260790105000226	2607901050000110
260790105000930	2607901050000110
260790105000931	2607901050000110
260790105000512	2607901050000111
260790105000769	2607901050000111
260790105000768	2607901050000111
260790105000110	2607901050000112
260790105000111	2607901050000113
260790105000925	2607901050000114
260790105000116	2607901050000115
260790105000924	2607901050000116
260790105000121	2607901050000117
260790105000514	2607901050000118
260790105000515	2607901050000118
260790105000124	2607901050000119
260790105000518	2607901050000120
260790105000724	2607901050000120
260790105000423	2607901050000120
260790105000516	2607901050000120
260790105000725	2607901050000120
260790105000517	2607901050000120
260790105000126	2607901050000121
260790105000127	2607901050000122
260790105000128	2607901050000123
260790105000129	2607901050000124
260790105000723	2607901050000125
260790105000859	2607901050000125
260790105000858	2607901050000125
260790105000823	2607901050000125
260790105000822	2607901050000125
260790105000926	2607901050000126
260790105000726	2607901050000127
260790105000134	2607901050000128
260790105000135	2607901050000129
260790105000750	2607901050000130
260790105000751	2607901050000130
260790105000137	2607901050000131
260790105000138	2607901050000132
260790105000884	2607901050000133
260790105000885	2607901050000133
260790105000519	2607901050000133
260790105000747	2607901050000133
260790105000140	2607901050000134
260790105000141	2607901050000135
260790105000521	2607901050000136
260790105000522	2607901050000136
260790105000143	2607901050000137
260790105000690	2607901050000138
260790105000883	2607901050000138
260790105000882	2607901050000138
260790105000145	2607901050000139
260790105000146	2607901050000140
260790105000692	2607901050000141
260790105000693	2607901050000141
260790105000149	2607901050000142
260790105000850	2607901050000143
260790105000849	2607901050000143
260790105000851	2607901050000144
260790105000852	2607901050000144
260790105000152	2607901050000145
260790105000615	2607901050000146
260790105000616	2607901050000146
260790105000153	2607901050000146
260790105000154	2607901050000147
260790105000918	2607901050000148
260790105000919	2607901050000148
260790105000156	2607901050000149
260790105000157	2607901050000150
260790105000158	2607901050000151
260790105000159	2607901050000152
260790105000160	2607901050000153
260790105000161	2607901050000154
260790105000162	2607901050000155
260790105000163	2607901050000156
260790105000164	2607901050000157
260790105000165	2607901050000158
260790105000166	2607901050000159
260790105000167	2607901050000160
260790105000168	2607901050000161
260790105000169	2607901050000162
260790105000779	2607901050000163
260790105000778	2607901050000163
260790105000171	2607901050000164
260790105000172	2607901050000165
260790105000173	2607901050000166
260790105000174	2607901050000167
260790105000175	2607901050000168
260790105000176	2607901050000169
260790105000177	2607901050000170
260790105000528	2607901050000171
260790105000529	2607901050000171
260790105000179	2607901050000172
260790105000180	2607901050000173
260790105000181	2607901050000174
260790105000182	2607901050000175
260790105000183	2607901050000176
260790105000184	2607901050000177
260790105000185	2607901050000178
260790105000186	2607901050000179
260790105000531	2607901050000180
260790105000530	2607901050000180
260790105000537	2607901050000181
260790105000533	2607901050000181
260790105000536	2607901050000181
260790105000534	2607901050000181
260790105000794	2607901050000181
260790105000535	2607901050000181
260790105000795	2607901050000181
260790105000194	2607901050000182
260790105000660	2607901050000183
260790105000910	2607901050000183
260790105000863	2607901050000183
260790105000419	2607901050000183
260790105000656	2607901050000183
260790105000643	2607901050000183
260790105000865	2607901050000183
260790105000866	2607901050000183
260790105000422	2607901050000183
260790105000414	2607901050000183
260790105000908	2607901050000183
260790105000661	2607901050000183
260790105000909	2607901050000183
260790105000420	2607901050000183
260790105000658	2607901050000183
260790105000867	2607901050000183
260790105000911	2607901050000183
260790105000657	2607901050000183
260790105000864	2607901050000183
260790105000862	2607901050000183
260790105000933	2607901050000183
260790105000765	2607901050000183
260790105000764	2607901050000183
260790105000932	2607901050000183
260790105000644	2607901050000183
260790105000807	2607901050000183
260790105000662	2607901050000183
260790105000806	2607901050000183
260790105000669	2607901050000184
260790105000416	2607901050000184
260790105000198	2607901050000184
260790105000702	2607901050000185
260790105000703	2607901050000185
260790105000704	2607901050000186
260790105000705	2607901050000186
260790105000696	2607901050000187
260790105000695	2607901050000187
260790105000202	2607901050000188
260790105000541	2607901050000189
260790105000540	2607901050000189
260790105000542	2607901050000190
260790105000543	2607901050000190
260790105000545	2607901050000191
260790105000544	2607901050000191
260790105000793	2607901050000192
260790105000792	2607901050000192
260790105000836	2607901050000193
260790105000837	2607901050000193
260790105000546	2607901050000194
260790105000547	2607901050000194
260790105000548	2607901050000195
260790105000549	2607901050000195
260790105000210	2607901050000196
260790105000211	2607901050000197
260790105000550	2607901050000198
260790105000551	2607901050000198
260790105000808	2607901050000199
260790105000809	2607901050000199
260790105000554	2607901050000199
260790105000706	2607901050000199
260790105000215	2607901050000200
260790105000216	2607901050000201
260790105000217	2607901050000202
260790105000219	2607901050000203
260790105000220	2607901050000204
260790105000888	2607901050000205
260790105000558	2607901050000206
260790105000557	2607901050000206
260790105000800	2607901050000207
260790105000801	2607901050000207
260790105000225	2607901050000208
260790105000228	2607901050000209
260790105000708	2607901050000210
260790105000709	2607901050000210
260790105000232	2607901050000211
260790105000233	2607901050000212
260790105000711	2607901050000213
260790105000710	2607901050000213
260790105000235	2607901050000214
260790105000236	2607901050000215
260790105000237	2607901050000216
260790105000238	2607901050000217
260790105000843	2607901050000218
260790105000844	2607901050000218
260790105000563	2607901050000218
260790105000842	2607901050000218
260790105000240	2607901050000219
260790105000712	2607901050000220
260790105000713	2607901050000220
260790105000242	2607901050000221
260790105000243	2607901050000222
260790105000244	2607901050000223
260790105000565	2607901050000224
260790105000566	2607901050000224
260790105000246	2607901050000225
260790105000568	2607901050000226
260790105000567	2607901050000226
260790105000569	2607901050000227
260790105000570	2607901050000227
260790105000249	2607901050000228
260790105000714	2607901050000229
260790105000715	2607901050000229
260790105000572	2607901050000230
260790105000571	2607901050000230
260790105000252	2607901050000231
260790105000253	2607901050000232
260790105000574	2607901050000233
260790105000573	2607901050000233
260790105000255	2607901050000234
260790105000738	2607901050000235
260790105000737	2607901050000235
260790105000585	2607901050000235
260790105000584	2607901050000235
260790105000651	2607901050000235
260790105000650	2607901050000235
260790105000257	2607901050000236
260790105000258	2607901050000237
260790105000259	2607901050000238
260790105000841	2607901050000239
260790105000578	2607901050000239
260790105000840	2607901050000239
260790105000580	2607901050000240
260790105000579	2607901050000240
260790105000582	2607901050000241
260790105000581	2607901050000241
260790105000583	2607901050000241
260790105000749	2607901050000242
260790105000748	2607901050000242
260790105000265	2607901050000243
260790105000266	2607901050000244
260790105000587	2607901050000245
260790105000839	2607901050000245
260790105000838	2607901050000245
260790105000269	2607901050000246
260790105000271	2607901050000247
260790105000272	2607901050000248
260790105000274	2607901050000249
260790105000275	2607901050000250
260790105000717	2607901050000251
260790105000716	2607901050000251
260790105000277	2607901050000252
260790105000278	2607901050000253
260790105000279	2607901050000254
260790105000280	2607901050000255
260790105000718	2607901050000256
260790105000719	2607901050000256
260790105000594	2607901050000257
260790105000593	2607901050000257
260790105000596	2607901050000258
260790105000595	2607901050000258
260790105000721	2607901050000259
260790105000720	2607901050000259
260790105000287	2607901050000260
260790105000288	2607901050000261
260790105000289	2607901050000262
260790105000290	2607901050000263
260790105000853	2607901050000264
260790105000854	2607901050000264
260790105000855	2607901050000264
260790105000780	2607901050000265
260790105000799	2607901050000265
260790105000602	2607901050000265
260790105000603	2607901050000265
260790105000782	2607901050000265
260790105000798	2607901050000265
260790105000783	2607901050000265
260790105000781	2607901050000265
260790105000295	2607901050000266
260790105000297	2607901050000267
260790105000298	2607901050000268
260790105000299	2607901050000269
260790105000300	2607901050000270
260790105000301	2607901050000271
260790105000302	2607901050000272
260790105000303	2607901050000273
260790105000903	2607901050000274
260790105000902	2607901050000274
260790105000305	2607901050000275
260790105000608	2607901050000276
260790105000609	2607901050000276
260790105000727	2607901050000276
260790105000611	2607901050000277
260790105000610	2607901050000277
260790105000728	2607901050000277
260790105000622	2607901050000278
260790105000621	2607901050000278
260790105000754	2607901050000279
260790105000613	2607901050000279
260790105000612	2607901050000279
260790105000755	2607901050000279
260790105000756	2607901050000279
260790105000796	2607901050000280
260790105000797	2607901050000280
260790105000316	2607901050000281
260790105000617	2607901050000282
260790105000618	2607901050000282
260790105000620	2607901050000283
260790105000619	2607901050000283
260790105000757	2607901050000284
260790105000758	2607901050000284
260790105000626	2607901050000285
260790105000625	2607901050000285
260790105000322	2607901050000286
260790105000323	2607901050000287
260790105000324	2607901050000288
260790105000627	2607901050000289
260790105000628	2607901050000289
260790105000629	2607901050000290
260790105000630	2607901050000290
260790105000631	2607901050000291
260790105000632	2607901050000291
260790105000328	2607901050000292
260790105000732	2607901050000293
260790105000731	2607901050000293
260790105000893	2607901050000294
260790105000892	2607901050000294
260790105000846	2607901050000295
260790105000845	2607901050000295
260790105000347	2607901050000296
260790105000348	2607901050000297
260790105000649	2607901050000298
260790105000647	2607901050000298
260790105000648	2607901050000298
260790105000350	2607901050000299
260790105000805	2607901050000300
260790105000804	2607901050000300
260790105000743	2607901050000301
260790105000742	2607901050000301
260790105000816	2607901050000302
260790105000652	2607901050000302
260790105000817	2607901050000302
260790105000736	2607901050000303
260790105000735	2607901050000303
260790105000358	2607901050000304
260790105000363	2607901050000305
260790105000365	2607901050000305
260790105000421	2607901050000305
260790105000364	2607901050000306
260790105000367	2607901050000307
260790105000368	2607901050000308
260790105000371	2607901050000309
260790105000848	2607901050000310
260790105000847	2607901050000310
260790105000375	2607901050000311
260790105000376	2607901050000312
260790105000377	2607901050000313
260790105000380	2607901050000314
260790105000385	2607901050000315
260790105000386	2607901050000316
260790105000387	2607901050000317
260790105000388	2607901050000318
260790105000395	2607901050000319
260790105000663	2607901050000320
260790105000664	2607901050000320
260790105000398	2607901050000321
260790105000399	2607901050000322
260790105000400	2607901050000323
260790105000401	2607901050000324
260790105000402	2607901050000325
260790105000403	2607901050000326
260790105000404	2607901050000327
260790105000406	2607901050000328
260790105000670	2607901050000329
260790105000739	2607901050000329
260790105000729	2607901050000330
260790105000665	2607901050000330
260790105000666	2607901050000330
260790105000668	2607901050000331
260790105000927	2607901050000331
260790105000410	2607901050000332
260790105000411	2607901050000333
260790105000857	2607901050000334
260790105000856	2607901050000334
260790105000413	2607901050000335
260790110000139	2607901100000001
260790110000138	2607901100000001
260790110000238	2607901100000001
260790110000237	2607901100000001
260790110000002	2607901100000002
260790110000145	2607901100000003
260790110000146	2607901100000003
260790110000226	2607901100000003
260790110000144	2607901100000003
260790110000227	2607901100000003
260790110000229	2607901100000003
260790110000156	2607901100000003
260790110000155	2607901100000003
260790110000228	2607901100000003
260790110000230	2607901100000003
260790110000232	2607901100000004
260790110000231	2607901100000004
260790110000234	2607901100000005
260790110000233	2607901100000005
260790110000224	2607901100000006
260790110000225	2607901100000006
260790110000008	2607901100000007
260790110000009	2607901100000008
260790110000010	2607901100000009
260790110000141	2607901100000010
260790110000140	2607901100000010
260790110000012	2607901100000011
260790110000250	2607901100000012
260790110000249	2607901100000012
260790110000142	2607901100000012
260790110000152	2607901100000012
260790110000151	2607901100000012
260790110000214	2607901100000013
260790110000215	2607901100000013
260790110000016	2607901100000014
260790110000236	2607901100000015
260790110000235	2607901100000015
260790110000147	2607901100000015
260790110000018	2607901100000016
260790110000209	2607901100000017
260790110000208	2607901100000017
260790110000020	2607901100000018
260790110000021	2607901100000019
260790110000022	2607901100000020
260790110000149	2607901100000021
260790110000150	2607901100000021
260790110000153	2607901100000022
260790110000026	2607901100000022
260790110000154	2607901100000022
260790110000027	2607901100000023
260790110000028	2607901100000024
260790110000029	2607901100000025
260790110000211	2607901100000026
260790110000223	2607901100000026
260790110000222	2607901100000026
260790110000033	2607901100000027
260790110000034	2607901100000028
260790110000035	2607901100000029
260790110000262	2607901100000030
260790110000263	2607901100000030
260790110000158	2607901100000031
260790110000218	2607901100000031
260790110000219	2607901100000031
260790110000160	2607901100000032
260790110000159	2607901100000032
260790110000039	2607901100000033
260790110000040	2607901100000034
260790110000162	2607901100000035
260790110000161	2607901100000035
260790110000165	2607901100000036
260790110000164	2607901100000036
260790110000221	2607901100000036
260790110000220	2607901100000036
260790110000043	2607901100000037
260790110000044	2607901100000038
260790110000247	2607901100000039
260790110000248	2607901100000039
260790110000046	2607901100000040
260790110000047	2607901100000041
260790110000166	2607901100000042
260790110000167	2607901100000042
260790110000207	2607901100000043
260790110000206	2607901100000043
260790110000050	2607901100000044
260790110000051	2607901100000045
260790110000052	2607901100000046
260790110000169	2607901100000047
260790110000168	2607901100000047
260790110000054	2607901100000048
260790110000055	2607901100000049
260790110000171	2607901100000050
260790110000170	2607901100000050
260790110000057	2607901100000051
260790110000172	2607901100000052
260790110000173	2607901100000052
260790110000059	2607901100000053
260790110000060	2607901100000054
260790110000061	2607901100000055
260790110000244	2607901100000056
260790110000239	2607901100000056
260790110000174	2607901100000057
260790110000175	2607901100000057
260790110000251	2607901100000058
260790110000252	2607901100000058
260790110000186	2607901100000059
260790110000261	2607901100000059
260790110000243	2607901100000060
260790110000242	2607901100000060
260790110000176	2607901100000060
260790110000177	2607901100000060
260790110000067	2607901100000061
260790110000069	2607901100000062
260790110000070	2607901100000063
260790110000071	2607901100000064
260790110000072	2607901100000065
260790110000073	2607901100000066
260790110000074	2607901100000067
260790110000075	2607901100000068
260790110000076	2607901100000069
260790110000077	2607901100000070
260790110000240	2607901100000071
260790110000241	2607901100000071
260790110000079	2607901100000072
260790110000216	2607901100000073
260790110000217	2607901100000073
260790110000081	2607901100000074
260790110000264	2607901100000075
260790110000265	2607901100000075
260790110000179	2607901100000075
260790110000083	2607901100000076
260790110000084	2607901100000077
260790110000085	2607901100000078
260790110000180	2607901100000079
260790110000181	2607901100000079
260790110000087	2607901100000080
260790110000088	2607901100000081
260790110000089	2607901100000082
260790110000090	2607901100000083
260790110000091	2607901100000084
260790110000092	2607901100000085
260790110000246	2607901100000086
260790110000245	2607901100000086
260790110000182	2607901100000087
260790110000184	2607901100000087
260790110000183	2607901100000087
260790110000185	2607901100000087
260790110000096	2607901100000088
260790110000097	2607901100000089
260790110000098	2607901100000090
260790110000099	2607901100000091
	2607901100000092
260790110000101	2607901100000093
260790110000102	2607901100000094
260790110000103	2607901100000095
260790110000104	2607901100000096
260790110000105	2607901100000097
260790110000257	2607901100000098
260790110000256	2607901100000098
260790110000188	2607901100000099
260790110000189	2607901100000099
260790110000108	2607901100000100
260790110000190	2607901100000101
260790110000191	2607901100000101
260790110000110	2607901100000102
260790110000111	2607901100000103
260790110000112	2607901100000104
260790110000113	2607901100000105
260790110000114	2607901100000106
260790110000198	2607901100000107
260790110000255	2607901100000107
260790110000199	2607901100000107
260790110000258	2607901100000107
260790110000253	2607901100000108
260790110000254	2607901100000108
260790110000193	2607901100000108
260790110000194	2607901100000109
260790110000196	2607901100000109
260790110000195	2607901100000109
260790110000197	2607901100000109
260790110000200	2607901100000110
260790110000201	2607901100000110
260790110000120	2607901100000111
260790110000202	2607901100000112
260790110000203	2607901100000112
260790110000122	2607901100000113
260790110000123	2607901100000114
260790110000205	2607901100000115
260790110000204	2607901100000115
260790110000125	2607901100000116
260790110000213	2607901100000117
260790110000212	2607901100000117
260790110000127	2607901100000118
260790110000128	2607901100000119
260790110000129	2607901100000120
260790110000130	2607901100000121
260790110000260	2607901100000122
260790110000259	2607901100000122
260790110000132	2607901100000123
260790110000133	2607901100000124
260790110000134	2607901100000125
260790110000135	2607901100000126
260790110000136	2607901100000127
260790110000137	2607901100000128
260790115000303	2607901150000001
260790115000302	2607901150000001
260790115000002	2607901150000002
260790115000239	2607901150000003
260790115000238	2607901150000003
260790115000305	2607901150000004
260790115000306	2607901150000004
260790115000304	2607901150000004
260790115000005	2607901150000005
260790115000219	2607901150000006
260790115000204	2607901150000006
260790115000220	2607901150000006
260790115000203	2607901150000006
260790115000151	2607901150000007
260790115000152	2607901150000007
260790115000008	2607901150000008
260790115000309	2607901150000009
260790115000310	2607901150000009
260790115000010	2607901150000010
260790115000011	2607901150000011
260790115000012	2607901150000012
260790115000154	2607901150000013
260790115000153	2607901150000013
260790115000014	2607901150000014
260790115000015	2607901150000015
260790115000199	2607901150000016
260790115000175	2607901150000016
260790115000155	2607901150000016
260790115000236	2607901150000016
260790115000251	2607901150000016
260790115000292	2607901150000016
260790115000293	2607901150000016
260790115000156	2607901150000016
260790115000291	2607901150000016
260790115000300	2607901150000016
260790115000090	2607901150000016
260790115000237	2607901150000016
260790115000253	2607901150000016
260790115000284	2607901150000016
260790115000285	2607901150000016
260790115000134	2607901150000016
260790115000200	2607901150000016
260790115000283	2607901150000016
260790115000176	2607901150000016
260790115000132	2607901150000016
260790115000299	2607901150000016
260790115000174	2607901150000016
260790115000311	2607901150000016
260790115000297	2607901150000016
260790115000177	2607901150000016
260790115000133	2607901150000016
260790115000296	2607901150000016
260790115000043	2607901150000016
260790115000298	2607901150000016
260790115000247	2607901150000016
260790115000246	2607901150000016
260790115000282	2607901150000016
260790115000123	2607901150000016
260790115000312	2607901150000016
260790115000198	2607901150000016
260790115000136	2607901150000016
260790115000017	2607901150000017
260790115000289	2607901150000018
260790115000290	2607901150000018
260790115000287	2607901150000019
260790115000288	2607901150000019
260790115000021	2607901150000020
260790115000022	2607901150000021
260790115000319	2607901150000022
260790115000024	2607901150000023
260790115000242	2607901150000023
260790115000145	2607901150000023
260790115000264	2607901150000023
260790115000265	2607901150000023
260790115000025	2607901150000024
260790115000308	2607901150000025
260790115000307	2607901150000025
260790115000027	2607901150000026
260790115000028	2607901150000027
260790115000233	2607901150000028
260790115000232	2607901150000028
260790115000030	2607901150000029
260790115000318	2607901150000030
260790115000315	2607901150000030
260790115000317	2607901150000030
260790115000316	2607901150000030
260790115000268	2607901150000031
260790115000222	2607901150000031
260790115000111	2607901150000031
260790115000258	2607901150000031
260790115000202	2607901150000031
260790115000259	2607901150000031
260790115000323	2607901150000031
260790115000128	2607901150000031
260790115000281	2607901150000031
260790115000201	2607901150000031
260790115000313	2607901150000031
260790115000185	2607901150000031
260790115000223	2607901150000031
260790115000314	2607901150000031
260790115000326	2607901150000031
260790115000279	2607901150000031
260790115000269	2607901150000031
260790115000181	2607901150000031
260790115000280	2607901150000031
260790115000033	2607901150000032
260790115000034	2607901150000033
260790115000035	2607901150000034
260790115000036	2607901150000035
260790115000218	2607901150000036
260790115000115	2607901150000036
260790115000194	2607901150000036
260790115000210	2607901150000036
260790115000213	2607901150000036
260790115000193	2607901150000036
260790115000189	2607901150000036
260790115000278	2607901150000036
260790115000214	2607901150000036
260790115000209	2607901150000036
260790115000257	2607901150000036
260790115000249	2607901150000036
260790115000186	2607901150000036
260790115000187	2607901150000036
260790115000322	2607901150000036
260790115000211	2607901150000036
260790115000192	2607901150000036
260790115000321	2607901150000036
260790115000255	2607901150000036
260790115000206	2607901150000036
260790115000231	2607901150000036
260790115000256	2607901150000036
260790115000254	2607901150000036
260790115000250	2607901150000036
260790115000240	2607901150000036
260790115000217	2607901150000036
260790115000229	2607901150000036
260790115000078	2607901150000036
260790115000205	2607901150000036
260790115000208	2607901150000036
260790115000276	2607901150000036
260790115000161	2607901150000036
260790115000228	2607901150000036
260790115000196	2607901150000036
260790115000191	2607901150000036
260790115000116	2607901150000036
260790115000275	2607901150000036
260790115000195	2607901150000036
260790115000160	2607901150000036
260790115000277	2607901150000036
260790115000212	2607901150000036
260790115000274	2607901150000036
260790115000088	2607901150000036
260790115000197	2607901150000036
260790115000230	2607901150000036
260790115000320	2607901150000036
260790115000224	2607901150000036
260790115000162	2607901150000037
260790115000163	2607901150000037
260790115000039	2607901150000038
260790115000040	2607901150000039
260790115000164	2607901150000040
260790115000165	2607901150000040
260790115000168	2607901150000041
260790115000169	2607901150000041
260790115000221	2607901150000042
260790115000244	2607901150000042
260790115000245	2607901150000042
260790115000171	2607901150000042
260790115000046	2607901150000043
260790115000047	2607901150000044
260790115000048	2607901150000045
260790115000049	2607901150000046
260790115000172	2607901150000047
260790115000173	2607901150000047
260790115000051	2607901150000048
260790115000179	2607901150000049
260790115000262	2607901150000049
260790115000263	2607901150000049
260790115000178	2607901150000049
260790115000215	2607901150000049
260790115000234	2607901150000050
260790115000327	2607901150000050
260790115000328	2607901150000050
260790115000267	2607901150000051
260790115000266	2607901150000051
260790115000057	2607901150000052
260790115000058	2607901150000053
260790115000059	2607901150000054
260790115000060	2607901150000055
260790115000225	2607901150000056
260790115000226	2607901150000056
260790115000064	2607901150000057
260790115000065	2607901150000058
260790115000066	2607901150000059
260790115000182	2607901150000060
260790115000183	2607901150000060
260790115000068	2607901150000061
260790115000069	2607901150000062
260790115000261	2607901150000063
260790115000260	2607901150000063
260790115000071	2607901150000064
260790115000074	2607901150000065
260790115000272	2607901150000066
260790115000273	2607901150000066
260790115000271	2607901150000067
260790115000270	2607901150000067
260790115000076	2607901150000067
260790115000079	2607901150000068
260790115000082	2607901150000069
260790115000083	2607901150000070
260790115000084	2607901150000071
260790115000091	2607901150000072
260790115000092	2607901150000073
260790115000093	2607901150000074
260790115000096	2607901150000075
260790115000097	2607901150000076
260790115000098	2607901150000077
260790115000099	2607901150000078
260790115000294	2607901150000079
260790115000295	2607901150000079
260790115000101	2607901150000080
260790115000102	2607901150000081
260790115000103	2607901150000082
260790115000104	2607901150000083
260790115000105	2607901150000084
260790115000108	2607901150000085
260790115000301	2607901150000086
260790115000286	2607901150000086
260790115000110	2607901150000087
260790115000112	2607901150000088
260790115000113	2607901150000089
260790115000324	2607901150000090
260790115000325	2607901150000090
260790115000117	2607901150000091
260790115000207	2607901150000092
260790115000227	2607901150000092
	2607901150000093
	2607901150000094
	2607901150000095
	2607901150000096
260790115000124	2607901150000097
260790115000125	2607901150000098
260790115000127	2607901150000099
260790115000129	2607901150000100
260790115000130	2607901150000101
260790115000131	2607901150000102
260790120000001	2607901200000001
260790120000052	2607901200000001
260790120000005	2607901200000001
260790120000053	2607901200000001
260790120000091	2607901200000001
260790120000092	2607901200000001
260790120000002	2607901200000002
260790120000063	2607901200000003
260790120000054	2607901200000003
260790120000062	2607901200000003
260790120000061	2607901200000003
260790120000060	2607901200000003
260790120000106	2607901200000003
260790120000107	2607901200000003
260790120000101	2607901200000004
260790120000100	2607901200000004
260790120000099	2607901200000004
260790120000065	2607901200000004
260790120000064	2607901200000004
260790120000007	2607901200000005
260790120000067	2607901200000006
260790120000069	2607901200000006
260790120000068	2607901200000006
260790120000070	2607901200000006
260790120000071	2607901200000006
260790120000066	2607901200000006
260790120000009	2607901200000007
260790120000010	2607901200000008
260790120000011	2607901200000009
260790120000012	2607901200000010
260790120000088	2607901200000011
260790120000073	2607901200000011
260790120000072	2607901200000011
260790120000078	2607901200000011
260790120000079	2607901200000011
260790120000014	2607901200000012
260790120000093	2607901200000013
260790120000094	2607901200000013
260790120000017	2607901200000014
260790120000018	2607901200000015
260790120000019	2607901200000016
260790120000083	2607901200000017
260790120000097	2607901200000017
260790120000103	2607901200000017
260790120000095	2607901200000017
260790120000105	2607901200000017
260790120000102	2607901200000017
260790120000089	2607901200000017
260790120000055	2607901200000017
260790120000082	2607901200000017
260790120000090	2607901200000017
260790120000084	2607901200000017
260790120000096	2607901200000017
260790120000104	2607901200000017
260790120000059	2607901200000017
260790120000075	2607901200000017
260790120000098	2607901200000017
260790120000051	2607901200000017
260790120000085	2607901200000017
260790120000074	2607901200000017
260790120000058	2607901200000017
260790120000021	2607901200000018
260790120000022	2607901200000019
260790120000077	2607901200000020
260790120000076	2607901200000020
260790120000024	2607901200000021
260790120000025	2607901200000022
260790120000026	2607901200000023
260790120000027	2607901200000024
260790120000028	2607901200000025
260790120000086	2607901200000026
260790120000087	2607901200000026
260790120000030	2607901200000027
260790120000031	2607901200000028
260790120000032	2607901200000029
260790120000033	2607901200000030
260790120000034	2607901200000031
260790120000035	2607901200000032
260790120000036	2607901200000033
260790120000041	2607901200000034
260790120000043	2607901200000035
260790120000045	2607901200000036
260790120000046	2607901200000037
260790120000048	2607901200000038
260790120000049	2607901200000039
260790120000050	2607901200000040
260790125000001	2607901250000001
260790125000002	2607901250000002
260790125000031	2607901250000003
260790125000058	2607901250000003
260790125000055	2607901250000003
260790125000064	2607901250000003
260790125000063	2607901250000003
260790125000032	2607901250000003
260790125000052	2607901250000003
260790125000060	2607901250000003
260790125000059	2607901250000003
260790125000051	2607901250000003
260790125000065	2607901250000004
260790125000034	2607901250000004
260790125000066	2607901250000004
260790125000053	2607901250000005
260790125000061	2607901250000005
260790125000062	2607901250000005
260790125000054	2607901250000005
260790125000006	2607901250000006
260790125000035	2607901250000007
260790125000036	2607901250000007
260790125000008	2607901250000008
260790125000044	2607901250000009
260790125000037	2607901250000009
260790125000038	2607901250000009
260790125000049	2607901250000010
260790125000050	2607901250000010
260790125000040	2607901250000010
260790125000039	2607901250000010
260790125000041	2607901250000010
260790125000045	2607901250000011
260790125000046	2607901250000011
260790125000012	2607901250000012
260790125000013	2607901250000013
260790125000048	2607901250000014
260790125000047	2607901250000014
260790125000015	2607901250000015
260790125000016	2607901250000016
260790125000017	2607901250000017
260790125000018	2607901250000018
260790125000022	2607901250000019
260790125000023	2607901250000020
260790125000024	2607901250000021
260790125000025	2607901250000022
260790125000026	2607901250000023
260790125000027	2607901250000024
260790125000028	2607901250000025
260790125000029	2607901250000026
260790125000030	2607901250000027
260960005000590	2609600050000001
260960005000591	2609600050000001
260960005000736	2609600050000002
260960005000735	2609600050000002
260960005000042	2609600050000003
260960005000043	2609600050000004
260960005000044	2609600050000005
260960005000743	2609600050000006
260960005000497	2609600050000006
260960005000496	2609600050000006
260960005000744	2609600050000006
260960005000046	2609600050000007
260960005000047	2609600050000008
260960005000048	2609600050000009
260960005000049	2609600050000010
260960005000050	2609600050000011
260960005000051	2609600050000012
260960005000500	2609600050000013
260960005000499	2609600050000013
260960005000053	2609600050000014
260960005000421	2609600050000015
260960005000422	2609600050000016
260960005000423	2609600050000017
260960005000711	2609600050000018
260960005000758	2609600050000018
260960005000757	2609600050000018
260960005000425	2609600050000019
260960005000426	2609600050000020
260960005000579	2609600050000021
260960005000578	2609600050000021
260960005000428	2609600050000022
260960005000518	2609600050000023
260960005000517	2609600050000023
260960005000430	2609600050000024
260960005000431	2609600050000025
260960005000432	2609600050000026
260960005000433	2609600050000027
261060805000155	2610608050000001
261060805000144	2610608050000001
261060805000134	2610608050000001
261060805000149	2610608050000001
261060805000204	2610608050000001
261060805000092	2610608050000001
261060805000139	2610608050000001
261060805000132	2610608050000001
261060805000173	2610608050000001
261060805000129	2610608050000001
261060805000182	2610608050000001
261060805000198	2610608050000001
261060805000069	2610608050000001
261060805000186	2610608050000001
261060805000166	2610608050000001
261060805000120	2610608050000001
261060805000177	2610608050000001
261060805000127	2610608050000001
261060805000131	2610608050000001
261060805000124	2610608050000001
261060805000192	2610608050000001
261060805000183	2610608050000001
261060805000050	2610608050000001
261060805000158	2610608050000001
261060805000145	2610608050000001
261060805000110	2610608050000001
261060805000179	2610608050000001
261060805000107	2610608050000001
261060805000150	2610608050000001
261060805000165	2610608050000001
261060805000085	2610608050000001
261060805000103	2610608050000001
261060805000202	2610608050000001
261060805000143	2610608050000001
261060805000169	2610608050000001
261060805000203	2610608050000001
261060805000082	2610608050000001
261060805000205	2610608050000001
261060805000148	2610608050000001
261060805000130	2610608050000001
261060805000154	2610608050000001
261060805000162	2610608050000001
261060805000142	2610608050000001
261060805000111	2610608050000001
261060805000178	2610608050000001
261060805000147	2610608050000001
261060805000163	2610608050000001
261060805000090	2610608050000001
261060805000118	2610608050000001
261060805000184	2610608050000001
261060805000096	2610608050000001
261060805000199	2610608050000001
261060805000138	2610608050000001
261060805000137	2610608050000001
261060805000087	2610608050000001
261060805000185	2610608050000001
261060805000140	2610608050000001
261060805000157	2610608050000001
261060805000153	2610608050000001
261060805000171	2610608050000001
261060805000062	2610608050000001
261060805000068	2610608050000001
261060805000206	2610608050000001
261060805000113	2610608050000001
261060805000164	2610608050000001
261060805000152	2610608050000001
261060805000125	2610608050000001
261060805000172	2610608050000001
261060805000119	2610608050000001
261060805000187	2610608050000001
261060805000133	2610608050000001
261060805000170	2610608050000001
261060805000091	2610608050000001
261060805000135	2610608050000001
261060805000097	2610608050000001
261060805000176	2610608050000001
261060805000174	2610608050000001
261060805000101	2610608050000001
261060805000123	2610608050000001
261060805000006	2610608050000001
261060805000100	2610608050000001
261060805000019	2610608050000001
261060805000159	2610608050000001
261060805000077	2610608050000001
261060805000190	2610608050000001
261060805000195	2610608050000001
261060805000201	2610608050000001
261060805000181	2610608050000001
261060805000180	2610608050000001
261060805000168	2610608050000001
261060805000141	2610608050000001
261060805000067	2610608050000001
261060805000136	2610608050000001
261060805000197	2610608050000001
261060805000160	2610608050000001
261060805000207	2610608050000001
261060805000051	2610608050000001
261060805000094	2610608050000001
261060805000196	2610608050000001
261060805000122	2610608050000001
261060805000105	2610608050000001
261060805000146	2610608050000001
261060805000114	2610608050000001
261060805000128	2610608050000001
261060805000193	2610608050000001
261060805000191	2610608050000001
261060805000200	2610608050000001
261060805000175	2610608050000001
261060805000106	2610608050000001
261060805000194	2610608050000001
261060805000061	2610608050000001
261060805000041	2610608050000002
261060805000042	2610608050000003
261060805000044	2610608050000004
261060805000045	2610608050000005
261060805000046	2610608050000006
261060805000189	2610608050000007
261060805000188	2610608050000007
261060805000048	2610608050000008
261060805000049	2610608050000009
261070705000157	2610707050000001
261070705000158	2610707050000002
261070705000159	2610707050000003
261070705000160	2610707050000004
261070705000161	2610707050000005
261070705000766	2610707050000006
261070705000349	2610707050000006
261070705000678	2610707050000006
261070705000604	2610707050000006
261070705000655	2610707050000006
261070705000719	2610707050000006
261070705000584	2610707050000006
261070705000795	2610707050000006
261070705000677	2610707050000006
261070705000674	2610707050000006
261070705000644	2610707050000006
261070705000794	2610707050000006
261070705000747	2610707050000006
261070705000763	2610707050000006
261070705000786	2610707050000006
261070705000770	2610707050000006
261070705000376	2610707050000006
261070705000785	2610707050000006
261070705000769	2610707050000006
261070705000748	2610707050000006
261070705000379	2610707050000006
261070705000804	2610707050000006
261070705000377	2610707050000006
261070705000768	2610707050000006
261070705000643	2610707050000006
261070705000581	2610707050000006
261070705000752	2610707050000006
261070705000767	2610707050000006
261070705000676	2610707050000006
261070705000639	2610707050000006
261070705000582	2610707050000006
261070705000751	2610707050000006
261070705000583	2610707050000006
261070705000805	2610707050000006
261070705000746	2610707050000007
261070705000497	2610707050000007
261070705000629	2610707050000007
261070705000328	2610707050000007
261070705000492	2610707050000007
261070705000494	2610707050000007
261070705000663	2610707050000007
261070705000457	2610707050000007
261070705000743	2610707050000007
261070705000800	2610707050000007
261070705000504	2610707050000007
261070705000654	2610707050000007
261070705000664	2610707050000007
261070705000501	2610707050000007
261070705000744	2610707050000007
261070705000440	2610707050000007
261070705000740	2610707050000007
261070705000506	2610707050000007
261070705000489	2610707050000007
261070705000488	2610707050000007
261070705000456	2610707050000007
261070705000503	2610707050000007
261070705000163	2610707050000007
261070705000493	2610707050000007
261070705000441	2610707050000007
261070705000499	2610707050000007
261070705000500	2610707050000007
261070705000507	2610707050000007
261070705000745	2610707050000007
261070705000360	2610707050000007
261070705000662	2610707050000007
261070705000496	2610707050000007
261070705000455	2610707050000007
261070705000508	2610707050000007
261070705000737	2610707050000007
261070705000742	2610707050000007
261070705000630	2610707050000007
261070705000453	2610707050000007
261070705000505	2610707050000007
261070705000801	2610707050000007
261070705000738	2610707050000007
261070705000739	2610707050000007
261070705000673	2610707050000007
261070705000650	2610707050000007
261070705000799	2610707050000007
261070705000452	2610707050000007
261070705000502	2610707050000007
261070705000741	2610707050000007
261070705000495	2610707050000007
261070705000498	2610707050000007
261070705000164	2610707050000008
261070705000523	2610707050000009
261070705000524	2610707050000009
261070705000168	2610707050000010
261070705000353	2610707050000010
261070705000354	2610707050000010
261070705000647	2610707050000010
261070705000648	2610707050000010
261070705000706	2610707050000011
261070705000343	2610707050000011
261070705000344	2610707050000011
261070705000464	2610707050000011
261070705000465	2610707050000011
261070705000463	2610707050000011
261070705000707	2610707050000011
260940205000001	2609402050000001
260940205000002	2609402050000002
260940205000003	2609402050000003
260940205000119	2609402050000004
260940205000092	2609402050000004
260940205000088	2609402050000004
260940205000133	2609402050000004
260940205000004	2609402050000004
260940205000064	2609402050000004
260940205000113	2609402050000004
260940205000150	2609402050000004
260940205000087	2609402050000004
260940205000090	2609402050000004
260940205000065	2609402050000004
260940205000152	2609402050000004
260940205000079	2609402050000004
260940205000134	2609402050000004
260940205000112	2609402050000004
260940205000091	2609402050000004
260940205000075	2609402050000004
260940205000114	2609402050000004
260940205000074	2609402050000004
260940205000151	2609402050000004
260940205000068	2609402050000004
260940205000008	2609402050000005
260940205000009	2609402050000006
260940205000010	2609402050000007
260940205000011	2609402050000008
260940205000012	2609402050000009
260940205000013	2609402050000010
260940205000014	2609402050000011
260940205000016	2609402050000012
260940205000136	2609402050000013
260940205000135	2609402050000013
260940205000018	2609402050000014
260940205000143	2609402050000015
260940205000094	2609402050000015
260940205000142	2609402050000015
260940205000097	2609402050000016
260940205000115	2609402050000016
260940205000116	2609402050000016
260940205000120	2609402050000016
260940205000096	2609402050000016
260940205000121	2609402050000016
260940205000144	2609402050000017
260940205000044	2609402050000017
260940205000105	2609402050000017
260940205000082	2609402050000017
260940205000085	2609402050000017
260940205000141	2609402050000017
260940205000117	2609402050000017
260940205000072	2609402050000017
260940205000100	2609402050000017
260940205000138	2609402050000017
260940205000021	2609402050000017
260940205000139	2609402050000017
260940205000147	2609402050000017
260940205000149	2609402050000017
260940205000108	2609402050000017
260940205000103	2609402050000017
260940205000127	2609402050000017
260940205000086	2609402050000017
260940205000109	2609402050000017
260940205000126	2609402050000017
260940205000099	2609402050000017
260940205000137	2609402050000017
260940205000130	2609402050000017
260940205000145	2609402050000017
260940205000110	2609402050000017
260940205000118	2609402050000017
260940205000131	2609402050000017
260940205000146	2609402050000017
260940205000125	2609402050000017
260940205000129	2609402050000017
260940205000111	2609402050000017
260940205000106	2609402050000017
260940205000107	2609402050000017
260940205000098	2609402050000017
260940205000076	2609402050000017
260940205000132	2609402050000017
260940205000080	2609402050000017
260940205000077	2609402050000017
260940205000073	2609402050000017
260940205000104	2609402050000017
260940205000128	2609402050000017
260940205000148	2609402050000017
260940205000140	2609402050000017
260940205000022	2609402050000018
260940205000026	2609402050000019
260940205000027	2609402050000020
260940205000031	2609402050000021
260940205000047	2609402050000022
260940205000084	2609402050000023
260940205000123	2609402050000023
260940205000124	2609402050000023
260940205000049	2609402050000024
260940205000050	2609402050000025
260940205000052	2609402050000026
260940205000053	2609402050000027
260940205000054	2609402050000028
260940205000055	2609402050000029
260940205000056	2609402050000030
260940205000057	2609402050000031
260940210000001	2609402100000001
260940210000014	2609402100000001
260940210000022	2609402100000002
260940210000002	2609402100000002
260940210000006	2609402100000002
260940210000019	2609402100000002
260940210000023	2609402100000002
260940210000018	2609402100000002
260940210000015	2609402100000002
260940210000003	2609402100000002
260940210000021	2609402100000002
260940210000020	2609402100000002
260940210000007	2609402100000003
260940210000016	2609402100000003
260940210000008	2609402100000004
260940210000017	2609402100000005
260940210000009	2609402100000005
260940210000010	2609402100000006
260940210000012	2609402100000007
260940210000013	2609402100000008
260960005000001	2609600050000028
260960005000668	2609600050000029
260960005000669	2609600050000029
260960005000003	2609600050000030
260960005000004	2609600050000031
260960005000005	2609600050000032
260960005000006	2609600050000033
260960005000474	2609600050000034
260960005000475	2609600050000034
260960005000008	2609600050000035
260960005000009	2609600050000036
260960005000010	2609600050000037
260960005000582	2609600050000038
260960005000581	2609600050000038
260960005000012	2609600050000039
260960005000013	2609600050000040
260960005000014	2609600050000041
260960005000671	2609600050000042
260960005000670	2609600050000042
260960005000490	2609600050000043
260960005000491	2609600050000043
260960005000587	2609600050000043
260960005000017	2609600050000044
260960005000018	2609600050000045
260960005000717	2609600050000046
260960005000718	2609600050000046
260960005000020	2609600050000047
260960005000665	2609600050000048
260960005000664	2609600050000048
260960005000022	2609600050000049
260960005000023	2609600050000050
260960005000024	2609600050000051
260960005000673	2609600050000052
260960005000672	2609600050000052
260960005000026	2609600050000053
260960005000027	2609600050000054
260960005000028	2609600050000055
260960005000029	2609600050000056
260960005000030	2609600050000057
260960005000495	2609600050000058
260960005000786	2609600050000058
260960005000494	2609600050000058
260960005000785	2609600050000058
260960005000733	2609600050000059
260960005000734	2609600050000059
260960005000033	2609600050000060
260960005000787	2609600050000061
260960005000788	2609600050000061
260960005000035	2609600050000062
260960005000355	2609600050000063
260960005000588	2609600050000063
260960005000489	2609600050000063
260960005000589	2609600050000063
260960005000647	2609600050000064
260960005000648	2609600050000064
260960005000038	2609600050000065
260960005000722	2609600050000066
260960005000721	2609600050000066
260960005000795	2609600050000067
260960005000796	2609600050000067
260960005000501	2609600050000068
260960005000502	2609600050000068
260960005000056	2609600050000069
260960005000680	2609600050000070
260960005000681	2609600050000070
260960005000760	2609600050000071
260960005000504	2609600050000071
260960005000759	2609600050000071
260960005000674	2609600050000072
260960005000593	2609600050000072
260960005000675	2609600050000072
260960005000060	2609600050000073
260960005000678	2609600050000074
260960005000682	2609600050000074
260960005000683	2609600050000074
260960005000679	2609600050000074
260960005000063	2609600050000075
260960005000652	2609600050000076
260960005000653	2609600050000076
260960005000065	2609600050000077
260960005000066	2609600050000078
260960005000505	2609600050000079
260960005000506	2609600050000079
260960005000068	2609600050000080
260960005000584	2609600050000081
260960005000661	2609600050000081
260960005000586	2609600050000081
260960005000508	2609600050000081
260960005000585	2609600050000081
260960005000716	2609600050000081
260960005000715	2609600050000081
260960005000660	2609600050000081
260960005000583	2609600050000081
260960005000507	2609600050000081
260960005000070	2609600050000082
260960005000071	2609600050000083
260960005000072	2609600050000084
260960005000595	2609600050000085
260960005000594	2609600050000085
260960005000074	2609600050000086
260960005000075	2609600050000087
260960005000076	2609600050000088
260960005000077	2609600050000089
260960005000078	2609600050000090
260960005000079	2609600050000091
260960005000080	2609600050000092
260960005000081	2609600050000093
260960005000082	2609600050000094
260960005000083	2609600050000095
260960005000084	2609600050000096
260960005000085	2609600050000097
260960005000086	2609600050000098
260960005000087	2609600050000099
260960005000513	2609600050000100
260960005000597	2609600050000100
260960005000514	2609600050000100
260960005000655	2609600050000101
260960005000654	2609600050000101
260960005000090	2609600050000102
260960005000091	2609600050000103
260960005000092	2609600050000104
260960005000520	2609600050000105
260960005000519	2609600050000105
260960005000094	2609600050000106
260960005000095	2609600050000107
260960005000096	2609600050000108
260960005000097	2609600050000109
260960005000098	2609600050000110
260960005000099	2609600050000111
260960005000100	2609600050000112
260960005000646	2609600050000113
260960005000645	2609600050000113
260960005000643	2609600050000114
260960005000644	2609600050000114
260960005000103	2609600050000115
260960005000104	2609600050000116
260960005000105	2609600050000117
260960005000657	2609600050000118
260960005000656	2609600050000118
260960005000642	2609600050000119
260960005000641	2609600050000119
260960005000108	2609600050000120
260960005000109	2609600050000121
260960005000110	2609600050000122
260960005000111	2609600050000123
260960005000707	2609600050000124
260960005000708	2609600050000124
260960005000748	2609600050000125
260960005000521	2609600050000125
260960005000747	2609600050000125
260960005000523	2609600050000125
260960005000114	2609600050000126
260960005000115	2609600050000127
260960005000116	2609600050000128
260960005000117	2609600050000129
260960005000599	2609600050000130
260960005000598	2609600050000130
260960005000600	2609600050000130
260960005000601	2609600050000130
260960005000119	2609600050000131
260960005000720	2609600050000132
260960005000719	2609600050000132
260960005000602	2609600050000132
260960005000603	2609600050000132
260960005000121	2609600050000133
260960005000649	2609600050000134
260960005000763	2609600050000134
260960005000764	2609600050000134
260960005000525	2609600050000134
260960005000659	2609600050000134
260960005000658	2609600050000134
260960005000123	2609600050000135
260960005000124	2609600050000136
260960005000125	2609600050000137
260960005000126	2609600050000138
260960005000127	2609600050000139
260960005000128	2609600050000140
260960005000129	2609600050000141
260960005000130	2609600050000142
260960005000131	2609600050000143
260960005000132	2609600050000144
260960005000133	2609600050000145
260960005000134	2609600050000146
260960005000135	2609600050000147
260960005000136	2609600050000148
260960005000527	2609600050000149
260960005000526	2609600050000149
260960005000138	2609600050000150
260960005000139	2609600050000151
260960005000140	2609600050000152
260960005000141	2609600050000153
260960005000142	2609600050000154
260960005000605	2609600050000155
260960005000777	2609600050000155
260960005000775	2609600050000155
260960005000776	2609600050000155
260960005000778	2609600050000155
260960005000144	2609600050000156
260960005000606	2609600050000157
260960005000607	2609600050000157
260960005000146	2609600050000158
260960005000532	2609600050000159
260960005000531	2609600050000159
260960005000530	2609600050000159
260960005000528	2609600050000159
260960005000529	2609600050000159
260960005000684	2609600050000160
260960005000685	2609600050000160
260960005000150	2609600050000161
260960005000789	2609600050000162
260960005000608	2609600050000162
260960005000534	2609600050000162
260960005000610	2609600050000163
260960005000611	2609600050000163
260960005000612	2609600050000163
260960005000154	2609600050000164
260960005000749	2609600050000165
260960005000750	2609600050000165
260960005000536	2609600050000165
260960005000156	2609600050000166
260960005000157	2609600050000167
260960005000158	2609600050000168
260960005000613	2609600050000169
260960005000614	2609600050000169
260960005000697	2609600050000170
260960005000696	2609600050000170
260960005000698	2609600050000170
260960005000161	2609600050000171
260960005000692	2609600050000172
260960005000693	2609600050000172
260960005000163	2609600050000173
260960005000164	2609600050000174
260960005000538	2609600050000175
260960005000537	2609600050000175
260960005000166	2609600050000176
260960005000615	2609600050000177
260960005000616	2609600050000177
260960005000168	2609600050000178
260960005000617	2609600050000179
260960005000618	2609600050000179
260960005000170	2609600050000180
260960005000171	2609600050000181
260960005000172	2609600050000182
260960005000540	2609600050000183
260960005000539	2609600050000183
260960005000174	2609600050000184
260960005000175	2609600050000185
260960005000477	2609600050000186
260960005000476	2609600050000186
260960005000177	2609600050000187
260960005000541	2609600050000188
260960005000542	2609600050000188
260960005000620	2609600050000189
260960005000619	2609600050000189
260960005000180	2609600050000190
260960005000706	2609600050000191
260960005000545	2609600050000191
260960005000544	2609600050000191
260960005000705	2609600050000191
260960005000182	2609600050000192
260960005000183	2609600050000193
260960005000184	2609600050000194
260960005000185	2609600050000195
260960005000186	2609600050000196
260960005000621	2609600050000197
260960005000622	2609600050000197
260960005000188	2609600050000198
260960005000189	2609600050000199
260960005000547	2609600050000200
260960005000548	2609600050000200
260960005000546	2609600050000200
260960005000191	2609600050000201
260960005000192	2609600050000202
260960005000551	2609600050000203
260960005000550	2609600050000203
260960005000549	2609600050000203
260960005000754	2609600050000204
260960005000753	2609600050000204
260960005000195	2609600050000205
260960005000486	2609600050000206
260960005000485	2609600050000206
260960005000197	2609600050000207
260960005000488	2609600050000208
260960005000487	2609600050000208
260960005000199	2609600050000209
260960005000552	2609600050000210
260960005000580	2609600050000210
260960005000201	2609600050000210
260960005000553	2609600050000210
260960005000202	2609600050000211
260960005000203	2609600050000212
260960005000484	2609600050000213
260960005000483	2609600050000213
260960005000205	2609600050000214
260960005000206	2609600050000215
260960005000207	2609600050000216
260960005000208	2609600050000217
260960005000209	2609600050000218
260960005000210	2609600050000219
260960005000211	2609600050000220
260960005000212	2609600050000221
260960005000482	2609600050000222
260960005000481	2609600050000222
260960005000214	2609600050000223
260960005000215	2609600050000224
260960005000216	2609600050000225
260960005000217	2609600050000226
260960005000218	2609600050000227
260960005000219	2609600050000228
260960005000220	2609600050000229
260960005000221	2609600050000230
260960005000222	2609600050000231
260960005000223	2609600050000232
260960005000224	2609600050000233
260960005000555	2609600050000234
260960005000554	2609600050000234
260960005000478	2609600050000235
260960005000480	2609600050000235
260960005000479	2609600050000235
260960005000227	2609600050000236
260960005000228	2609600050000237
260960005000229	2609600050000238
260960005000230	2609600050000239
260960005000231	2609600050000240
260960005000232	2609600050000241
260960005000233	2609600050000242
260960005000556	2609600050000243
260960005000557	2609600050000243
260960005000235	2609600050000244
260960005000790	2609600050000245
260960005000558	2609600050000246
260960005000559	2609600050000246
260960005000238	2609600050000247
260960005000239	2609600050000248
260960005000240	2609600050000249
260960005000241	2609600050000250
260960005000242	2609600050000251
260960005000714	2609600050000252
260960005000713	2609600050000252
260960005000244	2609600050000253
260960005000245	2609600050000254
260960005000246	2609600050000255
260960005000560	2609600050000256
260960005000561	2609600050000256
260960005000248	2609600050000257
260960005000249	2609600050000258
260960005000250	2609600050000259
260960005000251	2609600050000260
260960005000252	2609600050000261
260960005000624	2609600050000262
260960005000623	2609600050000262
260960005000255	2609600050000263
260960005000256	2609600050000264
260960005000257	2609600050000265
260960005000258	2609600050000266
260960005000689	2609600050000267
260960005000688	2609600050000267
260960005000761	2609600050000268
260960005000626	2609600050000268
260960005000762	2609600050000268
260960005000261	2609600050000269
260960005000262	2609600050000270
260960005000687	2609600050000271
260960005000686	2609600050000271
260960005000793	2609600050000272
260960005000794	2609600050000272
260960005000265	2609600050000273
260960005000266	2609600050000274
260960005000510	2609600050000275
260960005000509	2609600050000275
260960005000627	2609600050000276
260960005000628	2609600050000276
260960005000269	2609600050000277
260960005000270	2609600050000278
260960005000271	2609600050000279
260960005000272	2609600050000280
260960005000273	2609600050000281
260960005000274	2609600050000282
260960005000702	2609600050000283
260960005000701	2609600050000283
260960005000630	2609600050000284
260960005000629	2609600050000284
260960005000277	2609600050000285
260960005000278	2609600050000286
260960005000767	2609600050000287
260960005000768	2609600050000287
260960005000563	2609600050000288
260960005000562	2609600050000288
260960005000771	2609600050000288
260960005000772	2609600050000288
260960005000281	2609600050000289
260960005000691	2609600050000290
260960005000690	2609600050000290
260960005000700	2609600050000291
260960005000699	2609600050000291
260960005000284	2609600050000292
260960005000286	2609600050000293
260960005000287	2609600050000294
260960005000288	2609600050000295
260960005000511	2609600050000296
260960005000512	2609600050000296
260960005000290	2609600050000297
260960005000515	2609600050000298
260960005000516	2609600050000298
260960005000292	2609600050000299
260960005000632	2609600050000300
260960005000631	2609600050000300
260960005000294	2609600050000301
260960005000295	2609600050000302
260960005000296	2609600050000303
260960005000745	2609600050000304
260960005000746	2609600050000304
260960005000492	2609600050000304
260960005000566	2609600050000305
260960005000677	2609600050000305
260960005000676	2609600050000305
260960005000791	2609600050000306
260960005000792	2609600050000306
260960005000725	2609600050000307
260960005000726	2609600050000307
260960005000301	2609600050000308
260960005000302	2609600050000309
260960005000741	2609600050000310
260960005000742	2609600050000310
260960005000304	2609600050000311
260960005000305	2609600050000312
260960005000306	2609600050000313
260960005000307	2609600050000314
260960005000308	2609600050000315
260960005000310	2609600050000316
260960005000311	2609600050000317
260960005000312	2609600050000318
260960005000314	2609600050000319
260960005000640	2609600050000320
260960005000639	2609600050000320
260960005000638	2609600050000320
260960005000316	2609600050000321
260960005000317	2609600050000322
260960005000318	2609600050000323
260960005000319	2609600050000324
260960005000320	2609600050000325
260960005000321	2609600050000326
260960005000322	2609600050000327
260960005000323	2609600050000328
260960005000740	2609600050000329
260960005000739	2609600050000329
260960005000568	2609600050000330
260960005000567	2609600050000330
260960005000326	2609600050000331
260960005000327	2609600050000332
260960005000328	2609600050000333
260960005000329	2609600050000334
260960005000330	2609600050000335
260960005000331	2609600050000336
260960005000332	2609600050000337
260960005000473	2609600050000338
260960005000666	2609600050000338
260960005000730	2609600050000338
260960005000667	2609600050000338
260960005000728	2609600050000338
260960005000729	2609600050000338
260960005000633	2609600050000338
260960005000564	2609600050000338
260960005000335	2609600050000338
260960005000727	2609600050000338
260960005000334	2609600050000339
260960005000336	2609600050000340
260960005000337	2609600050000341
260960005000782	2609600050000342
260960005000343	2609600050000342
260960005000781	2609600050000342
260960005000783	2609600050000342
260960005000752	2609600050000342
260960005000784	2609600050000342
260960005000751	2609600050000342
260960005000341	2609600050000343
260960005000637	2609600050000344
260960005000344	2609600050000344
260960005000636	2609600050000344
260960005000596	2609600050000344
260960005000345	2609600050000345
260960005000346	2609600050000346
260960005000347	2609600050000347
260960005000350	2609600050000348
260960005000351	2609600050000349
260960005000663	2609600050000350
260960005000662	2609600050000350
260960005000353	2609600050000351
260960005000354	2609600050000352
260960005000356	2609600050000353
260960005000357	2609600050000354
260960005000724	2609600050000355
260960005000723	2609600050000355
260960005000359	2609600050000356
260960005000360	2609600050000357
260960005000361	2609600050000358
260960005000362	2609600050000359
260960005000363	2609600050000360
260960005000364	2609600050000361
260960005000365	2609600050000362
260960005000570	2609600050000363
260960005000569	2609600050000363
260960005000367	2609600050000364
260960005000368	2609600050000365
260960005000369	2609600050000366
260960005000370	2609600050000367
260960005000371	2609600050000368
260960005000572	2609600050000369
260960005000574	2609600050000369
260960005000571	2609600050000369
260960005000575	2609600050000369
260960005000573	2609600050000369
260960005000755	2609600050000370
260960005000756	2609600050000370
260960005000374	2609600050000371
260960005000375	2609600050000372
260960005000376	2609600050000373
260960005000377	2609600050000374
260960005000378	2609600050000375
260960005000379	2609600050000376
260960005000380	2609600050000377
260960005000381	2609600050000378
260960005000382	2609600050000379
260960005000576	2609600050000380
260960005000779	2609600050000380
260960005000780	2609600050000380
260960005000384	2609600050000381
260960005000385	2609600050000382
260960005000386	2609600050000383
260960005000387	2609600050000384
260960005000388	2609600050000385
260960005000389	2609600050000386
260960005000390	2609600050000387
260960005000694	2609600050000388
260960005000695	2609600050000388
260960005000392	2609600050000389
260960005000393	2609600050000390
260960005000394	2609600050000391
260960005000395	2609600050000392
260960005000774	2609600050000393
260960005000773	2609600050000393
260960005000704	2609600050000393
260960005000397	2609600050000394
260960005000737	2609600050000395
260960005000738	2609600050000395
260960005000399	2609600050000396
260960005000400	2609600050000397
260960005000401	2609600050000398
260960005000402	2609600050000399
260960005000403	2609600050000400
260960005000404	2609600050000401
260960005000405	2609600050000402
260960005000406	2609600050000403
260960005000710	2609600050000404
260960005000709	2609600050000404
260960005000408	2609600050000405
260960005000409	2609600050000406
260960005000410	2609600050000407
260960005000411	2609600050000408
260960005000412	2609600050000409
260960005000413	2609600050000410
260960005000414	2609600050000411
260960005000415	2609600050000412
260960005000416	2609600050000413
260960005000417	2609600050000414
260960005000419	2609600050000415
260960005000420	2609600050000416
260960005000434	2609600050000417
260960005000435	2609600050000418
260960005000436	2609600050000419
260960005000437	2609600050000420
260960005000439	2609600050000421
260960005000440	2609600050000422
260960005000442	2609600050000423
260960005000443	2609600050000424
260960005000651	2609600050000425
260960005000650	2609600050000425
260960005000445	2609600050000426
260960005000446	2609600050000427
260960005000447	2609600050000428
260960005000448	2609600050000429
260960005000770	2609600050000430
260960005000769	2609600050000430
260960005000450	2609600050000431
260960005000451	2609600050000432
260960005000452	2609600050000433
260960005000453	2609600050000434
260960005000454	2609600050000435
260960005000455	2609600050000436
260960005000456	2609600050000437
260960005000457	2609600050000438
260960005000459	2609600050000439
260960005000766	2609600050000440
260960005000765	2609600050000440
260960005000461	2609600050000441
260960005000462	2609600050000442
260960005000463	2609600050000443
260960005000464	2609600050000444
260960005000465	2609600050000445
260960005000466	2609600050000446
260960005000467	2609600050000447
260960005000468	2609600050000448
260960005000635	2609600050000449
260960005000634	2609600050000449
260960005000470	2609600050000450
261060805000001	2610608050000010
261060805000003	2610608050000011
261060805000167	2610608050000012
261060805000156	2610608050000012
261060805000012	2610608050000013
261060805000014	2610608050000014
261060805000015	2610608050000015
261060805000023	2610608050000016
261060805000024	2610608050000017
261060805000025	2610608050000018
261060805000026	2610608050000019
261060805000027	2610608050000020
261060805000033	2610608050000021
261060805000116	2610608050000022
261060805000115	2610608050000022
261060805000052	2610608050000023
261060805000055	2610608050000024
261060805000056	2610608050000025
261060805000058	2610608050000026
261060805000071	2610608050000027
261060805000072	2610608050000028
261060805000073	2610608050000029
261060805000078	2610608050000030
261070705000001	2610707050000012
261070705000418	2610707050000013
261070705000433	2610707050000013
261070705000717	2610707050000013
261070705000420	2610707050000013
261070705000421	2610707050000013
261070705000713	2610707050000013
261070705000509	2610707050000013
261070705000419	2610707050000013
261070705000756	2610707050000013
261070705000486	2610707050000013
261070705000417	2610707050000013
261070705000485	2610707050000013
261070705000712	2610707050000013
261070705000422	2610707050000013
261070705000711	2610707050000013
261070705000416	2610707050000013
261070705000755	2610707050000013
261070705000716	2610707050000013
261070705000510	2610707050000013
261070705000432	2610707050000013
261070705000710	2610707050000013
261070705000005	2610707050000014
261070705000006	2610707050000015
261070705000007	2610707050000016
261070705000008	2610707050000017
261070705000009	2610707050000018
261070705000010	2610707050000019
261070705000011	2610707050000020
261070705000012	2610707050000021
261070705000665	2610707050000022
261070705000666	2610707050000022
261070705000014	2610707050000023
261070705000015	2610707050000024
261070705000016	2610707050000025
261070705000017	2610707050000026
261070705000018	2610707050000027
261070705000019	2610707050000028
261070705000778	2610707050000029
261070705000761	2610707050000029
261070705000775	2610707050000029
261070705000606	2610707050000029
261070705000782	2610707050000029
261070705000425	2610707050000029
261070705000661	2610707050000029
261070705000780	2610707050000029
261070705000762	2610707050000029
261070705000781	2610707050000029
261070705000426	2610707050000029
261070705000783	2610707050000029
261070705000430	2610707050000029
261070705000772	2610707050000029
261070705000431	2610707050000029
261070705000357	2610707050000029
261070705000774	2610707050000029
261070705000081	2610707050000029
261070705000773	2610707050000029
261070705000776	2610707050000029
261070705000590	2610707050000029
261070705000771	2610707050000029
261070705000358	2610707050000029
261070705000649	2610707050000029
261070705000779	2610707050000029
261070705000777	2610707050000029
261070705000023	2610707050000030
261070705000024	2610707050000031
261070705000025	2610707050000032
261070705000026	2610707050000033
261070705000027	2610707050000034
261070705000028	2610707050000035
261070705000029	2610707050000036
261070705000030	2610707050000037
261070705000031	2610707050000038
261070705000032	2610707050000039
261070705000413	2610707050000040
261070705000483	2610707050000040
261070705000646	2610707050000040
261070705000784	2610707050000040
261070705000412	2610707050000040
261070705000410	2610707050000040
261070705000415	2610707050000040
261070705000411	2610707050000040
261070705000482	2610707050000040
261070705000409	2610707050000040
261070705000414	2610707050000040
261070705000034	2610707050000041
261070705000035	2610707050000042
261070705000036	2610707050000043
261070705000037	2610707050000044
261070705000038	2610707050000045
261070705000039	2610707050000046
261070705000040	2610707050000047
261070705000041	2610707050000048
261070705000042	2610707050000049
261070705000633	2610707050000050
261070705000679	2610707050000050
261070705000637	2610707050000050
261070705000352	2610707050000050
261070705000372	2610707050000050
261070705000641	2610707050000050
261070705000351	2610707050000050
261070705000715	2610707050000050
261070705000634	2610707050000050
261070705000714	2610707050000050
261070705000638	2610707050000050
261070705000697	2610707050000050
261070705000792	2610707050000050
261070705000680	2610707050000050
261070705000642	2610707050000050
261070705000667	2610707050000050
261070705000668	2610707050000050
261070705000400	2610707050000050
261070705000371	2610707050000050
261070705000793	2610707050000050
261070705000408	2610707050000050
261070705000407	2610707050000050
261070705000043	2610707050000050
261070705000045	2610707050000051
261070705000046	2610707050000052
261070705000047	2610707050000053
261070705000048	2610707050000054
261070705000049	2610707050000055
261070705000050	2610707050000056
261070705000051	2610707050000057
261070705000053	2610707050000058
261070705000557	2610707050000059
261070705000556	2610707050000059
261070705000670	2610707050000060
261070705000547	2610707050000060
261070705000791	2610707050000060
261070705000798	2610707050000060
261070705000669	2610707050000060
261070705000796	2610707050000060
261070705000797	2610707050000060
261070705000521	2610707050000061
261070705000511	2610707050000061
261070705000522	2610707050000061
261070705000512	2610707050000061
261070705000058	2610707050000062
261070705000709	2610707050000063
261070705000708	2610707050000063
261070705000356	2610707050000064
261070705000355	2610707050000064
261070705000061	2610707050000065
261070705000062	2610707050000066
261070705000063	2610707050000067
261070705000065	2610707050000068
261070705000066	2610707050000069
261070705000067	2610707050000070
261070705000068	2610707050000071
261070705000069	2610707050000072
261070705000513	2610707050000073
261070705000514	2610707050000073
261070705000516	2610707050000074
261070705000515	2610707050000074
261070705000072	2610707050000075
261070705000073	2610707050000076
261070705000517	2610707050000077
261070705000518	2610707050000077
261070705000075	2610707050000078
261070705000076	2610707050000079
261070705000077	2610707050000080
261070705000078	2610707050000081
261070705000079	2610707050000082
261070705000086	2610707050000083
261070705000602	2610707050000084
261070705000594	2610707050000084
261070705000591	2610707050000084
261070705000603	2610707050000084
261070705000760	2610707050000084
261070705000367	2610707050000084
261070705000601	2610707050000084
261070705000119	2610707050000084
261070705000597	2610707050000084
261070705000595	2610707050000084
261070705000593	2610707050000084
261070705000600	2610707050000084
261070705000599	2610707050000084
261070705000704	2610707050000084
261070705000759	2610707050000084
261070705000703	2610707050000084
261070705000598	2610707050000084
261070705000596	2610707050000084
261070705000368	2610707050000084
261070705000088	2610707050000085
261070705000089	2610707050000086
261070705000090	2610707050000087
261070705000091	2610707050000088
261070705000092	2610707050000089
261070705000362	2610707050000090
261070705000361	2610707050000090
261070705000094	2610707050000091
261070705000095	2610707050000092
261070705000096	2610707050000093
261070705000097	2610707050000094
261070705000577	2610707050000095
261070705000576	2610707050000095
261070705000099	2610707050000096
261070705000100	2610707050000097
261070705000102	2610707050000098
261070705000103	2610707050000099
261070705000104	2610707050000100
261070705000105	2610707050000101
261070705000106	2610707050000102
261070705000108	2610707050000103
261070705000109	2610707050000104
261070705000364	2610707050000105
261070705000363	2610707050000105
261070705000723	2610707050000106
261070705000722	2610707050000106
261070705000112	2610707050000107
261070705000113	2610707050000108
261070705000115	2610707050000109
261070705000365	2610707050000110
261070705000366	2610707050000110
261070705000117	2610707050000111
261070705000118	2610707050000112
261070705000121	2610707050000113
261070705000122	2610707050000114
261070705000123	2610707050000115
261070705000628	2610707050000116
261070705000624	2610707050000116
261070705000627	2610707050000116
261070705000625	2610707050000116
261070705000626	2610707050000116
261070705000127	2610707050000117
261070705000128	2610707050000118
261070705000129	2610707050000119
261070705000131	2610707050000120
261070705000133	2610707050000121
261070705000134	2610707050000122
261070705000370	2610707050000123
261070705000369	2610707050000123
261070705000139	2610707050000124
261070705000140	2610707050000125
261070705000141	2610707050000126
261070705000688	2610707050000127
261070705000802	2610707050000127
261070705000803	2610707050000127
261070705000681	2610707050000127
261070705000689	2610707050000127
261070705000143	2610707050000128
261070705000144	2610707050000129
261070705000684	2610707050000130
261070705000683	2610707050000130
261070705000685	2610707050000130
261070705000147	2610707050000131
261070705000148	2610707050000132
261070705000149	2610707050000133
261070705000375	2610707050000134
261070705000374	2610707050000134
261070705000152	2610707050000135
261070705000153	2610707050000136
261070705000750	2610707050000137
261070705000749	2610707050000137
261070705000520	2610707050000138
261070705000519	2610707050000138
261070705000530	2610707050000139
261070705000527	2610707050000139
261070705000531	2610707050000139
261070705000529	2610707050000139
261070705000525	2610707050000139
261070705000526	2610707050000139
261070705000528	2610707050000139
261070705000537	2610707050000140
261070705000536	2610707050000140
261070705000460	2610707050000140
261070705000459	2610707050000140
261070705000535	2610707050000140
261070705000534	2610707050000140
261070705000458	2610707050000140
261070705000381	2610707050000141
261070705000380	2610707050000141
261070705000619	2610707050000142
261070705000618	2610707050000142
261070705000787	2610707050000143
261070705000544	2610707050000143
261070705000540	2610707050000143
261070705000545	2610707050000143
261070705000541	2610707050000143
261070705000788	2610707050000143
261070705000543	2610707050000143
261070705000542	2610707050000143
261070705000554	2610707050000144
261070705000552	2610707050000144
261070705000550	2610707050000144
261070705000660	2610707050000144
261070705000555	2610707050000144
261070705000659	2610707050000144
261070705000645	2610707050000144
261070705000551	2610707050000144
261070705000553	2610707050000144
261070705000564	2610707050000145
261070705000322	2610707050000145
261070705000559	2610707050000145
261070705000705	2610707050000145
261070705000558	2610707050000145
261070705000563	2610707050000145
261070705000652	2610707050000145
261070705000700	2610707050000146
261070705000699	2610707050000146
261070705000698	2610707050000146
261070705000179	2610707050000147
261070705000180	2610707050000148
261070705000729	2610707050000149
261070705000730	2610707050000149
261070705000382	2610707050000150
261070705000383	2610707050000150
261070705000347	2610707050000151
261070705000348	2610707050000151
261070705000346	2610707050000151
261070705000345	2610707050000151
261070705000385	2610707050000152
261070705000384	2610707050000152
261070705000735	2610707050000153
261070705000389	2610707050000153
261070705000736	2610707050000153
261070705000390	2610707050000154
261070705000391	2610707050000154
261070705000187	2610707050000155
261070705000395	2610707050000156
261070705000396	2610707050000156
261070705000394	2610707050000156
261070705000189	2610707050000157
261070705000190	2610707050000158
261070705000191	2610707050000159
261070705000192	2610707050000160
261070705000193	2610707050000161
261070705000397	2610707050000162
261070705000398	2610707050000162
261070705000401	2610707050000163
261070705000402	2610707050000163
261070705000403	2610707050000163
261070705000196	2610707050000164
261070705000197	2610707050000165
261070705000405	2610707050000166
261070705000406	2610707050000166
261070705000404	2610707050000166
261070705000199	2610707050000167
261070705000200	2610707050000168
261070705000424	2610707050000169
261070705000423	2610707050000169
261070705000202	2610707050000170
261070705000203	2610707050000171
261070705000204	2610707050000172
261070705000205	2610707050000173
261070705000206	2610707050000174
261070705000207	2610707050000175
261070705000211	2610707050000176
261070705000212	2610707050000177
261070705000438	2610707050000178
261070705000439	2610707050000178
261070705000758	2610707050000179
261070705000757	2610707050000179
261070705000446	2610707050000180
261070705000447	2610707050000180
261070705000622	2610707050000181
261070705000623	2610707050000181
261070705000217	2610707050000182
261070705000571	2610707050000183
261070705000570	2610707050000183
261070705000731	2610707050000184
261070705000732	2610707050000184
261070705000220	2610707050000185
261070705000221	2610707050000186
261070705000222	2610707050000187
261070705000223	2610707050000188
261070705000224	2610707050000189
261070705000225	2610707050000190
261070705000428	2610707050000191
261070705000427	2610707050000191
261070705000429	2610707050000191
261070705000434	2610707050000192
261070705000435	2610707050000192
261070705000436	2610707050000193
261070705000437	2610707050000193
261070705000443	2610707050000194
261070705000442	2610707050000194
261070705000445	2610707050000195
261070705000444	2610707050000195
261070705000448	2610707050000196
261070705000449	2610707050000196
261070705000451	2610707050000197
261070705000450	2610707050000197
261070705000239	2610707050000198
261070705000690	2610707050000199
261070705000726	2610707050000199
261070705000724	2610707050000199
261070705000725	2610707050000199
261070705000691	2610707050000199
261070705000466	2610707050000199
261070705000656	2610707050000199
261070705000461	2610707050000200
261070705000462	2610707050000200
261070705000610	2610707050000201
261070705000614	2610707050000201
261070705000611	2610707050000201
261070705000612	2610707050000201
261070705000613	2610707050000201
261070705000615	2610707050000201
261070705000575	2610707050000202
261070705000572	2610707050000202
261070705000568	2610707050000202
261070705000569	2610707050000202
261070705000574	2610707050000202
261070705000573	2610707050000202
261070705000567	2610707050000202
261070705000246	2610707050000203
261070705000248	2610707050000204
261070705000468	2610707050000205
261070705000470	2610707050000205
261070705000469	2610707050000205
261070705000254	2610707050000206
261070705000560	2610707050000207
261070705000561	2610707050000207
261070705000562	2610707050000207
261070705000256	2610707050000208
261070705000258	2610707050000209
261070705000259	2610707050000210
261070705000260	2610707050000211
261070705000261	2610707050000212
261070705000263	2610707050000213
261070705000264	2610707050000214
261070705000265	2610707050000215
261070705000266	2610707050000216
261070705000267	2610707050000217
261070705000268	2610707050000218
261070705000269	2610707050000219
261070705000270	2610707050000220
261070705000271	2610707050000221
261070705000272	2610707050000222
261070705000273	2610707050000223
261070705000274	2610707050000224
261070705000721	2610707050000225
261070705000720	2610707050000225
261070705000473	2610707050000226
261070705000472	2610707050000226
261070705000471	2610707050000226
261070705000753	2610707050000227
261070705000476	2610707050000227
261070705000754	2610707050000227
261070705000386	2610707050000227
261070705000475	2610707050000227
261070705000474	2610707050000227
261070705000478	2610707050000228
261070705000481	2610707050000228
261070705000480	2610707050000228
261070705000479	2610707050000228
261070705000477	2610707050000228
261070705000280	2610707050000229
261070705000281	2610707050000230
261070705000694	2610707050000231
261070705000693	2610707050000231
261070705000692	2610707050000231
261070705000283	2610707050000232
261070705000636	2610707050000233
261070705000765	2610707050000233
261070705000764	2610707050000233
261070705000285	2610707050000234
261070705000491	2610707050000235
261070705000490	2610707050000235
261070705000287	2610707050000236
261070705000727	2610707050000237
261070705000728	2610707050000237
261070705000658	2610707050000237
261070705000617	2610707050000238
261070705000789	2610707050000238
261070705000790	2610707050000238
261070705000292	2610707050000239
261070705000294	2610707050000240
261070705000295	2610707050000241
261070705000296	2610707050000242
261070705000298	2610707050000243
261070705000620	2610707050000244
261070705000621	2610707050000244
261070705000696	2610707050000245
261070705000695	2610707050000245
261160605210185	2611606052100001
261160605210524	2611606052100002
261160605210685	2611606052100002
261160605210689	2611606052100003
261160605210690	2611606052100003
261160605210623	2611606052100004
261160605210624	2611606052100004
261160605210409	2611606052100005
261160605210408	2611606052100005
261160605210412	2611606052100006
261160605210413	2611606052100006
261160605210410	2611606052100006
261160605210411	2611606052100006
261160605210576	2611606052100007
261160605210575	2611606052100007
261160605210192	2611606052100008
261160605210193	2611606052100009
261160605210528	2611606052100010
261160605210652	2611606052100010
261160605210416	2611606052100010
261160605210651	2611606052100010
261160605210655	2611606052100010
261160605210415	2611606052100010
261160605210656	2611606052100010
261160605210417	2611606052100010
261160605210653	2611606052100011
261160605210525	2611606052100011
261160605210654	2611606052100011
261160605230076	2611606052300001
261160605230077	2611606052300002
261160605230693	2611606052300003
261160605230694	2611606052300003
261160605230752	2611606052300004
261160605230751	2611606052300004
261160605230582	2611606052300005
261160605230742	2611606052300005
261160605230583	2611606052300005
261160605230585	2611606052300005
261160605230743	2611606052300005
261160605230744	2611606052300005
261160605230745	2611606052300005
261160605230584	2611606052300005
261160605230586	2611606052300005
261160605230081	2611606052300006
261160605230860	2611606052300007
261160605230702	2611606052300007
261160605230859	2611606052300007
261160605230083	2611606052300008
261160605230573	2611606052300009
261160605230572	2611606052300009
261160605230575	2611606052300010
261160605230574	2611606052300010
261160605230915	2611606052300011
261160605230088	2611606052300012
261160605230285	2611606052300013
261160605230286	2611606052300014
261160605230287	2611606052300015
261160605230288	2611606052300016
261160605230289	2611606052300017
261160605230895	2611606052300018
261160605230896	2611606052300018
261160605230291	2611606052300019
261160605230292	2611606052300020
261160605230293	2611606052300021
261160605230918	2611606052300022
261160605230678	2611606052300023
261160605230914	2611606052300023
261160605230785	2611606052300024
261160605230784	2611606052300024
261160605230297	2611606052300025
261160605230681	2611606052300026
261160605230682	2611606052300026
261160605230403	2611606052300027
261160605230635	2611606052300028
261160605230636	2611606052300028
261160605230513	2611606052300029
261160605230512	2611606052300029
261160605230406	2611606052300030
261160605230407	2611606052300031
261160605230560	2611606052300032
261160605230559	2611606052300032
261160605230409	2611606052300033
261160605230410	2611606052300034
261160605230411	2611606052300035
261160605230412	2611606052300036
261160605230413	2611606052300037
261160605230414	2611606052300038
261070705000565	2610707050000246
261070705000566	2610707050000246
261070705000303	2610707050000247
261070705000651	2610707050000248
261070705000653	2610707050000248
261070705000309	2610707050000249
261070705000539	2610707050000250
261070705000532	2610707050000250
261070705000533	2610707050000250
261070705000538	2610707050000250
261070705000312	2610707050000251
261070705000313	2610707050000252
261070705000314	2610707050000253
261070705000317	2610707050000254
261070705000318	2610707050000255
261070705000319	2610707050000256
261070705000320	2610707050000257
261070705000321	2610707050000258
261070705000323	2610707050000259
261070705000324	2610707050000260
261070705000325	2610707050000261
261070705000326	2610707050000262
261070705000585	2610707050000263
261070705000587	2610707050000263
261070705000586	2610707050000263
261070705000588	2610707050000263
261070705000329	2610707050000264
261070705000702	2610707050000265
261070705000701	2610707050000265
261070705000332	2610707050000266
261070705000733	2610707050000267
261070705000578	2610707050000267
261070705000734	2610707050000267
261070705000579	2610707050000267
261070705000334	2610707050000268
261070705000336	2610707050000269
261160605180001	2611606051800001
261160605180002	2611606051800002
261160605180003	2611606051800003
261160605180004	2611606051800004
261160605180005	2611606051800005
261160605180006	2611606051800006
261160605180007	2611606051800007
261160605180008	2611606051800008
261160605180122	2611606051800009
261160605180123	2611606051800009
261160605180010	2611606051800010
261160605180011	2611606051800011
261160605180012	2611606051800012
261160605180013	2611606051800013
261160605180014	2611606051800014
261160605180015	2611606051800015
261160605180181	2611606051800016
261160605180182	2611606051800016
261160605180124	2611606051800017
261160605180125	2611606051800017
261160605180018	2611606051800018
261160605180178	2611606051800019
261160605180021	2611606051800019
261160605180022	2611606051800020
261160605180023	2611606051800021
261160605180126	2611606051800022
261160605180127	2611606051800022
261160605180128	2611606051800023
261160605180129	2611606051800023
261160605180026	2611606051800024
261160605180027	2611606051800025
261160605180028	2611606051800026
261160605180029	2611606051800027
261160605180166	2611606051800028
261160605180195	2611606051800028
261160605180056	2611606051800028
261160605180130	2611606051800028
261160605180164	2611606051800028
261160605180134	2611606051800028
261160605180057	2611606051800028
261160605180131	2611606051800028
261160605180132	2611606051800028
261160605180165	2611606051800028
261160605180167	2611606051800028
261160605180149	2611606051800028
261160605180136	2611606051800028
261160605180133	2611606051800028
261160605180145	2611606051800028
261160605180135	2611606051800028
261160605180120	2611606051800028
261160605180196	2611606051800028
261160605180146	2611606051800028
261160605180032	2611606051800029
261160605180033	2611606051800030
261160605180034	2611606051800031
261160605180035	2611606051800032
261160605180036	2611606051800033
261160605180037	2611606051800034
261160605180038	2611606051800035
261160605180039	2611606051800036
261160605180190	2611606051800037
261160605180192	2611606051800037
261160605180189	2611606051800037
261160605180191	2611606051800037
261160605180041	2611606051800038
261160605180043	2611606051800039
261160605180138	2611606051800040
261160605180137	2611606051800040
261160605180045	2611606051800041
261160605180046	2611606051800042
261160605180047	2611606051800043
261160605180048	2611606051800044
261160605180049	2611606051800045
261160605180050	2611606051800046
261160605180051	2611606051800047
261160605180052	2611606051800048
261160605180053	2611606051800049
261160605180141	2611606051800050
261160605180142	2611606051800050
261160605180144	2611606051800051
261160605180143	2611606051800051
261160605180059	2611606051800052
261160605180156	2611606051800053
261160605180179	2611606051800054
261160605180180	2611606051800054
261160605180160	2611606051800055
261160605180159	2611606051800055
261160605180161	2611606051800055
261160605180063	2611606051800056
261160605180064	2611606051800057
261160605180162	2611606051800058
261160605180163	2611606051800058
261160605180148	2611606051800059
261160605180147	2611606051800059
261160605180069	2611606051800060
261160605180070	2611606051800061
261160605180071	2611606051800062
261160605180072	2611606051800063
261160605180073	2611606051800064
261160605180152	2611606051800065
261160605180153	2611606051800065
261160605180150	2611606051800066
261160605180151	2611606051800066
261160605180155	2611606051800067
261160605180194	2611606051800067
261160605180193	2611606051800067
261160605180077	2611606051800068
261160605180078	2611606051800069
261160605180079	2611606051800070
261160605180080	2611606051800071
261160605180172	2611606051800072
261160605180173	2611606051800072
261160605180082	2611606051800073
261160605180083	2611606051800074
261160605180175	2611606051800075
261160605180174	2611606051800075
261160605180085	2611606051800076
261160605180086	2611606051800077
261160605180187	2611606051800078
261160605180188	2611606051800078
261160605180088	2611606051800079
261160605180089	2611606051800080
261160605180090	2611606051800081
261160605180091	2611606051800082
261160605180092	2611606051800083
261160605180093	2611606051800084
261160605180094	2611606051800085
261160605180095	2611606051800086
261160605180096	2611606051800087
261160605180097	2611606051800088
261160605180098	2611606051800089
261160605180099	2611606051800090
261160605180186	2611606051800091
261160605180185	2611606051800091
261160605180101	2611606051800092
261160605180102	2611606051800093
261160605180103	2611606051800094
261160605180158	2611606051800095
261160605180157	2611606051800095
261160605180105	2611606051800096
261160605180171	2611606051800097
261160605180170	2611606051800097
261160605180107	2611606051800098
261160605180108	2611606051800099
261160605180184	2611606051800100
261160605180183	2611606051800100
261160605180177	2611606051800100
261160605180110	2611606051800101
261160605180169	2611606051800102
261160605180168	2611606051800102
261160605180112	2611606051800103
261160605180113	2611606051800104
261160605180114	2611606051800105
261160605180115	2611606051800106
261160605180139	2611606051800107
261160605180140	2611606051800107
261160605180118	2611606051800108
261160605180119	2611606051800109
261160605190001	2611606051900001
261160605190304	2611606051900001
261160605190261	2611606051900002
261160605190443	2611606051900002
261160605190444	2611606051900002
261160605190263	2611606051900003
261160605190441	2611606051900003
261160605190442	2611606051900003
261160605190262	2611606051900003
261160605190265	2611606051900004
261160605190264	2611606051900004
261160605190005	2611606051900005
261160605190358	2611606051900005
261160605190357	2611606051900005
261160605190006	2611606051900006
261160605190007	2611606051900007
261160605190420	2611606051900008
261160605190419	2611606051900008
261160605190413	2611606051900009
261160605190414	2611606051900009
261160605190416	2611606051900010
261160605190010	2611606051900010
261160605190415	2611606051900010
261160605190011	2611606051900011
261160605190266	2611606051900012
261160605190267	2611606051900012
261160605190013	2611606051900013
261160605190014	2611606051900014
261160605190254	2611606051900014
261160605190269	2611606051900015
261160605190268	2611606051900015
261160605190016	2611606051900016
261160605190432	2611606051900017
261160605190431	2611606051900017
261160605190271	2611606051900018
261160605190270	2611606051900018
261160605190019	2611606051900019
261160605190020	2611606051900020
261160605190021	2611606051900021
261160605190272	2611606051900022
261160605190273	2611606051900022
261160605190387	2611606051900023
261160605190470	2611606051900023
261160605190469	2611606051900023
261160605190385	2611606051900023
261160605190024	2611606051900024
261160605190274	2611606051900025
261160605190275	2611606051900025
261160605190026	2611606051900026
261160605190027	2611606051900027
261160605190277	2611606051900028
261160605190276	2611606051900028
261160605190029	2611606051900029
261160605190030	2611606051900030
261160605190031	2611606051900031
261160605190032	2611606051900032
261160605190279	2611606051900033
261160605190278	2611606051900033
261160605190281	2611606051900034
261160605190280	2611606051900034
261160605190283	2611606051900035
261160605190282	2611606051900035
261160605190036	2611606051900036
261160605190303	2611606051900036
261160605190037	2611606051900037
261160605190285	2611606051900038
261160605190284	2611606051900038
261160605190039	2611606051900039
261160605190040	2611606051900040
261160605190379	2611606051900041
261160605190388	2611606051900041
261160605190506	2611606051900041
261160605190505	2611606051900041
261160605190429	2611606051900041
261160605190389	2611606051900041
261160605190430	2611606051900041
261160605190287	2611606051900042
261160605190286	2611606051900042
261160605190289	2611606051900043
261160605190288	2611606051900043
261160605190302	2611606051900043
261160605190291	2611606051900044
261160605190290	2611606051900044
261160605190293	2611606051900045
261160605190292	2611606051900045
261160605190048	2611606051900046
261160605190297	2611606051900047
261160605190300	2611606051900047
261160605190298	2611606051900047
261160605190259	2611606051900047
261160605190294	2611606051900048
261160605190295	2611606051900048
261160605190296	2611606051900048
261160605190051	2611606051900049
261160605190318	2611606051900050
261160605190299	2611606051900050
261160605190320	2611606051900051
261160605190319	2611606051900051
261160605190321	2611606051900051
261160605190400	2611606051900052
261160605190401	2611606051900052
261160605190322	2611606051900053
261160605190323	2611606051900053
261160605190391	2611606051900054
261160605190452	2611606051900054
261160605190451	2611606051900054
261160605190324	2611606051900055
261160605190325	2611606051900055
261160605190326	2611606051900055
261160605190436	2611606051900056
261160605190328	2611606051900056
261160605190435	2611606051900056
261160605190059	2611606051900057
261160605190060	2611606051900058
261160605190061	2611606051900059
261160605190062	2611606051900060
261160605190063	2611606051900061
261160605190393	2611606051900062
261160605190394	2611606051900062
261160605190065	2611606051900063
261160605190066	2611606051900064
261160605190067	2611606051900065
261160605190249	2611606051900066
261160605190068	2611606051900066
261160605190069	2611606051900067
261160605190070	2611606051900068
261160605190071	2611606051900069
261160605190504	2611606051900070
261160605190503	2611606051900070
261160605190450	2611606051900071
261160605190449	2611606051900071
261160605190074	2611606051900072
261160605190075	2611606051900073
261160605190076	2611606051900074
261160605190077	2611606051900075
261160605190078	2611606051900076
261160605190329	2611606051900077
261160605190330	2611606051900077
261160605190332	2611606051900078
261160605190331	2611606051900078
261160605190333	2611606051900079
261160605190334	2611606051900079
261160605190335	2611606051900080
261160605190336	2611606051900080
261160605190083	2611606051900081
261160605190084	2611606051900082
261160605190407	2611606051900083
261160605190408	2611606051900083
261160605190397	2611606051900084
261160605190398	2611606051900084
261160605190399	2611606051900084
261160605190338	2611606051900085
261160605190337	2611606051900085
261160605190305	2611606051900086
261160605190340	2611606051900086
261160605190339	2611606051900086
261160605190341	2611606051900087
261160605190342	2611606051900087
261160605190090	2611606051900088
261160605190091	2611606051900089
261160605190092	2611606051900090
261160605190093	2611606051900091
261160605190094	2611606051900092
261160605190095	2611606051900093
261160605190096	2611606051900094
261160605190097	2611606051900095
261160605190098	2611606051900096
261160605190343	2611606051900097
261160605190344	2611606051900097
261160605190100	2611606051900098
261160605190101	2611606051900099
261160605190346	2611606051900100
261160605190345	2611606051900100
261160605190347	2611606051900101
261160605190348	2611606051900101
261160605190350	2611606051900102
261160605190349	2611606051900102
261160605190499	2611606051900103
261160605190448	2611606051900103
261160605190352	2611606051900104
261160605190351	2611606051900104
261160605190107	2611606051900105
261160605190108	2611606051900106
261160605190109	2611606051900107
261160605190110	2611606051900108
261160605190111	2611606051900109
261160605190112	2611606051900110
261160605190113	2611606051900111
261160605190114	2611606051900112
261160605190115	2611606051900113
261160605190312	2611606051900113
261160605190460	2611606051900114
261160605190459	2611606051900114
261160605190353	2611606051900115
261160605190354	2611606051900115
261160605190118	2611606051900116
261160605190119	2611606051900117
261160605190315	2611606051900117
261160605190472	2611606051900118
261160605190471	2611606051900118
261160605190410	2611606051900119
261160605190409	2611606051900119
261160605190121	2611606051900119
261160605190122	2611606051900120
261160605190123	2611606051900121
261160605190124	2611606051900122
261160605190125	2611606051900123
261160605190356	2611606051900124
261160605190455	2611606051900124
261160605190456	2611606051900124
261160605190127	2611606051900125
261160605190317	2611606051900125
261160605190464	2611606051900126
261160605190463	2611606051900126
261160605190129	2611606051900127
261160605190308	2611606051900128
261160605190130	2611606051900128
261160605190131	2611606051900129
261160605190132	2611606051900130
261160605190468	2611606051900131
261160605190466	2611606051900131
261160605190465	2611606051900131
261160605190467	2611606051900131
261160605190428	2611606051900132
261160605190427	2611606051900132
261160605190359	2611606051900133
261160605190360	2611606051900133
261160605190136	2611606051900134
261160605190137	2611606051900135
261160605190495	2611606051900136
261160605190138	2611606051900136
261160605190496	2611606051900136
261160605190486	2611606051900136
261160605190498	2611606051900137
261160605190497	2611606051900137
261160605190139	2611606051900137
261160605190316	2611606051900137
261160605190140	2611606051900138
261160605190141	2611606051900139
261160605190490	2611606051900140
261160605190489	2611606051900140
261160605190361	2611606051900141
261160605190362	2611606051900141
261160605190479	2611606051900142
261160605190480	2611606051900142
261160605190145	2611606051900143
261160605190481	2611606051900144
261160605190482	2611606051900144
261160605190311	2611606051900144
261160605190309	2611606051900144
261160605190146	2611606051900144
261160605190147	2611606051900145
261160605190454	2611606051900146
261160605190453	2611606051900146
261160605190149	2611606051900147
261160605190150	2611606051900148
261160605190151	2611606051900149
261160605190152	2611606051900150
261160605190500	2611606051900151
261160605190155	2611606051900152
261160605190502	2611606051900153
261160605190501	2611606051900153
261160605190364	2611606051900153
261160605190256	2611606051900154
261160605190446	2611606051900154
261160605190366	2611606051900154
261160605190445	2611606051900154
261160605190402	2611606051900155
261160605190248	2611606051900155
261160605190403	2611606051900155
261160605190159	2611606051900156
261160605190160	2611606051900157
261160605190161	2611606051900158
261160605190255	2611606051900158
261160605190368	2611606051900159
261160605190367	2611606051900159
261160605190163	2611606051900160
261160605190164	2611606051900161
261160605190165	2611606051900162
261160605190166	2611606051900163
261160605190421	2611606051900164
261160605190422	2611606051900164
261160605190250	2611606051900164
261160605190168	2611606051900165
261160605190493	2611606051900166
261160605190494	2611606051900166
261160605190170	2611606051900167
261160605190171	2611606051900168
261160605190172	2611606051900169
261160605190173	2611606051900170
261160605190380	2611606051900171
261160605190175	2611606051900172
261160605190176	2611606051900173
261160605190177	2611606051900174
261160605190178	2611606051900175
261160605190179	2611606051900176
261160605190437	2611606051900177
261160605190438	2611606051900177
261160605190181	2611606051900178
261160605190424	2611606051900179
261160605190423	2611606051900179
261160605190184	2611606051900180
261160605190185	2611606051900181
261160605190186	2611606051900182
261160605190187	2611606051900183
261160605190433	2611606051900184
261160605190434	2611606051900184
261160605190405	2611606051900185
261160605190406	2611606051900185
261160605190404	2611606051900185
261160605190190	2611606051900186
261160605190191	2611606051900187
261160605190192	2611606051900188
261160605190412	2611606051900189
261160605190411	2611606051900189
261160605190301	2611606051900190
261160605190370	2611606051900190
261160605190369	2611606051900190
261160605190195	2611606051900191
261160605190196	2611606051900192
261160605190197	2611606051900193
261160605190198	2611606051900194
261160605190199	2611606051900195
261160605190200	2611606051900196
261160605190201	2611606051900197
261160605190202	2611606051900198
261160605190203	2611606051900199
261160605190204	2611606051900200
261160605190205	2611606051900201
261160605190206	2611606051900202
261160605190476	2611606051900203
261160605190475	2611606051900203
261160605190371	2611606051900204
261160605190372	2611606051900204
261160605190439	2611606051900205
261160605190440	2611606051900205
261160605190373	2611606051900206
261160605190374	2611606051900206
261160605190212	2611606051900207
261160605190458	2611606051900208
261160605190457	2611606051900208
261160605190214	2611606051900209
261160605190462	2611606051900210
261160605190461	2611606051900210
261160605190216	2611606051900211
261160605190217	2611606051900212
261160605190218	2611606051900213
261160605190219	2611606051900214
261160605190487	2611606051900215
261160605190488	2611606051900215
261160605190376	2611606051900216
261160605190485	2611606051900216
261160605190491	2611606051900217
261160605190492	2611606051900217
261160605190382	2611606051900217
261160605190381	2611606051900217
261160605190483	2611606051900218
261160605190484	2611606051900218
261160605190307	2611606051900218
261160605190478	2611606051900218
261160605190477	2611606051900218
261160605190377	2611606051900219
261160605190378	2611606051900219
261160605190226	2611606051900220
261160605190227	2611606051900221
261160605190417	2611606051900222
261160605190418	2611606051900222
261160605190229	2611606051900223
261160605190230	2611606051900224
261160605190231	2611606051900225
261160605190232	2611606051900226
261160605190253	2611606051900227
261160605190233	2611606051900227
261160605190234	2611606051900228
261160605190235	2611606051900229
261160605190236	2611606051900230
261160605190238	2611606051900231
261160605190239	2611606051900232
261160605190240	2611606051900233
261160605190241	2611606051900234
261160605190242	2611606051900235
261160605190473	2611606051900236
261160605190474	2611606051900236
261160605190383	2611606051900237
261160605190384	2611606051900237
261160605190245	2611606051900238
261160605190246	2611606051900239
261160605190247	2611606051900240
261160605200450	2611606052000001
261160605200451	2611606052000001
261160605200241	2611606052000002
261160605200719	2611606052000002
261160605200673	2611606052000002
261160605200720	2611606052000002
261160605200382	2611606052000002
261160605200674	2611606052000002
261160605200002	2611606052000002
261160605200452	2611606052000003
261160605200453	2611606052000003
261160605200698	2611606052000004
261160605200697	2611606052000004
261160605200400	2611606052000005
261160605200699	2611606052000005
261160605200700	2611606052000005
261160605200006	2611606052000006
261160605200436	2611606052000006
261160605200561	2611606052000006
261160605200671	2611606052000007
261160605200672	2611606052000007
261160605200675	2611606052000008
261160605200676	2611606052000008
261160605200009	2611606052000009
261160605200655	2611606052000010
261160605200708	2611606052000010
261160605200656	2611606052000010
261160605200709	2611606052000010
261160605200011	2611606052000011
261160605200695	2611606052000012
261160605200696	2611606052000012
261160605200455	2611606052000013
261160605200407	2611606052000013
261160605200454	2611606052000013
261160605200463	2611606052000013
261160605200462	2611606052000013
261160605200014	2611606052000014
261160605200457	2611606052000015
261160605200456	2611606052000015
261160605200458	2611606052000016
261160605200459	2611606052000016
261160605200017	2611606052000017
261160605200018	2611606052000018
261160605200721	2611606052000019
261160605200722	2611606052000019
261160605200021	2611606052000020
261160605200022	2611606052000021
261160605200023	2611606052000022
261160605200024	2611606052000023
261160605200025	2611606052000024
261160605200026	2611606052000025
261160605200027	2611606052000026
261160605200461	2611606052000027
261160605200460	2611606052000027
261160605200383	2611606052000028
261160605200030	2611606052000028
261160605200465	2611606052000029
261160605200464	2611606052000029
261160605200032	2611606052000030
261160605200033	2611606052000031
261160605200034	2611606052000032
261160605200035	2611606052000033
261160605200466	2611606052000034
261160605200467	2611606052000034
261160605200037	2611606052000035
261160605200038	2611606052000036
261160605200468	2611606052000037
261160605200469	2611606052000037
261160605200040	2611606052000038
261160605200470	2611606052000039
261160605200471	2611606052000039
261160605200042	2611606052000040
261160605200043	2611606052000041
261160605200044	2611606052000042
261160605200045	2611606052000043
261160605200046	2611606052000044
261160605200473	2611606052000045
261160605200472	2611606052000045
261160605200048	2611606052000046
261160605200614	2611606052000047
261160605200613	2611606052000047
261160605200401	2611606052000047
261160605200050	2611606052000048
261160605200051	2611606052000049
261160605200052	2611606052000050
261160605200379	2611606052000050
261160605200053	2611606052000051
261160605200054	2611606052000052
261160605200475	2611606052000053
261160605200474	2611606052000053
261160605200056	2611606052000054
261160605200405	2611606052000055
261160605200668	2611606052000055
261160605200667	2611606052000055
261160605200426	2611606052000056
261160605200580	2611606052000056
261160605200425	2611606052000056
261160605200393	2611606052000057
261160605200059	2611606052000057
261160605200060	2611606052000058
261160605200408	2611606052000058
261160605200061	2611606052000059
261160605200062	2611606052000060
261160605200392	2611606052000061
261160605200063	2611606052000061
261160605200477	2611606052000062
261160605200476	2611606052000062
261160605200065	2611606052000063
261160605200066	2611606052000064
261160605200479	2611606052000065
261160605200478	2611606052000065
261160605200480	2611606052000066
261160605200481	2611606052000066
261160605200482	2611606052000067
261160605200483	2611606052000067
261160605200070	2611606052000068
261160605200391	2611606052000069
261160605200071	2611606052000069
261160605200072	2611606052000070
261160605200485	2611606052000071
261160605200484	2611606052000071
261160605200074	2611606052000072
261160605200615	2611606052000073
261160605200616	2611606052000073
261160605200596	2611606052000074
261160605200597	2611606052000074
261160605200077	2611606052000075
261160605200428	2611606052000076
261160605200390	2611606052000076
261160605200427	2611606052000076
261160605200429	2611606052000076
261160605200430	2611606052000077
261160605200431	2611606052000077
261160605200598	2611606052000078
261160605200599	2611606052000078
261160605200565	2611606052000079
261160605200564	2611606052000079
261160605200566	2611606052000079
261160605200617	2611606052000080
261160605200389	2611606052000080
261160605200618	2611606052000080
261160605200083	2611606052000081
261160605200432	2611606052000082
261160605200433	2611606052000082
261160605200445	2611606052000083
261160605200444	2611606052000083
261160605200443	2611606052000083
261160605200442	2611606052000083
261160605200086	2611606052000084
261160605200087	2611606052000085
261160605200088	2611606052000086
261160605200089	2611606052000087
261160605200090	2611606052000088
261160605200091	2611606052000089
261160605200092	2611606052000090
261160605200093	2611606052000091
261160605200533	2611606052000092
261160605200534	2611606052000092
261160605200095	2611606052000093
261160605200096	2611606052000094
261160605200097	2611606052000095
261160605200487	2611606052000096
261160605200486	2611606052000096
261160605200488	2611606052000097
261160605200489	2611606052000097
261160605200627	2611606052000098
261160605200628	2611606052000098
261160605200101	2611606052000099
261160605200102	2611606052000100
261160605200626	2611606052000101
261160605200625	2611606052000101
261160605200104	2611606052000102
261160605200491	2611606052000103
261160605200490	2611606052000103
261160605200106	2611606052000104
261160605200107	2611606052000105
261160605200108	2611606052000106
261160605200109	2611606052000107
261160605200110	2611606052000108
261160605200111	2611606052000109
261160605200446	2611606052000110
261160605200447	2611606052000110
261160605200397	2611606052000111
261160605200113	2611606052000111
261160605200567	2611606052000112
261160605200410	2611606052000112
261160605200568	2611606052000112
261160605200115	2611606052000113
261160605200116	2611606052000114
261160605200117	2611606052000115
261160605200118	2611606052000116
261160605200119	2611606052000117
261160605200120	2611606052000118
261160605200121	2611606052000119
261160605200122	2611606052000120
261160605200123	2611606052000121
261160605200124	2611606052000122
261160605200125	2611606052000123
261160605200126	2611606052000124
261160605200127	2611606052000125
261160605200424	2611606052000126
261160605200423	2611606052000126
261160605200394	2611606052000127
261160605200129	2611606052000127
261160605200130	2611606052000128
261160605200448	2611606052000129
261160605200449	2611606052000129
261160605200132	2611606052000130
261160605200133	2611606052000131
261160605200134	2611606052000132
261160605200135	2611606052000133
261160605200492	2611606052000134
261160605200493	2611606052000134
261160605200137	2611606052000135
261160605200138	2611606052000136
261160605200139	2611606052000137
261160605200140	2611606052000138
261160605200141	2611606052000139
261160605200142	2611606052000140
261160605200143	2611606052000141
261160605200144	2611606052000142
261160605200145	2611606052000143
261160605200146	2611606052000144
261160605200714	2611606052000145
261160605200602	2611606052000145
261160605200622	2611606052000145
261160605200570	2611606052000145
261160605200148	2611606052000146
261160605200648	2611606052000147
261160605200649	2611606052000147
261160605200151	2611606052000148
261160605200152	2611606052000149
261160605200153	2611606052000150
261160605200395	2611606052000150
261160605200154	2611606052000151
261160605200387	2611606052000151
261160605200155	2611606052000152
261160605200630	2611606052000153
261160605200629	2611606052000153
261160605200157	2611606052000154
261160605200396	2611606052000154
261160605200158	2611606052000155
261160605200159	2611606052000156
261160605200160	2611606052000157
261160605200161	2611606052000158
261160605200162	2611606052000159
261160605200163	2611606052000160
261160605200164	2611606052000161
261160605200496	2611606052000162
261160605200495	2611606052000162
261160605200543	2611606052000163
261160605200669	2611606052000163
261160605200168	2611606052000163
261160605200417	2611606052000163
261160605200418	2611606052000163
261160605200544	2611606052000163
261160605200670	2611606052000163
261160605200167	2611606052000164
261160605200169	2611606052000165
261160605200170	2611606052000166
261160605200171	2611606052000167
261160605200172	2611606052000168
261160605200173	2611606052000169
261160605200174	2611606052000170
261160605200654	2611606052000171
261160605200572	2611606052000171
261160605200573	2611606052000171
261160605200653	2611606052000171
261160605200574	2611606052000171
261160605200403	2611606052000172
261160605200334	2611606052000172
261160605200176	2611606052000172
261160605200177	2611606052000173
261160605200691	2611606052000174
261160605200688	2611606052000174
261160605200594	2611606052000174
261160605200595	2611606052000174
261160605200706	2611606052000174
261160605200237	2611606052000174
261160605200703	2611606052000174
261160605200693	2611606052000174
261160605200413	2611606052000174
261160605200707	2611606052000174
261160605200686	2611606052000174
261160605200692	2611606052000174
261160605200178	2611606052000174
261160605200694	2611606052000174
261160605200687	2611606052000174
261160605200181	2611606052000175
261160605200182	2611606052000176
261160605200183	2611606052000177
261160605200184	2611606052000178
261160605200718	2611606052000179
261160605200717	2611606052000179
261160605200582	2611606052000179
261160605200716	2611606052000179
261160605200715	2611606052000179
261160605200186	2611606052000180
261160605200498	2611606052000181
261160605200712	2611606052000181
261160605200497	2611606052000181
261160605200713	2611606052000181
261160605200189	2611606052000182
261160605200190	2611606052000183
261160605200398	2611606052000183
261160605200376	2611606052000184
261160605200191	2611606052000184
261160605200421	2611606052000185
261160605200422	2611606052000185
261160605200499	2611606052000186
261160605200385	2611606052000186
261160605200500	2611606052000186
261160605200680	2611606052000187
261160605200411	2611606052000187
261160605200554	2611606052000187
261160605200586	2611606052000187
261160605200679	2611606052000187
261160605200585	2611606052000187
261160605200342	2611606052000187
261160605200195	2611606052000188
261160605200726	2611606052000189
261160605200684	2611606052000190
261160605200685	2611606052000190
261160605200501	2611606052000190
261160605200727	2611606052000190
261160605200198	2611606052000191
261160605200199	2611606052000192
261160605200723	2611606052000193
261160605200604	2611606052000193
261160605200724	2611606052000193
261160605200587	2611606052000193
261160605200552	2611606052000193
261160605200725	2611606052000193
261160605200644	2611606052000194
261160605200643	2611606052000194
261160605200658	2611606052000194
261160605200647	2611606052000194
261160605200646	2611606052000194
261160605200657	2611606052000194
261160605200645	2611606052000194
261160605200399	2611606052000195
261160605200202	2611606052000195
261160605200701	2611606052000196
261160605200702	2611606052000196
261160605200204	2611606052000197
261160605200583	2611606052000197
261160605200584	2611606052000197
261160605200406	2611606052000197
261160605200236	2611606052000197
261160605200205	2611606052000198
261160605200677	2611606052000199
261160605200678	2611606052000199
261160605200592	2611606052000200
261160605200705	2611606052000200
261160605200591	2611606052000200
261160605200711	2611606052000200
261160605200414	2611606052000200
261160605200593	2611606052000200
261160605200710	2611606052000200
261160605200704	2611606052000200
261160605200638	2611606052000201
261160605200642	2611606052000201
261160605200636	2611606052000201
261160605200607	2611606052000201
261160605200606	2611606052000201
261160605200641	2611606052000201
261160605200609	2611606052000201
261160605200637	2611606052000201
261160605200210	2611606052000202
261160605200211	2611606052000203
261160605200612	2611606052000204
261160605200611	2611606052000204
261160605200213	2611606052000205
261160605200214	2611606052000206
261160605200215	2611606052000207
261160605200504	2611606052000208
261160605200503	2611606052000208
261160605200217	2611606052000209
261160605200218	2611606052000210
261160605200506	2611606052000211
261160605200505	2611606052000211
261160605200221	2611606052000212
261160605200223	2611606052000213
261160605200508	2611606052000214
261160605200507	2611606052000214
261160605200225	2611606052000215
261160605200226	2611606052000216
261160605200227	2611606052000217
261160605200510	2611606052000218
261160605200509	2611606052000218
261160605200577	2611606052000219
261160605200576	2611606052000219
261160605200683	2611606052000220
261160605200682	2611606052000220
261160605200681	2611606052000220
261160605200511	2611606052000220
261160605200231	2611606052000221
261160605200232	2611606052000222
261160605200402	2611606052000222
261160605200233	2611606052000223
261160605200513	2611606052000224
261160605200514	2611606052000224
261160605200515	2611606052000225
261160605200516	2611606052000225
261160605200579	2611606052000225
261160605200238	2611606052000226
261160605200239	2611606052000227
261160605200240	2611606052000228
261160605200242	2611606052000229
261160605200517	2611606052000230
261160605200518	2611606052000230
261160605200244	2611606052000231
261160605200245	2611606052000232
261160605200246	2611606052000233
261160605200247	2611606052000234
261160605200248	2611606052000235
261160605200249	2611606052000236
261160605200250	2611606052000237
261160605200251	2611606052000238
261160605200252	2611606052000239
261160605200519	2611606052000240
261160605200520	2611606052000240
261160605200254	2611606052000241
261160605200255	2611606052000242
261160605200256	2611606052000243
261160605200257	2611606052000244
261160605200258	2611606052000245
261160605200259	2611606052000246
261160605200522	2611606052000247
261160605200521	2611606052000247
261160605200261	2611606052000248
261160605200262	2611606052000249
261160605200524	2611606052000250
261160605200523	2611606052000250
261160605200264	2611606052000251
261160605200265	2611606052000252
261160605200526	2611606052000253
261160605200525	2611606052000253
261160605200528	2611606052000254
261160605200527	2611606052000254
261160605200268	2611606052000255
261160605200269	2611606052000256
261160605200623	2611606052000257
261160605200624	2611606052000257
261160605200271	2611606052000258
261160605200272	2611606052000259
261160605200273	2611606052000260
261160605200529	2611606052000261
261160605200530	2611606052000261
261160605200275	2611606052000262
261160605200276	2611606052000263
261160605200531	2611606052000264
261160605200532	2611606052000264
261160605200278	2611606052000265
261160605200279	2611606052000266
261160605200280	2611606052000267
261160605200281	2611606052000268
261160605200535	2611606052000269
261160605200536	2611606052000269
261160605200283	2611606052000270
261160605200284	2611606052000271
261160605200285	2611606052000272
261160605200286	2611606052000273
261160605200287	2611606052000274
261160605200288	2611606052000275
261160605200289	2611606052000276
261160605200290	2611606052000277
261160605200291	2611606052000278
261160605200292	2611606052000279
261160605200293	2611606052000280
261160605200435	2611606052000281
261160605200434	2611606052000281
261160605200537	2611606052000282
261160605200538	2611606052000282
261160605200296	2611606052000283
261160605200539	2611606052000284
261160605200633	2611606052000284
261160605200632	2611606052000284
261160605200631	2611606052000284
261160605200298	2611606052000285
261160605200601	2611606052000286
261160605200600	2611606052000286
261160605200419	2611606052000287
261160605200420	2611606052000287
261160605200301	2611606052000288
261160605200302	2611606052000289
261160605200303	2611606052000290
261160605200304	2611606052000291
261160605200305	2611606052000292
261160605200306	2611606052000293
261160605200307	2611606052000294
261160605200308	2611606052000295
261160605200440	2611606052000296
261160605200441	2611606052000296
261160605200310	2611606052000297
261160605200311	2611606052000298
261160605200312	2611606052000299
261160605200313	2611606052000300
261160605200619	2611606052000301
261160605200620	2611606052000301
261160605200315	2611606052000302
261160605200316	2611606052000303
261160605200317	2611606052000304
261160605200318	2611606052000305
261160605200319	2611606052000306
261160605200634	2611606052000307
261160605200635	2611606052000307
261160605200542	2611606052000308
261160605200541	2611606052000308
261160605200652	2611606052000309
261160605200650	2611606052000309
261160605200651	2611606052000309
261160605200323	2611606052000310
261160605200324	2611606052000311
261160605200325	2611606052000312
261160605200327	2611606052000313
261160605200328	2611606052000314
261160605200663	2611606052000315
261160605200664	2611606052000315
261160605200665	2611606052000316
261160605200416	2611606052000316
261160605200571	2611606052000316
261160605200666	2611606052000316
261160605200332	2611606052000317
261160605200378	2611606052000317
261160605200546	2611606052000318
261160605200494	2611606052000318
261160605200545	2611606052000318
261160605200578	2611606052000318
261160605200437	2611606052000318
261160605200337	2611606052000319
261160605200548	2611606052000320
261160605200547	2611606052000320
261160605200562	2611606052000321
261160605200404	2611606052000321
261160605200563	2611606052000321
261160605200340	2611606052000322
261160605200549	2611606052000323
261160605200550	2611606052000323
261160605200660	2611606052000324
261160605200659	2611606052000324
261160605200640	2611606052000325
261160605200639	2611606052000325
261160605200349	2611606052000326
261160605200350	2611606052000327
261160605200556	2611606052000328
261160605200555	2611606052000328
261160605200384	2611606052000328
261160605200557	2611606052000329
261160605200558	2611606052000329
261160605200353	2611606052000330
261160605200354	2611606052000331
261160605200560	2611606052000332
261160605200559	2611606052000332
261160605200356	2611606052000333
261160605200357	2611606052000334
261160605200358	2611606052000335
261160605200359	2611606052000336
261160605200360	2611606052000337
261160605200361	2611606052000338
261160605200362	2611606052000339
261160605200363	2611606052000340
261160605200364	2611606052000341
261160605200365	2611606052000342
261160605200366	2611606052000343
261160605200367	2611606052000344
261160605200368	2611606052000345
261160605200690	2611606052000346
261160605200689	2611606052000346
261160605200661	2611606052000347
261160605200588	2611606052000347
261160605200662	2611606052000347
261160605200371	2611606052000348
261160605200372	2611606052000349
261160605200373	2611606052000350
261160605200374	2611606052000351
261160605200375	2611606052000352
261160605210340	2611606052100012
261160605210339	2611606052100012
261160605210341	2611606052100013
261160605210342	2611606052100013
261160605210003	2611606052100014
261160605210343	2611606052100015
261160605210344	2611606052100015
261160605210005	2611606052100016
261160605210657	2611606052100017
261160605210659	2611606052100017
261160605210658	2611606052100017
261160605210461	2611606052100018
261160605210462	2611606052100018
261160605210463	2611606052100019
261160605210465	2611606052100019
261160605210464	2611606052100019
261160605210009	2611606052100020
261160605210579	2611606052100021
261160605210580	2611606052100021
261160605210011	2611606052100022
261160605210012	2611606052100023
261160605210013	2611606052100024
261160605210014	2611606052100025
261160605210015	2611606052100026
261160605210016	2611606052100027
261160605210017	2611606052100028
261160605210345	2611606052100029
261160605210346	2611606052100029
261160605210466	2611606052100030
261160605210467	2611606052100030
261160605210020	2611606052100031
261160605210469	2611606052100032
261160605210468	2611606052100032
261160605210022	2611606052100033
261160605210348	2611606052100034
261160605210347	2611606052100034
261160605210024	2611606052100035
261160605210025	2611606052100036
261160605210026	2611606052100037
261160605210349	2611606052100038
261160605210350	2611606052100038
261160605210028	2611606052100039
261160605210029	2611606052100040
261160605210687	2611606052100041
261160605210031	2611606052100041
261160605210470	2611606052100041
261160605210033	2611606052100041
261160605210688	2611606052100041
261160605210032	2611606052100042
261160605210034	2611606052100043
261160605210035	2611606052100044
261160605210036	2611606052100045
261160605210472	2611606052100046
261160605210453	2611606052100046
261160605210473	2611606052100046
261160605210456	2611606052100046
261160605210454	2611606052100046
261160605210455	2611606052100046
261160605210351	2611606052100047
261160605210352	2611606052100047
261160605210354	2611606052100047
261160605210353	2611606052100047
261160605210332	2611606052100047
261160605210039	2611606052100048
261160605210442	2611606052100049
261160605210568	2611606052100049
261160605210443	2611606052100049
261160605210356	2611606052100050
261160605210355	2611606052100050
261160605210042	2611606052100051
261160605210458	2611606052100052
261160605210457	2611606052100052
261160605210045	2611606052100053
261160605210581	2611606052100054
261160605210582	2611606052100054
261160605210047	2611606052100055
261160605210048	2611606052100056
261160605210049	2611606052100057
261160605210050	2611606052100058
261160605210051	2611606052100059
261160605210609	2611606052100060
261160605210608	2611606052100060
261160605210053	2611606052100061
261160605210054	2611606052100062
261160605210055	2611606052100063
261160605210056	2611606052100064
261160605210057	2611606052100065
261160605210601	2611606052100066
261160605210357	2611606052100066
261160605210600	2611606052100066
261160605210359	2611606052100067
261160605210360	2611606052100067
261160605210362	2611606052100068
261160605210361	2611606052100068
261160605210474	2611606052100069
261160605210475	2611606052100069
261160605210363	2611606052100070
261160605210364	2611606052100070
261160605210447	2611606052100071
261160605210446	2611606052100071
261160605210365	2611606052100072
261160605210366	2611606052100072
261160605210368	2611606052100073
261160605210367	2611606052100073
261160605210369	2611606052100073
261160605210066	2611606052100074
261160605210444	2611606052100075
261160605210371	2611606052100075
261160605210370	2611606052100075
261160605210445	2611606052100075
261160605210337	2611606052100076
261160605210338	2611606052100076
261160605210450	2611606052100077
261160605210686	2611606052100077
261160605210449	2611606052100077
261160605210070	2611606052100078
261160605210451	2611606052100079
261160605210452	2611606052100079
261160605210072	2611606052100080
261160605210372	2611606052100081
261160605210373	2611606052100081
261160605210375	2611606052100082
261160605210374	2611606052100082
261160605210075	2611606052100083
261160605210076	2611606052100084
261160605210077	2611606052100085
261160605210567	2611606052100086
261160605210599	2611606052100086
261160605210566	2611606052100086
261160605210598	2611606052100086
261160605210376	2611606052100086
261160605210477	2611606052100087
261160605210476	2611606052100087
261160605210552	2611606052100088
261160605210081	2611606052100088
261160605210551	2611606052100088
261160605210082	2611606052100089
261160605210479	2611606052100090
261160605210478	2611606052100090
261160605210480	2611606052100090
261160605210084	2611606052100091
261160605210595	2611606052100092
261160605210594	2611606052100092
261160605210086	2611606052100093
261160605210378	2611606052100094
261160605210379	2611606052100094
261160605210088	2611606052100095
261160605210089	2611606052100096
261160605210482	2611606052100097
261160605210481	2611606052100097
261160605210484	2611606052100098
261160605210483	2611606052100098
261160605210092	2611606052100099
261160605210093	2611606052100100
261160605210381	2611606052100101
261160605210380	2611606052100101
261160605210604	2611606052100102
261160605210605	2611606052100102
261160605210096	2611606052100103
261160605210097	2611606052100104
261160605210098	2611606052100105
261160605210606	2611606052100106
261160605210485	2611606052100106
261160605210607	2611606052100106
261160605210635	2611606052100107
261160605210636	2611606052100107
261160605210101	2611606052100108
261160605210102	2611606052100109
261160605210103	2611606052100110
261160605210104	2611606052100111
261160605210487	2611606052100112
261160605210488	2611606052100112
261160605210490	2611606052100113
261160605210572	2611606052100113
261160605210489	2611606052100113
261160605210571	2611606052100113
261160605210383	2611606052100114
261160605210382	2611606052100114
261160605210385	2611606052100115
261160605210384	2611606052100115
261160605210109	2611606052100116
261160605210492	2611606052100117
261160605210493	2611606052100117
261160605210111	2611606052100118
261160605210386	2611606052100119
261160605210387	2611606052100119
261160605210113	2611606052100120
261160605210114	2611606052100121
261160605210389	2611606052100122
261160605210388	2611606052100122
261160605210116	2611606052100123
261160605210117	2611606052100124
261160605210390	2611606052100125
261160605210391	2611606052100125
261160605210119	2611606052100126
261160605210494	2611606052100127
261160605210495	2611606052100127
261160605210121	2611606052100128
261160605210122	2611606052100129
261160605210393	2611606052100130
261160605210392	2611606052100130
261160605210124	2611606052100131
261160605210394	2611606052100132
261160605210395	2611606052100132
261160605210630	2611606052100133
261160605210627	2611606052100133
261160605210534	2611606052100133
261160605210638	2611606052100133
261160605210695	2611606052100133
261160605210637	2611606052100133
261160605210696	2611606052100133
261160605210533	2611606052100133
261160605210210	2611606052100133
261160605210628	2611606052100133
261160605210127	2611606052100134
261160605210128	2611606052100135
261160605210129	2611606052100136
261160605210397	2611606052100137
261160605210396	2611606052100137
261160605210131	2611606052100138
261160605210669	2611606052100139
261160605210497	2611606052100139
261160605210668	2611606052100139
261160605210496	2611606052100139
261160605210133	2611606052100140
261160605210398	2611606052100141
261160605210399	2611606052100141
261160605210135	2611606052100142
261160605210401	2611606052100143
261160605210615	2611606052100143
261160605210616	2611606052100143
261160605210614	2611606052100143
261160605210137	2611606052100144
261160605210138	2611606052100145
261160605210139	2611606052100146
261160605210499	2611606052100147
261160605210500	2611606052100147
261160605210402	2611606052100148
261160605210403	2611606052100148
261160605210501	2611606052100148
261160605210666	2611606052100149
261160605210667	2611606052100149
261160605210426	2611606052100150
261160605210503	2611606052100150
261160605210427	2611606052100150
261160605210502	2611606052100150
261160605210144	2611606052100151
261160605210145	2611606052100152
261160605210146	2611606052100153
261160605210147	2611606052100154
261160605210148	2611606052100155
261160605210149	2611606052100156
261160605210504	2611606052100157
261160605210505	2611606052100157
261160605210406	2611606052100158
261160605210404	2611606052100158
261160605210631	2611606052100158
261160605210407	2611606052100158
261160605210632	2611606052100158
261160605210153	2611606052100159
261160605210578	2611606052100160
261160605210577	2611606052100160
261160605210155	2611606052100161
261160605210156	2611606052100162
261160605210157	2611606052100163
261160605210158	2611606052100164
261160605210159	2611606052100165
261160605210160	2611606052100166
261160605210161	2611606052100167
261160605210162	2611606052100168
261160605210649	2611606052100169
261160605210650	2611606052100169
261160605210613	2611606052100170
261160605210612	2611606052100170
261160605210506	2611606052100171
261160605210611	2611606052100171
261160605210610	2611606052100171
261160605210166	2611606052100172
261160605210167	2611606052100173
261160605210335	2611606052100173
261160605210683	2611606052100173
261160605210684	2611606052100173
261160605210168	2611606052100174
261160605210169	2611606052100175
261160605210642	2611606052100176
261160605210641	2611606052100176
261160605210664	2611606052100176
261160605210643	2611606052100176
261160605210700	2611606052100176
261160605210665	2611606052100176
261160605210699	2611606052100176
261160605210510	2611606052100177
261160605210511	2611606052100177
261160605210172	2611606052100178
261160605210617	2611606052100179
261160605210618	2611606052100179
261160605210555	2611606052100179
261160605210512	2611606052100179
261160605210556	2611606052100179
261160605210515	2611606052100180
261160605210514	2611606052100180
261160605210698	2611606052100181
261160605210697	2611606052100181
261160605210694	2611606052100181
261160605210693	2611606052100181
261160605210620	2611606052100181
261160605210176	2611606052100182
261160605210177	2611606052100183
261160605210178	2611606052100184
261160605210517	2611606052100185
261160605210622	2611606052100185
261160605210516	2611606052100185
261160605210621	2611606052100185
261160605210692	2611606052100186
261160605210691	2611606052100186
261160605210519	2611606052100186
261160605210522	2611606052100187
261160605210521	2611606052100187
261160605210183	2611606052100188
261160605210434	2611606052100189
261160605210184	2611606052100189
261160605210435	2611606052100189
261160605210679	2611606052100190
261160605210677	2611606052100190
261160605210678	2611606052100190
261160605210199	2611606052100191
261160605210681	2611606052100192
261160605210530	2611606052100192
261160605210680	2611606052100192
261160605210529	2611606052100192
261160605210531	2611606052100193
261160605210532	2611606052100193
261160605210586	2611606052100194
261160605210535	2611606052100194
261160605210585	2611606052100194
261160605210537	2611606052100195
261160605210538	2611606052100195
261160605210206	2611606052100196
261160605210207	2611606052100197
261160605210208	2611606052100198
261160605210209	2611606052100199
261160605210639	2611606052100200
261160605210640	2611606052100200
261160605210213	2611606052100201
261160605210214	2611606052100202
261160605210215	2611606052100203
261160605210216	2611606052100204
261160605210217	2611606052100205
261160605210540	2611606052100206
261160605210539	2611606052100206
261160605210546	2611606052100207
261160605210545	2611606052100207
261160605210663	2611606052100207
261160605210662	2611606052100207
261160605210220	2611606052100208
261160605210541	2611606052100209
261160605210542	2611606052100209
261160605210544	2611606052100210
261160605210543	2611606052100210
261160605210224	2611606052100211
261160605210225	2611606052100212
261160605210589	2611606052100213
261160605210590	2611606052100213
261160605210547	2611606052100214
261160605210673	2611606052100214
261160605210674	2611606052100214
261160605210548	2611606052100214
261160605210229	2611606052100215
261160605210230	2611606052100216
261160605210231	2611606052100217
261160605210549	2611606052100218
261160605210550	2611606052100218
261160605210233	2611606052100219
261160605210234	2611606052100220
261160605210235	2611606052100221
261160605210236	2611606052100222
261160605210626	2611606052100223
261160605210418	2611606052100223
261160605210625	2611606052100223
261160605210238	2611606052100224
261160605210239	2611606052100225
261160605210240	2611606052100226
261160605210241	2611606052100227
261160605210242	2611606052100228
261160605210243	2611606052100229
261160605210244	2611606052100230
261160605210603	2611606052100231
261160605210602	2611606052100231
261160605210246	2611606052100232
261160605210247	2611606052100233
261160605210248	2611606052100234
261160605210249	2611606052100235
261160605210460	2611606052100236
261160605210459	2611606052100236
261160605210251	2611606052100237
261160605210252	2611606052100238
261160605210253	2611606052100239
261160605210254	2611606052100240
261160605210255	2611606052100241
261160605210420	2611606052100242
261160605210421	2611606052100242
261160605210257	2611606052100243
261160605210258	2611606052100244
261160605210259	2611606052100245
261160605210261	2611606052100246
261160605210262	2611606052100247
261160605210263	2611606052100248
261160605210597	2611606052100249
261160605210596	2611606052100249
261160605210266	2611606052100250
261160605210267	2611606052100251
261160605210268	2611606052100252
261160605210269	2611606052100253
261160605210270	2611606052100254
261160605210271	2611606052100255
261160605210583	2611606052100256
261160605210584	2611606052100256
261160605210273	2611606052100257
261160605210423	2611606052100258
261160605210422	2611606052100258
261160605210275	2611606052100259
261160605210276	2611606052100260
261160605210424	2611606052100261
261160605210425	2611606052100261
261160605210278	2611606052100262
261160605210279	2611606052100263
261160605210633	2611606052100264
261160605210634	2611606052100264
261160605210281	2611606052100265
261160605210282	2611606052100266
261160605210283	2611606052100267
261160605210284	2611606052100268
261160605210285	2611606052100269
261160605210286	2611606052100270
261160605210288	2611606052100271
261160605210289	2611606052100272
261160605210290	2611606052100273
261160605210429	2611606052100274
261160605210428	2611606052100274
261160605210292	2611606052100275
261160605210293	2611606052100276
261160605210294	2611606052100277
261160605210295	2611606052100278
261160605210296	2611606052100279
261160605210570	2611606052100280
261160605210569	2611606052100280
261160605210298	2611606052100281
261160605210553	2611606052100282
261160605210554	2611606052100282
261160605210440	2611606052100283
261160605210441	2611606052100283
261160605210303	2611606052100284
261160605210701	2611606052100285
261160605210430	2611606052100285
261160605210433	2611606052100286
261160605210432	2611606052100286
261160605210682	2611606052100287
261160605210676	2611606052100287
261160605210675	2611606052100287
261160605210436	2611606052100287
261160605210308	2611606052100288
261160605210309	2611606052100289
261160605210310	2611606052100290
261160605210311	2611606052100291
261160605210312	2611606052100292
261160605210313	2611606052100293
261160605210314	2611606052100294
261160605210315	2611606052100295
261160605210317	2611606052100296
261160605210702	2611606052100297
261160605210644	2611606052100297
261160605210645	2611606052100297
261160605210646	2611606052100297
261160605210438	2611606052100297
261160605210670	2611606052100298
261160605210671	2611606052100298
261160605210672	2611606052100298
261160605210563	2611606052100299
261160605210648	2611606052100299
261160605210647	2611606052100299
261160605210565	2611606052100299
261160605210321	2611606052100300
261160605210322	2611606052100301
261160605210558	2611606052100302
261160605210557	2611606052100302
261160605210560	2611606052100303
261160605210559	2611606052100303
261160605210325	2611606052100304
261160605210326	2611606052100305
261160605210660	2611606052100305
261160605210661	2611606052100305
261160605210327	2611606052100306
261160605210591	2611606052100307
261160605210592	2611606052100307
261160605210593	2611606052100307
261160605210329	2611606052100308
261160605210330	2611606052100309
261160605210331	2611606052100310
261160605210562	2611606052100311
261160605210561	2611606052100311
261160605220001	2611606052200001
261160605220002	2611606052200002
261160605220555	2611606052200003
261160605220556	2611606052200003
261160605220554	2611606052200003
261160605220553	2611606052200003
261160605220304	2611606052200004
261160605220482	2611606052200004
261160605220481	2611606052200004
261160605220305	2611606052200004
261160605220005	2611606052200005
261160605220006	2611606052200006
261160605220007	2611606052200007
261160605220008	2611606052200008
261160605220009	2611606052200009
261160605220010	2611606052200010
261160605220011	2611606052200011
261160605220012	2611606052200012
261160605220533	2611606052200012
261160605220427	2611606052200012
261160605220532	2611606052200012
261160605220029	2611606052200012
261160605220403	2611606052200013
261160605220402	2611606052200013
261160605220614	2611606052200014
261160605220355	2611606052200014
261160605220354	2611606052200014
261160605220017	2611606052200015
261160605220018	2611606052200016
261160605220019	2611606052200017
261160605220356	2611606052200018
261160605220357	2611606052200018
261160605220368	2611606052200019
261160605220369	2611606052200019
261160605220022	2611606052200020
261160605220404	2611606052200021
261160605220405	2611606052200021
261160605220323	2611606052200022
261160605220550	2611606052200022
261160605220552	2611606052200022
261160605220517	2611606052200022
261160605220551	2611606052200022
261160605220370	2611606052200022
261160605220322	2611606052200022
261160605220558	2611606052200022
261160605220557	2611606052200022
261160605220373	2611606052200023
261160605220372	2611606052200023
261160605220406	2611606052200024
261160605220407	2611606052200024
261160605220027	2611606052200025
261160605220028	2611606052200026
261160605220030	2611606052200027
261160605220499	2611606052200028
261160605220500	2611606052200028
261160605220032	2611606052200029
261160605220033	2611606052200030
261160605220034	2611606052200031
261160605220398	2611606052200032
261160605220399	2611606052200032
261160605220036	2611606052200033
261160605220037	2611606052200034
261160605220038	2611606052200035
261160605220039	2611606052200036
261160605220040	2611606052200037
261160605220397	2611606052200038
261160605220396	2611606052200038
261160605220042	2611606052200039
261160605220429	2611606052200040
261160605220428	2611606052200040
261160605220350	2611606052200041
261160605220351	2611606052200041
261160605220353	2611606052200042
261160605220352	2611606052200042
261160605220375	2611606052200043
261160605220374	2611606052200043
261160605220400	2611606052200044
261160605220401	2611606052200044
261160605220048	2611606052200045
261160605220049	2611606052200046
261160605220496	2611606052200047
261160605220495	2611606052200047
261160605220051	2611606052200048
261160605220310	2611606052200049
261160605220311	2611606052200049
261160605220053	2611606052200050
261160605220054	2611606052200051
261160605220055	2611606052200052
261160605220408	2611606052200053
261160605220597	2611606052200053
261160605220598	2611606052200053
261160605220409	2611606052200053
261160605220492	2611606052200053
261160605220491	2611606052200053
261160605220057	2611606052200054
261160605220058	2611606052200055
261160605220059	2611606052200056
261160605220493	2611606052200057
261160605220580	2611606052200057
261160605220494	2611606052200057
261160605220581	2611606052200057
261160605220061	2611606052200058
261160605220582	2611606052200059
261160605220583	2611606052200059
261160605220548	2611606052200060
261160605220549	2611606052200060
261160605220064	2611606052200061
261160605220540	2611606052200062
261160605220541	2611606052200062
261160605220545	2611606052200062
261160605220544	2611606052200062
261160605220542	2611606052200063
261160605220543	2611606052200063
261160605220547	2611606052200064
261160605220546	2611606052200064
261160605220422	2611606052200065
261160605220423	2611606052200065
261160605220595	2611606052200066
261160605220596	2611606052200066
261160605220071	2611606052200066
261160605220489	2611606052200067
261160605220490	2611606052200067
261160605220073	2611606052200068
261160605220074	2611606052200069
261160605220318	2611606052200070
261160605220317	2611606052200070
261160605220476	2611606052200070
261160605220377	2611606052200071
261160605220378	2611606052200071
261160605220376	2611606052200071
261160605220379	2611606052200071
261160605220475	2611606052200071
261160605220078	2611606052200072
261160605220315	2611606052200073
261160605220316	2611606052200073
261160605220430	2611606052200074
261160605220431	2611606052200074
261160605220081	2611606052200075
261160605220082	2611606052200076
261160605220478	2611606052200077
261160605220477	2611606052200077
261160605220411	2611606052200078
261160605220410	2611606052200078
261160605220085	2611606052200079
261160605220433	2611606052200080
261160605220432	2611606052200080
261160605220479	2611606052200081
261160605220480	2611606052200081
261160605220313	2611606052200082
261160605220314	2611606052200082
261160605220312	2611606052200082
261160605220519	2611606052200083
261160605220604	2611606052200083
261160605220518	2611606052200083
261160605220603	2611606052200083
261160605220440	2611606052200084
261160605220215	2611606052200084
261160605220601	2611606052200084
261160605220441	2611606052200084
261160605220605	2611606052200084
261160605220290	2611606052200084
261160605220606	2611606052200084
261160605220602	2611606052200084
261160605220607	2611606052200085
261160605220608	2611606052200085
261160605220413	2611606052200086
261160605220412	2611606052200086
261160605220093	2611606052200086
261160605220381	2611606052200087
261160605220380	2611606052200087
261160605220435	2611606052200088
261160605220434	2611606052200088
261160605220097	2611606052200089
261160605220436	2611606052200090
261160605220437	2611606052200090
261160605220099	2611606052200091
261160605220100	2611606052200092
261160605220612	2611606052200093
261160605220611	2611606052200093
261160605220383	2611606052200094
261160605220382	2611606052200094
261160605220103	2611606052200095
261160605220438	2611606052200096
261160605220439	2611606052200096
261160605220105	2611606052200097
261160605220106	2611606052200098
261160605220107	2611606052200099
261160605220108	2611606052200100
261160605220109	2611606052200101
261160605220587	2611606052200102
261160605220340	2611606052200102
261160605220586	2611606052200102
261160605220615	2611606052200102
261160605220339	2611606052200102
261160605220341	2611606052200102
261160605220113	2611606052200103
261160605220585	2611606052200104
261160605220584	2611606052200104
261160605220115	2611606052200105
261160605220116	2611606052200106
261160605220117	2611606052200107
261160605220385	2611606052200108
261160605220384	2611606052200108
261160605220415	2611606052200109
261160605220414	2611606052200109
261160605220386	2611606052200110
261160605220387	2611606052200110
261160605220121	2611606052200111
261160605220122	2611606052200112
261160605220123	2611606052200113
261160605220498	2611606052200114
261160605220497	2611606052200114
261160605220443	2611606052200115
261160605220442	2611606052200115
261160605220126	2611606052200116
261160605220127	2611606052200117
261160605220128	2611606052200118
261160605220129	2611606052200119
261160605220130	2611606052200120
261160605220388	2611606052200121
261160605220389	2611606052200121
261160605220132	2611606052200122
261160605220133	2611606052200123
261160605220134	2611606052200124
261160605220419	2611606052200125
261160605220578	2611606052200125
261160605220579	2611606052200125
261160605220391	2611606052200125
261160605220298	2611606052200125
261160605220418	2611606052200125
261160605220299	2611606052200125
261160605220425	2611606052200126
261160605220424	2611606052200126
261160605220359	2611606052200127
261160605220358	2611606052200127
261160605220360	2611606052200127
261160605220139	2611606052200128
261160605220361	2611606052200129
261160605220572	2611606052200129
261160605220571	2611606052200129
261160605220362	2611606052200129
261160605220573	2611606052200129
261160605220141	2611606052200130
261160605220394	2611606052200131
261160605220395	2611606052200131
261160605220444	2611606052200132
261160605220445	2611606052200132
261160605220144	2611606052200133
261160605220145	2611606052200134
261160605220146	2611606052200135
261160605220613	2611606052200136
261160605220570	2611606052200136
261160605220446	2611606052200136
261160605220510	2611606052200136
261160605220569	2611606052200136
261160605220148	2611606052200137
261160605220149	2611606052200138
261160605220512	2611606052200139
261160605220329	2611606052200139
261160605220328	2611606052200139
261160605220507	2611606052200140
261160605220488	2611606052200140
261160605220301	2611606052200141
261160605220300	2611606052200141
261160605220575	2611606052200142
261160605220574	2611606052200142
261160605220302	2611606052200142
261160605220154	2611606052200143
261160605220594	2611606052200144
261160605220593	2611606052200144
261160605220156	2611606052200145
261160605220157	2611606052200146
261160605220158	2611606052200147
261160605220327	2611606052200148
261160605220536	2611606052200148
261160605220326	2611606052200148
261160605220537	2611606052200148
261160605220307	2611606052200149
261160605220306	2611606052200149
261160605220161	2611606052200150
261160605220162	2611606052200151
261160605220163	2611606052200152
261160605220164	2611606052200153
261160605220166	2611606052200154
261160605220450	2611606052200155
261160605220451	2611606052200155
261160605220539	2611606052200156
261160605220538	2611606052200156
261160605220453	2611606052200156
261160605220169	2611606052200157
261160605220454	2611606052200158
261160605220455	2611606052200158
261160605220171	2611606052200159
261160605220172	2611606052200160
261160605220590	2611606052200161
261160605220589	2611606052200161
261160605220588	2611606052200161
261160605220592	2611606052200162
261160605220591	2611606052200162
261160605220175	2611606052200163
261160605220176	2611606052200164
261160605220177	2611606052200165
261160605220178	2611606052200166
261160605220179	2611606052200167
261160605220180	2611606052200168
261160605220457	2611606052200169
261160605220330	2611606052200169
261160605220456	2611606052200169
261160605220331	2611606052200169
261160605220288	2611606052200169
261160605220271	2611606052200169
261160605220609	2611606052200170
261160605220610	2611606052200170
261160605220459	2611606052200171
261160605220334	2611606052200171
261160605220528	2611606052200171
261160605220462	2611606052200171
261160605220458	2611606052200171
261160605220529	2611606052200171
261160605220463	2611606052200171
261160605220531	2611606052200171
261160605220530	2611606052200171
261160605220508	2611606052200171
261160605220183	2611606052200171
261160605220472	2611606052200171
261160605220565	2611606052200172
261160605220566	2611606052200172
261160605220186	2611606052200173
261160605220520	2611606052200174
261160605220521	2611606052200174
261160605220337	2611606052200175
261160605220336	2611606052200175
261160605220338	2611606052200175
261160605220460	2611606052200176
261160605220461	2611606052200176
261160605220191	2611606052200177
261160605220192	2611606052200178
261160605220194	2611606052200179
261160605220465	2611606052200180
261160605220464	2611606052200180
261160605220502	2611606052200181
261160605220501	2611606052200181
261160605220197	2611606052200182
261160605220198	2611606052200183
261160605220199	2611606052200184
261160605220200	2611606052200185
261160605220201	2611606052200186
261160605220202	2611606052200187
261160605220599	2611606052200188
261160605220600	2611606052200188
261160605220503	2611606052200189
261160605220393	2611606052200189
261160605220392	2611606052200189
261160605220417	2611606052200190
261160605220416	2611606052200190
261160605220516	2611606052200191
261160605220344	2611606052200191
261160605220343	2611606052200191
261160605220515	2611606052200191
261160605220208	2611606052200192
261160605220522	2611606052200192
261160605220523	2611606052200192
261160605220209	2611606052200193
261160605220210	2611606052200194
261160605220211	2611606052200195
261160605220562	2611606052200196
261160605220467	2611606052200196
261160605220561	2611606052200196
261160605220466	2611606052200196
261160605220346	2611606052200197
261160605220563	2611606052200197
261160605220564	2611606052200197
261160605220567	2611606052200198
261160605220568	2611606052200198
261160605220217	2611606052200199
261160605220534	2611606052200200
261160605220535	2611606052200200
261160605220219	2611606052200201
261160605220220	2611606052200202
261160605220525	2611606052200203
261160605220524	2611606052200203
261160605220222	2611606052200204
261160605220448	2611606052200205
261160605220576	2611606052200205
261160605220577	2611606052200205
261160605220226	2611606052200206
261160605220527	2611606052200207
261160605220526	2611606052200207
261160605220228	2611606052200208
261160605220229	2611606052200209
261160605220230	2611606052200210
261160605220231	2611606052200211
261160605220232	2611606052200212
261160605220233	2611606052200213
261160605220234	2611606052200214
261160605220235	2611606052200215
261160605220236	2611606052200216
261160605220237	2611606052200217
261160605220238	2611606052200218
261160605220239	2611606052200219
261160605220240	2611606052200220
261160605220241	2611606052200221
261160605220242	2611606052200222
261160605220469	2611606052200223
261160605220468	2611606052200223
261160605220320	2611606052200224
261160605220319	2611606052200224
261160605220247	2611606052200225
261160605220248	2611606052200226
261160605220560	2611606052200227
261160605220471	2611606052200227
261160605220559	2611606052200227
261160605220325	2611606052200227
261160605220250	2611606052200228
261160605220617	2611606052200229
261160605220616	2611606052200229
261160605220483	2611606052200230
261160605220484	2611606052200230
261160605220253	2611606052200231
261160605220254	2611606052200232
261160605220255	2611606052200233
261160605220256	2611606052200234
261160605220363	2611606052200235
261160605220364	2611606052200235
261160605220365	2611606052200235
261160605220259	2611606052200236
261160605220366	2611606052200237
261160605220367	2611606052200237
261160605220261	2611606052200238
261160605220309	2611606052200239
261160605220308	2611606052200239
261160605220263	2611606052200240
261160605220264	2611606052200241
261160605220265	2611606052200242
261160605220266	2611606052200243
261160605220267	2611606052200244
261160605220473	2611606052200245
261160605220474	2611606052200245
261160605220269	2611606052200246
261160605220270	2611606052200247
261160605220332	2611606052200248
261160605220333	2611606052200248
261160605220274	2611606052200249
261160605220275	2611606052200250
261160605220421	2611606052200251
261160605220420	2611606052200251
261160605220485	2611606052200252
261160605220486	2611606052200252
261160605220487	2611606052200252
261160605220278	2611606052200253
261160605220504	2611606052200254
261160605220505	2611606052200254
261160605220348	2611606052200255
261160605220349	2611606052200255
261160605220347	2611606052200255
261160605220281	2611606052200256
261160605220619	2611606052200257
261160605220618	2611606052200257
261160605220285	2611606052200258
261160605220286	2611606052200259
261160605220287	2611606052200260
261160605220291	2611606052200261
261160605220292	2611606052200262
261160605220293	2611606052200263
261160605220294	2611606052200264
261160605220295	2611606052200265
261160605220296	2611606052200266
261160605220297	2611606052200267
261160605230001	2611606052300039
261160605230903	2611606052300040
261160605230709	2611606052300040
261160605230904	2611606052300040
261160605230708	2611606052300040
261160605230879	2611606052300041
261160605230880	2611606052300041
261160605230566	2611606052300041
261160605230855	2611606052300041
261160605230728	2611606052300041
261160605230567	2611606052300041
261160605230856	2611606052300041
261160605230340	2611606052300041
261160605230930	2611606052300041
261160605230911	2611606052300042
261160605230908	2611606052300042
261160605230912	2611606052300042
261160605230706	2611606052300042
261160605230707	2611606052300042
261160605230006	2611606052300043
261160605230007	2611606052300044
261160605230008	2611606052300045
261160605230009	2611606052300046
261160605230010	2611606052300047
261160605230773	2611606052300048
261160605230772	2611606052300048
261160605230012	2611606052300049
261160605230013	2611606052300050
261160605230870	2611606052300051
261160605230869	2611606052300051
261160605230871	2611606052300051
261160605230872	2611606052300051
261160605230016	2611606052300052
261160605230017	2611606052300053
261160605230018	2611606052300054
261160605230931	2611606052300055
261160605230932	2611606052300055
261160605230020	2611606052300056
261160605230021	2611606052300057
261160605230022	2611606052300058
261160605230023	2611606052300059
261160605230600	2611606052300060
261160605230599	2611606052300060
261160605230025	2611606052300061
261160605230907	2611606052300062
261160605230906	2611606052300062
261160605230905	2611606052300062
261160605230028	2611606052300063
261160605230029	2611606052300064
261160605230732	2611606052300065
261160605230733	2611606052300065
261160605230031	2611606052300066
261160605230032	2611606052300067
261160605230033	2611606052300068
261160605230034	2611606052300069
261160605230035	2611606052300070
261160605230036	2611606052300071
261160605230037	2611606052300072
261160605230038	2611606052300073
261160605230039	2611606052300074
261160605230040	2611606052300075
261160605230596	2611606052300076
261160605230894	2611606052300076
261160605230893	2611606052300076
261160605230595	2611606052300076
261160605230597	2611606052300077
261160605230598	2611606052300077
261160605230816	2611606052300078
261160605230817	2611606052300078
261160605230044	2611606052300079
261160605230820	2611606052300080
261160605230821	2611606052300080
261160605230046	2611606052300081
261160605230047	2611606052300082
261160605230048	2611606052300083
261160605230049	2611606052300084
261160605230050	2611606052300085
261160605230051	2611606052300086
261160605230052	2611606052300087
261160605230811	2611606052300088
261160605230812	2611606052300088
261160605230054	2611606052300089
261160605230878	2611606052300090
261160605230877	2611606052300090
261160605230569	2611606052300090
261160605230822	2611606052300091
261160605230823	2611606052300091
261160605230696	2611606052300092
261160605230695	2611606052300092
261160605230058	2611606052300093
261160605230059	2611606052300094
261160605230819	2611606052300095
261160605230813	2611606052300095
261160605230815	2611606052300095
261160605230818	2611606052300095
261160605230731	2611606052300095
261160605230814	2611606052300095
261160605230730	2611606052300095
261160605230570	2611606052300096
261160605230571	2611606052300096
261160605230062	2611606052300097
261160605230645	2611606052300098
261160605230646	2611606052300098
261160605230064	2611606052300099
261160605230065	2611606052300100
261160605230066	2611606052300101
261160605230692	2611606052300102
261160605230691	2611606052300102
261160605230068	2611606052300103
261160605230662	2611606052300104
261160605230876	2611606052300104
261160605230874	2611606052300104
261160605230875	2611606052300104
261160605230661	2611606052300104
261160605230873	2611606052300104
261160605230070	2611606052300105
261160605230071	2611606052300106
261160605230072	2611606052300107
261160605230073	2611606052300108
261160605230074	2611606052300109
261160605230075	2611606052300110
261160605230089	2611606052300111
261160605230577	2611606052300112
261160605230711	2611606052300112
261160605230576	2611606052300112
261160605230798	2611606052300113
261160605230799	2611606052300113
261160605230800	2611606052300113
261160605230861	2611606052300114
261160605230862	2611606052300114
261160605230625	2611606052300114
261160605230094	2611606052300115
261160605230095	2611606052300116
261160605230641	2611606052300117
261160605230642	2611606052300117
261160605230097	2611606052300118
261160605230098	2611606052300119
261160605230099	2611606052300120
261160605230649	2611606052300121
261160605230523	2611606052300121
261160605230522	2611606052300121
261160605230101	2611606052300122
261160605230653	2611606052300123
261160605230654	2611606052300123
261160605230103	2611606052300124
261160605230640	2611606052300125
261160605230639	2611606052300125
261160605230697	2611606052300126
261160605230698	2611606052300126
261160605230106	2611606052300127
261160605230107	2611606052300128
261160605230783	2611606052300129
261160605230782	2611606052300129
261160605230109	2611606052300130
261160605230913	2611606052300131
261160605230667	2611606052300131
261160605230668	2611606052300131
261160605230686	2611606052300131
261160605230115	2611606052300131
261160605230827	2611606052300131
261160605230826	2611606052300131
261160605230687	2611606052300131
261160605230589	2611606052300131
261160605230590	2611606052300131
261160605230483	2611606052300131
261160605230111	2611606052300132
261160605230587	2611606052300133
261160605230810	2611606052300133
261160605230805	2611606052300133
261160605230809	2611606052300133
261160605230113	2611606052300134
261160605230114	2611606052300135
261160605230120	2611606052300136
261160605230121	2611606052300137
261160605230122	2611606052300138
261160605230123	2611606052300139
261160605230124	2611606052300140
261160605230125	2611606052300141
261160605230807	2611606052300142
261160605230808	2611606052300142
261160605230643	2611606052300143
261160605230644	2611606052300143
261160605230804	2611606052300144
261160605230803	2611606052300144
261160605230806	2611606052300144
261160605230129	2611606052300145
261160605230130	2611606052300146
261160605230131	2611606052300147
261160605230132	2611606052300148
261160605230851	2611606052300149
261160605230669	2611606052300149
261160605230623	2611606052300149
261160605230917	2611606052300149
261160605230135	2611606052300150
261160605230136	2611606052300151
261160605230137	2611606052300152
261160605230529	2611606052300153
261160605230528	2611606052300153
261160605230139	2611606052300154
261160605230140	2611606052300155
261160605230141	2611606052300156
261160605230142	2611606052300157
261160605230530	2611606052300158
261160605230531	2611606052300158
261160605230650	2611606052300158
261160605230144	2611606052300159
261160605230145	2611606052300160
261160605230146	2611606052300161
261160605230532	2611606052300162
261160605230533	2611606052300162
261160605230919	2611606052300163
261160605230149	2611606052300164
261160605230150	2611606052300165
261160605230535	2611606052300166
261160605230534	2611606052300166
261160605230152	2611606052300167
261160605230153	2611606052300168
261160605230154	2611606052300169
261160605230537	2611606052300170
261160605230536	2611606052300170
261160605230156	2611606052300171
261160605230157	2611606052300172
261160605230539	2611606052300173
261160605230538	2611606052300173
261160605230540	2611606052300173
261160605230159	2611606052300174
261160605230736	2611606052300175
261160605230790	2611606052300175
261160605230542	2611606052300175
261160605230791	2611606052300175
261160605230543	2611606052300175
261160605230746	2611606052300175
261160605230541	2611606052300175
261160605230737	2611606052300175
261160605230656	2611606052300176
261160605230655	2611606052300176
261160605230657	2611606052300177
261160605230658	2611606052300177
261160605230163	2611606052300178
261160605230164	2611606052300179
261160605230495	2611606052300180
261160605230494	2611606052300180
261160605230166	2611606052300181
261160605230167	2611606052300182
261160605230168	2611606052300183
261160605230169	2611606052300184
261160605230170	2611606052300185
261160605230171	2611606052300186
261160605230507	2611606052300187
261160605230506	2611606052300187
261160605230174	2611606052300188
261160605230504	2611606052300189
261160605230688	2611606052300189
261160605230505	2611606052300189
261160605230176	2611606052300190
261160605230177	2611606052300191
261160605230178	2611606052300192
261160605230179	2611606052300193
261160605230769	2611606052300194
261160605230768	2611606052300194
261160605230181	2611606052300195
261160605230182	2611606052300196
261160605230634	2611606052300197
261160605230633	2611606052300197
261160605230778	2611606052300198
261160605230779	2611606052300198
261160605230631	2611606052300199
261160605230632	2611606052300199
261160605230629	2611606052300200
261160605230630	2611606052300200
261160605230660	2611606052300201
261160605230659	2611606052300201
261160605230188	2611606052300202
261160605230627	2611606052300203
261160605230628	2611606052300203
261160605230190	2611606052300204
261160605230191	2611606052300205
261160605230192	2611606052300206
261160605230666	2611606052300207
261160605230665	2611606052300207
261160605230544	2611606052300208
261160605230545	2611606052300208
261160605230195	2611606052300209
261160605230196	2611606052300210
261160605230488	2611606052300211
261160605230489	2611606052300211
261160605230774	2611606052300212
261160605230496	2611606052300212
261160605230775	2611606052300212
261160605230616	2611606052300213
261160605230615	2611606052300213
261160605230200	2611606052300214
261160605230201	2611606052300215
261160605230685	2611606052300216
261160605230828	2611606052300216
261160605230617	2611606052300216
261160605230829	2611606052300216
261160605230203	2611606052300217
261160605230204	2611606052300218
261160605230205	2611606052300219
261160605230206	2611606052300220
261160605230499	2611606052300221
261160605230498	2611606052300221
261160605230208	2611606052300222
261160605230546	2611606052300223
261160605230547	2611606052300223
261160605230210	2611606052300224
261160605230211	2611606052300225
261160605230796	2611606052300226
261160605230797	2611606052300226
261160605230492	2611606052300227
261160605230493	2611606052300227
261160605230485	2611606052300228
261160605230647	2611606052300228
261160605230484	2611606052300228
261160605230215	2611606052300229
261160605230216	2611606052300230
261160605230613	2611606052300231
261160605230614	2611606052300231
261160605230500	2611606052300232
261160605230501	2611606052300232
261160605230219	2611606052300233
261160605230220	2611606052300234
261160605230221	2611606052300235
261160605230222	2611606052300236
261160605230794	2611606052300237
261160605230795	2611606052300237
261160605230224	2611606052300238
261160605230664	2611606052300239
261160605230663	2611606052300239
261160605230226	2611606052300240
261160605230865	2611606052300241
261160605230866	2611606052300241
261160605230228	2611606052300242
261160605230863	2611606052300243
261160605230864	2611606052300243
261160605230788	2611606052300243
261160605230853	2611606052300244
261160605230792	2611606052300244
261160605230793	2611606052300244
261160605230854	2611606052300244
261160605230231	2611606052300245
261160605230232	2611606052300246
261160605230753	2611606052300247
261160605230754	2611606052300247
261160605230723	2611606052300248
261160605230722	2611606052300248
261160605230740	2611606052300249
261160605230741	2611606052300249
261160605230236	2611606052300250
261160605230519	2611606052300251
261160605230518	2611606052300251
261160605230521	2611606052300252
261160605230520	2611606052300252
261160605230524	2611606052300253
261160605230525	2611606052300253
261160605230671	2611606052300254
261160605230672	2611606052300254
261160605230605	2611606052300255
261160605230606	2611606052300255
261160605230604	2611606052300256
261160605230717	2611606052300256
261160605230887	2611606052300256
261160605230888	2611606052300256
261160605230716	2611606052300256
261160605230603	2611606052300256
261160605230243	2611606052300257
261160605230885	2611606052300258
261160605230886	2611606052300258
261160605230920	2611606052300259
261160605230718	2611606052300259
261160605230921	2611606052300259
261160605230245	2611606052300259
261160605230246	2611606052300260
261160605230673	2611606052300261
261160605230674	2611606052300261
261160605230248	2611606052300262
261160605230607	2611606052300263
261160605230608	2611606052300263
261160605230250	2611606052300264
261160605230251	2611606052300265
261160605230252	2611606052300266
261160605230253	2611606052300267
261160605230254	2611606052300268
261160605230675	2611606052300269
261160605230676	2611606052300269
261160605230256	2611606052300270
261160605230257	2611606052300271
261160605230756	2611606052300272
261160605230755	2611606052300272
261160605230259	2611606052300273
261160605230260	2611606052300274
261160605230757	2611606052300275
261160605230758	2611606052300275
261160605230262	2611606052300276
261160605230264	2611606052300277
261160605230265	2611606052300278
261160605230901	2611606052300279
261160605230902	2611606052300279
261160605230898	2611606052300280
261160605230897	2611606052300280
261160605230268	2611606052300281
261160605230269	2611606052300282
261160605230270	2611606052300283
261160605230271	2611606052300284
261160605230272	2611606052300285
261160605230273	2611606052300286
261160605230274	2611606052300287
261160605230275	2611606052300288
261160605230276	2611606052300289
261160605230843	2611606052300290
261160605230842	2611606052300290
261160605230278	2611606052300291
261160605230714	2611606052300292
261160605230715	2611606052300292
261160605230834	2611606052300293
261160605230610	2611606052300293
261160605230835	2611606052300293
261160605230281	2611606052300294
261160605230836	2611606052300295
261160605230837	2611606052300295
261160605230283	2611606052300296
261160605230284	2611606052300297
261160605230298	2611606052300298
261160605230299	2611606052300299
261160605230770	2611606052300300
261160605230771	2611606052300300
261160605230564	2611606052300301
261160605230881	2611606052300301
261160605230565	2611606052300301
261160605230884	2611606052300301
261160605230705	2611606052300301
261160605230883	2611606052300301
261160605230882	2611606052300301
261160605230302	2611606052300302
261160605230303	2611606052300303
261160605230304	2611606052300304
261160605230305	2611606052300305
261160605230306	2611606052300306
261160605230307	2611606052300307
261160605230759	2611606052300308
261160605230760	2611606052300308
261160605230684	2611606052300309
261160605230578	2611606052300309
261160605230579	2611606052300309
261160605230857	2611606052300310
261160605230704	2611606052300310
261160605230858	2611606052300310
261160605230312	2611606052300311
261160605230313	2611606052300312
261160605230767	2611606052300313
261160605230592	2611606052300313
261160605230591	2611606052300313
261160605230315	2611606052300314
261160605230549	2611606052300315
261160605230548	2611606052300315
261160605230550	2611606052300316
261160605230552	2611606052300316
261160605230551	2611606052300316
261160605230318	2611606052300317
261160605230319	2611606052300318
261160605230320	2611606052300319
261160605230622	2611606052300320
261160605230621	2611606052300320
261160605230555	2611606052300321
261160605230831	2611606052300321
261160605230553	2611606052300321
261160605230830	2611606052300321
261160605230554	2611606052300321
261160605230846	2611606052300322
261160605230556	2611606052300322
261160605230558	2611606052300322
261160605230652	2611606052300322
261160605230849	2611606052300322
261160605230916	2611606052300322
261160605230557	2611606052300322
261160605230848	2611606052300322
261160605230324	2611606052300323
261160605230325	2611606052300324
261160605230824	2611606052300325
261160605230825	2611606052300325
261160605230327	2611606052300326
261160605230328	2611606052300327
261160605230329	2611606052300328
261160605230330	2611606052300329
261160605230331	2611606052300330
261160605230332	2611606052300331
261160605230333	2611606052300332
261160605230335	2611606052300333
261160605230526	2611606052300334
261160605230527	2611606052300334
261160605230601	2611606052300335
261160605230602	2611606052300335
261160605230338	2611606052300336
261160605230750	2611606052300337
261160605230749	2611606052300337
261160605230748	2611606052300337
261160605230342	2611606052300338
261160605230344	2611606052300339
261160605230345	2611606052300340
261160605230713	2611606052300341
261160605230712	2611606052300341
261160605230922	2611606052300342
261160605230923	2611606052300342
261160605230867	2611606052300343
261160605230868	2611606052300343
261160605230349	2611606052300344
261160605230350	2611606052300345
261160605230351	2611606052300346
261160605230909	2611606052300347
261160605230738	2611606052300347
261160605230910	2611606052300347
261160605230354	2611606052300348
261160605230355	2611606052300349
261160605230359	2611606052300350
261160605230689	2611606052300351
261160605230890	2611606052300351
261160605230889	2611606052300351
261160605230580	2611606052300352
261160605230581	2611606052300352
261160605230929	2611606052300353
261160605230928	2611606052300353
261160605230680	2611606052300354
261160605230679	2611606052300354
261160605230364	2611606052300355
261160605230699	2611606052300356
261160605230700	2611606052300356
261160605230638	2611606052300357
261160605230637	2611606052300357
261160605230593	2611606052300358
261160605230891	2611606052300358
261160605230892	2611606052300358
261160605230368	2611606052300359
261160605230786	2611606052300360
261160605230787	2611606052300360
261160605230370	2611606052300361
261160605230371	2611606052300362
261160605230372	2611606052300363
261160605230373	2611606052300364
261160605230374	2611606052300365
261160605230375	2611606052300366
261160605230376	2611606052300367
261160605230377	2611606052300368
261160605230378	2611606052300369
261160605230379	2611606052300370
261160605230380	2611606052300371
261160605230381	2611606052300372
261160605230382	2611606052300373
261160605230384	2611606052300374
261160605230385	2611606052300375
261160605230386	2611606052300376
261160605230388	2611606052300377
261160605230832	2611606052300378
261160605230833	2611606052300378
261160605230390	2611606052300379
261160605230619	2611606052300380
261160605230620	2611606052300380
261160605230612	2611606052300381
261160605230611	2611606052300381
261160605230394	2611606052300382
261160605230395	2611606052300383
261160605230396	2611606052300384
261160605230478	2611606052300385
261160605230801	2611606052300385
261160605230735	2611606052300385
261160605230802	2611606052300385
261160605230398	2611606052300386
261160605230781	2611606052300387
261160605230508	2611606052300387
261160605230683	2611606052300387
261160605230780	2611606052300387
261160605230400	2611606052300388
261160605230515	2611606052300389
261160605230511	2611606052300389
261160605230514	2611606052300389
261160605230510	2611606052300389
261160605230415	2611606052300390
261160605230416	2611606052300391
261160605230417	2611606052300392
261160605230486	2611606052300393
261160605230487	2611606052300393
261160605230491	2611606052300394
261160605230490	2611606052300394
261160605230420	2611606052300395
261160605230503	2611606052300396
261160605230502	2611606052300396
261160605230422	2611606052300397
261160605230423	2611606052300398
261160605230424	2611606052300399
261160605230425	2611606052300400
261160605230724	2611606052300401
261160605230725	2611606052300401
261160605230427	2611606052300402
261160605230428	2611606052300403
261160605230429	2611606052300404
261160605230430	2611606052300405
261160605230432	2611606052300406
261160605230433	2611606052300407
261160605230762	2611606052300408
261160605230761	2611606052300408
261160605230435	2611606052300409
261160605230763	2611606052300410
261160605230764	2611606052300410
261160605230766	2611606052300411
261160605230765	2611606052300411
261160605230438	2611606052300412
261160605230440	2611606052300413
261160605230899	2611606052300414
261160605230900	2611606052300414
261160605230442	2611606052300415
261160605230443	2611606052300416
261160605230444	2611606052300417
261160605230445	2611606052300418
261160605230446	2611606052300419
261160605230447	2611606052300420
261160605230448	2611606052300421
261160605230449	2611606052300422
261160605230450	2611606052300423
261160605230844	2611606052300424
261160605230845	2611606052300424
261160605230720	2611606052300425
261160605230841	2611606052300425
261160605230840	2611606052300425
261160605230453	2611606052300426
261160605230454	2611606052300427
261160605230838	2611606052300428
261160605230839	2611606052300428
261160605230456	2611606052300429
261160605230457	2611606052300430
261160605230458	2611606052300431
261160605230459	2611606052300432
261160605230561	2611606052300433
261160605230562	2611606052300433
261160605230462	2611606052300434
261160605230463	2611606052300435
261160605230464	2611606052300436
261160605230465	2611606052300437
261160605230466	2611606052300438
261160605230467	2611606052300439
261160605230648	2611606052300440
261160605230516	2611606052300440
261160605230747	2611606052300440
261160605230517	2611606052300440
261160605230469	2611606052300441
261160605230470	2611606052300442
261160605230471	2611606052300443
261160605230472	2611606052300444
261160605230926	2611606052300445
261160605230927	2611606052300445
261160605230925	2611606052300446
261160605230924	2611606052300446
261160605230475	2611606052300447
261160605230477	2611606052300448
261160605230479	2611606052300449
261160605230480	2611606052300450
261160605230481	2611606052300451
261160605230482	2611606052300452
261370115000001	2613701150000001
261370115000002	2613701150000002
261370115000003	2613701150000003
261370115000034	2613701150000004
261370115000008	2613701150000004
261370115000025	2613701150000004
261370115000037	2613701150000004
261370115000028	2613701150000004
261370115000026	2613701150000004
261370115000024	2613701150000004
261370115000032	2613701150000004
261370115000033	2613701150000004
261370115000021	2613701150000004
261370115000013	2613701150000004
261370115000020	2613701150000004
261370115000014	2613701150000004
261370115000027	2613701150000004
261370115000031	2613701150000004
261370115000029	2613701150000004
261370115000036	2613701150000004
261370115000012	2613701150000004
261370115000030	2613701150000004
261370115000035	2613701150000004
261370115000005	2613701150000005
261370105000001	2613701050000001
261370105000197	2613701050000002
261370105000003	2613701050000002
261370105000143	2613701050000002
261370105000196	2613701050000002
261370105000136	2613701050000002
261370105000137	2613701050000002
261370105000118	2613701050000002
261370105000215	2613701050000003
261370105000214	2613701050000003
261370105000005	2613701050000004
261370105000006	2613701050000005
261370105000007	2613701050000006
261370105000008	2613701050000007
261370105000009	2613701050000008
261370105000144	2613701050000009
261370105000145	2613701050000009
261370105000011	2613701050000010
261370105000012	2613701050000011
261370105000013	2613701050000012
261370105000014	2613701050000013
261370105000015	2613701050000014
261370105000016	2613701050000015
261370105000017	2613701050000016
261370105000018	2613701050000017
261370105000019	2613701050000018
261370105000020	2613701050000019
261370105000021	2613701050000020
261370105000022	2613701050000021
261370105000023	2613701050000022
261370105000024	2613701050000023
261370105000176	2613701050000024
261370105000180	2613701050000024
261370105000205	2613701050000024
261370105000204	2613701050000024
261370105000181	2613701050000024
261370105000177	2613701050000024
261370105000027	2613701050000025
261370105000178	2613701050000026
261370105000179	2613701050000026
261370105000029	2613701050000027
261370105000030	2613701050000028
261370105000193	2613701050000029
261370105000173	2613701050000029
261370105000174	2613701050000029
261370105000192	2613701050000029
261370105000032	2613701050000030
261370105000158	2613701050000031
261370105000129	2613701050000031
261370105000060	2613701050000031
261370105000194	2613701050000031
261370105000210	2613701050000031
261370105000199	2613701050000031
261370105000185	2613701050000031
261370105000148	2613701050000031
261370105000120	2613701050000031
261370105000203	2613701050000031
261370105000164	2613701050000031
261370105000134	2613701050000031
261370105000133	2613701050000031
261370105000200	2613701050000031
261370105000126	2613701050000031
261370105000159	2613701050000031
261370105000168	2613701050000031
261370105000172	2613701050000031
261370105000071	2613701050000031
261370105000170	2613701050000031
261370105000208	2613701050000031
261370105000211	2613701050000031
261370105000171	2613701050000031
261370105000131	2613701050000031
261370105000123	2613701050000031
261370105000162	2613701050000031
261370105000186	2613701050000031
261370105000169	2613701050000031
261370105000042	2613701050000031
261370105000128	2613701050000031
261370105000141	2613701050000031
261370105000163	2613701050000031
261370105000201	2613701050000031
261370105000154	2613701050000031
261370105000157	2613701050000031
261370105000167	2613701050000031
261370105000187	2613701050000031
261370105000132	2613701050000031
261370105000153	2613701050000031
261370105000155	2613701050000031
261370105000161	2613701050000031
261370105000219	2613701050000031
261370105000147	2613701050000031
261370105000069	2613701050000031
261370105000195	2613701050000031
261370105000125	2613701050000031
261370105000130	2613701050000031
261370105000146	2613701050000031
261370105000139	2613701050000031
261370105000068	2613701050000031
261370105000202	2613701050000031
261370105000184	2613701050000031
261370105000209	2613701050000031
261370105000218	2613701050000031
261370105000150	2613701050000032
261370105000149	2613701050000032
261370105000035	2613701050000033
261370105000119	2613701050000033
261370105000037	2613701050000034
261370105000038	2613701050000035
261370105000175	2613701050000036
261370105000152	2613701050000036
261370105000151	2613701050000036
261370105000040	2613701050000037
261370105000041	2613701050000038
261370105000045	2613701050000039
261370105000046	2613701050000040
261370105000047	2613701050000041
261370105000048	2613701050000042
261370105000207	2613701050000043
261370105000206	2613701050000043
261370105000051	2613701050000044
261370105000052	2613701050000045
261370105000053	2613701050000046
261370105000054	2613701050000047
261370105000055	2613701050000048
261370105000056	2613701050000049
261370105000057	2613701050000050
261370105000061	2613701050000051
261370105000062	2613701050000052
261370105000063	2613701050000053
261370105000064	2613701050000054
261370105000065	2613701050000055
261370105000067	2613701050000056
261370105000072	2613701050000057
261370105000073	2613701050000058
261370105000074	2613701050000059
261370105000075	2613701050000060
261370105000076	2613701050000061
261370105000213	2613701050000062
261370105000212	2613701050000062
261370105000078	2613701050000063
261370105000079	2613701050000064
261370105000080	2613701050000065
261370105000081	2613701050000066
261370105000082	2613701050000067
261370105000083	2613701050000068
261370105000084	2613701050000069
261370105000085	2613701050000070
261370105000183	2613701050000071
261370105000182	2613701050000071
261370105000087	2613701050000072
261370105000088	2613701050000073
261370105000089	2613701050000074
261370105000090	2613701050000075
261370105000093	2613701050000076
261370105000094	2613701050000077
261370105000121	2613701050000077
261370105000095	2613701050000078
261370105000122	2613701050000078
261370105000190	2613701050000079
261370105000191	2613701050000079
261370105000099	2613701050000080
261370105000100	2613701050000081
261370105000101	2613701050000082
261370105000102	2613701050000083
261370105000103	2613701050000084
261370105000104	2613701050000085
261370105000124	2613701050000086
261370105000105	2613701050000086
261370105000217	2613701050000087
261370105000216	2613701050000087
261370105000107	2613701050000088
261370105000188	2613701050000089
261370105000189	2613701050000089
261370105000109	2613701050000090
261370105000110	2613701050000091
261370105000111	2613701050000092
261370105000112	2613701050000093
261370105000113	2613701050000094
261370105000114	2613701050000095
261370105000116	2613701050000096
261370105000117	2613701050000097
261370115000016	2613701150000006
261370115000017	2613701150000007
261370115000018	2613701150000008
