ID	CD_MCA
530010805060145	53001080500001
530010805060146	53001080500002
530010805060147	53001080500003
530010805060148	53001080500004
530010805060149	53001080500005
530010805060150	53001080500006
530010805060151	53001080500007
530010805060152	53001080500008
530010805060153	53001080500009
530010805060154	53001080500010
530010805060155	53001080500011
530010805060156	53001080500012
530010805060362	53001080500013
530010805060363	53001080500014
530010805060364	53001080500015
530010805060365	53001080500016
530010805060366	53001080500017
530010805060367	53001080500018
530010805060368	53001080500019
530010805060369	53001080500020
530010805060370	53001080500021
530010805060371	53001080500022
530010805060372	53001080500023
530010805060373	53001080500024
530010805360024	53001080500025
530010805360025	53001080500026
530010805360017	53001080500026
530010805360026	53001080500027
530010805360027	53001080500028
530010805360028	53001080500029
530010805360219	53001080500030
530010805360218	53001080500030
530010805360220	53001080500031
530010805360221	53001080500031
530010805360029	53001080500032
530010805360030	53001080500033
530010805360031	53001080500034
530010805360032	53001080500035
530010805360033	53001080500036
530010805080248	53001080500037
530010805080249	53001080500038
530010805080250	53001080500039
530010805080251	53001080500040
530010805080252	53001080500041
530010805080253	53001080500042
530010805080254	53001080500043
530010805080255	53001080500044
530010805080256	53001080500045
530010805080868	53001080500046
530010805080869	53001080500046
530010805080258	53001080500047
530010805080259	53001080500048
530010805080260	53001080500049
530010805080261	53001080500050
530010805080262	53001080500051
530010805080263	53001080500052
530010805080264	53001080500053
530010805080265	53001080500054
530010805080266	53001080500055
530010805080267	53001080500056
530010805080268	53001080500057
530010805080269	53001080500058
530010805080270	53001080500059
530010805080271	53001080500060
530010805110133	53001080500061
530010805110134	53001080500062
530010805110135	53001080500063
530010805110136	53001080500064
530010805110137	53001080500065
530010805110138	53001080500066
530010805110139	53001080500067
530010805110140	53001080500068
530010805110141	53001080500069
530010805110322	53001080500070
530010805110386	53001080500070
530010805110406	53001080500070
530010805110407	53001080500070
530010805110143	53001080500071
530010805110369	53001080500072
530010805110323	53001080500072
530010805110324	53001080500072
530010805110319	53001080500072
530010805110403	53001080500072
530010805110320	53001080500072
530010805110405	53001080500072
530010805110404	53001080500072
530010805060481	53001080500073
530010805060519	53001080500074
530010805060518	53001080500074
530010805060005	53001080500075
530010805060006	53001080500076
530010805060007	53001080500077
530010805060008	53001080500078
530010805060009	53001080500079
530010805060010	53001080500080
530010805060011	53001080500081
530010805060012	53001080500082
530010805060013	53001080500083
530010805060014	53001080500084
530010805060015	53001080500085
530010805060016	53001080500086
530010805060017	53001080500087
530010805060018	53001080500088
530010805060019	53001080500089
530010805060020	53001080500090
530010805060021	53001080500091
530010805060022	53001080500092
530010805060023	53001080500093
530010805060024	53001080500094
530010805060025	53001080500095
530010805060026	53001080500096
530010805060027	53001080500097
530010805060028	53001080500098
530010805060029	53001080500099
530010805060030	53001080500100
530010805060031	53001080500101
530010805060032	53001080500102
530010805060033	53001080500103
530010805060034	53001080500104
530010805060035	53001080500105
530010805060036	53001080500106
530010805060037	53001080500107
530010805060038	53001080500108
530010805060039	53001080500109
530010805060040	53001080500110
530010805060041	53001080500111
530010805060042	53001080500112
530010805060043	53001080500113
530010805060044	53001080500114
530010805060045	53001080500115
530010805060046	53001080500116
530010805060047	53001080500117
530010805060048	53001080500118
530010805060049	53001080500119
530010805060050	53001080500120
530010805060051	53001080500121
530010805060052	53001080500122
530010805060053	53001080500123
530010805060054	53001080500124
530010805060055	53001080500125
530010805060056	53001080500126
530010805060057	53001080500127
530010805060058	53001080500128
530010805060059	53001080500129
530010805060060	53001080500130
530010805060061	53001080500131
530010805060062	53001080500132
530010805060063	53001080500133
530010805060064	53001080500134
530010805060065	53001080500135
530010805060066	53001080500136
530010805060067	53001080500137
530010805060068	53001080500138
530010805060069	53001080500139
530010805060070	53001080500140
530010805060071	53001080500141
530010805060072	53001080500142
530010805060073	53001080500143
530010805060074	53001080500144
530010805060075	53001080500145
530010805060076	53001080500146
530010805060077	53001080500147
530010805060078	53001080500148
530010805060079	53001080500149
530010805060080	53001080500150
530010805060081	53001080500151
530010805060082	53001080500152
530010805060083	53001080500153
530010805060084	53001080500154
530010805060085	53001080500155
530010805060086	53001080500156
530010805060087	53001080500157
530010805060088	53001080500158
530010805060089	53001080500159
530010805060090	53001080500160
530010805060091	53001080500161
530010805060092	53001080500162
530010805060093	53001080500163
530010805060094	53001080500164
530010805060095	53001080500165
530010805060096	53001080500166
530010805060097	53001080500167
530010805060098	53001080500168
530010805060099	53001080500169
530010805060100	53001080500170
530010805060101	53001080500171
530010805060102	53001080500172
530010805060103	53001080500173
530010805060104	53001080500174
530010805060105	53001080500175
530010805060106	53001080500176
530010805060107	53001080500177
530010805060108	53001080500178
530010805060319	53001080500179
530010805060320	53001080500180
530010805060321	53001080500181
530010805060322	53001080500182
530010805060323	53001080500183
530010805060324	53001080500184
530010805060325	53001080500185
530010805060326	53001080500186
530010805060327	53001080500187
530010805060328	53001080500188
530010805060329	53001080500189
530010805060330	53001080500190
530010805060331	53001080500191
530010805060332	53001080500192
530010805060333	53001080500193
530010805070285	53001080500194
530010805070286	53001080500194
530010805070178	53001080500194
530010805070284	53001080500194
530010805070308	53001080500194
530010805070309	53001080500194
530010805070244	53001080500195
530010805070221	53001080500195
530010805070296	53001080500195
530010805070298	53001080500195
530010805070297	53001080500195
530010805070257	53001080500195
530010805070295	53001080500195
530010805070263	53001080500196
530010805070273	53001080500196
530010805070258	53001080500196
530010805070290	53001080500196
530010805070280	53001080500196
530010805070281	53001080500196
530010805070259	53001080500196
530010805070291	53001080500196
530010805070277	53001080500196
530010805070283	53001080500196
530010805070282	53001080500196
530010805070271	53001080500196
530010805070272	53001080500196
530010805070279	53001080500196
530010805070276	53001080500196
530010805070278	53001080500196
530010805070275	53001080500196
530010805070274	53001080500196
530010805070211	53001080500197
530010805070299	53001080500198
530010805070303	53001080500198
530010805070302	53001080500198
530010805070300	53001080500198
530010805070260	53001080500198
530010805070261	53001080500198
530010805070301	53001080500198
530010805070232	53001080500199
530010805070215	53001080500199
530010805070288	53001080500200
530010805070287	53001080500200
530010805070289	53001080500200
530010805070218	53001080500201
530010805070231	53001080500201
530010805070230	53001080500201
530010805200206	53001080500201
530010805070228	53001080500201
530010805070270	53001080500201
530010805070219	53001080500202
530010805070220	53001080500203
530010805070222	53001080500204
530010805070245	53001080500205
530010805070223	53001080500205
530010805390008	53001080500206
530010805100388	53001080500206
530010805440142	53001080500206
530010805440131	53001080500206
530010805390020	53001080500206
530010805440123	53001080500206
530010805390003	53001080500206
530010805390030	53001080500206
530010805390032	53001080500206
530010805100369	53001080500206
530010805100378	53001080500206
530010805440132	53001080500206
530010805100377	53001080500206
530010805440133	53001080500206
530010805440101	53001080500206
530010805100386	53001080500206
530010805440103	53001080500206
530010805390026	53001080500206
530010805100400	53001080500206
530010805440128	53001080500206
530010805440058	53001080500206
530010805100438	53001080500206
530010805100448	53001080500206
530010805100447	53001080500206
530010805390017	53001080500206
530010805440108	53001080500206
530010805440059	53001080500206
530010805390041	53001080500206
530010805390015	53001080500206
530010805440139	53001080500206
530010805390027	53001080500206
530010805390038	53001080500206
530010805100390	53001080500206
530010805440110	53001080500206
530010805390021	53001080500206
530010805390019	53001080500206
530010805440122	53001080500206
530010805390005	53001080500206
530010805440137	53001080500206
530010805440099	53001080500206
530010805390022	53001080500206
530010805440109	53001080500206
530010805390001	53001080500206
530010805440135	53001080500206
530010805440143	53001080500206
530010805440102	53001080500206
530010805440057	53001080500206
530010805110388	53001080500206
530010805440107	53001080500206
530010805440138	53001080500206
530010805100389	53001080500206
530010805440115	53001080500206
530010805440114	53001080500206
530010805390010	53001080500206
530010805390039	53001080500206
530010805390023	53001080500206
530010805390031	53001080500206
530010805100385	53001080500206
530010805390011	53001080500206
530010805390025	53001080500206
530010805390040	53001080500206
530010805100387	53001080500206
530010805110387	53001080500206
530010805440124	53001080500206
530010805440127	53001080500206
530010805390034	53001080500206
530010805440062	53001080500206
530010805440134	53001080500206
530010805100446	53001080500206
530010805440100	53001080500206
530010805110357	53001080500206
530010805390036	53001080500206
530010805100439	53001080500206
530010805440136	53001080500206
530010805110001	53001080500207
530010805110002	53001080500208
530010805110003	53001080500209
530010805110004	53001080500210
530010805110005	53001080500211
530010805110006	53001080500212
530010805110007	53001080500213
530010805110008	53001080500214
530010805110009	53001080500215
530010805110010	53001080500216
530010805180144	53001080500217
530010805180145	53001080500218
530010805180146	53001080500219
530010805180147	53001080500220
530010805180148	53001080500221
530010805180149	53001080500222
530010805180150	53001080500223
530010805180364	53001080500224
530010805180152	53001080500225
530010805180153	53001080500226
530010805180154	53001080500227
530010805180155	53001080500228
530010805180156	53001080500229
530010805180157	53001080500230
530010805180385	53001080500231
530010805180386	53001080500231
530010805200142	53001080500232
530010805200143	53001080500233
530010805200144	53001080500234
530010805200145	53001080500235
530010805200146	53001080500236
530010805200147	53001080500237
530010805200148	53001080500238
530010805200149	53001080500239
530010805200150	53001080500240
530010805200151	53001080500241
530010805200152	53001080500242
530010805200153	53001080500243
530010805200154	53001080500244
530010805200155	53001080500245
530010805060109	53001080500246
530010805060110	53001080500247
530010805060111	53001080500248
530010805060112	53001080500249
530010805060113	53001080500250
530010805060114	53001080500251
530010805060115	53001080500252
530010805060116	53001080500253
530010805060117	53001080500254
530010805060118	53001080500255
530010805060119	53001080500256
530010805060120	53001080500257
530010805060121	53001080500258
530010805060122	53001080500259
530010805060123	53001080500260
530010805060124	53001080500261
530010805060125	53001080500262
530010805060126	53001080500263
530010805060127	53001080500264
530010805060128	53001080500265
530010805060129	53001080500266
530010805060130	53001080500267
530010805060131	53001080500268
530010805060132	53001080500269
530010805060133	53001080500270
530010805060134	53001080500271
530010805060135	53001080500272
530010805060136	53001080500273
530010805060137	53001080500274
530010805060138	53001080500275
530010805060139	53001080500276
530010805060140	53001080500277
530010805060141	53001080500278
530010805060142	53001080500279
530010805060143	53001080500280
530010805060144	53001080500281
530010805060265	53001080500282
530010805060266	53001080500283
530010805060267	53001080500284
530010805060268	53001080500285
530010805060454	53001080500285
530010805060269	53001080500286
530010805060270	53001080500287
530010805060500	53001080500288
530010805060501	53001080500288
530010805060272	53001080500289
530010805060502	53001080500290
530010805060503	53001080500290
530010805060274	53001080500291
530010805060275	53001080500292
530010805060276	53001080500293
530010805080283	53001080500294
530010805080284	53001080500295
530010805080285	53001080500296
530010805080286	53001080500297
530010805080287	53001080500298
530010805080288	53001080500299
530010805080289	53001080500300
530010805080290	53001080500301
530010805080291	53001080500302
530010805080292	53001080500303
530010805080293	53001080500304
530010805080294	53001080500305
530010805440047	53001080500306
530010805440048	53001080500307
530010805440049	53001080500308
530010805440050	53001080500309
530010805100117	53001080500310
530010805100118	53001080500311
530010805380001	53001080500312
530010805380002	53001080500313
530010805380003	53001080500314
530010805380004	53001080500315
530010805100403	53001080500316
530010805100440	53001080500317
530010805110346	53001080500317
530010805100362	53001080500317
530010805100430	53001080500317
530010805110353	53001080500317
530010805100431	53001080500317
530010805110375	53001080500317
530010805110354	53001080500317
530010805380124	53001080500317
530010805110352	53001080500317
530010805380055	53001080500317
530010805110402	53001080500317
530010805100435	53001080500317
530010805100429	53001080500317
530010805110282	53001080500317
530010805110366	53001080500317
530010805100364	53001080500317
530010805110413	53001080500317
530010805380126	53001080500317
530010805100441	53001080500317
530010805100428	53001080500317
530010805380005	53001080500317
530010805100371	53001080500317
530010805110358	53001080500317
530010805110355	53001080500317
530010805110338	53001080500317
530010805110414	53001080500317
530010805380070	53001080500317
530010805100451	53001080500317
530010805110415	53001080500317
530010805110360	53001080500317
530010805380079	53001080500317
530010805110184	53001080500317
530010805380122	53001080500317
530010805380123	53001080500317
530010805100434	53001080500317
530010805380121	53001080500317
530010805110347	53001080500317
530010805100436	53001080500317
530010805110337	53001080500317
530010805110336	53001080500317
530010805110382	53001080500317
530010805110401	53001080500317
530010805100373	53001080500317
530010805380125	53001080500317
530010805110381	53001080500317
530010805110351	53001080500317
530010805100452	53001080500317
530010805100372	53001080500317
530010805100437	53001080500317
530010805440061	53001080500318
530010805100236	53001080500319
530010805100237	53001080500320
530010805100238	53001080500321
530010805100239	53001080500322
530010805100240	53001080500323
530010805100445	53001080500324
530010805100444	53001080500324
530010805100242	53001080500325
530010805100243	53001080500326
530010805100244	53001080500327
530010805310052	53001080500328
530010805310151	53001080500329
530010805310150	53001080500329
530010805310147	53001080500330
530010805310146	53001080500330
530010805310148	53001080500331
530010805310088	53001080500331
530010805310149	53001080500331
530010805310182	53001080500332
530010805310183	53001080500332
530010805310091	53001080500332
530010805310177	53001080500333
530010805310176	53001080500333
530010805310093	53001080500333
530010805310056	53001080500334
530010805310057	53001080500335
530010805310058	53001080500336
530010805310118	53001080500337
530010805310127	53001080500337
530010805310126	53001080500337
530010805310117	53001080500337
530010805310059	53001080500337
530010805310085	53001080500337
530010805310181	53001080500338
530010805310180	53001080500338
530010805310089	53001080500339
530010805310061	53001080500339
530010805160103	53001080500340
530010805160104	53001080500341
530010805160105	53001080500342
530010805160106	53001080500343
530010805160107	53001080500344
530010805160305	53001080500345
530010805160304	53001080500345
530010805160306	53001080500345
530010805160308	53001080500345
530010805160307	53001080500345
530010805160309	53001080500345
530010805160257	53001080500346
530010805160254	53001080500346
530010805160312	53001080500346
530010805160297	53001080500346
530010805160311	53001080500346
530010805160255	53001080500346
530010805160253	53001080500346
530010805160256	53001080500346
530010805160298	53001080500346
530010805160313	53001080500346
530010805160315	53001080500346
530010805160248	53001080500346
530010805160258	53001080500346
530010805160301	53001080500346
530010805160249	53001080500346
530010805160310	53001080500346
530010805160250	53001080500346
530010805330012	53001080500347
530010805330009	53001080500347
530010805330010	53001080500347
530010805370135	53001080500347
530010805370138	53001080500347
530010805330014	53001080500347
530010805160314	53001080500347
530010805330013	53001080500347
530010805330011	53001080500347
530010805330015	53001080500347
530010805370137	53001080500347
530010805370133	53001080500347
530010805360258	53001080500348
530010805360260	53001080500348
530010805360077	53001080500348
530010805360058	53001080500348
530010805360096	53001080500348
530010805360263	53001080500348
530010805360259	53001080500348
530010805160114	53001080500349
530010805250077	53001080500350
530010805250078	53001080500351
530010805250079	53001080500352
530010805250080	53001080500353
530010805250081	53001080500354
530010805250082	53001080500355
530010805250083	53001080500356
530010805250084	53001080500357
530010805250085	53001080500358
530010805250086	53001080500359
530010805250087	53001080500360
530010805250088	53001080500361
530010805060157	53001080500362
530010805060158	53001080500363
530010805060159	53001080500364
530010805060160	53001080500365
530010805060161	53001080500366
530010805060162	53001080500367
530010805060163	53001080500368
530010805060164	53001080500369
530010805060165	53001080500370
530010805060166	53001080500371
530010805060167	53001080500372
530010805060168	53001080500373
530010805060169	53001080500374
530010805060170	53001080500375
530010805060171	53001080500376
530010805060172	53001080500377
530010805060173	53001080500378
530010805060174	53001080500379
530010805060175	53001080500380
530010805060176	53001080500381
530010805060177	53001080500382
530010805060178	53001080500383
530010805060179	53001080500384
530010805060180	53001080500385
530010805060181	53001080500386
530010805060182	53001080500387
530010805060183	53001080500388
530010805060184	53001080500389
530010805060185	53001080500390
530010805060186	53001080500391
530010805060187	53001080500392
530010805060188	53001080500393
530010805060189	53001080500394
530010805060190	53001080500395
530010805060191	53001080500396
530010805060192	53001080500397
530010805060193	53001080500398
530010805060194	53001080500399
530010805060195	53001080500400
530010805060196	53001080500401
530010805060197	53001080500402
530010805060198	53001080500403
530010805060199	53001080500404
530010805060200	53001080500405
530010805060201	53001080500406
530010805060202	53001080500407
530010805060203	53001080500408
530010805060204	53001080500409
530010805060205	53001080500410
530010805060206	53001080500411
530010805060207	53001080500412
530010805060208	53001080500413
530010805060209	53001080500414
530010805060210	53001080500415
530010805060211	53001080500416
530010805060212	53001080500417
530010805060213	53001080500418
530010805060214	53001080500419
530010805060215	53001080500420
530010805060216	53001080500421
530010805060217	53001080500422
530010805060218	53001080500423
530010805060219	53001080500424
530010805060220	53001080500425
530010805060221	53001080500426
530010805060222	53001080500427
530010805060223	53001080500428
530010805060224	53001080500429
530010805060225	53001080500430
530010805060226	53001080500431
530010805060227	53001080500432
530010805060453	53001080500433
530010805060228	53001080500433
530010805060229	53001080500434
530010805060230	53001080500435
530010805060231	53001080500436
530010805060480	53001080500437
530010805060479	53001080500437
530010805060233	53001080500438
530010805060234	53001080500439
530010805060235	53001080500440
530010805060236	53001080500441
530010805060237	53001080500442
530010805060238	53001080500443
530010805060239	53001080500444
530010805060240	53001080500445
530010805060452	53001080500445
530010805060241	53001080500446
530010805060242	53001080500447
530010805060243	53001080500448
530010805060244	53001080500449
530010805060245	53001080500450
530010805060246	53001080500451
530010805060247	53001080500452
530010805060248	53001080500453
530010805060249	53001080500454
530010805060250	53001080500455
530010805060251	53001080500456
530010805060252	53001080500457
530010805060253	53001080500458
530010805060254	53001080500459
530010805060255	53001080500460
530010805060499	53001080500461
530010805060257	53001080500462
530010805060487	53001080500463
530010805060498	53001080500463
530010805060467	53001080500463
530010805060489	53001080500463
530010805060493	53001080500463
530010805060520	53001080500463
530010805060475	53001080500463
530010805060522	53001080500463
530010805060464	53001080500463
530010805060469	53001080500463
530010805060495	53001080500463
530010805060461	53001080500463
530010805060497	53001080500463
530010805060462	53001080500463
530010805060491	53001080500463
530010805060492	53001080500463
530010805060496	53001080500463
530010805060473	53001080500463
530010805060460	53001080500463
530010805060521	53001080500463
530010805060523	53001080500463
530010805060463	53001080500463
530010805060490	53001080500463
530010805060466	53001080500463
530010805060471	53001080500463
530010805060476	53001080500463
530010805060477	53001080500463
530010805060472	53001080500463
530010805060485	53001080500463
530010805060474	53001080500463
530010805060470	53001080500463
530010805060525	53001080500463
530010805060465	53001080500463
530010805060524	53001080500463
530010805060488	53001080500463
530010805060484	53001080500463
530010805060260	53001080500464
530010805060261	53001080500465
530010805060262	53001080500466
530010805060263	53001080500467
530010805060264	53001080500468
530010805060277	53001080500469
530010805060278	53001080500470
530010805060279	53001080500471
530010805060494	53001080500472
530010805060281	53001080500473
530010805060282	53001080500474
530010805060455	53001080500474
530010805340054	53001080500475
530010805330003	53001080500475
530010805330005	53001080500475
530010805330006	53001080500475
530010805340036	53001080500475
530010805330004	53001080500475
530010805340035	53001080500475
530010805340056	53001080500475
530010805340055	53001080500475
530010805060530	53001080500475
530010805330002	53001080500475
530010805330001	53001080500476
530010805210101	53001080500477
530010805210100	53001080500477
530010805210099	53001080500477
530010805210102	53001080500477
530010805210093	53001080500478
530010805210094	53001080500479
530010805060526	53001080500480
530010805060527	53001080500480
530010805060528	53001080500481
530010805060529	53001080500481
530010805060506	53001080500481
530010805060505	53001080500482
530010805350001	53001080500482
530010805060510	53001080500482
530010805350024	53001080500482
530010805210104	53001080500483
530010805210103	53001080500483
530010805120147	53001080500483
530010805060294	53001080500484
530010805060295	53001080500485
530010805060296	53001080500486
530010805060297	53001080500487
530010805060298	53001080500488
530010805060299	53001080500489
530010805060300	53001080500490
530010805060301	53001080500491
530010805060302	53001080500492
530010805060303	53001080500493
530010805060304	53001080500494
530010805060305	53001080500495
530010805060306	53001080500496
530010805060307	53001080500497
530010805060308	53001080500498
530010805060309	53001080500499
530010805060310	53001080500500
530010805060311	53001080500501
530010805060312	53001080500502
530010805060313	53001080500503
530010805060314	53001080500504
530010805060315	53001080500505
530010805060316	53001080500506
530010805060317	53001080500507
530010805060318	53001080500508
530010805060334	53001080500509
530010805060335	53001080500510
530010805060336	53001080500511
530010805060337	53001080500512
530010805060338	53001080500513
530010805060339	53001080500514
530010805060340	53001080500515
530010805060341	53001080500516
530010805060342	53001080500517
530010805060343	53001080500518
530010805060344	53001080500519
530010805060346	53001080500520
530010805060347	53001080500521
530010805060348	53001080500522
530010805060349	53001080500523
530010805060350	53001080500524
530010805060352	53001080500525
530010805060353	53001080500526
530010805060354	53001080500527
530010805060355	53001080500528
530010805060356	53001080500529
530010805060357	53001080500530
530010805060358	53001080500531
530010805060359	53001080500532
530010805060360	53001080500533
530010805060361	53001080500534
530010805060374	53001080500535
530010805060456	53001080500536
530010805060375	53001080500536
530010805060457	53001080500537
530010805060376	53001080500537
530010805060378	53001080500538
530010805060379	53001080500539
530010805060380	53001080500540
530010805060381	53001080500541
530010805060382	53001080500542
530010805060383	53001080500543
530010805060384	53001080500544
530010805060385	53001080500545
530010805060386	53001080500546
530010805060387	53001080500547
530010805060388	53001080500548
530010805060389	53001080500549
530010805060390	53001080500550
530010805060391	53001080500551
530010805060392	53001080500552
530010805060393	53001080500553
530010805060394	53001080500554
530010805060395	53001080500555
530010805060396	53001080500556
530010805060397	53001080500557
530010805060398	53001080500558
530010805060399	53001080500559
530010805060400	53001080500560
530010805060401	53001080500561
530010805060402	53001080500562
530010805060403	53001080500563
530010805060404	53001080500564
530010805060405	53001080500565
530010805060406	53001080500566
530010805060407	53001080500567
530010805060408	53001080500568
530010805060409	53001080500569
530010805060410	53001080500570
530010805060411	53001080500571
530010805060412	53001080500572
530010805060413	53001080500573
530010805060414	53001080500574
530010805060415	53001080500575
530010805060416	53001080500576
530010805060417	53001080500577
530010805060418	53001080500578
530010805060419	53001080500579
530010805060420	53001080500580
530010805060421	53001080500581
530010805060422	53001080500582
530010805060423	53001080500583
530010805210095	53001080500584
530010805060425	53001080500585
530010805060426	53001080500586
530010805060427	53001080500587
530010805060428	53001080500588
530010805060429	53001080500589
530010805060430	53001080500590
530010805060431	53001080500591
530010805060432	53001080500592
530010805060433	53001080500593
530010805060434	53001080500594
530010805060435	53001080500595
530010805060436	53001080500596
530010805060437	53001080500597
530010805060438	53001080500598
530010805060439	53001080500599
530010805060440	53001080500600
530010805060441	53001080500601
530010805060442	53001080500602
530010805060443	53001080500603
530010805060444	53001080500604
530010805060516	53001080500605
530010805060517	53001080500605
530010805060515	53001080500605
530010805060446	53001080500606
530010805210096	53001080500607
530010805060450	53001080500608
530010805060451	53001080500609
530010805070001	53001080500610
530010805070002	53001080500611
530010805070003	53001080500612
530010805070004	53001080500613
530010805070005	53001080500614
530010805070233	53001080500615
530010805070006	53001080500615
530010805070234	53001080500615
530010805070008	53001080500616
530010805070007	53001080500616
530010805070009	53001080500617
530010805070010	53001080500618
530010805070011	53001080500619
530010805070012	53001080500620
530010805070013	53001080500621
530010805070014	53001080500622
530010805070015	53001080500623
530010805070016	53001080500624
530010805070017	53001080500625
530010805070018	53001080500626
530010805070019	53001080500627
530010805070020	53001080500628
530010805070021	53001080500629
530010805070022	53001080500630
530010805070023	53001080500631
530010805070024	53001080500632
530010805070025	53001080500633
530010805070026	53001080500634
530010805070027	53001080500635
530010805070028	53001080500636
530010805070029	53001080500637
530010805070030	53001080500638
530010805070031	53001080500639
530010805070032	53001080500640
530010805070033	53001080500641
530010805070034	53001080500642
530010805070035	53001080500643
530010805070036	53001080500644
530010805070037	53001080500645
530010805070038	53001080500646
530010805070039	53001080500647
530010805070040	53001080500648
530010805070041	53001080500649
530010805070042	53001080500650
530010805070043	53001080500651
530010805070044	53001080500652
530010805070045	53001080500653
530010805070046	53001080500654
530010805070047	53001080500655
530010805070048	53001080500656
530010805070049	53001080500657
530010805070050	53001080500658
530010805070051	53001080500659
530010805070052	53001080500660
530010805070053	53001080500661
530010805070054	53001080500662
530010805070055	53001080500663
530010805070056	53001080500664
530010805070057	53001080500665
530010805070058	53001080500666
530010805070059	53001080500667
530010805070060	53001080500668
530010805070061	53001080500669
530010805070062	53001080500670
530010805070235	53001080500671
530010805070237	53001080500671
530010805070236	53001080500671
530010805070063	53001080500671
530010805070238	53001080500671
530010805070242	53001080500672
530010805070241	53001080500672
530010805070064	53001080500672
530010805070065	53001080500673
530010805070066	53001080500674
530010805070067	53001080500675
530010805070068	53001080500676
530010805070069	53001080500677
530010805070070	53001080500678
530010805070071	53001080500679
530010805070072	53001080500680
530010805070073	53001080500681
530010805070074	53001080500682
530010805070075	53001080500683
530010805070076	53001080500684
530010805070077	53001080500685
530010805070078	53001080500686
530010805070079	53001080500687
530010805070080	53001080500688
530010805070081	53001080500689
530010805070082	53001080500690
530010805070083	53001080500691
530010805070084	53001080500692
530010805070085	53001080500693
530010805070086	53001080500694
530010805070087	53001080500695
530010805070088	53001080500696
530010805070089	53001080500697
530010805070090	53001080500698
530010805070091	53001080500699
530010805070092	53001080500700
530010805070093	53001080500701
530010805070094	53001080500702
530010805070095	53001080500703
530010805070096	53001080500704
530010805070097	53001080500705
530010805070098	53001080500706
530010805070099	53001080500707
530010805070100	53001080500708
530010805070101	53001080500709
530010805070102	53001080500710
530010805070103	53001080500711
530010805070104	53001080500712
530010805070105	53001080500713
530010805070106	53001080500714
530010805070107	53001080500715
530010805070108	53001080500716
530010805070109	53001080500717
530010805070110	53001080500718
530010805070111	53001080500719
530010805070112	53001080500720
530010805070113	53001080500721
530010805070114	53001080500722
530010805070115	53001080500723
530010805070116	53001080500724
530010805070117	53001080500725
530010805070118	53001080500726
530010805070119	53001080500727
530010805070120	53001080500728
530010805070121	53001080500729
530010805070122	53001080500730
530010805070123	53001080500731
530010805070124	53001080500732
530010805070125	53001080500733
530010805070126	53001080500734
530010805070127	53001080500735
530010805070128	53001080500736
530010805070129	53001080500737
530010805070130	53001080500738
530010805070131	53001080500739
530010805070132	53001080500740
530010805070133	53001080500741
530010805070134	53001080500742
530010805070135	53001080500743
530010805070136	53001080500744
530010805070137	53001080500745
530010805070138	53001080500746
530010805070139	53001080500747
530010805070140	53001080500748
530010805070141	53001080500749
530010805070142	53001080500750
530010805070143	53001080500751
530010805070144	53001080500752
530010805070145	53001080500753
530010805070146	53001080500754
530010805070147	53001080500755
530010805070148	53001080500756
530010805070149	53001080500757
530010805070150	53001080500758
530010805070151	53001080500759
530010805070152	53001080500760
530010805070153	53001080500761
530010805070154	53001080500762
530010805070155	53001080500763
530010805070156	53001080500764
530010805070157	53001080500765
530010805070158	53001080500766
530010805250228	53001080500767
530010805250226	53001080500768
530010805070292	53001080500769
530010805070294	53001080500769
530010805070293	53001080500769
530010805070162	53001080500770
530010805070165	53001080500771
530010805070166	53001080500772
530010805070250	53001080500773
530010805070254	53001080500773
530010805070169	53001080500774
530010805070170	53001080500775
530010805070265	53001080500776
530010805070266	53001080500776
530010805070267	53001080500777
530010805070268	53001080500777
530010805070173	53001080500778
530010805070174	53001080500779
530010805070305	53001080500780
530010805070304	53001080500780
530010805070176	53001080500781
530010805070177	53001080500782
530010805070180	53001080500783
530010805070181	53001080500784
530010805070182	53001080500785
530010805070183	53001080500786
530010805070184	53001080500787
530010805070185	53001080500788
530010805070249	53001080500789
530010805070248	53001080500789
530010805070187	53001080500790
530010805070188	53001080500791
530010805070252	53001080500792
530010805070251	53001080500792
530010805070194	53001080500793
530010805070253	53001080500794
530010805070197	53001080500795
530010805070198	53001080500796
530010805070199	53001080500797
530010805070200	53001080500798
530010805070201	53001080500799
530010805070202	53001080500800
530010805250227	53001080500801
530010805070307	53001080500802
530010805070239	53001080500802
530010805070306	53001080500802
530010805070240	53001080500802
530010805080866	53001080500803
530010805080802	53001080500803
530010805080867	53001080500803
530010805080801	53001080500803
530010805080803	53001080500803
530010805320001	53001080500804
530010805320002	53001080500805
530010805320003	53001080500806
530010805320004	53001080500807
530010805320005	53001080500808
530010805320006	53001080500809
530010805320007	53001080500810
530010805320008	53001080500811
530010805320014	53001080500812
530010805320009	53001080500812
530010805320010	53001080500813
530010805320011	53001080500814
530010805080013	53001080500815
530010805080014	53001080500816
530010805080015	53001080500817
530010805080016	53001080500818
530010805080017	53001080500819
530010805080018	53001080500820
530010805080019	53001080500821
530010805080849	53001080500822
530010805080021	53001080500823
530010805080022	53001080500824
530010805080023	53001080500825
530010805080024	53001080500826
530010805080025	53001080500827
530010805080026	53001080500828
530010805080027	53001080500829
530010805080028	53001080500830
530010805080029	53001080500831
530010805080030	53001080500832
530010805080031	53001080500833
530010805360201	53001080500834
530010805320039	53001080500834
530010805320038	53001080500834
530010805360202	53001080500834
530010805360200	53001080500834
530010805320012	53001080500834
530010805360090	53001080500834
530010805320041	53001080500835
530010805320036	53001080500835
530010805320031	53001080500835
530010805320064	53001080500835
530010805320047	53001080500835
530010805420017	53001080500835
530010805420028	53001080500835
530010805360051	53001080500835
530010805360001	53001080500835
530010805360067	53001080500835
530010805420033	53001080500835
530010805320017	53001080500835
530010805420027	53001080500835
530010805320040	53001080500835
530010805420034	53001080500835
530010805320044	53001080500835
530010805420002	53001080500835
530010805320013	53001080500835
530010805320015	53001080500836
530010805320016	53001080500837
530010805320018	53001080500838
530010805320019	53001080500839
530010805320020	53001080500840
530010805320021	53001080500841
530010805320022	53001080500842
530010805360002	53001080500843
530010805360003	53001080500844
530010805360130	53001080500844
530010805360010	53001080500844
530010805360004	53001080500845
530010805360005	53001080500846
530010805360216	53001080500847
530010805360217	53001080500847
530010805360006	53001080500848
530010805360007	53001080500849
530010805360264	53001080500850
530010805360009	53001080500851
530010805360011	53001080500852
530010805360012	53001080500853
530010805360192	53001080500853
530010805360013	53001080500854
530010805360014	53001080500855
530010805360015	53001080500856
530010805360016	53001080500857
530010805360018	53001080500858
530010805360019	53001080500859
530010805360020	53001080500860
530010805360021	53001080500861
530010805360022	53001080500862
530010805360193	53001080500863
530010805360023	53001080500863
530010805360034	53001080500864
530010805360215	53001080500865
530010805360214	53001080500865
530010805360035	53001080500866
530010805360036	53001080500867
530010805360037	53001080500868
530010805360038	53001080500869
530010805360039	53001080500870
530010805360040	53001080500871
530010805360252	53001080500872
530010805360251	53001080500872
530010805360041	53001080500873
530010805360042	53001080500873
530010805360043	53001080500874
530010805360151	53001080500875
530010805360044	53001080500875
530010805360212	53001080500876
530010805360213	53001080500876
530010805360045	53001080500877
530010805360046	53001080500878
530010805360047	53001080500879
530010805360048	53001080500880
530010805360049	53001080500881
530010805360050	53001080500882
530010805360052	53001080500883
530010805360053	53001080500884
530010805360194	53001080500885
530010805360054	53001080500885
530010805360055	53001080500886
530010805360056	53001080500887
530010805360057	53001080500888
530010805360059	53001080500889
530010805360060	53001080500890
530010805360061	53001080500891
530010805360062	53001080500892
530010805360063	53001080500893
530010805360065	53001080500893
530010805360064	53001080500893
530010805360196	53001080500893
530010805360066	53001080500894
530010805360068	53001080500895
530010805360195	53001080500896
530010805360069	53001080500896
530010805360070	53001080500897
530010805360071	53001080500898
530010805360072	53001080500899
530010805360073	53001080500900
530010805360074	53001080500901
530010805360261	53001080500902
530010805360076	53001080500903
530010805360078	53001080500904
530010805360079	53001080500905
530010805360080	53001080500906
530010805360081	53001080500907
530010805360244	53001080500908
530010805360243	53001080500908
530010805360082	53001080500909
530010805360083	53001080500910
530010805360229	53001080500911
530010805360228	53001080500911
530010805360084	53001080500911
530010805360197	53001080500911
530010805360245	53001080500912
530010805360209	53001080500912
530010805360085	53001080500913
530010805360086	53001080500914
530010805360087	53001080500915
530010805360198	53001080500915
530010805360088	53001080500916
530010805360199	53001080500917
530010805360089	53001080500917
530010805360224	53001080500918
530010805360225	53001080500918
530010805360091	53001080500919
530010805360092	53001080500920
530010805360093	53001080500921
530010805360094	53001080500922
530010805360095	53001080500923
530010805360097	53001080500924
530010805360098	53001080500925
530010805360099	53001080500926
530010805360203	53001080500926
530010805360100	53001080500927
530010805360101	53001080500928
530010805360102	53001080500929
530010805360103	53001080500930
530010805360104	53001080500931
530010805360204	53001080500932
530010805360105	53001080500932
530010805360106	53001080500933
530010805360208	53001080500934
530010805360239	53001080500934
530010805360233	53001080500934
530010805360230	53001080500934
530010805360232	53001080500934
530010805360107	53001080500934
530010805360249	53001080500934
530010805360250	53001080500934
530010805360241	53001080500934
530010805360207	53001080500934
530010805080183	53001080500934
530010805360234	53001080500934
530010805360246	53001080500934
530010805360240	53001080500934
530010805360248	53001080500934
530010805360247	53001080500934
530010805360242	53001080500934
530010805360231	53001080500934
530010805360187	53001080500934
530010805360108	53001080500935
530010805360109	53001080500936
530010805360110	53001080500937
530010805360111	53001080500938
530010805360205	53001080500938
530010805360112	53001080500939
530010805360113	53001080500940
530010805360114	53001080500941
530010805360115	53001080500942
530010805360206	53001080500943
530010805360226	53001080500943
530010805360116	53001080500943
530010805360227	53001080500943
530010805360117	53001080500944
530010805360118	53001080500945
530010805360119	53001080500946
530010805360120	53001080500947
530010805360121	53001080500948
530010805360181	53001080500948
530010805360184	53001080500948
530010805360122	53001080500949
530010805360123	53001080500950
530010805360125	53001080500951
530010805360126	53001080500952
530010805360127	53001080500953
530010805360128	53001080500954
530010805360129	53001080500955
530010805080184	53001080500956
530010805080185	53001080500957
530010805080186	53001080500958
530010805080187	53001080500959
530010805080188	53001080500960
530010805080847	53001080500961
530010805080190	53001080500962
530010805080191	53001080500963
530010805080192	53001080500964
530010805080193	53001080500965
530010805080194	53001080500966
530010805080195	53001080500967
530010805080196	53001080500968
530010805080197	53001080500969
530010805080198	53001080500970
530010805080199	53001080500971
530010805080765	53001080500972
530010805080200	53001080500972
530010805080201	53001080500973
530010805080202	53001080500974
530010805080203	53001080500975
530010805080204	53001080500976
530010805080205	53001080500977
530010805080206	53001080500978
530010805080207	53001080500979
530010805080208	53001080500980
530010805080209	53001080500981
530010805080210	53001080500982
530010805080211	53001080500983
530010805080212	53001080500984
530010805080213	53001080500985
530010805080214	53001080500986
530010805080215	53001080500987
530010805080216	53001080500988
530010805080217	53001080500989
530010805080218	53001080500990
530010805080219	53001080500991
530010805080220	53001080500992
530010805080221	53001080500993
530010805080222	53001080500994
530010805080223	53001080500995
530010805080224	53001080500996
530010805080225	53001080500997
530010805080226	53001080500998
530010805080227	53001080500999
530010805080228	53001080501000
530010805080229	53001080501001
530010805080230	53001080501002
530010805080231	53001080501003
530010805080232	53001080501004
530010805080233	53001080501005
530010805370001	53001080501006
530010805370002	53001080501007
530010805370003	53001080501008
530010805370004	53001080501009
530010805370132	53001080501010
530010805370131	53001080501010
530010805370005	53001080501011
530010805370006	53001080501012
530010805370173	53001080501013
530010805370172	53001080501013
530010805370117	53001080501014
530010805370147	53001080501014
530010805370099	53001080501014
530010805370163	53001080501014
530010805370148	53001080501014
530010805370166	53001080501014
530010805370123	53001080501014
530010805340002	53001080501014
530010805370076	53001080501014
530010805370141	53001080501014
530010805370144	53001080501014
530010805370100	53001080501014
530010805370077	53001080501014
530010805370155	53001080501014
530010805370159	53001080501014
530010805370165	53001080501014
530010805370156	53001080501014
530010805370154	53001080501014
530010805370105	53001080501014
530010805370157	53001080501014
530010805370142	53001080501014
530010805370113	53001080501014
530010805370146	53001080501014
530010805370167	53001080501014
530010805370158	53001080501014
530010805370149	53001080501014
530010805370103	53001080501014
530010805370152	53001080501014
530010805370151	53001080501014
530010805370111	53001080501014
530010805370162	53001080501014
530010805370143	53001080501014
530010805370140	53001080501014
530010805370168	53001080501014
530010805370150	53001080501014
530010805370161	53001080501014
530010805370114	53001080501014
530010805370164	53001080501014
530010805370139	53001080501014
530010805370112	53001080501014
530010805370153	53001080501014
530010805370145	53001080501014
530010805370160	53001080501014
530010805370101	53001080501014
530010805080243	53001080501015
530010805080244	53001080501016
530010805080245	53001080501017
530010805080246	53001080501018
530010805080247	53001080501019
530010805080272	53001080501020
530010805080273	53001080501021
530010805080274	53001080501022
530010805080275	53001080501023
530010805080276	53001080501024
530010805080277	53001080501025
530010805080278	53001080501026
530010805080279	53001080501027
530010805080280	53001080501028
530010805080281	53001080501029
530010805080282	53001080501030
530010805080845	53001080501031
530010805080296	53001080501032
530010805080297	53001080501033
530010805080298	53001080501034
530010805080299	53001080501035
530010805080300	53001080501036
530010805080301	53001080501037
530010805080302	53001080501038
530010805080303	53001080501039
530010805080304	53001080501040
530010805080305	53001080501041
530010805080306	53001080501042
530010805080307	53001080501043
530010805080308	53001080501044
530010805080766	53001080501044
530010805080309	53001080501045
530010805080310	53001080501046
530010805080311	53001080501047
530010805080312	53001080501048
530010805080313	53001080501049
530010805080314	53001080501050
530010805080315	53001080501051
530010805080316	53001080501052
530010805080317	53001080501053
530010805080318	53001080501054
530010805080319	53001080501055
530010805080320	53001080501056
530010805080321	53001080501057
530010805080322	53001080501058
530010805080323	53001080501059
530010805080324	53001080501060
530010805080325	53001080501061
530010805080326	53001080501062
530010805080327	53001080501063
530010805080328	53001080501064
530010805080329	53001080501065
530010805080330	53001080501066
530010805080331	53001080501067
530010805080332	53001080501068
530010805080333	53001080501069
530010805080334	53001080501070
530010805080335	53001080501071
530010805080336	53001080501072
530010805080337	53001080501073
530010805080338	53001080501074
530010805080339	53001080501075
530010805080340	53001080501076
530010805080341	53001080501077
530010805080342	53001080501078
530010805080343	53001080501079
530010805080344	53001080501080
530010805080345	53001080501081
530010805080346	53001080501082
530010805080347	53001080501083
530010805080348	53001080501084
530010805080349	53001080501085
530010805080351	53001080501086
530010805080352	53001080501087
530010805080353	53001080501088
530010805080354	53001080501089
530010805080355	53001080501090
530010805080356	53001080501091
530010805080357	53001080501092
530010805080358	53001080501093
530010805080359	53001080501094
530010805080360	53001080501095
530010805080848	53001080501096
530010805080362	53001080501097
530010805080363	53001080501098
530010805080364	53001080501099
530010805080365	53001080501100
530010805080366	53001080501101
530010805080367	53001080501102
530010805080368	53001080501103
530010805080369	53001080501104
530010805080370	53001080501105
530010805080371	53001080501106
530010805080372	53001080501107
530010805080373	53001080501108
530010805080374	53001080501109
530010805080375	53001080501110
530010805080376	53001080501111
530010805080377	53001080501112
530010805080378	53001080501113
530010805080379	53001080501114
530010805080380	53001080501115
530010805080381	53001080501116
530010805080382	53001080501117
530010805080383	53001080501118
530010805080384	53001080501119
530010805080385	53001080501120
530010805080386	53001080501121
530010805080387	53001080501122
530010805080388	53001080501123
530010805080389	53001080501124
530010805080390	53001080501125
530010805080391	53001080501126
530010805080392	53001080501127
530010805080393	53001080501128
530010805080394	53001080501129
530010805080395	53001080501130
530010805080396	53001080501131
530010805080397	53001080501132
530010805080398	53001080501133
530010805080399	53001080501134
530010805080400	53001080501135
530010805080401	53001080501136
530010805080402	53001080501137
530010805080403	53001080501138
530010805080404	53001080501139
530010805080405	53001080501140
530010805080406	53001080501141
530010805080407	53001080501142
530010805080408	53001080501143
530010805080409	53001080501144
530010805080410	53001080501145
530010805080411	53001080501146
530010805080412	53001080501147
530010805080413	53001080501148
530010805080414	53001080501149
530010805080415	53001080501150
530010805080416	53001080501151
530010805080417	53001080501152
530010805080418	53001080501153
530010805080419	53001080501154
530010805080420	53001080501155
530010805080421	53001080501156
530010805080422	53001080501157
530010805080423	53001080501158
530010805080424	53001080501159
530010805080425	53001080501160
530010805080426	53001080501161
530010805080427	53001080501162
530010805080428	53001080501163
530010805080429	53001080501164
530010805080430	53001080501165
530010805080431	53001080501166
530010805080432	53001080501167
530010805080433	53001080501168
530010805080434	53001080501169
530010805080435	53001080501170
530010805080436	53001080501171
530010805080437	53001080501172
530010805080438	53001080501173
530010805080439	53001080501174
530010805080440	53001080501175
530010805080441	53001080501176
530010805080442	53001080501177
530010805080443	53001080501178
530010805080444	53001080501179
530010805080445	53001080501180
530010805080446	53001080501181
530010805080447	53001080501182
530010805080448	53001080501183
530010805080449	53001080501184
530010805080450	53001080501185
530010805080451	53001080501186
530010805080452	53001080501187
530010805080453	53001080501188
530010805080454	53001080501189
530010805080455	53001080501190
530010805080456	53001080501191
530010805080457	53001080501192
530010805080458	53001080501193
530010805080459	53001080501194
530010805080460	53001080501195
530010805080461	53001080501196
530010805080462	53001080501197
530010805080463	53001080501198
530010805080464	53001080501199
530010805080846	53001080501200
530010805080466	53001080501201
530010805320023	53001080501202
530010805320024	53001080501203
530010805320025	53001080501204
530010805320026	53001080501205
530010805320027	53001080501206
530010805320066	53001080501207
530010805320067	53001080501207
530010805320028	53001080501208
530010805320029	53001080501209
530010805320030	53001080501210
530010805370008	53001080501211
530010805370009	53001080501212
530010805370010	53001080501213
530010805370011	53001080501214
530010805370012	53001080501215
530010805370090	53001080501216
530010805370089	53001080501216
530010805370175	53001080501217
530010805370176	53001080501217
530010805370014	53001080501218
530010805370015	53001080501219
530010805370091	53001080501220
530010805370092	53001080501220
530010805370016	53001080501221
530010805370017	53001080501222
530010805320032	53001080501223
530010805320033	53001080501224
530010805320056	53001080501224
530010805370126	53001080501225
530010805370125	53001080501225
530010805080493	53001080501226
530010805080494	53001080501227
530010805320034	53001080501228
530010805320057	53001080501228
530010805320035	53001080501229
530010805080498	53001080501230
530010805080499	53001080501231
530010805080500	53001080501232
530010805370018	53001080501233
530010805370019	53001080501234
530010805370020	53001080501235
530010805370021	53001080501236
530010805370022	53001080501237
530010805370023	53001080501238
530010805370024	53001080501239
530010805370025	53001080501240
530010805370026	53001080501241
530010805370027	53001080501242
530010805370028	53001080501243
530010805370029	53001080501244
530010805370030	53001080501245
530010805370031	53001080501246
530010805370032	53001080501247
530010805370033	53001080501248
530010805370034	53001080501249
530010805370035	53001080501250
530010805080862	53001080501251
530010805080863	53001080501251
530010805080520	53001080501252
530010805080521	53001080501253
530010805080522	53001080501254
530010805080523	53001080501255
530010805080524	53001080501256
530010805080525	53001080501257
530010805080526	53001080501258
530010805080839	53001080501259
530010805080838	53001080501259
530010805080784	53001080501259
530010805080783	53001080501259
530010805080528	53001080501260
530010805080792	53001080501261
530010805080767	53001080501261
530010805080789	53001080501261
530010805080791	53001080501261
530010805080785	53001080501261
530010805080788	53001080501261
530010805080790	53001080501261
530010805080786	53001080501261
530010805080768	53001080501261
530010805080787	53001080501261
530010805080530	53001080501262
530010805080531	53001080501263
530010805080532	53001080501264
530010805080533	53001080501265
530010805080534	53001080501266
530010805080864	53001080501267
530010805080865	53001080501267
530010805080536	53001080501268
530010805080769	53001080501268
530010805080537	53001080501269
530010805180321	53001080501270
530010805080770	53001080501270
530010805080771	53001080501270
530010805180075	53001080501270
530010805080538	53001080501270
530010805370078	53001080501271
530010805370079	53001080501271
530010805370036	53001080501272
530010805370037	53001080501273
530010805370038	53001080501274
530010805370039	53001080501275
530010805370040	53001080501276
530010805370041	53001080501277
530010805370084	53001080501278
530010805370083	53001080501278
530010805370085	53001080501279
530010805370086	53001080501279
530010805370042	53001080501280
530010805370043	53001080501281
530010805370044	53001080501282
530010805370088	53001080501283
530010805370087	53001080501283
530010805370045	53001080501284
530010805370046	53001080501285
530010805080554	53001080501286
530010805080555	53001080501287
530010805320037	53001080501288
530010805080557	53001080501289
530010805080558	53001080501290
530010805080559	53001080501291
530010805080560	53001080501292
530010805080561	53001080501293
530010805080796	53001080501294
530010805080795	53001080501294
530010805320042	53001080501295
530010805320043	53001080501296
530010805320045	53001080501297
530010805320046	53001080501298
530010805320048	53001080501299
530010805320049	53001080501300
530010805320050	53001080501301
530010805320051	53001080501302
530010805320052	53001080501303
530010805320053	53001080501304
530010805360131	53001080501305
530010805360132	53001080501306
530010805360133	53001080501307
530010805360134	53001080501308
530010805360135	53001080501309
530010805360143	53001080501310
530010805360137	53001080501310
530010805360138	53001080501311
530010805360139	53001080501312
530010805360140	53001080501313
530010805360141	53001080501314
530010805360142	53001080501315
530010805360144	53001080501316
530010805360145	53001080501317
530010805360146	53001080501318
530010805360147	53001080501319
530010805360148	53001080501320
530010805360149	53001080501321
530010805360150	53001080501322
530010805360152	53001080501323
530010805360153	53001080501324
530010805360154	53001080501325
530010805360155	53001080501326
530010805360156	53001080501327
530010805360157	53001080501328
530010805360158	53001080501329
530010805360159	53001080501330
530010805360160	53001080501331
530010805360161	53001080501332
530010805360162	53001080501333
530010805360262	53001080501334
530010805360165	53001080501335
530010805360166	53001080501336
530010805360167	53001080501337
530010805360168	53001080501338
530010805360235	53001080501339
530010805360236	53001080501339
530010805360222	53001080501339
530010805360223	53001080501339
530010805360169	53001080501340
530010805360170	53001080501341
530010805360171	53001080501342
530010805360172	53001080501343
530010805360173	53001080501344
530010805360174	53001080501345
530010805360175	53001080501346
530010805360176	53001080501347
530010805360177	53001080501348
530010805360210	53001080501349
530010805360178	53001080501349
530010805360179	53001080501350
530010805360211	53001080501351
530010805360180	53001080501351
530010805360237	53001080501351
530010805360238	53001080501351
530010805360182	53001080501352
530010805360185	53001080501353
530010805360186	53001080501354
530010805360188	53001080501355
530010805360189	53001080501356
530010805080797	53001080501357
530010805080798	53001080501357
530010805080646	53001080501358
530010805080647	53001080501359
530010805080648	53001080501360
530010805080649	53001080501361
530010805080650	53001080501362
530010805370047	53001080501363
530010805370048	53001080501364
530010805370181	53001080501365
530010805370182	53001080501365
530010805370050	53001080501366
530010805370051	53001080501367
530010805080657	53001080501368
530010805080658	53001080501369
530010805080659	53001080501370
530010805080660	53001080501371
530010805080661	53001080501372
530010805080662	53001080501373
530010805080663	53001080501374
530010805080664	53001080501375
530010805080665	53001080501376
530010805080666	53001080501377
530010805080667	53001080501378
530010805080668	53001080501379
530010805080669	53001080501380
530010805080670	53001080501381
530010805080671	53001080501382
530010805080672	53001080501383
530010805080673	53001080501384
530010805080675	53001080501385
530010805080676	53001080501386
530010805080677	53001080501387
530010805080678	53001080501388
530010805080679	53001080501389
530010805080680	53001080501390
530010805080681	53001080501391
530010805080682	53001080501392
530010805080683	53001080501393
530010805080684	53001080501394
530010805080685	53001080501395
530010805080686	53001080501396
530010805080687	53001080501397
530010805080688	53001080501398
530010805080689	53001080501399
530010805320054	53001080501400
530010805320055	53001080501401
530010805370052	53001080501402
530010805370053	53001080501403
530010805370054	53001080501404
530010805370055	53001080501405
530010805080698	53001080501406
530010805320058	53001080501407
530010805370056	53001080501408
530010805370057	53001080501409
530010805370058	53001080501410
530010805310152	53001080501411
530010805310015	53001080501411
530010805310156	53001080501411
530010805310098	53001080501411
530010805310074	53001080501411
530010805150693	53001080501411
530010805150535	53001080501411
530010805150669	53001080501411
530010805310040	53001080501411
530010805310107	53001080501411
530010805310172	53001080501411
530010805310009	53001080501411
530010805310162	53001080501411
530010805310169	53001080501411
530010805310167	53001080501411
530010805310160	53001080501411
530010805310083	53001080501411
530010805310179	53001080501411
530010805310097	53001080501411
530010805310123	53001080501411
530010805310112	53001080501411
530010805310166	53001080501411
530010805310155	53001080501411
530010805310121	53001080501411
530010805310158	53001080501411
530010805310163	53001080501411
530010805310178	53001080501411
530010805310071	53001080501411
530010805310128	53001080501411
530010805310078	53001080501411
530010805310075	53001080501411
530010805150387	53001080501411
530010805310101	53001080501411
530010805310096	53001080501411
530010805310120	53001080501411
530010805310161	53001080501411
530010805310174	53001080501411
530010805080705	53001080501411
530010805310173	53001080501411
530010805310154	53001080501411
530010805150004	53001080501411
530010805310014	53001080501411
530010805310086	53001080501411
530010805310082	53001080501411
530010805310020	53001080501411
530010805310168	53001080501411
530010805310129	53001080501411
530010805310116	53001080501411
530010805310012	53001080501411
530010805310018	53001080501411
530010805310013	53001080501411
530010805310115	53001080501411
530010805310073	53001080501411
530010805310111	53001080501411
530010805310159	53001080501411
530010805150694	53001080501411
530010805310095	53001080501411
530010805370059	53001080501412
530010805370081	53001080501413
530010805370082	53001080501413
530010805370130	53001080501414
530010805370080	53001080501414
530010805370129	53001080501414
530010805370179	53001080501415
530010805370180	53001080501415
530010805370184	53001080501415
530010805370183	53001080501415
530010805370060	53001080501416
530010805370061	53001080501417
530010805370062	53001080501418
530010805320059	53001080501419
530010805320060	53001080501420
530010805320061	53001080501421
530010805360190	53001080501422
530010805360191	53001080501423
530010805370063	53001080501424
530010805370064	53001080501425
530010805080720	53001080501426
530010805080721	53001080501427
530010805370186	53001080501428
530010805370185	53001080501428
530010805370095	53001080501429
530010805370096	53001080501429
530010805370066	53001080501430
530010805370098	53001080501431
530010805370097	53001080501431
530010805370067	53001080501432
530010805370068	53001080501433
530010805370069	53001080501434
530010805370070	53001080501435
530010805370071	53001080501436
530010805320062	53001080501437
530010805320063	53001080501438
530010805320069	53001080501439
530010805320068	53001080501439
530010805370127	53001080501440
530010805370177	53001080501440
530010805370178	53001080501440
530010805370174	53001080501441
530010805370171	53001080501441
530010805370169	53001080501441
530010805370170	53001080501441
530010805370074	53001080501442
530010805370075	53001080501443
530010805090001	53001080501444
530010805090123	53001080501445
530010805090122	53001080501445
530010805090003	53001080501446
530010805090004	53001080501447
530010805090005	53001080501448
530010805090006	53001080501449
530010805090007	53001080501450
530010805090008	53001080501451
530010805090009	53001080501452
530010805090010	53001080501453
530010805090011	53001080501454
530010805090012	53001080501455
530010805090013	53001080501456
530010805090014	53001080501457
530010805090015	53001080501458
530010805090016	53001080501459
530010805090017	53001080501460
530010805090018	53001080501461
530010805090019	53001080501462
530010805090020	53001080501463
530010805090021	53001080501464
530010805090022	53001080501465
530010805090023	53001080501466
530010805090024	53001080501467
530010805090025	53001080501468
530010805090026	53001080501469
530010805090027	53001080501470
530010805090028	53001080501471
530010805090029	53001080501472
530010805090030	53001080501473
530010805090031	53001080501474
530010805090032	53001080501475
530010805090033	53001080501476
530010805090034	53001080501477
530010805090035	53001080501478
530010805090036	53001080501479
530010805090037	53001080501480
530010805090038	53001080501481
530010805090039	53001080501482
530010805090040	53001080501483
530010805090041	53001080501484
530010805090042	53001080501485
530010805090043	53001080501486
530010805090044	53001080501487
530010805090136	53001080501488
530010805090140	53001080501488
530010805090046	53001080501489
530010805090047	53001080501490
530010805090048	53001080501491
530010805090049	53001080501492
530010805090050	53001080501493
530010805090051	53001080501494
530010805090052	53001080501495
530010805090103	53001080501495
530010805090117	53001080501496
530010805090116	53001080501496
530010805090119	53001080501497
530010805090118	53001080501497
530010805090055	53001080501498
530010805090134	53001080501499
530010805090132	53001080501499
530010805090133	53001080501499
530010805090135	53001080501499
530010805090127	53001080501500
530010805090153	53001080501500
530010805090114	53001080501500
530010805090142	53001080501500
530010805090115	53001080501500
530010805090108	53001080501500
530010805090151	53001080501500
530010805090154	53001080501500
530010805090141	53001080501500
530010805090152	53001080501500
530010805090129	53001080501501
530010805090128	53001080501501
530010805090059	53001080501502
530010805090060	53001080501503
530010805090158	53001080501504
530010805090149	53001080501504
530010805090150	53001080501504
530010805090157	53001080501504
530010805090105	53001080501505
530010805090121	53001080501505
530010805090120	53001080501505
530010805090111	53001080501505
530010805090062	53001080501505
530010805090064	53001080501506
530010805090112	53001080501507
530010805090113	53001080501507
530010805090066	53001080501508
530010805090067	53001080501509
530010805090068	53001080501510
530010805090069	53001080501511
530010805090070	53001080501512
530010805090072	53001080501513
530010805090075	53001080501514
530010805090076	53001080501515
530010805090139	53001080501516
530010805090138	53001080501516
530010805090078	53001080501517
530010805090079	53001080501518
530010805090080	53001080501519
530010805090081	53001080501520
530010805090082	53001080501521
530010805090106	53001080501521
530010805090083	53001080501522
530010805090156	53001080501522
530010805090124	53001080501522
530010805090125	53001080501522
530010805090155	53001080501522
530010805090107	53001080501523
530010805090147	53001080501523
530010805090148	53001080501523
530010805090145	53001080501524
530010805090146	53001080501524
530010805090144	53001080501524
530010805090143	53001080501524
530010805090086	53001080501525
530010805090087	53001080501526
530010805090088	53001080501527
530010805090089	53001080501528
530010805090090	53001080501529
530010805090091	53001080501530
530010805090094	53001080501531
530010805090096	53001080501532
530010805090097	53001080501533
530010805090099	53001080501534
530010805090100	53001080501535
530010805090101	53001080501536
530010805090102	53001080501537
530010805100001	53001080501538
530010805100002	53001080501539
530010805100003	53001080501540
530010805100004	53001080501541
530010805100005	53001080501542
530010805100006	53001080501543
530010805100007	53001080501544
530010805100008	53001080501545
530010805100009	53001080501546
530010805100010	53001080501547
530010805100011	53001080501548
530010805100012	53001080501549
530010805100013	53001080501550
530010805100014	53001080501551
530010805100015	53001080501552
530010805100016	53001080501553
530010805100017	53001080501554
530010805100449	53001080501555
530010805100450	53001080501555
530010805100019	53001080501556
530010805100020	53001080501557
530010805100021	53001080501558
530010805100022	53001080501559
530010805100023	53001080501560
530010805100024	53001080501561
530010805100025	53001080501562
530010805100026	53001080501563
530010805100027	53001080501564
530010805100342	53001080501565
530010805100028	53001080501565
530010805100029	53001080501566
530010805100030	53001080501567
530010805100031	53001080501568
530010805100032	53001080501569
530010805100033	53001080501570
530010805100034	53001080501571
530010805100035	53001080501572
530010805100036	53001080501573
530010805100037	53001080501574
530010805100038	53001080501575
530010805100039	53001080501576
530010805100040	53001080501577
530010805100041	53001080501578
530010805100042	53001080501579
530010805100043	53001080501580
530010805100044	53001080501581
530010805100045	53001080501582
530010805100046	53001080501583
530010805100047	53001080501584
530010805100048	53001080501585
530010805100049	53001080501586
530010805100050	53001080501587
530010805100051	53001080501588
530010805100052	53001080501589
530010805100053	53001080501590
530010805100054	53001080501591
530010805100404	53001080501592
530010805100056	53001080501593
530010805100057	53001080501594
530010805100058	53001080501595
530010805100059	53001080501596
530010805100060	53001080501597
530010805100061	53001080501598
530010805100062	53001080501599
530010805100063	53001080501600
530010805100064	53001080501601
530010805440001	53001080501602
530010805440002	53001080501603
530010805440117	53001080501604
530010805440118	53001080501604
530010805440116	53001080501604
530010805440119	53001080501604
530010805440106	53001080501604
530010805440065	53001080501604
530010805440003	53001080501604
530010805440084	53001080501604
530010805440005	53001080501604
530010805440112	53001080501604
530010805440004	53001080501605
530010805440006	53001080501606
530010805440007	53001080501607
530010805440008	53001080501608
530010805440009	53001080501609
530010805440010	53001080501610
530010805440011	53001080501611
530010805440012	53001080501612
530010805440013	53001080501613
530010805440014	53001080501614
530010805440015	53001080501615
530010805440016	53001080501616
530010805440079	53001080501617
530010805440126	53001080501617
530010805440017	53001080501617
530010805440125	53001080501617
530010805440018	53001080501618
530010805440019	53001080501619
530010805440020	53001080501620
530010805440021	53001080501621
530010805440022	53001080501622
530010805440023	53001080501623
530010805440024	53001080501624
530010805440140	53001080501625
530010805440141	53001080501625
530010805440026	53001080501626
530010805440027	53001080501627
530010805440028	53001080501628
530010805440029	53001080501629
530010805440030	53001080501630
530010805440031	53001080501631
530010805440032	53001080501632
530010805440034	53001080501633
530010805440033	53001080501633
530010805440035	53001080501634
530010805440060	53001080501635
530010805440036	53001080501635
530010805440037	53001080501636
530010805440038	53001080501637
530010805440085	53001080501638
530010805440039	53001080501638
530010805440086	53001080501638
530010805440095	53001080501638
530010805440089	53001080501638
530010805440040	53001080501639
530010805440041	53001080501640
530010805440042	53001080501641
530010805440043	53001080501642
530010805440044	53001080501643
530010805440045	53001080501644
530010805440046	53001080501645
530010805100125	53001080501646
530010805100126	53001080501647
530010805100127	53001080501648
530010805100128	53001080501649
530010805100129	53001080501650
530010805440051	53001080501651
530010805440105	53001080501651
530010805440052	53001080501651
530010805440053	53001080501652
530010805440054	53001080501653
530010805440055	53001080501654
530010805440056	53001080501655
530010805440111	53001080501655
530010805100137	53001080501656
530010805100138	53001080501657
530010805100139	53001080501658
530010805100140	53001080501659
530010805100141	53001080501660
530010805100142	53001080501661
530010805100143	53001080501662
530010805100144	53001080501663
530010805100145	53001080501664
530010805380006	53001080501665
530010805380007	53001080501666
530010805380008	53001080501667
530010805380077	53001080501668
530010805380076	53001080501668
530010805380009	53001080501669
530010805380010	53001080501670
530010805380011	53001080501671
530010805380012	53001080501672
530010805380013	53001080501673
530010805380014	53001080501674
530010805380015	53001080501675
530010805380016	53001080501676
530010805380017	53001080501677
530010805380018	53001080501678
530010805380019	53001080501679
530010805380020	53001080501680
530010805380021	53001080501681
530010805380022	53001080501682
530010805380023	53001080501683
530010805380024	53001080501684
530010805380025	53001080501685
530010805380026	53001080501686
530010805380027	53001080501687
530010805380028	53001080501688
530010805380029	53001080501689
530010805380030	53001080501690
530010805380031	53001080501691
530010805380032	53001080501692
530010805380033	53001080501693
530010805380034	53001080501694
530010805380035	53001080501695
530010805380036	53001080501696
530010805380073	53001080501696
530010805380037	53001080501697
530010805380038	53001080501698
530010805380039	53001080501699
530010805380040	53001080501700
530010805380041	53001080501701
530010805380042	53001080501702
530010805380043	53001080501703
530010805380044	53001080501704
530010805380045	53001080501705
530010805380046	53001080501706
530010805380047	53001080501707
530010805380048	53001080501708
530010805380049	53001080501709
530010805380050	53001080501710
530010805380083	53001080501711
530010805380066	53001080501711
530010805380086	53001080501711
530010805380101	53001080501711
530010805380110	53001080501711
530010805380115	53001080501711
530010805380081	53001080501711
530010805380094	53001080501711
530010805380090	53001080501711
530010805380127	53001080501711
530010805380118	53001080501711
530010805100421	53001080501711
530010805380085	53001080501711
530010805380053	53001080501711
530010805380111	53001080501711
530010805380080	53001080501711
530010805380117	53001080501711
530010805380116	53001080501711
530010805380088	53001080501711
530010805380089	53001080501711
530010805380092	53001080501711
530010805380067	53001080501711
530010805380100	53001080501711
530010805380087	53001080501711
530010805380051	53001080501711
530010805380128	53001080501711
530010805380082	53001080501711
530010805380084	53001080501711
530010805380052	53001080501711
530010805380119	53001080501711
530010805380120	53001080501711
530010805380074	53001080501711
530010805380091	53001080501711
530010805380093	53001080501711
530010805380112	53001080501711
530010805380054	53001080501712
530010805100196	53001080501713
530010805100197	53001080501714
530010805390002	53001080501715
530010805440120	53001080501716
530010805440121	53001080501716
530010805440113	53001080501716
530010805100217	53001080501717
530010805100220	53001080501718
530010805100352	53001080501718
530010805100221	53001080501719
530010805100222	53001080501720
530010805100223	53001080501721
530010805100224	53001080501722
530010805100357	53001080501722
530010805100225	53001080501723
530010805100226	53001080501724
530010805100227	53001080501725
530010805100442	53001080501726
530010805100376	53001080501726
530010805100443	53001080501726
530010805100432	53001080501726
530010805100375	53001080501726
530010805100245	53001080501727
530010805440063	53001080501728
530010805440064	53001080501729
530010805440066	53001080501730
530010805440067	53001080501731
530010805440068	53001080501732
530010805440069	53001080501733
530010805440070	53001080501734
530010805440071	53001080501735
530010805440072	53001080501736
530010805440073	53001080501737
530010805440074	53001080501738
530010805440075	53001080501739
530010805440076	53001080501740
530010805440077	53001080501741
530010805440078	53001080501742
530010805440080	53001080501743
530010805440081	53001080501744
530010805440082	53001080501745
530010805440083	53001080501746
530010805440087	53001080501747
530010805440088	53001080501748
530010805440090	53001080501749
530010805440130	53001080501750
530010805440129	53001080501750
530010805440091	53001080501751
530010805440092	53001080501752
530010805440093	53001080501753
530010805440094	53001080501754
530010805440096	53001080501755
530010805440097	53001080501756
530010805380056	53001080501757
530010805380057	53001080501758
530010805100284	53001080501759
530010805100285	53001080501760
530010805380058	53001080501761
530010805380059	53001080501762
530010805380075	53001080501762
530010805380060	53001080501763
530010805380061	53001080501764
530010805380062	53001080501765
530010805380063	53001080501766
530010805380064	53001080501767
530010805380065	53001080501768
530010805380068	53001080501769
530010805390007	53001080501770
530010805100304	53001080501771
530010805100305	53001080501772
530010805100306	53001080501773
530010805440104	53001080501774
530010805100313	53001080501775
530010805100314	53001080501776
530010805100315	53001080501777
530010805100316	53001080501778
530010805100321	53001080501779
530010805380069	53001080501780
530010805100327	53001080501781
530010805110011	53001080501782
530010805110012	53001080501783
530010805110013	53001080501784
530010805110014	53001080501785
530010805110015	53001080501786
530010805110016	53001080501787
530010805110017	53001080501788
530010805110018	53001080501789
530010805110019	53001080501790
530010805110020	53001080501791
530010805110021	53001080501792
530010805110022	53001080501793
530010805110023	53001080501794
530010805110024	53001080501795
530010805110025	53001080501796
530010805110026	53001080501797
530010805110027	53001080501798
530010805110028	53001080501799
530010805110029	53001080501800
530010805110030	53001080501801
530010805110031	53001080501802
530010805110032	53001080501803
530010805110033	53001080501804
530010805110034	53001080501805
530010805110035	53001080501806
530010805110036	53001080501807
530010805110037	53001080501808
530010805110038	53001080501809
530010805110039	53001080501810
530010805110040	53001080501811
530010805110041	53001080501812
530010805110042	53001080501813
530010805110043	53001080501814
530010805110044	53001080501815
530010805110045	53001080501816
530010805110046	53001080501817
530010805110047	53001080501818
530010805110048	53001080501819
530010805110049	53001080501820
530010805110050	53001080501821
530010805110051	53001080501822
530010805110052	53001080501823
530010805110053	53001080501824
530010805110054	53001080501825
530010805110055	53001080501826
530010805110056	53001080501827
530010805110057	53001080501828
530010805110058	53001080501829
530010805110059	53001080501830
530010805110060	53001080501831
530010805110061	53001080501832
530010805110411	53001080501833
530010805110412	53001080501833
530010805110326	53001080501833
530010805110328	53001080501833
530010805110327	53001080501833
530010805110329	53001080501833
530010805110063	53001080501834
530010805110064	53001080501835
530010805110065	53001080501836
530010805110066	53001080501837
530010805110067	53001080501838
530010805110068	53001080501839
530010805110069	53001080501840
530010805110070	53001080501841
530010805110071	53001080501842
530010805110072	53001080501843
530010805110073	53001080501844
530010805110074	53001080501845
530010805110075	53001080501846
530010805110076	53001080501847
530010805110077	53001080501848
530010805110078	53001080501849
530010805110079	53001080501850
530010805110080	53001080501851
530010805110367	53001080501852
530010805110368	53001080501852
530010805110359	53001080501852
530010805110312	53001080501852
530010805110082	53001080501853
530010805110083	53001080501854
530010805110084	53001080501855
530010805110085	53001080501856
530010805110086	53001080501857
530010805110087	53001080501858
530010805110088	53001080501859
530010805110089	53001080501860
530010805110090	53001080501861
530010805110091	53001080501862
530010805110092	53001080501863
530010805110093	53001080501864
530010805110094	53001080501865
530010805110095	53001080501866
530010805110300	53001080501867
530010805110096	53001080501867
530010805110097	53001080501868
530010805110301	53001080501868
530010805110098	53001080501869
530010805110302	53001080501869
530010805110099	53001080501870
530010805110100	53001080501871
530010805110101	53001080501872
530010805110102	53001080501873
530010805110103	53001080501874
530010805110104	53001080501875
530010805110105	53001080501876
530010805110417	53001080501877
530010805110377	53001080501877
530010805110333	53001080501877
530010805110330	53001080501877
530010805110420	53001080501877
530010805110418	53001080501877
530010805110335	53001080501877
530010805110376	53001080501877
530010805110419	53001080501877
530010805110416	53001080501877
530010805110316	53001080501877
530010805110332	53001080501877
530010805110378	53001080501877
530010805110331	53001080501877
530010805110421	53001080501877
530010805110422	53001080501877
530010805110303	53001080501878
530010805110107	53001080501878
530010805110108	53001080501879
530010805110109	53001080501880
530010805110304	53001080501881
530010805110306	53001080501881
530010805110305	53001080501881
530010805110111	53001080501881
530010805110389	53001080501882
530010805110390	53001080501882
530010805110113	53001080501883
530010805110410	53001080501884
530010805110409	53001080501884
530010805110408	53001080501884
530010805110115	53001080501885
530010805110307	53001080501885
530010805110116	53001080501886
530010805110117	53001080501887
530010805110118	53001080501888
530010805110119	53001080501889
530010805110120	53001080501890
530010805110121	53001080501891
530010805110122	53001080501892
530010805110123	53001080501893
530010805110125	53001080501894
530010805110126	53001080501895
530010805110127	53001080501896
530010805110128	53001080501897
530010805110129	53001080501898
530010805110130	53001080501899
530010805110131	53001080501900
530010805110132	53001080501901
530010805110147	53001080501902
530010805110148	53001080501903
530010805110149	53001080501904
530010805110150	53001080501905
530010805110151	53001080501906
530010805110152	53001080501907
530010805110153	53001080501908
530010805110154	53001080501909
530010805110155	53001080501910
530010805110156	53001080501911
530010805110308	53001080501912
530010805110158	53001080501912
530010805110159	53001080501913
530010805110160	53001080501914
530010805110161	53001080501915
530010805110162	53001080501916
530010805110163	53001080501917
530010805110164	53001080501918
530010805110165	53001080501919
530010805110166	53001080501920
530010805110167	53001080501921
530010805110168	53001080501922
530010805110169	53001080501923
530010805110170	53001080501924
530010805110171	53001080501925
530010805110172	53001080501926
530010805110309	53001080501927
530010805110173	53001080501927
530010805110174	53001080501928
530010805110175	53001080501929
530010805110176	53001080501930
530010805110177	53001080501931
530010805110178	53001080501932
530010805110179	53001080501933
530010805110180	53001080501934
530010805110181	53001080501935
530010805110341	53001080501936
530010805110349	53001080501936
530010805110350	53001080501936
530010805110394	53001080501936
530010805110348	53001080501936
530010805110393	53001080501936
530010805110183	53001080501937
530010805110185	53001080501938
530010805110383	53001080501939
530010805110398	53001080501939
530010805110189	53001080501939
530010805110397	53001080501939
530010805110395	53001080501939
530010805110384	53001080501939
530010805110396	53001080501939
530010805110190	53001080501940
530010805110191	53001080501941
530010805110361	53001080501942
530010805110362	53001080501942
530010805110193	53001080501943
530010805110194	53001080501944
530010805110195	53001080501945
530010805110196	53001080501946
530010805110197	53001080501947
530010805110198	53001080501948
530010805110399	53001080501949
530010805110400	53001080501949
530010805110370	53001080501949
530010805110202	53001080501950
530010805110364	53001080501951
530010805110363	53001080501951
530010805110208	53001080501952
530010805110209	53001080501953
530010805110210	53001080501954
530010805110211	53001080501955
530010805110212	53001080501956
530010805110213	53001080501957
530010805110214	53001080501958
530010805110215	53001080501959
530010805110216	53001080501960
530010805110217	53001080501961
530010805110218	53001080501962
530010805110219	53001080501963
530010805110220	53001080501964
530010805110392	53001080501965
530010805110391	53001080501965
530010805110222	53001080501966
530010805110223	53001080501967
530010805110224	53001080501968
530010805110225	53001080501969
530010805110226	53001080501970
530010805110227	53001080501971
530010805110228	53001080501972
530010805110229	53001080501973
530010805110230	53001080501974
530010805110339	53001080501975
530010805110340	53001080501975
530010805110311	53001080501975
530010805110233	53001080501976
530010805110234	53001080501977
530010805110235	53001080501978
530010805110236	53001080501979
530010805110237	53001080501980
530010805110238	53001080501981
530010805110240	53001080501982
530010805110241	53001080501983
530010805110242	53001080501984
530010805110243	53001080501985
530010805110244	53001080501986
530010805110313	53001080501987
530010805110245	53001080501987
530010805110246	53001080501988
530010805110247	53001080501989
530010805110248	53001080501990
530010805110249	53001080501991
530010805110250	53001080501992
530010805110251	53001080501993
530010805110252	53001080501994
530010805110253	53001080501995
530010805110254	53001080501996
530010805110255	53001080501997
530010805110256	53001080501998
530010805110257	53001080501999
530010805110258	53001080502000
530010805110259	53001080502001
530010805110260	53001080502002
530010805110261	53001080502003
530010805110262	53001080502004
530010805110263	53001080502005
530010805110264	53001080502006
530010805110265	53001080502007
530010805110266	53001080502008
530010805110269	53001080502009
530010805110270	53001080502010
530010805110271	53001080502011
530010805110272	53001080502012
530010805110274	53001080502013
530010805110275	53001080502014
530010805110277	53001080502015
530010805110278	53001080502016
530010805110299	53001080502017
530010805110279	53001080502017
530010805110283	53001080502018
530010805110284	53001080502019
530010805110344	53001080502020
530010805110365	53001080502020
530010805110343	53001080502020
530010805110345	53001080502020
530010805110314	53001080502021
530010805110286	53001080502021
530010805110287	53001080502022
530010805110289	53001080502023
530010805110290	53001080502024
530010805110291	53001080502025
530010805110292	53001080502026
530010805110293	53001080502027
530010805120001	53001080502028
530010805120002	53001080502029
530010805120003	53001080502030
530010805120004	53001080502031
530010805120005	53001080502032
530010805120006	53001080502033
530010805120007	53001080502034
530010805120008	53001080502035
530010805120009	53001080502036
530010805120010	53001080502037
530010805120011	53001080502038
530010805120012	53001080502039
530010805120013	53001080502040
530010805120014	53001080502041
530010805120015	53001080502042
530010805120016	53001080502043
530010805120017	53001080502044
530010805120018	53001080502045
530010805120019	53001080502046
530010805120020	53001080502047
530010805120021	53001080502048
530010805120022	53001080502049
530010805120023	53001080502050
530010805120024	53001080502051
530010805120025	53001080502052
530010805120026	53001080502053
530010805120027	53001080502054
530010805120028	53001080502055
530010805120029	53001080502056
530010805120030	53001080502057
530010805120031	53001080502058
530010805120032	53001080502059
530010805120033	53001080502060
530010805120034	53001080502061
530010805120035	53001080502062
530010805120036	53001080502063
530010805120037	53001080502064
530010805120038	53001080502065
530010805120039	53001080502066
530010805120040	53001080502067
530010805120041	53001080502068
530010805120042	53001080502069
530010805120043	53001080502070
530010805120116	53001080502071
530010805120132	53001080502071
530010805120135	53001080502071
530010805120136	53001080502071
530010805120114	53001080502071
530010805120130	53001080502071
530010805120122	53001080502071
530010805120131	53001080502071
530010805120137	53001080502071
530010805120127	53001080502071
530010805120125	53001080502071
530010805120133	53001080502071
530010805120118	53001080502071
530010805120124	53001080502071
530010805120134	53001080502071
530010805120129	53001080502071
530010805120044	53001080502071
530010805120126	53001080502071
530010805120110	53001080502071
530010805120123	53001080502071
530010805120113	53001080502071
530010805120128	53001080502071
530010805120120	53001080502071
530010805120117	53001080502071
530010805120121	53001080502071
530010805120115	53001080502071
530010805120111	53001080502071
530010805120119	53001080502071
530010805120112	53001080502071
530010805120045	53001080502072
530010805120046	53001080502073
530010805120047	53001080502074
530010805120048	53001080502075
530010805120049	53001080502076
530010805120050	53001080502077
530010805120051	53001080502078
530010805120052	53001080502079
530010805120053	53001080502080
530010805120054	53001080502081
530010805120055	53001080502082
530010805120056	53001080502083
530010805120057	53001080502084
530010805120058	53001080502085
530010805120059	53001080502086
530010805120060	53001080502087
530010805400001	53001080502088
530010805400002	53001080502089
530010805400003	53001080502090
530010805400004	53001080502091
530010805400005	53001080502092
530010805120173	53001080502093
530010805400023	53001080502093
530010805120142	53001080502093
530010805400022	53001080502093
530010805120160	53001080502093
530010805120179	53001080502093
530010805400016	53001080502093
530010805400006	53001080502093
530010805120181	53001080502093
530010805120187	53001080502093
530010805120185	53001080502093
530010805400138	53001080502093
530010805120102	53001080502093
530010805120184	53001080502093
530010805400021	53001080502093
530010805120144	53001080502093
530010805120182	53001080502093
530010805400008	53001080502093
530010805400018	53001080502093
530010805400139	53001080502093
530010805120186	53001080502093
530010805120180	53001080502093
530010805120183	53001080502093
530010805120157	53001080502093
530010805120146	53001080502093
530010805400009	53001080502093
530010805120141	53001080502093
530010805120153	53001080502093
530010805120158	53001080502093
530010805120159	53001080502093
530010805120174	53001080502093
530010805400014	53001080502093
530010805400015	53001080502093
530010805400007	53001080502093
530010805120068	53001080502094
530010805120072	53001080502095
530010805120166	53001080502096
530010805120167	53001080502096
530010805120168	53001080502096
530010805120175	53001080502097
530010805120176	53001080502097
530010805120083	53001080502097
530010805120075	53001080502098
530010805120076	53001080502099
530010805120077	53001080502100
530010805120078	53001080502101
530010805120079	53001080502102
530010805120171	53001080502103
530010805120164	53001080502103
530010805120165	53001080502103
530010805120170	53001080502103
530010805120162	53001080502103
530010805120161	53001080502103
530010805120172	53001080502103
530010805120163	53001080502103
530010805120169	53001080502103
530010805120081	53001080502104
530010805120178	53001080502105
530010805120177	53001080502105
530010805120084	53001080502106
530010805120085	53001080502107
530010805120088	53001080502108
530010805400010	53001080502109
530010805400011	53001080502110
530010805400012	53001080502111
530010805400013	53001080502112
530010805120097	53001080502113
530010805120156	53001080502114
530010805120155	53001080502114
530010805120154	53001080502114
530010805120099	53001080502115
530010805120100	53001080502116
530010805130001	53001080502117
530010805130002	53001080502118
530010805130003	53001080502119
530010805130004	53001080502120
530010805130005	53001080502121
530010805130006	53001080502122
530010805130007	53001080502123
530010805130008	53001080502124
530010805130009	53001080502125
530010805410039	53001080502126
530010805130186	53001080502126
530010805410079	53001080502126
530010805130188	53001080502126
530010805410077	53001080502126
530010805410073	53001080502126
530010805410065	53001080502126
530010805410101	53001080502126
530010805410081	53001080502126
530010805410075	53001080502126
530010805410078	53001080502126
530010805130185	53001080502126
530010805130169	53001080502126
530010805130173	53001080502126
530010805410095	53001080502126
530010805410100	53001080502126
530010805410074	53001080502126
530010805130175	53001080502126
530010805410001	53001080502126
530010805410072	53001080502126
530010805410076	53001080502126
530010805410102	53001080502126
530010805410082	53001080502126
530010805410080	53001080502126
530010805410057	53001080502126
530010805130187	53001080502126
530010805130184	53001080502126
530010805410099	53001080502126
530010805130171	53001080502126
530010805410091	53001080502126
530010805410014	53001080502126
530010805130096	53001080502126
530010805410071	53001080502126
530010805410056	53001080502126
530010805410094	53001080502126
530010805410064	53001080502126
530010805410068	53001080502126
530010805410042	53001080502126
530010805130011	53001080502127
530010805130012	53001080502128
530010805130013	53001080502129
530010805130014	53001080502130
530010805130015	53001080502131
530010805130016	53001080502132
530010805130017	53001080502133
530010805130018	53001080502134
530010805130019	53001080502135
530010805130020	53001080502136
530010805130190	53001080502137
530010805130189	53001080502137
530010805410002	53001080502138
530010805410003	53001080502139
530010805410098	53001080502140
530010805410097	53001080502140
530010805410004	53001080502140
530010805410096	53001080502140
530010805410005	53001080502141
530010805410006	53001080502142
530010805410007	53001080502143
530010805410008	53001080502144
530010805410066	53001080502144
530010805410067	53001080502144
530010805410009	53001080502145
530010805410010	53001080502146
530010805410011	53001080502147
530010805410060	53001080502148
530010805410012	53001080502148
530010805410013	53001080502149
530010805410015	53001080502150
530010805410016	53001080502151
530010805410017	53001080502152
530010805410083	53001080502153
530010805410084	53001080502153
530010805410018	53001080502154
530010805410019	53001080502155
530010805410020	53001080502156
530010805410021	53001080502157
530010805410022	53001080502158
530010805410023	53001080502159
530010805410024	53001080502160
530010805410025	53001080502161
530010805410026	53001080502162
530010805410027	53001080502163
530010805410028	53001080502164
530010805410085	53001080502165
530010805410086	53001080502165
530010805410029	53001080502166
530010805410030	53001080502167
530010805410089	53001080502168
530010805410070	53001080502168
530010805410090	53001080502168
530010805410088	53001080502168
530010805410069	53001080502168
530010805410087	53001080502168
530010805410031	53001080502169
530010805410032	53001080502170
530010805410062	53001080502170
530010805410061	53001080502170
530010805410058	53001080502170
530010805130058	53001080502171
530010805130059	53001080502172
530010805130060	53001080502173
530010805130061	53001080502174
530010805130062	53001080502175
530010805130063	53001080502176
530010805130064	53001080502177
530010805130065	53001080502178
530010805130066	53001080502179
530010805130067	53001080502180
530010805130068	53001080502181
530010805130069	53001080502182
530010805130070	53001080502183
530010805130071	53001080502184
530010805130072	53001080502185
530010805130073	53001080502186
530010805130074	53001080502187
530010805130075	53001080502188
530010805130076	53001080502189
530010805130077	53001080502190
530010805130078	53001080502191
530010805130079	53001080502192
530010805130080	53001080502193
530010805130081	53001080502194
530010805130082	53001080502195
530010805130083	53001080502196
530010805130165	53001080502197
530010805130164	53001080502197
530010805130085	53001080502198
530010805130086	53001080502199
530010805130087	53001080502200
530010805130183	53001080502201
530010805130182	53001080502201
530010805130089	53001080502202
530010805130090	53001080502203
530010805130091	53001080502204
530010805130092	53001080502205
530010805130093	53001080502206
530010805130094	53001080502207
530010805130095	53001080502208
530010805410034	53001080502209
530010805410033	53001080502209
530010805410041	53001080502209
530010805410035	53001080502210
530010805410036	53001080502211
530010805410037	53001080502212
530010805410038	53001080502213
530010805410040	53001080502214
530010805410043	53001080502215
530010805410044	53001080502216
530010805410045	53001080502217
530010805410046	53001080502218
530010805410047	53001080502219
530010805410048	53001080502220
530010805410049	53001080502221
530010805410050	53001080502222
530010805410051	53001080502223
530010805410052	53001080502224
530010805410053	53001080502225
530010805410054	53001080502226
530010805410063	53001080502226
530010805410055	53001080502227
530010805410059	53001080502228
530010805130127	53001080502229
530010805130128	53001080502230
530010805130129	53001080502231
530010805130130	53001080502232
530010805140001	53001080502233
530010805140002	53001080502234
530010805140003	53001080502235
530010805140090	53001080502236
530010805140094	53001080502236
530010805140093	53001080502236
530010805420001	53001080502236
530010805420039	53001080502236
530010805420040	53001080502236
530010805140005	53001080502237
530010805140006	53001080502238
530010805140007	53001080502239
530010805140008	53001080502240
530010805140009	53001080502241
530010805140010	53001080502242
530010805140011	53001080502243
530010805140012	53001080502244
530010805140013	53001080502245
530010805140014	53001080502246
530010805140015	53001080502247
530010805140016	53001080502248
530010805140017	53001080502249
530010805140018	53001080502250
530010805140020	53001080502251
530010805140021	53001080502252
530010805140022	53001080502253
530010805140023	53001080502254
530010805140024	53001080502255
530010805140025	53001080502256
530010805140026	53001080502257
530010805140081	53001080502258
530010805140092	53001080502258
530010805140091	53001080502258
530010805140080	53001080502258
530010805420004	53001080502259
530010805420021	53001080502259
530010805420020	53001080502259
530010805420041	53001080502259
530010805420042	53001080502259
530010805420019	53001080502259
530010805420018	53001080502259
530010805420029	53001080502259
530010805420005	53001080502260
530010805420007	53001080502260
530010805420025	53001080502260
530010805420031	53001080502260
530010805420032	53001080502260
530010805420006	53001080502260
530010805420009	53001080502260
530010805420022	53001080502260
530010805420008	53001080502261
530010805420010	53001080502262
530010805420011	53001080502262
530010805420012	53001080502263
530010805420013	53001080502264
530010805420014	53001080502265
530010805420015	53001080502265
530010805420030	53001080502265
530010805420016	53001080502266
530010805140043	53001080502267
530010805140044	53001080502268
530010805140045	53001080502269
530010805140046	53001080502270
530010805140047	53001080502271
530010805140048	53001080502272
530010805140049	53001080502273
530010805140050	53001080502274
530010805140051	53001080502275
530010805140052	53001080502276
530010805140055	53001080502277
530010805140076	53001080502278
530010805130181	53001080502278
530010805140077	53001080502278
530010805140087	53001080502278
530010805140058	53001080502279
530010805140086	53001080502280
530010805140061	53001080502281
530010805140088	53001080502282
530010805420036	53001080502282
530010805140089	53001080502282
530010805420043	53001080502283
530010805420044	53001080502283
530010805420024	53001080502284
530010805420026	53001080502285
530010805150001	53001080502286
530010805150610	53001080502286
530010805150002	53001080502287
530010805150003	53001080502288
530010805150005	53001080502289
530010805150006	53001080502290
530010805150007	53001080502291
530010805150008	53001080502292
530010805150009	53001080502293
530010805150010	53001080502294
530010805150011	53001080502295
530010805150012	53001080502296
530010805150013	53001080502297
530010805150014	53001080502298
530010805150015	53001080502299
530010805150016	53001080502300
530010805150017	53001080502301
530010805150018	53001080502302
530010805150019	53001080502303
530010805150020	53001080502304
530010805150021	53001080502305
530010805150022	53001080502306
530010805150023	53001080502307
530010805150024	53001080502308
530010805150025	53001080502309
530010805150026	53001080502310
530010805150027	53001080502311
530010805150028	53001080502312
530010805150029	53001080502313
530010805150030	53001080502314
530010805150031	53001080502315
530010805150032	53001080502316
530010805150033	53001080502317
530010805150034	53001080502318
530010805150035	53001080502319
530010805150036	53001080502320
530010805150037	53001080502321
530010805150038	53001080502322
530010805150039	53001080502323
530010805150040	53001080502324
530010805150041	53001080502325
530010805150042	53001080502326
530010805150043	53001080502327
530010805150044	53001080502328
530010805150045	53001080502329
530010805150046	53001080502330
530010805150047	53001080502331
530010805150048	53001080502332
530010805150049	53001080502333
530010805150050	53001080502334
530010805150051	53001080502335
530010805150052	53001080502336
530010805150053	53001080502337
530010805150054	53001080502338
530010805150055	53001080502339
530010805150056	53001080502340
530010805150057	53001080502341
530010805150058	53001080502342
530010805150059	53001080502343
530010805150060	53001080502344
530010805150061	53001080502345
530010805150062	53001080502346
530010805150063	53001080502347
530010805150064	53001080502348
530010805150065	53001080502349
530010805150066	53001080502350
530010805150067	53001080502351
530010805150068	53001080502352
530010805150069	53001080502353
530010805150070	53001080502354
530010805150071	53001080502355
530010805150072	53001080502356
530010805150073	53001080502357
530010805150074	53001080502358
530010805150075	53001080502359
530010805150076	53001080502360
530010805150077	53001080502361
530010805150078	53001080502362
530010805150079	53001080502363
530010805150080	53001080502364
530010805150081	53001080502365
530010805150082	53001080502366
530010805150083	53001080502367
530010805150084	53001080502368
530010805150085	53001080502369
530010805150086	53001080502370
530010805150087	53001080502371
530010805150520	53001080502372
530010805150692	53001080502373
530010805150691	53001080502373
530010805150684	53001080502374
530010805150681	53001080502374
530010805150687	53001080502374
530010805150679	53001080502374
530010805150686	53001080502374
530010805150680	53001080502374
530010805150685	53001080502374
530010805310010	53001080502375
530010805310011	53001080502376
530010805310016	53001080502377
530010805310017	53001080502378
530010805350065	53001080502379
530010805350066	53001080502380
530010805350067	53001080502381
530010805350068	53001080502382
530010805350069	53001080502383
530010805350070	53001080502384
530010805350071	53001080502385
530010805350072	53001080502386
530010805350073	53001080502387
530010805350074	53001080502388
530010805170121	53001080502389
530010805170122	53001080502390
530010805250030	53001080502391
530010805250031	53001080502392
530010805250032	53001080502393
530010805250033	53001080502394
530010805250034	53001080502395
530010805250035	53001080502396
530010805250036	53001080502397
530010805250037	53001080502398
530010805250038	53001080502399
530010805250039	53001080502400
530010805250040	53001080502401
530010805250041	53001080502402
530010805150088	53001080502403
530010805150089	53001080502404
530010805150090	53001080502405
530010805150091	53001080502406
530010805150092	53001080502407
530010805150093	53001080502408
530010805150094	53001080502409
530010805150095	53001080502410
530010805150096	53001080502411
530010805150097	53001080502412
530010805150098	53001080502413
530010805150099	53001080502414
530010805150100	53001080502415
530010805150101	53001080502416
530010805150102	53001080502417
530010805150103	53001080502418
530010805150104	53001080502419
530010805150105	53001080502420
530010805150106	53001080502421
530010805150107	53001080502422
530010805150108	53001080502423
530010805150109	53001080502424
530010805150110	53001080502425
530010805150111	53001080502426
530010805150112	53001080502427
530010805150113	53001080502428
530010805150114	53001080502429
530010805150115	53001080502430
530010805150116	53001080502431
530010805150117	53001080502432
530010805150118	53001080502433
530010805150119	53001080502434
530010805150120	53001080502435
530010805150121	53001080502436
530010805150122	53001080502437
530010805150123	53001080502438
530010805150124	53001080502439
530010805150125	53001080502440
530010805150126	53001080502441
530010805150127	53001080502442
530010805150128	53001080502443
530010805150129	53001080502444
530010805310136	53001080502445
530010805310137	53001080502445
530010805310001	53001080502446
530010805150132	53001080502447
530010805150133	53001080502448
530010805150134	53001080502449
530010805150135	53001080502450
530010805150136	53001080502451
530010805150137	53001080502452
530010805150138	53001080502453
530010805150139	53001080502454
530010805150140	53001080502455
530010805150141	53001080502456
530010805150142	53001080502457
530010805150143	53001080502458
530010805150144	53001080502459
530010805150145	53001080502460
530010805150146	53001080502461
530010805150147	53001080502462
530010805150148	53001080502463
530010805150149	53001080502464
530010805150150	53001080502465
530010805150151	53001080502466
530010805150152	53001080502467
530010805150153	53001080502468
530010805150154	53001080502469
530010805150155	53001080502470
530010805150156	53001080502471
530010805150157	53001080502472
530010805150158	53001080502473
530010805150159	53001080502474
530010805150160	53001080502475
530010805150161	53001080502476
530010805150162	53001080502477
530010805150163	53001080502478
530010805150164	53001080502479
530010805150165	53001080502480
530010805150166	53001080502481
530010805150167	53001080502482
530010805150168	53001080502483
530010805150169	53001080502484
530010805150170	53001080502485
530010805150171	53001080502486
530010805150172	53001080502487
530010805150173	53001080502488
530010805150690	53001080502489
530010805150689	53001080502489
530010805150688	53001080502489
530010805150175	53001080502490
530010805150176	53001080502491
530010805150177	53001080502492
530010805150178	53001080502493
530010805150179	53001080502494
530010805150180	53001080502495
530010805150181	53001080502496
530010805150182	53001080502497
530010805150183	53001080502498
530010805150184	53001080502499
530010805150185	53001080502500
530010805150186	53001080502501
530010805150187	53001080502502
530010805150188	53001080502503
530010805150189	53001080502504
530010805150190	53001080502505
530010805150191	53001080502506
530010805150192	53001080502507
530010805150193	53001080502508
530010805150194	53001080502509
530010805150195	53001080502510
530010805150196	53001080502511
530010805150197	53001080502512
530010805150198	53001080502513
530010805150199	53001080502514
530010805150200	53001080502515
530010805150201	53001080502516
530010805150202	53001080502517
530010805150203	53001080502518
530010805150625	53001080502518
530010805150626	53001080502518
530010805150624	53001080502518
530010805150623	53001080502518
530010805150204	53001080502519
530010805150205	53001080502520
530010805150206	53001080502521
530010805150207	53001080502522
530010805150208	53001080502523
530010805150209	53001080502524
530010805150210	53001080502525
530010805150211	53001080502526
530010805150212	53001080502527
530010805150213	53001080502528
530010805150214	53001080502529
530010805150215	53001080502530
530010805150216	53001080502531
530010805150217	53001080502532
530010805150218	53001080502533
530010805150219	53001080502534
530010805150220	53001080502535
530010805150221	53001080502536
530010805150222	53001080502537
530010805150223	53001080502538
530010805150224	53001080502539
530010805150225	53001080502540
530010805150226	53001080502541
530010805150227	53001080502542
530010805150228	53001080502543
530010805150229	53001080502544
530010805150230	53001080502545
530010805150231	53001080502546
530010805150232	53001080502547
530010805150233	53001080502548
530010805150234	53001080502549
530010805150235	53001080502550
530010805150236	53001080502551
530010805150237	53001080502552
530010805150238	53001080502553
530010805150239	53001080502554
530010805150240	53001080502555
530010805150241	53001080502556
530010805150242	53001080502557
530010805150243	53001080502558
530010805150244	53001080502559
530010805150245	53001080502560
530010805150246	53001080502561
530010805150247	53001080502562
530010805150248	53001080502563
530010805150249	53001080502564
530010805150250	53001080502565
530010805150251	53001080502566
530010805150252	53001080502567
530010805150253	53001080502568
530010805150254	53001080502569
530010805150255	53001080502570
530010805150256	53001080502571
530010805150257	53001080502572
530010805150258	53001080502573
530010805150259	53001080502574
530010805150260	53001080502575
530010805150261	53001080502576
530010805150262	53001080502577
530010805150263	53001080502578
530010805150264	53001080502579
530010805150265	53001080502580
530010805150266	53001080502581
530010805150267	53001080502582
530010805150268	53001080502583
530010805150269	53001080502584
530010805150270	53001080502585
530010805150271	53001080502586
530010805150272	53001080502587
530010805150273	53001080502588
530010805150274	53001080502589
530010805150275	53001080502590
530010805150276	53001080502591
530010805150277	53001080502592
530010805150278	53001080502593
530010805150279	53001080502594
530010805150280	53001080502595
530010805150281	53001080502596
530010805150282	53001080502597
530010805150283	53001080502598
530010805150284	53001080502599
530010805150285	53001080502600
530010805150286	53001080502601
530010805150287	53001080502602
530010805150288	53001080502603
530010805150289	53001080502604
530010805150290	53001080502605
530010805150291	53001080502606
530010805150292	53001080502607
530010805150293	53001080502608
530010805150294	53001080502609
530010805150295	53001080502610
530010805150296	53001080502611
530010805150297	53001080502612
530010805150298	53001080502613
530010805150299	53001080502614
530010805150300	53001080502615
530010805150301	53001080502616
530010805150302	53001080502617
530010805150303	53001080502618
530010805150304	53001080502619
530010805150305	53001080502620
530010805150306	53001080502621
530010805150307	53001080502622
530010805150308	53001080502623
530010805150309	53001080502624
530010805150310	53001080502625
530010805150311	53001080502626
530010805150312	53001080502627
530010805150313	53001080502628
530010805150314	53001080502629
530010805150315	53001080502630
530010805150316	53001080502631
530010805150317	53001080502632
530010805150318	53001080502633
530010805150319	53001080502634
530010805150320	53001080502635
530010805150321	53001080502636
530010805150322	53001080502637
530010805150323	53001080502638
530010805150324	53001080502639
530010805150325	53001080502640
530010805150326	53001080502641
530010805150327	53001080502642
530010805150328	53001080502643
530010805150329	53001080502644
530010805150330	53001080502645
530010805150331	53001080502646
530010805150332	53001080502647
530010805150333	53001080502648
530010805150334	53001080502649
530010805150335	53001080502650
530010805150336	53001080502651
530010805150337	53001080502652
530010805150338	53001080502653
530010805150339	53001080502654
530010805150340	53001080502655
530010805150341	53001080502656
530010805150342	53001080502657
530010805150343	53001080502658
530010805150344	53001080502659
530010805150345	53001080502660
530010805150346	53001080502661
530010805150347	53001080502662
530010805150348	53001080502663
530010805150349	53001080502664
530010805150350	53001080502665
530010805150351	53001080502666
530010805150352	53001080502667
530010805150353	53001080502668
530010805150622	53001080502669
530010805150354	53001080502669
530010805150621	53001080502669
530010805150619	53001080502669
530010805150620	53001080502669
530010805150355	53001080502670
530010805150356	53001080502671
530010805150357	53001080502672
530010805150358	53001080502673
530010805150359	53001080502674
530010805150360	53001080502675
530010805150361	53001080502676
530010805150362	53001080502677
530010805150363	53001080502678
530010805150364	53001080502679
530010805150365	53001080502680
530010805150366	53001080502681
530010805150367	53001080502682
530010805150368	53001080502683
530010805150369	53001080502684
530010805150370	53001080502685
530010805150371	53001080502686
530010805150372	53001080502687
530010805150373	53001080502688
530010805150374	53001080502689
530010805150375	53001080502690
530010805150376	53001080502691
530010805150377	53001080502692
530010805150378	53001080502693
530010805150379	53001080502694
530010805150380	53001080502695
530010805150381	53001080502696
530010805150382	53001080502697
530010805150383	53001080502698
530010805150384	53001080502699
530010805150385	53001080502700
530010805150386	53001080502701
530010805150388	53001080502702
530010805150389	53001080502703
530010805150390	53001080502704
530010805150391	53001080502705
530010805150392	53001080502706
530010805150393	53001080502707
530010805150394	53001080502708
530010805150395	53001080502709
530010805150396	53001080502710
530010805150397	53001080502711
530010805150398	53001080502712
530010805150399	53001080502713
530010805150400	53001080502714
530010805150401	53001080502715
530010805150402	53001080502716
530010805150403	53001080502717
530010805150404	53001080502718
530010805150405	53001080502719
530010805150406	53001080502720
530010805150407	53001080502721
530010805150408	53001080502722
530010805150409	53001080502723
530010805150410	53001080502724
530010805150411	53001080502725
530010805150412	53001080502726
530010805150413	53001080502727
530010805150414	53001080502728
530010805150415	53001080502729
530010805150416	53001080502730
530010805150417	53001080502731
530010805150418	53001080502732
530010805150419	53001080502733
530010805150420	53001080502734
530010805150421	53001080502735
530010805150422	53001080502736
530010805150423	53001080502737
530010805150424	53001080502738
530010805150425	53001080502739
530010805150426	53001080502740
530010805150427	53001080502741
530010805150428	53001080502742
530010805150429	53001080502743
530010805150430	53001080502744
530010805150431	53001080502745
530010805150432	53001080502746
530010805150433	53001080502747
530010805150663	53001080502748
530010805150675	53001080502748
530010805150674	53001080502748
530010805150435	53001080502749
530010805150436	53001080502750
530010805150437	53001080502751
530010805150438	53001080502752
530010805150439	53001080502753
530010805150440	53001080502754
530010805150441	53001080502755
530010805150442	53001080502756
530010805150443	53001080502757
530010805150444	53001080502758
530010805150445	53001080502759
530010805150446	53001080502760
530010805150447	53001080502761
530010805150448	53001080502762
530010805150449	53001080502763
530010805150450	53001080502764
530010805150451	53001080502765
530010805150452	53001080502766
530010805150453	53001080502767
530010805150454	53001080502768
530010805150704	53001080502769
530010805150677	53001080502769
530010805150697	53001080502769
530010805150705	53001080502769
530010805150698	53001080502769
530010805150703	53001080502769
530010805150683	53001080502770
530010805150682	53001080502770
530010805150670	53001080502771
530010805150668	53001080502771
530010805150700	53001080502771
530010805150699	53001080502771
530010805150460	53001080502772
530010805150696	53001080502773
530010805150695	53001080502773
530010805150462	53001080502774
530010805150463	53001080502775
530010805150628	53001080502775
530010805150464	53001080502776
530010805150629	53001080502776
530010805150465	53001080502777
530010805150466	53001080502778
530010805150467	53001080502779
530010805150469	53001080502780
530010805150706	53001080502781
530010805150644	53001080502781
530010805150470	53001080502781
530010805150707	53001080502781
530010805150471	53001080502782
530010805150472	53001080502783
530010805150632	53001080502784
530010805150671	53001080502784
530010805310175	53001080502784
530010805150554	53001080502784
530010805150474	53001080502785
530010805150475	53001080502786
530010805150476	53001080502787
530010805150477	53001080502788
530010805150478	53001080502789
530010805150479	53001080502790
530010805150480	53001080502791
530010805150481	53001080502792
530010805150482	53001080502793
530010805150484	53001080502794
530010805150485	53001080502795
530010805150486	53001080502796
530010805150487	53001080502797
530010805150488	53001080502798
530010805150489	53001080502799
530010805150490	53001080502800
530010805150491	53001080502801
530010805150492	53001080502802
530010805150493	53001080502803
530010805150494	53001080502804
530010805150495	53001080502805
530010805150496	53001080502806
530010805150497	53001080502807
530010805150498	53001080502808
530010805150499	53001080502809
530010805150500	53001080502810
530010805150501	53001080502811
530010805150502	53001080502812
530010805150503	53001080502813
530010805150504	53001080502814
530010805150505	53001080502815
530010805150506	53001080502816
530010805150507	53001080502817
530010805150508	53001080502818
530010805150509	53001080502819
530010805150701	53001080502820
530010805150609	53001080502820
530010805150702	53001080502820
530010805150512	53001080502821
530010805150513	53001080502822
530010805310003	53001080502823
530010805310004	53001080502824
530010805310005	53001080502825
530010805310006	53001080502826
530010805310007	53001080502827
530010805310008	53001080502828
530010805310032	53001080502828
530010805310019	53001080502829
530010805310170	53001080502830
530010805310171	53001080502830
530010805310141	53001080502830
530010805150537	53001080502831
530010805310021	53001080502832
530010805310104	53001080502833
530010805310103	53001080502833
530010805310022	53001080502834
530010805310023	53001080502835
530010805310081	53001080502836
530010805310125	53001080502836
530010805310124	53001080502836
530010805310024	53001080502837
530010805310026	53001080502837
530010805310025	53001080502838
530010805310027	53001080502839
530010805310028	53001080502840
530010805310029	53001080502841
530010805310076	53001080502842
530010805310030	53001080502842
530010805310109	53001080502843
530010805310110	53001080502843
530010805310031	53001080502844
530010805150553	53001080502845
530010805310079	53001080502846
530010805310033	53001080502846
530010805310034	53001080502847
530010805310080	53001080502847
530010805310035	53001080502848
530010805310070	53001080502848
530010805310036	53001080502849
530010805310037	53001080502850
530010805310038	53001080502851
530010805310039	53001080502852
530010805310041	53001080502853
530010805310084	53001080502853
530010805310042	53001080502854
530010805310043	53001080502855
530010805310133	53001080502856
530010805310044	53001080502856
530010805310132	53001080502856
530010805310045	53001080502857
530010805310046	53001080502858
530010805310047	53001080502859
530010805310048	53001080502860
530010805310049	53001080502861
530010805310139	53001080502862
530010805310138	53001080502862
530010805310105	53001080502863
530010805310106	53001080502863
530010805310050	53001080502864
530010805310051	53001080502865
530010805310062	53001080502866
530010805310131	53001080502867
530010805310130	53001080502867
530010805310063	53001080502868
530010805310090	53001080502868
530010805310114	53001080502869
530010805310113	53001080502869
530010805310064	53001080502870
530010805310134	53001080502871
530010805310135	53001080502871
530010805310065	53001080502872
530010805310066	53001080502873
530010805310067	53001080502873
530010805310099	53001080502874
530010805310164	53001080502874
530010805310144	53001080502874
530010805310165	53001080502874
530010805150606	53001080502875
530010805150607	53001080502876
530010805150608	53001080502877
530010805160001	53001080502878
530010805160002	53001080502879
530010805160003	53001080502880
530010805160004	53001080502881
530010805160005	53001080502882
530010805160006	53001080502883
530010805160007	53001080502884
530010805160008	53001080502885
530010805160009	53001080502886
530010805160010	53001080502887
530010805160011	53001080502888
530010805160012	53001080502889
530010805160013	53001080502890
530010805160014	53001080502891
530010805160015	53001080502892
530010805160016	53001080502893
530010805160017	53001080502894
530010805160018	53001080502895
530010805160019	53001080502896
530010805160020	53001080502897
530010805160021	53001080502898
530010805160022	53001080502899
530010805160023	53001080502900
530010805160024	53001080502901
530010805160025	53001080502902
530010805160026	53001080502903
530010805160027	53001080502904
530010805160028	53001080502905
530010805160029	53001080502906
530010805160030	53001080502907
530010805160224	53001080502907
530010805160031	53001080502908
530010805160032	53001080502909
530010805160033	53001080502910
530010805160034	53001080502911
530010805160035	53001080502912
530010805160036	53001080502913
530010805160037	53001080502914
530010805160038	53001080502915
530010805160039	53001080502916
530010805160040	53001080502917
530010805160041	53001080502918
530010805160042	53001080502919
530010805160043	53001080502920
530010805160044	53001080502921
530010805160045	53001080502922
530010805160046	53001080502923
530010805160047	53001080502924
530010805160048	53001080502925
530010805160049	53001080502926
530010805160050	53001080502927
530010805160051	53001080502928
530010805160052	53001080502929
530010805160053	53001080502930
530010805160054	53001080502931
530010805160055	53001080502932
530010805160056	53001080502933
530010805160057	53001080502934
530010805160058	53001080502935
530010805160059	53001080502936
530010805160060	53001080502937
530010805160061	53001080502938
530010805160062	53001080502939
530010805160063	53001080502940
530010805160064	53001080502941
530010805160065	53001080502942
530010805160066	53001080502943
530010805160067	53001080502944
530010805160068	53001080502945
530010805160069	53001080502946
530010805160070	53001080502947
530010805160071	53001080502948
530010805160072	53001080502949
530010805160073	53001080502950
530010805160074	53001080502951
530010805160075	53001080502952
530010805160076	53001080502953
530010805160225	53001080502954
530010805160077	53001080502954
530010805160078	53001080502955
530010805340026	53001080502956
530010805340027	53001080502957
530010805340028	53001080502958
530010805340029	53001080502959
530010805340030	53001080502960
530010805160209	53001080502961
530010805160210	53001080502962
530010805160247	53001080502963
530010805160211	53001080502963
530010805160285	53001080502964
530010805160286	53001080502964
530010805160213	53001080502965
530010805160241	53001080502966
530010805160180	53001080502966
530010805160239	53001080502966
530010805160302	53001080502966
530010805160240	53001080502966
530010805160303	53001080502966
530010805370136	53001080502967
530010805160216	53001080502968
530010805340006	53001080502969
530010805340046	53001080502969
530010805340047	53001080502969
530010805340031	53001080502970
530010805160079	53001080502971
530010805160080	53001080502972
530010805160081	53001080502973
530010805160296	53001080502974
530010805160295	53001080502974
530010805160283	53001080502974
530010805160083	53001080502975
530010805160084	53001080502976
530010805160085	53001080502977
530010805160086	53001080502978
530010805160087	53001080502979
530010805160088	53001080502980
530010805160089	53001080502981
530010805160090	53001080502982
530010805160091	53001080502983
530010805160092	53001080502984
530010805160093	53001080502985
530010805160094	53001080502986
530010805160095	53001080502987
530010805160096	53001080502988
530010805160097	53001080502989
530010805160098	53001080502990
530010805160099	53001080502991
530010805160100	53001080502992
530010805160101	53001080502993
530010805160102	53001080502994
530010805340032	53001080502995
530010805340003	53001080502995
530010805340033	53001080502996
530010805340004	53001080502996
530010805340005	53001080502997
530010805340007	53001080502998
530010805340008	53001080502999
530010805340009	53001080503000
530010805340034	53001080503000
530010805340010	53001080503001
530010805160124	53001080503002
530010805160125	53001080503003
530010805160126	53001080503004
530010805160127	53001080503005
530010805160128	53001080503006
530010805160129	53001080503007
530010805340011	53001080503008
530010805340041	53001080503009
530010805340043	53001080503009
530010805340050	53001080503009
530010805340053	53001080503009
530010805340012	53001080503009
530010805340049	53001080503009
530010805340040	53001080503009
530010805340052	53001080503009
530010805340042	53001080503009
530010805340039	53001080503009
530010805340044	53001080503009
530010805340048	53001080503009
530010805340045	53001080503009
530010805340013	53001080503010
530010805340014	53001080503011
530010805340015	53001080503012
530010805340016	53001080503013
530010805340017	53001080503014
530010805340018	53001080503015
530010805340019	53001080503016
530010805340020	53001080503017
530010805160141	53001080503018
530010805160142	53001080503019
530010805160143	53001080503020
530010805160144	53001080503021
530010805160145	53001080503022
530010805160146	53001080503023
530010805160147	53001080503024
530010805160148	53001080503025
530010805160149	53001080503026
530010805160150	53001080503027
530010805160151	53001080503028
530010805160152	53001080503029
530010805160153	53001080503030
530010805160154	53001080503031
530010805160155	53001080503032
530010805160156	53001080503033
530010805160232	53001080503034
530010805160231	53001080503034
530010805160157	53001080503034
530010805160233	53001080503034
530010805160236	53001080503034
530010805160234	53001080503034
530010805160235	53001080503034
530010805160230	53001080503034
530010805160158	53001080503035
530010805160159	53001080503036
530010805160160	53001080503037
530010805160161	53001080503038
530010805160237	53001080503038
530010805160162	53001080503039
530010805160163	53001080503040
530010805160164	53001080503041
530010805160165	53001080503042
530010805160277	53001080503043
530010805160278	53001080503043
530010805160279	53001080503043
530010805160167	53001080503044
530010805160168	53001080503045
530010805160169	53001080503046
530010805160170	53001080503047
530010805160238	53001080503047
530010805160171	53001080503048
530010805160172	53001080503049
530010805370134	53001080503050
530010805160175	53001080503051
530010805160176	53001080503052
530010805160177	53001080503053
530010805160178	53001080503054
530010805160179	53001080503055
530010805160181	53001080503056
530010805160183	53001080503057
530010805160184	53001080503058
530010805160185	53001080503059
530010805160242	53001080503059
530010805160186	53001080503060
530010805160243	53001080503061
530010805160187	53001080503061
530010805160188	53001080503062
530010805160244	53001080503062
530010805160189	53001080503063
530010805160190	53001080503064
530010805160294	53001080503065
530010805160293	53001080503065
530010805160192	53001080503066
530010805160193	53001080503067
530010805160194	53001080503068
530010805160195	53001080503069
530010805160196	53001080503070
530010805340021	53001080503071
530010805340022	53001080503072
530010805340023	53001080503073
530010805160200	53001080503074
530010805340024	53001080503075
530010805340025	53001080503076
530010805360254	53001080503077
530010805160291	53001080503077
530010805170001	53001080503078
530010805170002	53001080503079
530010805170003	53001080503080
530010805170004	53001080503081
530010805170005	53001080503082
530010805170006	53001080503083
530010805170007	53001080503084
530010805170152	53001080503084
530010805170008	53001080503085
530010805170009	53001080503086
530010805170010	53001080503087
530010805170011	53001080503088
530010805170012	53001080503089
530010805170013	53001080503090
530010805170014	53001080503091
530010805170015	53001080503092
530010805170016	53001080503093
530010805170017	53001080503094
530010805170018	53001080503095
530010805170019	53001080503096
530010805170020	53001080503097
530010805170021	53001080503098
530010805170022	53001080503099
530010805170023	53001080503100
530010805170024	53001080503101
530010805170025	53001080503102
530010805170026	53001080503103
530010805170027	53001080503104
530010805170028	53001080503105
530010805170029	53001080503106
530010805170030	53001080503107
530010805170031	53001080503108
530010805170032	53001080503109
530010805170033	53001080503110
530010805170034	53001080503111
530010805170035	53001080503112
530010805170036	53001080503113
530010805170037	53001080503114
530010805170038	53001080503115
530010805350002	53001080503116
530010805350003	53001080503117
530010805350004	53001080503118
530010805350005	53001080503119
530010805350006	53001080503120
530010805350007	53001080503121
530010805350008	53001080503122
530010805350009	53001080503123
530010805350010	53001080503124
530010805350011	53001080503125
530010805350012	53001080503126
530010805350013	53001080503127
530010805170051	53001080503128
530010805170052	53001080503129
530010805350014	53001080503130
530010805350015	53001080503131
530010805350016	53001080503132
530010805350017	53001080503133
530010805350076	53001080503133
530010805350018	53001080503134
530010805350019	53001080503135
530010805350020	53001080503136
530010805350021	53001080503137
530010805350022	53001080503138
530010805350023	53001080503139
530010805350025	53001080503140
530010805350026	53001080503141
530010805350027	53001080503142
530010805350028	53001080503143
530010805350029	53001080503144
530010805350030	53001080503145
530010805350031	53001080503146
530010805350032	53001080503147
530010805350033	53001080503148
530010805350034	53001080503149
530010805350035	53001080503150
530010805350036	53001080503151
530010805350037	53001080503152
530010805350038	53001080503153
530010805350039	53001080503154
530010805350040	53001080503155
530010805350041	53001080503156
530010805350082	53001080503156
530010805350042	53001080503157
530010805170082	53001080503158
530010805170083	53001080503159
530010805170084	53001080503160
530010805170085	53001080503161
530010805170086	53001080503162
530010805170087	53001080503163
530010805170088	53001080503164
530010805350043	53001080503165
530010805350044	53001080503166
530010805350045	53001080503167
530010805350046	53001080503168
530010805350047	53001080503169
530010805350048	53001080503170
530010805350049	53001080503171
530010805350050	53001080503172
530010805350051	53001080503173
530010805350052	53001080503174
530010805350053	53001080503175
530010805350054	53001080503176
530010805350055	53001080503177
530010805350056	53001080503178
530010805350057	53001080503179
530010805350058	53001080503180
530010805350059	53001080503181
530010805350060	53001080503182
530010805350061	53001080503183
530010805350062	53001080503184
530010805350063	53001080503185
530010805350064	53001080503186
530010805350075	53001080503187
530010805350077	53001080503188
530010805350078	53001080503189
530010805350079	53001080503190
530010805350080	53001080503191
530010805350081	53001080503192
530010805350083	53001080503193
530010805350084	53001080503194
530010805350085	53001080503195
530010805350086	53001080503196
530010805350087	53001080503197
530010805350088	53001080503198
530010805350089	53001080503199
530010805350090	53001080503200
530010805350091	53001080503201
530010805350092	53001080503202
530010805350108	53001080503203
530010805350109	53001080503203
530010805350093	53001080503204
530010805350102	53001080503204
530010805350094	53001080503205
530010805350095	53001080503206
530010805350096	53001080503207
530010805350103	53001080503207
530010805350097	53001080503208
530010805350098	53001080503209
530010805350099	53001080503210
530010805350100	53001080503211
530010805350107	53001080503212
530010805350104	53001080503212
530010805350106	53001080503212
530010805350105	53001080503213
530010805350101	53001080503213
530010805180001	53001080503214
530010805180316	53001080503214
530010805180002	53001080503215
530010805180003	53001080503216
530010805180004	53001080503217
530010805180379	53001080503218
530010805180378	53001080503218
530010805180353	53001080503218
530010805180376	53001080503218
530010805180361	53001080503218
530010805180358	53001080503218
530010805180360	53001080503218
530010805180357	53001080503218
530010805180375	53001080503218
530010805180377	53001080503218
530010805180380	53001080503218
530010805180352	53001080503218
530010805180006	53001080503219
530010805180007	53001080503220
530010805180008	53001080503221
530010805180009	53001080503222
530010805180010	53001080503223
530010805180390	53001080503224
530010805180391	53001080503224
530010805180012	53001080503225
530010805180013	53001080503226
530010805180014	53001080503227
530010805180015	53001080503228
530010805180016	53001080503229
530010805180017	53001080503230
530010805180018	53001080503231
530010805180019	53001080503232
530010805180020	53001080503233
530010805180021	53001080503234
530010805180022	53001080503235
530010805180023	53001080503236
530010805180024	53001080503237
530010805180025	53001080503238
530010805180026	53001080503239
530010805180027	53001080503240
530010805180028	53001080503241
530010805180029	53001080503242
530010805180030	53001080503243
530010805180031	53001080503244
530010805180032	53001080503245
530010805180033	53001080503246
530010805180034	53001080503247
530010805180035	53001080503248
530010805180036	53001080503249
530010805180037	53001080503250
530010805180038	53001080503251
530010805180039	53001080503252
530010805180040	53001080503253
530010805180041	53001080503254
530010805180042	53001080503255
530010805180043	53001080503256
530010805180044	53001080503257
530010805180045	53001080503258
530010805180046	53001080503259
530010805180047	53001080503260
530010805180048	53001080503261
530010805180049	53001080503262
530010805180050	53001080503263
530010805180051	53001080503264
530010805180317	53001080503265
530010805180052	53001080503265
530010805180053	53001080503266
530010805180054	53001080503267
530010805180055	53001080503268
530010805180056	53001080503269
530010805180057	53001080503270
530010805180058	53001080503271
530010805180059	53001080503272
530010805180060	53001080503273
530010805180061	53001080503274
530010805180062	53001080503275
530010805180063	53001080503276
530010805180064	53001080503277
530010805180065	53001080503278
530010805180066	53001080503279
530010805180397	53001080503280
530010805180396	53001080503280
530010805180318	53001080503281
530010805180068	53001080503281
530010805180069	53001080503282
530010805180070	53001080503283
530010805180071	53001080503284
530010805180319	53001080503285
530010805180072	53001080503285
530010805180073	53001080503286
530010805180320	53001080503286
530010805180074	53001080503287
530010805180076	53001080503288
530010805180077	53001080503289
530010805180078	53001080503290
530010805180322	53001080503290
530010805180079	53001080503291
530010805180323	53001080503292
530010805180080	53001080503292
530010805180324	53001080503292
530010805180081	53001080503293
530010805180082	53001080503294
530010805180083	53001080503295
530010805180084	53001080503296
530010805180085	53001080503297
530010805180086	53001080503298
530010805180087	53001080503299
530010805180088	53001080503300
530010805180089	53001080503301
530010805180090	53001080503302
530010805180091	53001080503303
530010805180092	53001080503304
530010805180093	53001080503305
530010805180094	53001080503306
530010805180095	53001080503307
530010805180325	53001080503307
530010805180326	53001080503308
530010805180096	53001080503308
530010805180097	53001080503309
530010805180098	53001080503310
530010805180099	53001080503311
530010805180100	53001080503312
530010805180101	53001080503313
530010805180102	53001080503314
530010805180103	53001080503315
530010805180327	53001080503315
530010805180104	53001080503316
530010805180328	53001080503317
530010805180105	53001080503317
530010805180106	53001080503318
530010805180107	53001080503319
530010805180108	53001080503320
530010805180109	53001080503321
530010805180110	53001080503322
530010805180111	53001080503323
530010805180329	53001080503324
530010805180112	53001080503324
530010805180330	53001080503325
530010805180113	53001080503325
530010805180114	53001080503326
530010805180115	53001080503327
530010805180116	53001080503328
530010805180395	53001080503329
530010805180394	53001080503329
530010805180118	53001080503330
530010805180119	53001080503331
530010805180120	53001080503332
530010805180331	53001080503332
530010805180340	53001080503333
530010805180336	53001080503333
530010805180383	53001080503333
530010805180337	53001080503333
530010805180381	53001080503333
530010805180121	53001080503333
530010805180334	53001080503333
530010805180382	53001080503333
530010805180339	53001080503333
530010805180335	53001080503333
530010805180338	53001080503333
530010805180333	53001080503333
530010805180384	53001080503333
530010805180122	53001080503334
530010805180393	53001080503335
530010805180392	53001080503335
530010805180124	53001080503336
530010805180125	53001080503337
530010805180362	53001080503338
530010805180363	53001080503338
530010805180342	53001080503338
530010805180126	53001080503338
530010805180127	53001080503339
530010805180344	53001080503340
530010805180128	53001080503340
530010805180129	53001080503341
530010805180130	53001080503342
530010805180131	53001080503343
530010805180132	53001080503344
530010805180133	53001080503345
530010805180134	53001080503346
530010805180135	53001080503347
530010805180136	53001080503348
530010805180137	53001080503349
530010805180138	53001080503350
530010805180139	53001080503351
530010805180140	53001080503352
530010805180141	53001080503353
530010805180142	53001080503354
530010805180143	53001080503355
530010805180159	53001080503356
530010805180160	53001080503357
530010805180161	53001080503358
530010805180162	53001080503359
530010805180163	53001080503360
530010805180164	53001080503361
530010805180165	53001080503362
530010805180166	53001080503363
530010805180167	53001080503364
530010805180168	53001080503365
530010805180169	53001080503366
530010805180170	53001080503367
530010805180354	53001080503368
530010805180355	53001080503368
530010805180356	53001080503368
530010805180172	53001080503369
530010805180173	53001080503370
530010805180174	53001080503371
530010805180175	53001080503372
530010805180176	53001080503373
530010805180177	53001080503374
530010805180178	53001080503375
530010805180179	53001080503376
530010805180180	53001080503377
530010805180181	53001080503378
530010805180182	53001080503379
530010805180183	53001080503380
530010805180184	53001080503381
530010805180185	53001080503382
530010805180186	53001080503383
530010805180187	53001080503384
530010805180188	53001080503385
530010805180189	53001080503386
530010805180190	53001080503387
530010805180191	53001080503388
530010805180192	53001080503389
530010805180345	53001080503389
530010805180193	53001080503390
530010805180194	53001080503391
530010805180195	53001080503392
530010805180196	53001080503393
530010805180346	53001080503394
530010805180197	53001080503394
530010805180198	53001080503395
530010805180199	53001080503396
530010805180200	53001080503397
530010805180201	53001080503398
530010805180202	53001080503399
530010805180203	53001080503400
530010805180204	53001080503401
530010805180205	53001080503402
530010805180206	53001080503403
530010805180207	53001080503404
530010805180208	53001080503405
530010805180209	53001080503406
530010805180210	53001080503407
530010805180211	53001080503408
530010805180212	53001080503409
530010805180213	53001080503410
530010805180214	53001080503411
530010805180215	53001080503412
530010805180216	53001080503413
530010805180347	53001080503414
530010805180217	53001080503414
530010805180218	53001080503415
530010805180219	53001080503416
530010805180220	53001080503417
530010805180221	53001080503418
530010805180222	53001080503419
530010805180223	53001080503420
530010805180224	53001080503421
530010805180225	53001080503422
530010805180226	53001080503423
530010805180227	53001080503424
530010805180228	53001080503425
530010805180231	53001080503426
530010805180232	53001080503427
530010805180233	53001080503428
530010805180389	53001080503429
530010805180369	53001080503429
530010805180372	53001080503429
530010805180374	53001080503429
530010805180370	53001080503429
530010805180388	53001080503429
530010805200212	53001080503429
530010805180373	53001080503429
530010805180371	53001080503429
530010805200213	53001080503429
530010805180350	53001080503429
530010805180387	53001080503429
530010805180235	53001080503430
530010805180236	53001080503431
530010805200208	53001080503432
530010805200210	53001080503432
530010805200207	53001080503432
530010805200209	53001080503432
530010805180239	53001080503433
530010805180240	53001080503434
530010805180241	53001080503435
530010805180242	53001080503436
530010805180243	53001080503437
530010805180244	53001080503438
530010805180245	53001080503439
530010805180246	53001080503440
530010805180247	53001080503441
530010805180248	53001080503442
530010805180249	53001080503443
530010805180250	53001080503444
530010805180251	53001080503445
530010805180252	53001080503446
530010805180253	53001080503447
530010805180254	53001080503448
530010805180255	53001080503449
530010805180256	53001080503450
530010805180257	53001080503451
530010805180258	53001080503452
530010805180259	53001080503453
530010805180260	53001080503454
530010805180348	53001080503454
530010805180261	53001080503455
530010805180262	53001080503456
530010805180263	53001080503457
530010805180264	53001080503458
530010805180265	53001080503459
530010805180266	53001080503460
530010805180267	53001080503461
530010805180268	53001080503462
530010805180269	53001080503463
530010805180270	53001080503464
530010805180271	53001080503465
530010805180272	53001080503466
530010805180273	53001080503467
530010805180274	53001080503468
530010805180275	53001080503469
530010805180276	53001080503470
530010805180277	53001080503471
530010805180278	53001080503472
530010805180279	53001080503473
530010805180280	53001080503474
530010805180281	53001080503475
530010805180282	53001080503476
530010805180283	53001080503477
530010805180284	53001080503478
530010805180285	53001080503479
530010805180286	53001080503480
530010805180287	53001080503481
530010805180288	53001080503482
530010805180289	53001080503483
530010805180291	53001080503484
530010805180292	53001080503485
530010805180294	53001080503486
530010805180295	53001080503487
530010805180296	53001080503488
530010805180297	53001080503489
530010805180298	53001080503490
530010805180299	53001080503491
530010805180300	53001080503492
530010805180301	53001080503493
530010805180302	53001080503494
530010805180303	53001080503495
530010805180304	53001080503496
530010805180305	53001080503497
530010805180306	53001080503498
530010805180307	53001080503499
530010805180308	53001080503500
530010805180309	53001080503501
530010805180310	53001080503502
530010805180311	53001080503503
530010805200211	53001080503504
530010805180315	53001080503505
530010805190001	53001080503506
530010805190002	53001080503507
530010805190003	53001080503508
530010805190004	53001080503509
530010805190005	53001080503510
530010805190006	53001080503511
530010805190007	53001080503512
530010805190008	53001080503513
530010805190009	53001080503514
530010805190010	53001080503515
530010805190011	53001080503516
530010805190012	53001080503517
530010805190013	53001080503518
530010805190014	53001080503519
530010805190015	53001080503520
530010805190016	53001080503521
530010805190017	53001080503522
530010805190018	53001080503523
530010805190019	53001080503524
530010805190020	53001080503525
530010805190021	53001080503526
530010805190023	53001080503527
530010805190024	53001080503527
530010805200001	53001080503528
530010805200002	53001080503529
530010805200003	53001080503530
530010805200004	53001080503531
530010805200005	53001080503532
530010805200006	53001080503533
530010805200007	53001080503534
530010805200008	53001080503535
530010805200009	53001080503536
530010805200010	53001080503537
530010805200011	53001080503538
530010805200012	53001080503539
530010805200013	53001080503540
530010805200014	53001080503541
530010805200015	53001080503542
530010805200016	53001080503543
530010805200017	53001080503544
530010805200018	53001080503545
530010805200019	53001080503546
530010805200020	53001080503547
530010805200021	53001080503548
530010805200022	53001080503549
530010805200023	53001080503550
530010805200024	53001080503551
530010805200025	53001080503552
530010805200026	53001080503553
530010805200027	53001080503554
530010805200028	53001080503555
530010805200029	53001080503556
530010805200030	53001080503557
530010805200031	53001080503558
530010805200032	53001080503559
530010805200033	53001080503560
530010805200034	53001080503561
530010805200035	53001080503562
530010805200036	53001080503563
530010805200037	53001080503564
530010805200038	53001080503565
530010805200039	53001080503566
530010805200040	53001080503567
530010805200041	53001080503568
530010805200042	53001080503569
530010805200043	53001080503570
530010805200044	53001080503571
530010805200045	53001080503572
530010805200046	53001080503573
530010805200047	53001080503574
530010805200048	53001080503575
530010805200049	53001080503576
530010805200050	53001080503577
530010805200051	53001080503578
530010805200052	53001080503579
530010805200053	53001080503580
530010805200054	53001080503581
530010805200055	53001080503582
530010805200056	53001080503583
530010805200057	53001080503584
530010805200058	53001080503585
530010805200059	53001080503586
530010805200060	53001080503587
530010805200061	53001080503588
530010805200062	53001080503589
530010805200063	53001080503590
530010805200064	53001080503591
530010805200065	53001080503592
530010805200066	53001080503593
530010805200188	53001080503594
530010805200069	53001080503595
530010805200070	53001080503596
530010805200190	53001080503597
530010805200189	53001080503597
530010805200192	53001080503598
530010805200191	53001080503598
530010805200073	53001080503599
530010805200074	53001080503600
530010805200075	53001080503601
530010805200184	53001080503601
530010805200076	53001080503602
530010805200077	53001080503603
530010805200078	53001080503604
530010805200079	53001080503605
530010805200080	53001080503606
530010805200081	53001080503607
530010805200082	53001080503608
530010805200083	53001080503609
530010805200084	53001080503610
530010805200085	53001080503611
530010805200086	53001080503612
530010805200087	53001080503613
530010805200088	53001080503614
530010805200089	53001080503615
530010805200090	53001080503616
530010805200091	53001080503617
530010805200092	53001080503618
530010805200093	53001080503619
530010805200094	53001080503620
530010805200095	53001080503621
530010805200096	53001080503622
530010805200097	53001080503623
530010805200098	53001080503624
530010805200099	53001080503625
530010805200100	53001080503626
530010805200101	53001080503627
530010805200102	53001080503628
530010805200103	53001080503629
530010805200104	53001080503630
530010805200105	53001080503631
530010805200106	53001080503632
530010805200107	53001080503633
530010805200108	53001080503634
530010805200109	53001080503635
530010805200110	53001080503636
530010805200111	53001080503637
530010805200112	53001080503638
530010805200113	53001080503639
530010805200114	53001080503640
530010805200115	53001080503641
530010805200116	53001080503642
530010805200117	53001080503643
530010805200216	53001080503644
530010805200218	53001080503644
530010805070269	53001080503644
530010805200219	53001080503644
530010805200220	53001080503644
530010805200217	53001080503644
530010805200119	53001080503645
530010805200195	53001080503646
530010805200196	53001080503646
530010805200200	53001080503647
530010805200199	53001080503647
530010805200201	53001080503648
530010805200202	53001080503648
530010805200123	53001080503649
530010805200215	53001080503650
530010805200203	53001080503650
530010805200214	53001080503650
530010805200198	53001080503651
530010805200197	53001080503651
530010805200185	53001080503652
530010805200186	53001080503652
530010805200187	53001080503652
530010805200127	53001080503653
530010805200128	53001080503654
530010805200129	53001080503655
530010805200130	53001080503656
530010805200131	53001080503657
530010805200132	53001080503658
530010805200133	53001080503659
530010805200134	53001080503660
530010805200135	53001080503661
530010805200136	53001080503662
530010805200137	53001080503663
530010805200138	53001080503664
530010805200139	53001080503665
530010805200140	53001080503666
530010805200141	53001080503667
530010805200156	53001080503668
530010805200157	53001080503669
530010805200158	53001080503670
530010805200159	53001080503671
530010805200160	53001080503672
530010805200161	53001080503673
530010805200162	53001080503674
530010805200163	53001080503675
530010805200164	53001080503676
530010805200193	53001080503677
530010805200194	53001080503677
530010805200167	53001080503678
530010805200168	53001080503679
530010805200169	53001080503680
530010805200170	53001080503681
530010805200171	53001080503682
530010805200172	53001080503683
530010805200173	53001080503684
530010805200174	53001080503685
530010805200175	53001080503686
530010805200176	53001080503687
530010805200177	53001080503688
530010805200178	53001080503689
530010805200179	53001080503690
530010805200181	53001080503691
530010805200182	53001080503692
530010805200183	53001080503693
530010805210001	53001080503694
530010805210002	53001080503695
530010805210003	53001080503696
530010805210004	53001080503697
530010805210005	53001080503698
530010805210006	53001080503699
530010805210007	53001080503700
530010805210008	53001080503701
530010805210009	53001080503702
530010805210010	53001080503703
530010805210011	53001080503704
530010805210012	53001080503705
530010805210013	53001080503706
530010805210014	53001080503707
530010805210015	53001080503708
530010805210016	53001080503709
530010805210017	53001080503710
530010805210018	53001080503711
530010805210019	53001080503712
530010805210105	53001080503713
530010805210106	53001080503713
530010805430001	53001080503713
530010805210067	53001080503714
530010805210109	53001080503714
530010805210097	53001080503714
530010805210114	53001080503714
530010805210107	53001080503714
530010805210089	53001080503714
530010805210111	53001080503714
530010805210112	53001080503714
530010805380129	53001080503714
530010805210108	53001080503714
530010805210113	53001080503714
530010805210088	53001080503714
530010805210110	53001080503714
530010805210022	53001080503715
530010805210023	53001080503716
530010805210024	53001080503717
530010805430002	53001080503718
530010805210079	53001080503718
530010805430003	53001080503719
530010805430004	53001080503720
530010805430008	53001080503721
530010805210086	53001080503721
530010805430005	53001080503721
530010805210087	53001080503721
530010805430006	53001080503722
530010805210031	53001080503723
530010805210032	53001080503724
530010805210033	53001080503725
530010805210034	53001080503726
530010805430007	53001080503727
530010805210037	53001080503728
530010805210038	53001080503729
530010805210039	53001080503730
530010805210040	53001080503731
530010805210041	53001080503732
530010805210042	53001080503733
530010805210043	53001080503734
530010805210044	53001080503735
530010805210082	53001080503736
530010805210090	53001080503736
530010805210091	53001080503736
530010805210080	53001080503737
530010805210081	53001080503737
530010805210084	53001080503738
530010805210085	53001080503738
530010805210048	53001080503739
530010805210049	53001080503740
530010805210051	53001080503741
530010805210052	53001080503742
530010805210053	53001080503743
530010805210054	53001080503744
530010805210056	53001080503745
530010805210057	53001080503746
530010805210058	53001080503747
530010805210059	53001080503748
530010805430009	53001080503749
530010805430010	53001080503750
530010805210062	53001080503751
530010805210063	53001080503752
530010805210064	53001080503753
530010805210065	53001080503754
530010805210068	53001080503755
530010805210069	53001080503756
530010805210071	53001080503757
530010805430011	53001080503758
530010805430012	53001080503759
530010805230001	53001080503760
530010805230002	53001080503761
530010805230003	53001080503762
530010805400024	53001080503763
530010805230067	53001080503763
530010805230069	53001080503763
530010805230065	53001080503763
530010805420038	53001080503763
530010805230024	53001080503763
530010805230023	53001080503763
530010805400025	53001080503763
530010805420037	53001080503763
530010805400026	53001080503763
530010805230070	53001080503763
530010805230068	53001080503763
530010805230006	53001080503764
530010805230007	53001080503765
530010805230064	53001080503766
530010805230010	53001080503767
530010805230011	53001080503768
530010805230012	53001080503769
530010805230013	53001080503770
530010805230014	53001080503771
530010805230015	53001080503772
530010805230016	53001080503773
530010805230017	53001080503774
530010805230018	53001080503775
530010805230019	53001080503776
530010805230020	53001080503777
530010805230021	53001080503778
530010805230022	53001080503779
530010805230025	53001080503780
530010805230026	53001080503781
530010805230030	53001080503782
530010805230031	53001080503783
530010805230032	53001080503784
530010805230033	53001080503785
530010805230034	53001080503786
530010805230035	53001080503787
530010805230036	53001080503788
530010805230037	53001080503789
530010805230071	53001080503790
530010805230072	53001080503790
530010805230039	53001080503791
530010805230040	53001080503792
530010805230074	53001080503793
530010805230041	53001080503793
530010805230073	53001080503793
530010805230042	53001080503794
530010805230043	53001080503795
530010805230044	53001080503796
530010805230047	53001080503797
530010805230048	53001080503798
530010805230049	53001080503799
530010805230052	53001080503800
530010805230053	53001080503801
530010805230055	53001080503802
530010805230056	53001080503803
530010805230057	53001080503804
530010805230058	53001080503805
530010805230059	53001080503806
530010805250001	53001080503807
530010805250002	53001080503808
530010805250003	53001080503809
530010805250004	53001080503810
530010805250005	53001080503811
530010805250006	53001080503812
530010805250007	53001080503813
530010805250008	53001080503814
530010805250009	53001080503815
530010805250010	53001080503816
530010805250011	53001080503817
530010805250012	53001080503818
530010805250013	53001080503819
530010805250014	53001080503820
530010805250015	53001080503821
530010805250016	53001080503822
530010805250017	53001080503823
530010805250018	53001080503824
530010805250019	53001080503825
530010805250020	53001080503826
530010805250021	53001080503827
530010805250022	53001080503828
530010805250023	53001080503829
530010805250024	53001080503830
530010805250025	53001080503831
530010805250026	53001080503832
530010805250027	53001080503833
530010805250028	53001080503834
530010805250029	53001080503835
530010805250042	53001080503836
530010805250043	53001080503837
530010805250044	53001080503838
530010805250045	53001080503839
530010805250046	53001080503840
530010805250047	53001080503841
530010805250048	53001080503842
530010805250049	53001080503843
530010805250050	53001080503844
530010805250051	53001080503845
530010805250052	53001080503846
530010805250053	53001080503847
530010805250054	53001080503848
530010805250222	53001080503849
530010805250223	53001080503849
530010805250203	53001080503849
530010805250249	53001080503849
530010805250250	53001080503849
530010805250175	53001080503849
530010805250056	53001080503850
530010805250057	53001080503851
530010805250058	53001080503852
530010805250059	53001080503853
530010805250060	53001080503854
530010805250061	53001080503855
530010805250062	53001080503856
530010805250063	53001080503857
530010805250064	53001080503858
530010805250065	53001080503859
530010805250066	53001080503860
530010805250067	53001080503861
530010805250068	53001080503862
530010805250069	53001080503863
530010805250070	53001080503864
530010805250071	53001080503865
530010805250072	53001080503866
530010805250073	53001080503867
530010805250074	53001080503868
530010805250075	53001080503869
530010805250076	53001080503870
530010805250089	53001080503871
530010805250090	53001080503872
530010805250091	53001080503873
530010805250092	53001080503874
530010805250093	53001080503875
530010805250094	53001080503876
530010805250095	53001080503877
530010805250096	53001080503878
530010805250097	53001080503879
530010805250098	53001080503880
530010805250099	53001080503881
530010805250100	53001080503882
530010805250101	53001080503883
530010805250102	53001080503884
530010805250103	53001080503885
530010805250104	53001080503886
530010805250105	53001080503887
530010805250106	53001080503888
530010805250107	53001080503889
530010805250108	53001080503890
530010805250109	53001080503891
530010805250110	53001080503892
530010805250111	53001080503893
530010805250112	53001080503894
530010805250113	53001080503895
530010805250114	53001080503896
530010805250115	53001080503897
530010805250116	53001080503898
530010805250117	53001080503899
530010805250118	53001080503900
530010805250119	53001080503901
530010805250120	53001080503902
530010805250121	53001080503903
530010805250122	53001080503904
530010805250123	53001080503905
530010805400140	53001080503906
530010805400027	53001080503906
530010805400037	53001080503906
530010805250234	53001080503906
530010805400040	53001080503906
530010805400032	53001080503906
530010805400144	53001080503906
530010805250241	53001080503906
530010805250242	53001080503906
530010805400034	53001080503906
530010805400035	53001080503906
530010805400030	53001080503906
530010805400029	53001080503906
530010805400145	53001080503906
530010805400142	53001080503906
530010805400028	53001080503906
530010805400143	53001080503906
530010805400141	53001080503906
530010805400031	53001080503906
530010805400053	53001080503906
530010805400038	53001080503906
530010805400036	53001080503906
530010805400039	53001080503906
530010805250127	53001080503907
530010805250131	53001080503908
530010805250132	53001080503909
530010805250133	53001080503910
530010805250134	53001080503911
530010805250135	53001080503912
530010805250136	53001080503913
530010805250137	53001080503914
530010805250138	53001080503915
530010805250139	53001080503916
530010805250140	53001080503917
530010805250141	53001080503918
530010805250142	53001080503919
530010805250143	53001080503920
530010805250144	53001080503921
530010805250145	53001080503922
530010805250146	53001080503923
530010805250147	53001080503924
530010805250148	53001080503925
530010805250149	53001080503926
530010805250150	53001080503927
530010805250151	53001080503928
530010805250152	53001080503929
530010805250153	53001080503930
530010805250154	53001080503931
530010805250155	53001080503932
530010805250156	53001080503933
530010805250157	53001080503934
530010805250158	53001080503935
530010805250159	53001080503936
530010805250160	53001080503937
530010805250161	53001080503938
530010805250162	53001080503939
530010805250163	53001080503940
530010805250164	53001080503941
530010805250165	53001080503942
530010805250166	53001080503943
530010805250167	53001080503944
530010805250168	53001080503945
530010805250169	53001080503946
530010805250170	53001080503947
530010805250171	53001080503948
530010805250172	53001080503949
530010805250173	53001080503950
530010805250231	53001080503951
530010805250236	53001080503951
530010805250246	53001080503951
530010805250210	53001080503951
530010805250248	53001080503951
530010805250211	53001080503951
530010805250225	53001080503951
530010805250206	53001080503951
530010805250237	53001080503951
530010805250247	53001080503951
530010805250232	53001080503951
530010805250244	53001080503951
530010805250207	53001080503951
530010805250208	53001080503951
530010805250205	53001080503951
530010805250209	53001080503951
530010805250235	53001080503951
530010805250245	53001080503951
530010805250243	53001080503951
530010805250176	53001080503952
530010805250217	53001080503953
530010805250178	53001080503953
530010805250202	53001080503953
530010805250218	53001080503953
530010805250179	53001080503954
530010805250180	53001080503955
530010805250181	53001080503956
530010805250182	53001080503957
530010805250183	53001080503958
530010805250184	53001080503959
530010805250185	53001080503960
530010805250186	53001080503961
530010805250187	53001080503962
530010805250193	53001080503963
530010805250239	53001080503964
530010805250240	53001080503964
530010805250198	53001080503965
530010805250200	53001080503966
530010805250201	53001080503967
530010805300203	53001080503968
530010805300202	53001080503968
530010805300002	53001080503969
530010805300003	53001080503970
530010805300004	53001080503971
530010805300005	53001080503972
530010805300006	53001080503973
530010805300007	53001080503974
530010805300008	53001080503975
530010805300009	53001080503976
530010805300010	53001080503977
530010805300011	53001080503978
530010805300012	53001080503979
530010805300013	53001080503980
530010805300014	53001080503981
530010805300015	53001080503982
530010805300016	53001080503983
530010805300017	53001080503984
530010805300018	53001080503985
530010805300019	53001080503986
530010805300020	53001080503987
530010805300021	53001080503988
530010805300204	53001080503989
530010805300205	53001080503989
530010805300023	53001080503990
530010805300024	53001080503991
530010805300025	53001080503992
530010805300026	53001080503993
530010805300027	53001080503994
530010805300028	53001080503995
530010805300286	53001080503996
530010805300287	53001080503996
530010805300030	53001080503997
530010805300031	53001080503998
530010805300032	53001080503999
530010805300033	53001080504000
530010805300034	53001080504001
530010805300035	53001080504002
530010805300036	53001080504003
530010805300037	53001080504004
530010805300038	53001080504005
530010805300039	53001080504006
530010805300040	53001080504007
530010805300041	53001080504008
530010805300042	53001080504009
530010805300043	53001080504010
530010805300044	53001080504011
530010805300045	53001080504012
530010805400041	53001080504013
530010805400042	53001080504014
530010805300048	53001080504015
530010805300049	53001080504016
530010805300050	53001080504017
530010805300051	53001080504018
530010805300052	53001080504019
530010805300053	53001080504020
530010805300054	53001080504021
530010805300055	53001080504022
530010805300056	53001080504023
530010805300057	53001080504024
530010805300058	53001080504025
530010805300059	53001080504026
530010805300060	53001080504027
530010805300061	53001080504028
530010805300062	53001080504029
530010805300063	53001080504030
530010805300064	53001080504031
530010805300065	53001080504032
530010805300066	53001080504033
530010805300067	53001080504034
530010805300068	53001080504035
530010805300069	53001080504036
530010805300070	53001080504037
530010805300071	53001080504038
530010805300072	53001080504039
530010805300073	53001080504040
530010805300074	53001080504041
530010805300075	53001080504042
530010805400043	53001080504043
530010805300304	53001080504044
530010805400062	53001080504044
530010805300267	53001080504044
530010805300301	53001080504044
530010805400111	53001080504044
530010805400061	53001080504044
530010805300289	53001080504044
530010805300239	53001080504044
530010805400099	53001080504044
530010805400121	53001080504044
530010805300218	53001080504044
530010805300217	53001080504044
530010805300201	53001080504044
530010805400122	53001080504044
530010805300268	53001080504044
530010805300294	53001080504044
530010805400085	53001080504044
530010805400102	53001080504044
530010805300274	53001080504044
530010805300238	53001080504044
530010805300288	53001080504044
530010805300255	53001080504044
530010805300315	53001080504044
530010805400094	53001080504044
530010805400106	53001080504044
530010805300285	53001080504044
530010805300272	53001080504044
530010805400113	53001080504044
530010805300242	53001080504044
530010805300211	53001080504044
530010805300240	53001080504044
530010805300241	53001080504044
530010805400108	53001080504044
530010805400091	53001080504044
530010805400104	53001080504044
530010805300200	53001080504044
530010805400112	53001080504044
530010805400095	53001080504044
530010805400089	53001080504044
530010805400087	53001080504044
530010805300107	53001080504044
530010805300206	53001080504044
530010805400100	53001080504044
530010805400103	53001080504044
530010805300197	53001080504044
530010805300273	53001080504044
530010805400044	53001080504044
530010805300167	53001080504044
530010805400088	53001080504044
530010805300248	53001080504044
530010805400086	53001080504044
530010805400082	53001080504044
530010805300269	53001080504044
530010805300284	53001080504044
530010805400093	53001080504044
530010805400090	53001080504044
530010805400092	53001080504044
530010805300244	53001080504044
530010805300270	53001080504044
530010805300305	53001080504044
530010805300161	53001080504044
530010805300293	53001080504044
530010805300246	53001080504044
530010805300313	53001080504044
530010805300243	53001080504044
530010805300312	53001080504044
530010805300290	53001080504044
530010805300292	53001080504044
530010805400105	53001080504044
530010805300300	53001080504044
530010805300199	53001080504044
530010805400109	53001080504044
530010805300247	53001080504044
530010805300311	53001080504044
530010805300291	53001080504044
530010805400101	53001080504044
530010805300314	53001080504044
530010805300245	53001080504044
530010805300258	53001080504044
530010805400107	53001080504044
530010805300310	53001080504044
530010805400096	53001080504044
530010805300256	53001080504044
530010805300257	53001080504044
530010805400084	53001080504044
530010805400083	53001080504044
530010805400110	53001080504044
530010805300169	53001080504044
530010805300237	53001080504044
530010805300299	53001080504044
530010805400045	53001080504045
530010805400048	53001080504046
530010805400046	53001080504046
530010805400047	53001080504047
530010805300215	53001080504047
530010805300297	53001080504047
530010805300308	53001080504047
530010805300253	53001080504047
530010805400135	53001080504047
530010805300144	53001080504047
530010805300309	53001080504047
530010805400136	53001080504047
530010805300306	53001080504047
530010805300298	53001080504047
530010805400049	53001080504047
530010805400060	53001080504047
530010805300271	53001080504047
530010805300307	53001080504047
530010805300254	53001080504047
530010805400050	53001080504048
530010805400051	53001080504049
530010805400052	53001080504050
530010805300174	53001080504051
530010805300261	53001080504051
530010805300296	53001080504051
530010805300295	53001080504051
530010805300088	53001080504051
530010805300090	53001080504052
530010805300092	53001080504053
530010805400079	53001080504054
530010805400055	53001080504054
530010805400133	53001080504054
530010805400114	53001080504054
530010805400134	53001080504054
530010805400125	53001080504055
530010805300212	53001080504055
530010805300213	53001080504055
530010805400124	53001080504055
530010805300095	53001080504056
530010805300096	53001080504057
530010805300097	53001080504058
530010805300098	53001080504059
530010805400056	53001080504060
530010805400057	53001080504061
530010805400058	53001080504062
530010805300282	53001080504063
530010805300302	53001080504063
530010805300303	53001080504063
530010805300109	53001080504064
530010805300110	53001080504065
530010805300111	53001080504066
530010805300112	53001080504067
530010805300113	53001080504068
530010805300114	53001080504069
530010805300115	53001080504070
530010805300116	53001080504071
530010805300117	53001080504072
530010805300118	53001080504073
530010805400059	53001080504074
530010805300125	53001080504075
530010805400064	53001080504076
530010805400065	53001080504077
530010805400066	53001080504078
530010805400129	53001080504078
530010805400130	53001080504078
530010805400128	53001080504078
530010805400067	53001080504079
530010805400132	53001080504080
530010805400126	53001080504080
530010805400127	53001080504080
530010805400071	53001080504080
530010805400131	53001080504080
530010805400069	53001080504081
530010805400070	53001080504081
530010805400098	53001080504082
530010805400097	53001080504082
530010805400072	53001080504083
530010805400073	53001080504084
530010805400074	53001080504085
530010805400119	53001080504086
530010805400118	53001080504086
530010805300275	53001080504087
530010805400137	53001080504087
530010805400076	53001080504088
530010805400077	53001080504089
530010805300147	53001080504090
530010805300148	53001080504091
530010805300149	53001080504092
530010805300150	53001080504093
530010805400078	53001080504094
530010805400080	53001080504095
530010805400081	53001080504096
530010805300195	53001080504097
530010805300156	53001080504097
530010805090109	53001080504098
530010805090110	53001080504099
530010805110317	53001080504100
530010805110318	53001080504101
530010805250212	53001080504102
530010805250213	53001080504103
530010805250214	53001080504104
530010805250215	53001080504105
530010805250216	53001080504106
