ID	CD_MCA
260005405000001	2600054050000001
260005405000002	2600054050000002
260005405000003	2600054050000003
260005405000004	2600054050000004
260005405000005	2600054050000005
260005405000006	2600054050000006
260005405000007	2600054050000007
260005405000008	2600054050000008
260005405000077	2600054050000008
260005405000076	2600054050000008
260005405000009	2600054050000009
260005405000010	2600054050000010
260005405000011	2600054050000011
260005405000012	2600054050000012
260005405000013	2600054050000013
260005405000014	2600054050000014
260005405000015	2600054050000015
260005405000016	2600054050000016
260005405000017	2600054050000017
260005405000018	2600054050000018
260005405000019	2600054050000019
260005405000020	2600054050000020
260005405000021	2600054050000021
260005405000022	2600054050000022
260005405000023	2600054050000023
260005405000024	2600054050000024
260005405000025	2600054050000025
260005405000062	2600054050000026
260005405000061	2600054050000026
260005405000026	2600054050000026
260005405000027	2600054050000027
260005405000028	2600054050000028
260005405000029	2600054050000029
260005405000030	2600054050000030
260005405000031	2600054050000031
260005405000032	2600054050000032
260005405000033	2600054050000033
260005405000034	2600054050000034
260005405000035	2600054050000035
260005405000036	2600054050000036
260005405000037	2600054050000037
260005405000038	2600054050000038
260005405000039	2600054050000039
260005405000040	2600054050000040
260005405000041	2600054050000041
260005405000042	2600054050000042
260005405000044	2600054050000042
260005405000072	2600054050000042
260005405000043	2600054050000043
260005405000045	2600054050000044
260005405000046	2600054050000045
260005405000047	2600054050000046
260005405000048	2600054050000047
260005405000049	2600054050000048
260005405000050	2600054050000049
260005405000051	2600054050000050
260005405000052	2600054050000051
260005405000053	2600054050000052
260005405000054	2600054050000053
260005405000055	2600054050000054
260005405000056	2600054050000055
260005405000057	2600054050000056
260005405000058	2600054050000057
260005405000059	2600054050000058
260005405000060	2600054050000059
260005405000063	2600054050000060
260005405000064	2600054050000061
260005405000065	2600054050000062
260005405000066	2600054050000063
260005405000067	2600054050000064
260005405000068	2600054050000065
260005405000069	2600054050000066
260005405000070	2600054050000067
260005405000071	2600054050000068
260005405000073	2600054050000069
260005405000074	2600054050000070
260005405000075	2600054050000071
260005405000079	2600054050000072
260005405000084	2600054050000072
260005405000085	2600054050000072
260005405000083	2600054050000072
260005405000080	2600054050000072
260005405000081	2600054050000072
260005405000097	2600054050000072
260005405000078	2600054050000072
260005405000082	2600054050000073
260005405000086	2600054050000074
260005405000087	2600054050000075
260005405000088	2600054050000076
260005405000089	2600054050000077
260005405000090	2600054050000078
260005405000091	2600054050000079
260005405000092	2600054050000080
260005405000093	2600054050000081
260005405000094	2600054050000082
260005405000095	2600054050000083
260005405000096	2600054050000084
260005405000098	2600054050000085
260005405000099	2600054050000086
260005405000100	2600054050000087
260005405000101	2600054050000088
260005405000102	2600054050000089
260005405000103	2600054050000090
260005405000104	2600054050000091
260005405000105	2600054050000092
260005405000106	2600054050000093
260005405000107	2600054050000094
260005405000108	2600054050000095
260005405000109	2600054050000096
260005405000110	2600054050000097
260005405000111	2600054050000098
260005405000112	2600054050000099
260005405000113	2600054050000100
260005410000001	2600054100000001
260105205000001	2601052050000001
260105205000002	2601052050000002
260105205000003	2601052050000003
260105205000004	2601052050000004
260105205000005	2601052050000005
260105205000006	2601052050000006
260105205000007	2601052050000007
260105205000008	2601052050000008
260105205000009	2601052050000009
260105205000010	2601052050000010
260105205000011	2601052050000011
260105205000012	2601052050000012
260105205000013	2601052050000013
260105205000014	2601052050000014
260105205000015	2601052050000015
260105205000016	2601052050000016
260105205000017	2601052050000017
260105205000018	2601052050000018
260105205000019	2601052050000019
260105205000020	2601052050000020
260105205000021	2601052050000021
260290205000030	2602902050000001
260290205000031	2602902050000002
260290205000032	2602902050000003
260290205000033	2602902050000004
260290205000034	2602902050000005
260290205000035	2602902050000006
260290205000036	2602902050000007
260290205000037	2602902050000008
260290205000038	2602902050000009
260290205000143	2602902050000010
260290205000049	2602902050000010
260290205000057	2602902050000010
260290205000074	2602902050000010
260290205000067	2602902050000010
260290205000043	2602902050000010
260290205000145	2602902050000010
260290205000029	2602902050000010
260290205000148	2602902050000010
260290205000070	2602902050000010
260290205000144	2602902050000010
260290205000039	2602902050000010
260290205000106	2602902050000010
260290205000114	2602902050000010
260290205000117	2602902050000010
260290205000105	2602902050000010
260290205000075	2602902050000010
260290205000077	2602902050000010
260290205000107	2602902050000010
260290205000073	2602902050000010
260290205000072	2602902050000010
260290205000147	2602902050000010
260290205000159	2602902050000010
260290205000080	2602902050000010
260290205000044	2602902050000010
260290205000140	2602902050000010
260290205000120	2602902050000010
260290205000146	2602902050000010
260290205000079	2602902050000010
260290205000040	2602902050000011
260290205000131	2602902050000012
260290205000132	2602902050000013
260290205000133	2602902050000014
260290205000134	2602902050000015
260290205000135	2602902050000016
260290205000136	2602902050000017
260290205000137	2602902050000018
260290205000138	2602902050000019
260290205000139	2602902050000020
260290205000141	2602902050000021
260290205000001	2602902050000022
260290205000002	2602902050000023
260290205000003	2602902050000024
260290205000004	2602902050000025
260290205000005	2602902050000026
260290205000006	2602902050000027
260290205000007	2602902050000028
260290205000064	2602902050000028
260290205000008	2602902050000029
260290205000009	2602902050000030
260290205000010	2602902050000031
260290205000088	2602902050000032
260290205000011	2602902050000032
260290205000012	2602902050000033
260290205000013	2602902050000034
260290205000014	2602902050000035
260290205000015	2602902050000036
260290205000016	2602902050000037
260290205000017	2602902050000038
260290205000018	2602902050000039
260290205000019	2602902050000040
260290205000020	2602902050000041
260290205000021	2602902050000042
260290205000022	2602902050000043
260290205000023	2602902050000044
260290205000024	2602902050000045
260290205000025	2602902050000046
260290205000026	2602902050000047
260290205000027	2602902050000048
260290205000028	2602902050000049
260290205000041	2602902050000050
260290205000042	2602902050000051
260290205000045	2602902050000052
260290205000046	2602902050000053
260290205000047	2602902050000054
260290205000149	2602902050000055
260290205000069	2602902050000055
260290205000154	2602902050000055
260290205000048	2602902050000055
260290205000050	2602902050000056
260290205000051	2602902050000057
260290205000052	2602902050000058
260290205000053	2602902050000059
260290205000054	2602902050000060
260290205000055	2602902050000061
260290205000056	2602902050000062
260290205000058	2602902050000063
260290205000059	2602902050000064
260290205000060	2602902050000065
260290205000061	2602902050000066
260290205000062	2602902050000067
260290205000063	2602902050000068
260290205000065	2602902050000069
260290205000066	2602902050000070
260290205000068	2602902050000071
260290205000071	2602902050000072
260290205000076	2602902050000073
260290205000078	2602902050000074
260290205000081	2602902050000075
260290205000082	2602902050000076
260290205000083	2602902050000077
260290205000084	2602902050000078
260290205000085	2602902050000079
260290205000086	2602902050000080
260290205000087	2602902050000081
260290205000089	2602902050000082
260290205000090	2602902050000083
260290205000091	2602902050000084
260290205000092	2602902050000085
260290205000093	2602902050000086
260290205000094	2602902050000087
260290205000095	2602902050000088
260290205000096	2602902050000089
260290205000097	2602902050000090
260290205000098	2602902050000091
260290205000099	2602902050000092
260290205000100	2602902050000093
260290205000101	2602902050000094
260290205000102	2602902050000095
260290205000103	2602902050000096
260290205000104	2602902050000097
260290205000108	2602902050000098
260290205000109	2602902050000099
260290205000110	2602902050000100
260290205000111	2602902050000101
260290205000112	2602902050000102
260290205000113	2602902050000103
260290205000153	2602902050000103
260290205000115	2602902050000104
260290205000116	2602902050000105
260290205000118	2602902050000106
260290205000119	2602902050000107
260290205000121	2602902050000108
260290205000122	2602902050000109
260290205000123	2602902050000110
260290205000124	2602902050000111
260290205000125	2602902050000112
260290205000126	2602902050000113
260290205000127	2602902050000114
260290205000128	2602902050000115
260290205000129	2602902050000116
260290205000130	2602902050000117
260290205000142	2602902050000118
260290205000150	2602902050000119
260290205000151	2602902050000120
260290205000152	2602902050000121
260290205000155	2602902050000122
260290205000156	2602902050000123
260290205000157	2602902050000124
260290205000158	2602902050000125
260290205000160	2602902050000126
260290210000001	2602902100000001
260290210000002	2602902100000002
260290210000003	2602902100000003
260290210000004	2602902100000004
260290210000005	2602902100000005
260290210000006	2602902100000006
260290210000007	2602902100000007
260290210000008	2602902100000008
260290210000009	2602902100000009
260290210000010	2602902100000010
260290210000011	2602902100000011
260290215000001	2602902150000001
260290215000002	2602902150000002
260290215000003	2602902150000003
260290215000004	2602902150000004
260290215000005	2602902150000005
260290215000006	2602902150000006
260290215000007	2602902150000007
260290215000008	2602902150000008
260290215000009	2602902150000009
260290215000010	2602902150000010
260290215000011	2602902150000011
260290215000012	2602902150000012
260290215000013	2602902150000013
260290215000014	2602902150000014
260290215000015	2602902150000015
260290215000016	2602902150000016
260290215000062	2602902150000017
260290215000030	2602902150000017
260290215000031	2602902150000017
260290215000063	2602902150000017
260290215000053	2602902150000017
260290215000017	2602902150000017
260290215000061	2602902150000017
260290215000069	2602902150000017
260290215000018	2602902150000018
260290215000019	2602902150000019
260290215000020	2602902150000020
260290215000021	2602902150000021
260290215000022	2602902150000022
260290215000067	2602902150000022
260290215000072	2602902150000022
260290215000073	2602902150000022
260290215000068	2602902150000022
260290215000027	2602902150000022
260290215000023	2602902150000023
260290215000026	2602902150000024
260290215000025	2602902150000024
260290215000035	2602902150000024
260290215000055	2602902150000024
260290215000056	2602902150000024
260290215000024	2602902150000024
260290215000036	2602902150000024
260290215000028	2602902150000025
260290215000029	2602902150000026
260290215000032	2602902150000027
260290215000033	2602902150000028
260290215000034	2602902150000029
260290215000037	2602902150000030
260290215000038	2602902150000031
260290215000039	2602902150000032
260290215000040	2602902150000033
260290215000041	2602902150000034
260290215000042	2602902150000035
260290215000043	2602902150000036
260290215000044	2602902150000037
260290215000045	2602902150000038
260290215000046	2602902150000039
260290215000047	2602902150000040
260290215000048	2602902150000041
260290215000049	2602902150000042
260290215000050	2602902150000043
260290215000051	2602902150000044
260290215000052	2602902150000045
260290215000054	2602902150000046
260290215000057	2602902150000047
260290215000058	2602902150000048
260290215000059	2602902150000049
260290215000060	2602902150000050
260290215000064	2602902150000051
260290215000065	2602902150000052
260290215000066	2602902150000053
260290215000070	2602902150000054
260290215000071	2602902150000055
260290215000074	2602902150000056
260290220000001	2602902200000001
260290220000002	2602902200000002
260290220000003	2602902200000003
260290220000019	2602902200000003
260290220000026	2602902200000004
260290220000045	2602902200000004
260290220000013	2602902200000004
260290220000004	2602902200000004
260290220000025	2602902200000004
260290220000028	2602902200000004
260290220000027	2602902200000004
260290220000016	2602902200000004
260290220000018	2602902200000004
260290220000044	2602902200000004
260290220000005	2602902200000004
260290220000023	2602902200000004
260290220000021	2602902200000004
260290220000037	2602902200000004
260290220000015	2602902200000004
260290220000039	2602902200000004
260290220000043	2602902200000004
260290220000022	2602902200000004
260290220000024	2602902200000004
260290220000006	2602902200000005
260290220000033	2602902200000006
260290220000007	2602902200000006
260290220000008	2602902200000007
260290220000009	2602902200000008
260290220000010	2602902200000009
260290220000035	2602902200000009
260290220000011	2602902200000010
260290220000012	2602902200000011
260290220000014	2602902200000012
260290220000017	2602902200000013
260290220000020	2602902200000014
260290220000029	2602902200000015
260290220000030	2602902200000016
260290220000031	2602902200000017
260290220000032	2602902200000018
260290220000034	2602902200000019
260290220000036	2602902200000020
260290220000038	2602902200000021
260290220000040	2602902200000022
260290220000041	2602902200000023
260290220000042	2602902200000024
260345405060001	2603454050600001
260345405060002	2603454050600002
260345405060003	2603454050600003
260345405060004	2603454050600004
260345405060005	2603454050600005
260345405060006	2603454050600006
260345405060007	2603454050600007
260345405060008	2603454050600008
260345405060009	2603454050600009
260345405060010	2603454050600010
260345405060011	2603454050600011
260345405060012	2603454050600012
260345405060013	2603454050600013
260345405060014	2603454050600014
260345405060015	2603454050600015
260345405060016	2603454050600016
260345405060017	2603454050600016
260345405060018	2603454050600017
260345405060019	2603454050600018
260345405060020	2603454050600019
260345405060021	2603454050600020
260345405060022	2603454050600021
260345405060023	2603454050600022
260345405060024	2603454050600023
260345405060025	2603454050600023
260345405060026	2603454050600024
260345405060027	2603454050600024
260345405060028	2603454050600025
260345405060035	2603454050600026
260345405060036	2603454050600026
260345405060030	2603454050600026
260345405060031	2603454050600026
260345405060029	2603454050600026
260345405060038	2603454050600026
260345405060037	2603454050600026
260345405060039	2603454050600026
260345405060032	2603454050600027
260345405060033	2603454050600028
260345405060034	2603454050600029
260345405060101	2603454050600030
260345405060052	2603454050600030
260345405060040	2603454050600030
260345405060041	2603454050600031
260345405060042	2603454050600032
260345405060043	2603454050600033
260345405060044	2603454050600034
260345405060045	2603454050600035
260345405060046	2603454050600036
260345405060047	2603454050600037
260345405060048	2603454050600038
260345405060049	2603454050600039
260345405060050	2603454050600040
260345405060051	2603454050600041
260345405060053	2603454050600042
260345405060054	2603454050600043
260345405060055	2603454050600044
260345405060056	2603454050600045
260345405060057	2603454050600046
260345405060058	2603454050600047
260345405060059	2603454050600048
260345405060060	2603454050600049
260345405060061	2603454050600050
260345405060062	2603454050600051
260345405060063	2603454050600052
260345405060064	2603454050600053
260345405060065	2603454050600054
260345405060066	2603454050600055
260345405060067	2603454050600056
260345405060068	2603454050600057
260345405060069	2603454050600058
260345405060070	2603454050600059
260345405060071	2603454050600060
260345405060072	2603454050600061
260345405060073	2603454050600062
260345405060074	2603454050600063
260345405060075	2603454050600064
260345405060076	2603454050600065
260345405060077	2603454050600066
260345405060078	2603454050600067
260345405060079	2603454050600068
260345405060080	2603454050600069
260345405060081	2603454050600070
260345405060082	2603454050600071
260345405060083	2603454050600072
260345405060084	2603454050600073
260345405060085	2603454050600074
260345405060086	2603454050600075
260345405060087	2603454050600076
260345405060088	2603454050600077
260345405060089	2603454050600078
260345405060090	2603454050600079
260345405060091	2603454050600080
260345405060092	2603454050600081
260345405060093	2603454050600082
260345405060094	2603454050600083
260345405060095	2603454050600084
260345405060096	2603454050600085
260345405060097	2603454050600086
260345405060098	2603454050600087
260345405060099	2603454050600088
260345405060100	2603454050600089
260345405070001	2603454050700001
260345405070002	2603454050700002
260345405070003	2603454050700003
260345405070004	2603454050700004
260345405070005	2603454050700005
260345405070006	2603454050700006
260345405070007	2603454050700006
260345405070009	2603454050700006
260345405070008	2603454050700007
260345405070011	2603454050700008
260345405070010	2603454050700008
260345405070012	2603454050700009
260345405070013	2603454050700010
260345405070014	2603454050700011
260345405070015	2603454050700012
260345405070016	2603454050700013
260345405070017	2603454050700014
260345405070018	2603454050700015
260345405070019	2603454050700016
260345405070021	2603454050700017
260345405070020	2603454050700017
260345405070022	2603454050700018
260345405070023	2603454050700019
260345405070032	2603454050700020
260345405070031	2603454050700020
260345405070025	2603454050700020
260345405070024	2603454050700020
260345405070026	2603454050700021
260345405070027	2603454050700022
260345405070028	2603454050700023
260345405070029	2603454050700024
260345405070030	2603454050700025
260345405070033	2603454050700026
260345405070034	2603454050700027
260345405070035	2603454050700028
260345405070036	2603454050700029
260345405070037	2603454050700030
260345405080001	2603454050800001
260345405080002	2603454050800002
260345405080003	2603454050800003
260345405080004	2603454050800004
260345405080005	2603454050800005
260345405080006	2603454050800006
260345405080007	2603454050800007
260345405080008	2603454050800008
260345405080009	2603454050800009
260345405080010	2603454050800010
260345405080011	2603454050800011
260345405080012	2603454050800012
260345405080013	2603454050800013
260345405080020	2603454050800014
260345405080014	2603454050800014
260345405080016	2603454050800014
260345405080015	2603454050800015
260345405080017	2603454050800016
260345405080018	2603454050800017
260345405080019	2603454050800018
260345405080021	2603454050800019
260345405090001	2603454050900001
260345405090002	2603454050900002
260345405090003	2603454050900003
260345405090005	2603454050900004
260345405090004	2603454050900004
260345405090006	2603454050900005
260345405090017	2603454050900005
260345405090007	2603454050900006
260345405090008	2603454050900007
260345405090009	2603454050900008
260345405090010	2603454050900009
260345405090011	2603454050900010
260345405090022	2603454050900010
260345405090012	2603454050900011
260345405090013	2603454050900012
260345405090014	2603454050900013
260345405090015	2603454050900014
260345405090016	2603454050900015
260345405090018	2603454050900016
260345405090019	2603454050900017
260345405090020	2603454050900018
260345405090021	2603454050900019
260345405090023	2603454050900020
260345405100001	2603454051000001
260345405100002	2603454051000002
260345405100003	2603454051000003
260345405100004	2603454051000004
260345405100005	2603454051000004
260345405100006	2603454051000005
260345405100007	2603454051000006
260345405100008	2603454051000007
260345405100009	2603454051000008
260345405100011	2603454051000009
260345405100010	2603454051000009
260345405100012	2603454051000010
260345405100013	2603454051000011
260345405100026	2603454051000012
260345405100015	2603454051000012
260345405100014	2603454051000012
260345405100016	2603454051000013
260345405100017	2603454051000014
260345405100018	2603454051000015
260345405100019	2603454051000016
260345405100020	2603454051000017
260345405100021	2603454051000018
260345405100022	2603454051000018
260345405100024	2603454051000019
260345405100023	2603454051000019
260345405100025	2603454051000020
260345405100027	2603454051000021
260345405100028	2603454051000022
260345405100029	2603454051000023
260345405100030	2603454051000024
260790105000001	2607901050000001
260790105000002	2607901050000002
260790105000003	2607901050000003
260790105000004	2607901050000004
260790105000005	2607901050000005
260790105000006	2607901050000006
260790105000007	2607901050000007
260790105000008	2607901050000008
260790105000009	2607901050000009
260790105000329	2607901050000010
260790105000213	2607901050000011
260790105000330	2607901050000011
260790105000331	2607901050000012
260790105000333	2607901050000013
260790105000332	2607901050000013
260790105000334	2607901050000014
260790105000369	2607901050000015
260790105000384	2607901050000015
260790105000306	2607901050000015
260790105000392	2607901050000015
260790105000382	2607901050000015
260790105000192	2607901050000015
260790105000405	2607901050000015
260790105000357	2607901050000015
260790105000383	2607901050000015
260790105000378	2607901050000015
260790105000394	2607901050000015
260790105000193	2607901050000015
260790105000292	2607901050000015
260790105000336	2607901050000015
260790105000381	2607901050000015
260790105000335	2607901050000015
260790105000342	2607901050000015
260790105000190	2607901050000015
260790105000344	2607901050000015
260790105000393	2607901050000015
260790105000379	2607901050000015
260790105000391	2607901050000015
260790105000224	2607901050000015
260790105000396	2607901050000015
260790105000191	2607901050000015
260790105000268	2607901050000015
260790105000314	2607901050000015
260790105000373	2607901050000015
260790105000345	2607901050000015
260790105000320	2607901050000015
260790105000227	2607901050000015
260790105000307	2607901050000015
260790105000188	2607901050000015
260790105000390	2607901050000015
260790105000148	2607901050000015
260790105000230	2607901050000015
260790105000229	2607901050000015
260790105000260	2607901050000015
260790105000337	2607901050000016
260790105000338	2607901050000016
260790105000339	2607901050000017
260680405000001	2606804050000001
260680405000002	2606804050000002
260680405000003	2606804050000003
260680405000004	2606804050000004
260680405000013	2606804050000005
260680405000005	2606804050000005
260680405000006	2606804050000006
260680405000007	2606804050000007
260680405000008	2606804050000008
260680405000009	2606804050000009
260680405000010	2606804050000010
260680405000011	2606804050000011
260680405000012	2606804050000012
260680405000014	2606804050000013
260680405000015	2606804050000014
260680405000016	2606804050000015
260680405000017	2606804050000016
260680405000118	2606804050000017
260680405000020	2606804050000017
260680405000119	2606804050000017
260680405000089	2606804050000017
260680405000055	2606804050000017
260680405000062	2606804050000017
260680405000081	2606804050000017
260680405000018	2606804050000017
260680405000054	2606804050000017
260680405000019	2606804050000018
260680405000021	2606804050000019
260680405000022	2606804050000020
260680405000023	2606804050000021
260680405000063	2606804050000022
260680405000024	2606804050000022
260680405000027	2606804050000022
260680405000070	2606804050000022
260680405000076	2606804050000022
260680405000025	2606804050000022
260680405000026	2606804050000023
260680405000028	2606804050000024
260680405000029	2606804050000025
260680405000030	2606804050000026
260680405000031	2606804050000027
260680405000032	2606804050000028
260680405000033	2606804050000029
260680405000034	2606804050000030
260680405000035	2606804050000031
260680405000036	2606804050000032
260680405000037	2606804050000033
260680405000038	2606804050000034
260680405000039	2606804050000035
260680405000040	2606804050000036
260680405000041	2606804050000037
260680405000109	2606804050000038
260680405000108	2606804050000038
260680405000042	2606804050000038
260680405000043	2606804050000039
260680405000044	2606804050000040
260680405000045	2606804050000041
260680405000046	2606804050000042
260680405000047	2606804050000043
260680405000048	2606804050000044
260680405000049	2606804050000045
260680405000050	2606804050000046
260680405000051	2606804050000047
260680405000052	2606804050000048
260680405000053	2606804050000049
260680405000056	2606804050000050
260680405000057	2606804050000051
260680405000058	2606804050000052
260680405000059	2606804050000053
260680405000060	2606804050000054
260680405000061	2606804050000055
260680405000064	2606804050000056
260680405000065	2606804050000057
260680405000066	2606804050000058
260680405000067	2606804050000059
260680405000068	2606804050000060
260680405000069	2606804050000061
260680405000071	2606804050000062
260680405000072	2606804050000063
260680405000073	2606804050000064
260680405000079	2606804050000065
260680405000074	2606804050000065
260680405000080	2606804050000065
260680405000075	2606804050000065
260680405000077	2606804050000066
260680405000078	2606804050000067
260680405000082	2606804050000068
260680405000083	2606804050000069
260680405000084	2606804050000070
260680405000085	2606804050000071
260680405000086	2606804050000072
260680405000087	2606804050000073
260680405000088	2606804050000074
260680405000090	2606804050000075
260680405000091	2606804050000076
260680405000092	2606804050000077
260680405000093	2606804050000078
260680405000094	2606804050000079
260680405000095	2606804050000080
260680405000096	2606804050000081
260680405000097	2606804050000082
260680405000098	2606804050000083
260680405000099	2606804050000084
260680405000100	2606804050000085
260680405000101	2606804050000086
260680405000102	2606804050000087
260680405000103	2606804050000088
260680405000104	2606804050000089
260680405000105	2606804050000090
260680405000106	2606804050000091
260680405000107	2606804050000092
260680405000110	2606804050000093
260680405000111	2606804050000094
260680405000112	2606804050000095
260680405000113	2606804050000096
260680405000114	2606804050000097
260680405000115	2606804050000098
260680405000116	2606804050000099
260680405000117	2606804050000100
260680405000120	2606804050000101
260680405000121	2606804050000102
260680405000122	2606804050000103
260680405000123	2606804050000104
260680405000124	2606804050000105
260680405000125	2606804050000106
260680420000004	2606804200000001
260680420000005	2606804200000001
260680420000001	2606804200000001
260680420000003	2606804200000001
260680420000002	2606804200000001
260680425000001	2606804250000001
260680425000002	2606804250000002
260680425000003	2606804250000003
260720805000001	2607208050000001
260720805000025	2607208050000002
260720805000002	2607208050000002
260720805000003	2607208050000003
260720805000005	2607208050000004
260720805000019	2607208050000004
260720805000009	2607208050000004
260720805000004	2607208050000004
260720805000024	2607208050000004
260720805000022	2607208050000004
260720805000023	2607208050000004
260720805000020	2607208050000004
260720805000021	2607208050000004
260720805000006	2607208050000004
260720805000015	2607208050000004
260720805000016	2607208050000004
260720805000027	2607208050000004
260720805000013	2607208050000004
260720805000026	2607208050000005
260720805000008	2607208050000005
260720805000007	2607208050000005
260720805000010	2607208050000006
260720805000012	2607208050000007
260720805000011	2607208050000007
260720805000014	2607208050000008
260720805000017	2607208050000009
260720805000018	2607208050000010
260720805000028	2607208050000011
260720805000029	2607208050000012
260720810000021	2607208100000001
260720810000018	2607208100000001
260720810000012	2607208100000001
260720810000007	2607208100000001
260720810000017	2607208100000001
260720810000011	2607208100000001
260720810000010	2607208100000001
260720810000016	2607208100000001
260720810000020	2607208100000001
260720810000013	2607208100000001
260720810000001	2607208100000001
260720810000008	2607208100000001
260720810000004	2607208100000001
260720810000015	2607208100000001
260720810000014	2607208100000001
260720810000019	2607208100000001
260720810000002	2607208100000002
260720810000003	2607208100000003
260720810000005	2607208100000004
260720810000006	2607208100000005
260720810000009	2607208100000006
260720810000022	2607208100000007
260720815000001	2607208150000001
260720815000002	2607208150000002
260720815000028	2607208150000003
260720815000035	2607208150000003
260720815000026	2607208150000003
260720815000009	2607208150000003
260720815000024	2607208150000003
260720815000010	2607208150000003
260720815000003	2607208150000003
260720815000011	2607208150000003
260720815000020	2607208150000003
260720815000022	2607208150000003
260720815000008	2607208150000003
260720815000038	2607208150000003
260720815000025	2607208150000003
260720815000004	2607208150000004
260720815000005	2607208150000005
260720815000006	2607208150000006
260720815000007	2607208150000007
260720815000012	2607208150000008
260720815000013	2607208150000009
260720815000014	2607208150000010
260720815000015	2607208150000011
260720815000039	2607208150000012
260720815000023	2607208150000012
260720815000016	2607208150000012
260720815000027	2607208150000012
260720815000017	2607208150000013
260720815000041	2607208150000014
260720815000018	2607208150000014
260720815000019	2607208150000014
260720815000021	2607208150000015
260720815000029	2607208150000016
260720815000030	2607208150000017
260720815000031	2607208150000018
260720815000032	2607208150000019
260720815000033	2607208150000020
260720815000034	2607208150000021
260720815000036	2607208150000022
260720815000037	2607208150000023
260720815000040	2607208150000024
260760405000001	2607604050000001
260760405000002	2607604050000002
260760405000003	2607604050000003
260760405000004	2607604050000004
260760405000005	2607604050000005
260760405000006	2607604050000006
260760405000007	2607604050000007
260760405000008	2607604050000008
260760405000009	2607604050000009
260760405000010	2607604050000010
260760405000013	2607604050000011
260760405000011	2607604050000011
260760405000012	2607604050000012
260760405000014	2607604050000013
260760405000015	2607604050000014
260760405000016	2607604050000015
260760405000017	2607604050000016
260760405000018	2607604050000017
260760405000019	2607604050000018
260760405000055	2607604050000019
260760405000062	2607604050000019
260760405000042	2607604050000019
260760405000061	2607604050000019
260760405000060	2607604050000019
260760405000037	2607604050000019
260760405000044	2607604050000019
260760405000022	2607604050000019
260760405000021	2607604050000019
260760405000035	2607604050000019
260760405000036	2607604050000019
260760405000020	2607604050000019
260760405000032	2607604050000019
260760405000043	2607604050000019
260760405000045	2607604050000019
260760405000041	2607604050000019
260760405000046	2607604050000019
260760405000059	2607604050000019
260760405000058	2607604050000019
260760405000034	2607604050000019
260760405000031	2607604050000019
260760405000023	2607604050000020
260760405000024	2607604050000021
260760405000025	2607604050000022
260760405000026	2607604050000023
260760405000027	2607604050000024
260760405000028	2607604050000025
260760405000029	2607604050000026
260760405000030	2607604050000027
260760405000033	2607604050000028
260760405000038	2607604050000029
260760405000039	2607604050000030
260760405000040	2607604050000031
260760405000047	2607604050000032
260760405000048	2607604050000033
260760405000049	2607604050000034
260760405000050	2607604050000035
260760405000051	2607604050000036
260760405000052	2607604050000037
260760405000053	2607604050000038
260760405000054	2607604050000039
260760405000056	2607604050000040
260760405000057	2607604050000041
260760405000063	2607604050000042
260775205000001	2607752050000001
260775205000002	2607752050000002
260775205000003	2607752050000003
260775205000004	2607752050000004
260775205000017	2607752050000005
260775205000014	2607752050000005
260775205000018	2607752050000005
260775205000025	2607752050000005
260775205000033	2607752050000005
260775205000005	2607752050000005
260775205000016	2607752050000005
260775205000006	2607752050000006
260775205000007	2607752050000007
260775205000008	2607752050000008
260775205000009	2607752050000009
260775205000010	2607752050000010
260775205000011	2607752050000011
260775205000012	2607752050000012
260775205000013	2607752050000013
260775205000015	2607752050000014
260775205000019	2607752050000015
260775205000020	2607752050000016
260775205000021	2607752050000017
260775205000022	2607752050000018
260775205000023	2607752050000019
260775205000024	2607752050000020
260775205000026	2607752050000021
260775205000027	2607752050000022
260775205000028	2607752050000023
260775205000029	2607752050000024
260775205000030	2607752050000025
260775205000031	2607752050000026
260775205000032	2607752050000027
260790105000011	2607901050000018
260790105000273	2607901050000018
260790105000010	2607901050000018
260790105000012	2607901050000019
260790105000013	2607901050000020
260790105000014	2607901050000021
260790105000015	2607901050000022
260790105000017	2607901050000023
260790105000016	2607901050000023
260790105000018	2607901050000024
260790105000019	2607901050000025
260790105000020	2607901050000026
260790105000021	2607901050000027
260790105000022	2607901050000028
260790105000023	2607901050000029
260790105000024	2607901050000030
260790105000025	2607901050000031
260790105000026	2607901050000032
260790105000027	2607901050000033
260790105000028	2607901050000034
260790105000029	2607901050000035
260790105000030	2607901050000036
260790105000031	2607901050000037
260790105000032	2607901050000038
260790105000033	2607901050000039
260790105000034	2607901050000040
260790105000035	2607901050000041
260790105000036	2607901050000042
260790105000037	2607901050000043
260790105000038	2607901050000044
260790105000039	2607901050000045
260790105000040	2607901050000046
260790105000041	2607901050000047
260790105000042	2607901050000048
260790105000043	2607901050000049
260790105000130	2607901050000049
260790105000284	2607901050000050
260790105000075	2607901050000050
260790105000044	2607901050000050
260790105000076	2607901050000050
260790105000045	2607901050000051
260790105000046	2607901050000052
260790105000047	2607901050000053
260790105000048	2607901050000054
260790105000049	2607901050000055
260790105000050	2607901050000056
260790105000051	2607901050000057
260790105000052	2607901050000058
260790105000053	2607901050000059
260790105000054	2607901050000060
260790105000055	2607901050000061
260790105000056	2607901050000062
260790105000057	2607901050000063
260790105000058	2607901050000064
260790105000059	2607901050000065
260790105000060	2607901050000066
260790105000061	2607901050000067
260790105000062	2607901050000068
260790105000063	2607901050000069
260790105000064	2607901050000070
260790105000065	2607901050000071
260790105000066	2607901050000072
260790105000067	2607901050000073
260790105000068	2607901050000074
260790105000069	2607901050000075
260790105000070	2607901050000076
260790105000071	2607901050000077
260790105000072	2607901050000078
260790105000073	2607901050000079
260790105000074	2607901050000080
260790105000077	2607901050000081
260790105000078	2607901050000082
260790105000079	2607901050000083
260790105000080	2607901050000084
260790105000081	2607901050000085
260790105000082	2607901050000086
260790105000083	2607901050000087
260790105000084	2607901050000088
260790105000087	2607901050000089
260790105000085	2607901050000089
260790105000086	2607901050000089
260790105000088	2607901050000090
260790105000089	2607901050000091
260790105000090	2607901050000092
260790105000091	2607901050000093
260790105000092	2607901050000094
260790105000093	2607901050000095
260790105000094	2607901050000096
260790105000095	2607901050000097
260790105000096	2607901050000098
260790105000097	2607901050000099
260790105000098	2607901050000100
260790105000099	2607901050000101
260790105000100	2607901050000102
260790105000101	2607901050000103
260790105000102	2607901050000104
260790105000103	2607901050000105
260790105000104	2607901050000106
260790105000105	2607901050000107
260790105000106	2607901050000108
260790105000107	2607901050000109
260790105000226	2607901050000110
260790105000108	2607901050000110
260790105000109	2607901050000111
260790105000110	2607901050000112
260790105000111	2607901050000113
260790105000115	2607901050000114
260790105000113	2607901050000114
260790105000112	2607901050000114
260790105000114	2607901050000114
260790105000116	2607901050000115
260790105000122	2607901050000116
260790105000119	2607901050000116
260790105000117	2607901050000116
260790105000120	2607901050000116
260790105000118	2607901050000116
260790105000121	2607901050000117
260790105000123	2607901050000118
260790105000124	2607901050000119
260790105000294	2607901050000120
260790105000125	2607901050000120
260790105000126	2607901050000121
260790105000127	2607901050000122
260790105000128	2607901050000123
260790105000129	2607901050000124
260790105000131	2607901050000125
260790105000286	2607901050000125
260790105000132	2607901050000126
260790105000389	2607901050000126
260790105000218	2607901050000126
260790105000296	2607901050000127
260790105000133	2607901050000127
260790105000134	2607901050000128
260790105000135	2607901050000129
260790105000136	2607901050000130
260790105000137	2607901050000131
260790105000138	2607901050000132
260790105000139	2607901050000133
260790105000140	2607901050000134
260790105000141	2607901050000135
260790105000142	2607901050000136
260790105000143	2607901050000137
260790105000144	2607901050000138
260790105000145	2607901050000139
260790105000146	2607901050000140
260790105000147	2607901050000141
260790105000149	2607901050000142
260790105000150	2607901050000143
260790105000151	2607901050000144
260790105000152	2607901050000145
260790105000315	2607901050000146
260790105000153	2607901050000146
260790105000154	2607901050000147
260790105000155	2607901050000148
260790105000156	2607901050000149
260790105000157	2607901050000150
260790105000158	2607901050000151
260790105000159	2607901050000152
260790105000160	2607901050000153
260790105000161	2607901050000154
260790105000162	2607901050000155
260790105000163	2607901050000156
260790105000164	2607901050000157
260790105000165	2607901050000158
260790105000166	2607901050000159
260790105000167	2607901050000160
260790105000168	2607901050000161
260790105000169	2607901050000162
260790105000170	2607901050000163
260790105000171	2607901050000164
260790105000172	2607901050000165
260790105000173	2607901050000166
260790105000174	2607901050000167
260790105000175	2607901050000168
260790105000176	2607901050000169
260790105000177	2607901050000170
260790105000178	2607901050000171
260790105000179	2607901050000172
260790105000180	2607901050000173
260790105000181	2607901050000174
260790105000182	2607901050000175
260790105000183	2607901050000176
260790105000184	2607901050000177
260790105000185	2607901050000178
260790105000186	2607901050000179
260790105000187	2607901050000180
260790105000189	2607901050000181
260790105000194	2607901050000182
260790105000359	2607901050000183
260790105000196	2607901050000183
260790105000341	2607901050000183
260790105000374	2607901050000183
260790105000366	2607901050000183
260790105000361	2607901050000183
260790105000362	2607901050000183
260790105000197	2607901050000183
260790105000195	2607901050000183
260790105000370	2607901050000183
260790105000360	2607901050000183
260790105000270	2607901050000183
260790105000198	2607901050000184
260790105000199	2607901050000185
260790105000200	2607901050000186
260790105000201	2607901050000187
260790105000202	2607901050000188
260790105000203	2607901050000189
260790105000204	2607901050000190
260790105000205	2607901050000191
260790105000206	2607901050000192
260790105000207	2607901050000193
260790105000208	2607901050000194
260790105000209	2607901050000195
260790105000210	2607901050000196
260790105000211	2607901050000197
260790105000212	2607901050000198
260790105000214	2607901050000199
260790105000215	2607901050000200
260790105000216	2607901050000201
260790105000217	2607901050000202
260790105000219	2607901050000203
260790105000220	2607901050000204
260790105000221	2607901050000205
260790105000222	2607901050000206
260790105000223	2607901050000207
260790105000225	2607901050000208
260790105000228	2607901050000209
260790105000231	2607901050000210
260790105000232	2607901050000211
260790105000233	2607901050000212
260790105000234	2607901050000213
260790105000235	2607901050000214
260790105000236	2607901050000215
260790105000237	2607901050000216
260790105000238	2607901050000217
260790105000239	2607901050000218
260790105000240	2607901050000219
260790105000241	2607901050000220
260790105000242	2607901050000221
260790105000243	2607901050000222
260790105000244	2607901050000223
260790105000245	2607901050000224
260790105000246	2607901050000225
260790105000247	2607901050000226
260790105000248	2607901050000227
260790105000249	2607901050000228
260790105000250	2607901050000229
260790105000251	2607901050000230
260790105000252	2607901050000231
260790105000253	2607901050000232
260790105000254	2607901050000233
260790105000255	2607901050000234
260790105000353	2607901050000235
260790105000356	2607901050000235
260790105000256	2607901050000235
260790105000257	2607901050000236
260790105000258	2607901050000237
260790105000259	2607901050000238
260790105000261	2607901050000239
260790105000262	2607901050000240
260790105000263	2607901050000241
260790105000264	2607901050000242
260790105000265	2607901050000243
260790105000266	2607901050000244
260790105000267	2607901050000245
260790105000269	2607901050000246
260790105000271	2607901050000247
260790105000272	2607901050000248
260790105000274	2607901050000249
260790105000275	2607901050000250
260790105000276	2607901050000251
260790105000277	2607901050000252
260790105000278	2607901050000253
260790105000279	2607901050000254
260790105000280	2607901050000255
260790105000281	2607901050000256
260790105000282	2607901050000257
260790105000283	2607901050000258
260790105000285	2607901050000259
260790105000287	2607901050000260
260790105000288	2607901050000261
260790105000289	2607901050000262
260790105000290	2607901050000263
260790105000291	2607901050000264
260790105000293	2607901050000265
260790105000295	2607901050000266
260790105000297	2607901050000267
260790105000298	2607901050000268
260790105000299	2607901050000269
260790105000300	2607901050000270
260790105000301	2607901050000271
260790105000302	2607901050000272
260790105000303	2607901050000273
260790105000304	2607901050000274
260790105000305	2607901050000275
260790105000308	2607901050000276
260790105000309	2607901050000277
260790105000310	2607901050000278
260790105000312	2607901050000279
260790105000311	2607901050000279
260790105000313	2607901050000280
260790105000316	2607901050000281
260790105000317	2607901050000282
260790105000318	2607901050000283
260790105000319	2607901050000284
260790105000321	2607901050000285
260790105000322	2607901050000286
260790105000323	2607901050000287
260790105000324	2607901050000288
260790105000325	2607901050000289
260790105000326	2607901050000290
260790105000327	2607901050000291
260790105000328	2607901050000292
260790105000340	2607901050000293
260790105000343	2607901050000294
260790105000346	2607901050000295
260790105000347	2607901050000296
260790105000348	2607901050000297
260790105000349	2607901050000298
260790105000350	2607901050000299
260790105000351	2607901050000300
260790105000352	2607901050000301
260790105000354	2607901050000302
260790105000355	2607901050000303
260790105000358	2607901050000304
260790105000365	2607901050000305
260790105000363	2607901050000305
260790105000364	2607901050000306
260790105000367	2607901050000307
260790105000368	2607901050000308
260790105000371	2607901050000309
260790105000372	2607901050000310
260790105000375	2607901050000311
260790105000376	2607901050000312
260790105000377	2607901050000313
260790105000380	2607901050000314
260790105000385	2607901050000315
260790105000386	2607901050000316
260790105000387	2607901050000317
260790105000388	2607901050000318
260790105000395	2607901050000319
260790105000397	2607901050000320
260790105000398	2607901050000321
260790105000399	2607901050000322
260790105000400	2607901050000323
260790105000401	2607901050000324
260790105000402	2607901050000325
260790105000403	2607901050000326
260790105000404	2607901050000327
260790105000406	2607901050000328
260790105000407	2607901050000329
260790105000408	2607901050000330
260790105000409	2607901050000331
260790105000410	2607901050000332
260790105000411	2607901050000333
260790105000412	2607901050000334
260790105000413	2607901050000335
260790110000003	2607901100000001
260790110000001	2607901100000001
260790110000002	2607901100000002
260790110000004	2607901100000003
260790110000031	2607901100000003
260790110000014	2607901100000003
260790110000032	2607901100000003
260790110000005	2607901100000004
260790110000006	2607901100000005
260790110000007	2607901100000006
260790110000008	2607901100000007
260790110000009	2607901100000008
260790110000010	2607901100000009
260790110000011	2607901100000010
260790110000012	2607901100000011
260790110000013	2607901100000012
260790110000024	2607901100000012
260790110000015	2607901100000013
260790110000016	2607901100000014
260790110000017	2607901100000015
260790110000018	2607901100000016
260790110000019	2607901100000017
260790110000020	2607901100000018
260790110000021	2607901100000019
260790110000022	2607901100000020
260790110000023	2607901100000021
260790110000025	2607901100000022
260790110000026	2607901100000022
260790110000027	2607901100000023
260790110000028	2607901100000024
260790110000029	2607901100000025
260790110000030	2607901100000026
260790110000033	2607901100000027
260790110000034	2607901100000028
260790110000035	2607901100000029
260790110000036	2607901100000030
260790110000037	2607901100000031
260790110000038	2607901100000032
260790110000039	2607901100000033
260790110000040	2607901100000034
260790110000041	2607901100000035
260790110000042	2607901100000036
260790110000043	2607901100000037
260790110000044	2607901100000038
260790110000045	2607901100000039
260790110000046	2607901100000040
260790110000047	2607901100000041
260790110000048	2607901100000042
260790110000049	2607901100000043
260790110000050	2607901100000044
260790110000051	2607901100000045
260790110000052	2607901100000046
260790110000053	2607901100000047
260790110000054	2607901100000048
260790110000055	2607901100000049
260790110000056	2607901100000050
260790110000057	2607901100000051
260790110000058	2607901100000052
260790110000059	2607901100000053
260790110000060	2607901100000054
260790110000061	2607901100000055
260790110000062	2607901100000056
260790110000063	2607901100000057
260790110000064	2607901100000058
260790110000095	2607901100000059
260790110000065	2607901100000059
260790110000066	2607901100000060
260790110000068	2607901100000060
260790110000067	2607901100000061
260790110000069	2607901100000062
260790110000070	2607901100000063
260790110000071	2607901100000064
260790110000072	2607901100000065
260790110000073	2607901100000066
260790110000074	2607901100000067
260790110000075	2607901100000068
260790110000076	2607901100000069
260790110000077	2607901100000070
260790110000078	2607901100000071
260790110000079	2607901100000072
260790110000080	2607901100000073
260790110000081	2607901100000074
260790110000082	2607901100000075
260790110000083	2607901100000076
260790110000084	2607901100000077
260790110000085	2607901100000078
260790110000086	2607901100000079
260790110000087	2607901100000080
260790110000088	2607901100000081
260790110000089	2607901100000082
260790110000090	2607901100000083
260790110000091	2607901100000084
260790110000092	2607901100000085
260790110000093	2607901100000086
260790110000094	2607901100000087
260790110000096	2607901100000088
260790110000097	2607901100000089
260790110000098	2607901100000090
260790110000099	2607901100000091
260790110000100	2607901100000092
260790110000101	2607901100000093
260790110000102	2607901100000094
260790110000103	2607901100000095
260790110000104	2607901100000096
260790110000105	2607901100000097
260790110000106	2607901100000098
260790110000107	2607901100000099
260790110000108	2607901100000100
260790110000109	2607901100000101
260790110000110	2607901100000102
260790110000111	2607901100000103
260790110000112	2607901100000104
260790110000113	2607901100000105
260790110000114	2607901100000106
260790110000118	2607901100000107
260790110000115	2607901100000107
260790110000116	2607901100000108
260790110000117	2607901100000109
260790110000119	2607901100000110
260790110000120	2607901100000111
260790110000121	2607901100000112
260790110000122	2607901100000113
260790110000123	2607901100000114
260790110000124	2607901100000115
260790110000125	2607901100000116
260790110000126	2607901100000117
260790110000127	2607901100000118
260790110000128	2607901100000119
260790110000129	2607901100000120
260790110000130	2607901100000121
260790110000131	2607901100000122
260790110000132	2607901100000123
260790110000133	2607901100000124
260790110000134	2607901100000125
260790110000135	2607901100000126
260790110000136	2607901100000127
260790110000137	2607901100000128
260790115000001	2607901150000001
260790115000002	2607901150000002
260790115000003	2607901150000003
260790115000004	2607901150000004
260790115000005	2607901150000005
260790115000095	2607901150000006
260790115000006	2607901150000006
260790115000007	2607901150000007
260790115000008	2607901150000008
260790115000009	2607901150000009
260790115000010	2607901150000010
260790115000011	2607901150000011
260790115000012	2607901150000012
260790115000013	2607901150000013
260790115000014	2607901150000014
260790115000015	2607901150000015
260790115000043	2607901150000016
260790115000090	2607901150000016
260790115000085	2607901150000016
260790115000107	2607901150000016
260790115000053	2607901150000016
260790115000016	2607901150000016
260790115000020	2607901150000016
260790115000042	2607901150000016
260790115000123	2607901150000016
260790115000089	2607901150000016
260790115000052	2607901150000016
260790115000017	2607901150000017
260790115000018	2607901150000018
260790115000019	2607901150000019
260790115000021	2607901150000020
260790115000022	2607901150000021
260790115000023	2607901150000022
260790115000094	2607901150000022
260790115000024	2607901150000023
260790115000025	2607901150000024
260790115000026	2607901150000025
260790115000027	2607901150000026
260790115000028	2607901150000027
260790115000029	2607901150000028
260790115000030	2607901150000029
260790115000031	2607901150000030
260790115000126	2607901150000030
260790115000128	2607901150000031
260790115000073	2607901150000031
260790115000072	2607901150000031
260790115000063	2607901150000031
260790115000062	2607901150000031
260790115000087	2607901150000031
260790115000032	2607901150000031
260790115000111	2607901150000031
260790115000086	2607901150000031
260790115000033	2607901150000032
260790115000034	2607901150000033
260790115000035	2607901150000034
260790115000036	2607901150000035
260790115000115	2607901150000036
260790115000080	2607901150000036
260790115000037	2607901150000036
260790115000116	2607901150000036
260790115000106	2607901150000036
260790115000078	2607901150000036
260790115000088	2607901150000036
260790115000081	2607901150000036
260790115000038	2607901150000037
260790115000039	2607901150000038
260790115000040	2607901150000039
260790115000041	2607901150000040
260790115000044	2607901150000041
260790115000045	2607901150000042
260790115000046	2607901150000043
260790115000047	2607901150000044
260790115000048	2607901150000045
260790115000049	2607901150000046
260790115000050	2607901150000047
260790115000051	2607901150000048
260790115000054	2607901150000049
260790115000055	2607901150000050
260790115000056	2607901150000051
260790115000057	2607901150000052
260790115000058	2607901150000053
260790115000059	2607901150000054
260790115000060	2607901150000055
260790115000061	2607901150000056
260790115000064	2607901150000057
260790115000065	2607901150000058
260790115000066	2607901150000059
260790115000067	2607901150000060
260790115000068	2607901150000061
260790115000069	2607901150000062
260790115000070	2607901150000063
260790115000071	2607901150000064
260790115000074	2607901150000065
260790115000075	2607901150000066
260790115000076	2607901150000067
260790115000077	2607901150000067
260790115000079	2607901150000068
260790115000082	2607901150000069
260790115000083	2607901150000070
260790115000084	2607901150000071
260790115000091	2607901150000072
260790115000092	2607901150000073
260790115000093	2607901150000074
260790115000096	2607901150000075
260790115000097	2607901150000076
260790115000098	2607901150000077
260790115000099	2607901150000078
260790115000100	2607901150000079
260790115000101	2607901150000080
260790115000102	2607901150000081
260790115000103	2607901150000082
260790115000104	2607901150000083
260790115000105	2607901150000084
260790115000108	2607901150000085
260790115000109	2607901150000086
260790115000110	2607901150000087
260790115000112	2607901150000088
260790115000113	2607901150000089
260790115000114	2607901150000090
260790115000117	2607901150000091
260790115000118	2607901150000092
260790115000119	2607901150000093
260790115000120	2607901150000094
260790115000121	2607901150000095
260790115000122	2607901150000096
260790115000124	2607901150000097
260790115000125	2607901150000098
260790115000127	2607901150000099
260790115000129	2607901150000100
260790115000130	2607901150000101
260790115000131	2607901150000102
260790120000001	2607901200000001
260790120000044	2607901200000001
260790120000005	2607901200000001
260790120000002	2607901200000002
260790120000042	2607901200000003
260790120000004	2607901200000003
260790120000003	2607901200000003
260790120000006	2607901200000004
260790120000016	2607901200000004
260790120000007	2607901200000005
260790120000008	2607901200000006
260790120000009	2607901200000007
260790120000010	2607901200000008
260790120000011	2607901200000009
260790120000012	2607901200000010
260790120000013	2607901200000011
260790120000037	2607901200000011
260790120000014	2607901200000012
260790120000015	2607901200000013
260790120000017	2607901200000014
260790120000018	2607901200000015
260790120000019	2607901200000016
260790120000047	2607901200000017
260790120000038	2607901200000017
260790120000040	2607901200000017
260790120000039	2607901200000017
260790120000020	2607901200000017
260790120000021	2607901200000018
260790120000022	2607901200000019
260790120000023	2607901200000020
260790120000024	2607901200000021
260790120000025	2607901200000022
260790120000026	2607901200000023
260790120000027	2607901200000024
260790120000028	2607901200000025
260790120000029	2607901200000026
260790120000030	2607901200000027
260790120000031	2607901200000028
260790120000032	2607901200000029
260790120000033	2607901200000030
260790120000034	2607901200000031
260790120000035	2607901200000032
260790120000036	2607901200000033
260790120000041	2607901200000034
260790120000043	2607901200000035
260790120000045	2607901200000036
260790120000046	2607901200000037
260790120000048	2607901200000038
260790120000049	2607901200000039
260790120000050	2607901200000040
260790125000001	2607901250000001
260790125000002	2607901250000002
260790125000020	2607901250000003
260790125000003	2607901250000003
260790125000021	2607901250000003
260790125000004	2607901250000004
260790125000019	2607901250000005
260790125000005	2607901250000005
260790125000006	2607901250000006
260790125000007	2607901250000007
260790125000008	2607901250000008
260790125000009	2607901250000009
260790125000010	2607901250000010
260790125000011	2607901250000011
260790125000012	2607901250000012
260790125000013	2607901250000013
260790125000014	2607901250000014
260790125000015	2607901250000015
260790125000016	2607901250000016
260790125000017	2607901250000017
260790125000018	2607901250000018
260790125000022	2607901250000019
260790125000023	2607901250000020
260790125000024	2607901250000021
260790125000025	2607901250000022
260790125000026	2607901250000023
260790125000027	2607901250000024
260790125000028	2607901250000025
260790125000029	2607901250000026
260790125000030	2607901250000027
260960005000040	2609600050000001
260960005000041	2609600050000002
260960005000042	2609600050000003
260960005000043	2609600050000004
260960005000044	2609600050000005
260960005000045	2609600050000006
260960005000046	2609600050000007
260960005000047	2609600050000008
260960005000048	2609600050000009
260960005000049	2609600050000010
260960005000050	2609600050000011
260960005000051	2609600050000012
260960005000052	2609600050000013
260960005000053	2609600050000014
260960005000421	2609600050000015
260960005000422	2609600050000016
260960005000423	2609600050000017
260960005000424	2609600050000018
260960005000425	2609600050000019
260960005000426	2609600050000020
260960005000427	2609600050000021
260960005000428	2609600050000022
260960005000429	2609600050000023
260960005000430	2609600050000024
260960005000431	2609600050000025
260960005000432	2609600050000026
260960005000433	2609600050000027
261060805000038	2610608050000001
261060805000051	2610608050000001
261060805000035	2610608050000001
261060805000060	2610608050000001
261060805000057	2610608050000001
261060805000075	2610608050000001
261060805000021	2610608050000001
261060805000070	2610608050000001
261060805000054	2610608050000001
261060805000010	2610608050000001
261060805000009	2610608050000001
261060805000062	2610608050000001
261060805000016	2610608050000001
261060805000066	2610608050000001
261060805000059	2610608050000001
261060805000030	2610608050000001
261060805000050	2610608050000001
261060805000006	2610608050000001
261060805000065	2610608050000001
261060805000028	2610608050000001
261060805000077	2610608050000001
261060805000061	2610608050000001
261060805000029	2610608050000001
261060805000039	2610608050000001
261060805000040	2610608050000001
261060805000076	2610608050000001
261060805000020	2610608050000001
261060805000034	2610608050000001
261060805000032	2610608050000001
261060805000037	2610608050000001
261060805000002	2610608050000001
261060805000031	2610608050000001
261060805000074	2610608050000001
261060805000013	2610608050000001
261060805000022	2610608050000001
261060805000063	2610608050000001
261060805000019	2610608050000001
261060805000018	2610608050000001
261060805000005	2610608050000001
261060805000068	2610608050000001
261060805000069	2610608050000001
261060805000011	2610608050000001
261060805000007	2610608050000001
261060805000067	2610608050000001
261060805000017	2610608050000001
261060805000064	2610608050000001
261060805000053	2610608050000001
261060805000043	2610608050000001
261060805000008	2610608050000001
261060805000041	2610608050000002
261060805000042	2610608050000003
261060805000044	2610608050000004
261060805000045	2610608050000005
261060805000046	2610608050000006
261060805000047	2610608050000007
261060805000048	2610608050000008
261060805000049	2610608050000009
261070705000157	2610707050000001
261070705000158	2610707050000002
261070705000159	2610707050000003
261070705000160	2610707050000004
261070705000161	2610707050000005
261070705000101	2610707050000006
261070705000114	2610707050000006
261070705000245	2610707050000006
261070705000154	2610707050000006
261070705000146	2610707050000006
261070705000315	2610707050000006
261070705000126	2610707050000006
261070705000247	2610707050000006
261070705000150	2610707050000006
261070705000305	2610707050000006
261070705000162	2610707050000006
261070705000249	2610707050000006
261070705000124	2610707050000006
261070705000166	2610707050000007
261070705000328	2610707050000007
261070705000165	2610707050000007
261070705000230	2610707050000007
261070705000289	2610707050000007
261070705000080	2610707050000007
261070705000237	2610707050000007
261070705000084	2610707050000007
261070705000236	2610707050000007
261070705000288	2610707050000007
261070705000231	2610707050000007
261070705000163	2610707050000007
261070705000083	2610707050000007
261070705000085	2610707050000007
261070705000164	2610707050000008
261070705000167	2610707050000009
261070705000297	2610707050000010
261070705000168	2610707050000010
261070705000330	2610707050000010
261070705000169	2610707050000011
261070705000250	2610707050000011
260940205000001	2609402050000001
260940205000002	2609402050000002
260940205000003	2609402050000003
260940205000062	2609402050000004
260940205000007	2609402050000004
260940205000005	2609402050000004
260940205000032	2609402050000004
260940205000015	2609402050000004
260940205000004	2609402050000004
260940205000051	2609402050000004
260940205000006	2609402050000004
260940205000008	2609402050000005
260940205000009	2609402050000006
260940205000010	2609402050000007
260940205000011	2609402050000008
260940205000012	2609402050000009
260940205000013	2609402050000010
260940205000014	2609402050000011
260940205000016	2609402050000012
260940205000017	2609402050000013
260940205000018	2609402050000014
260940205000019	2609402050000015
260940205000020	2609402050000016
260940205000059	2609402050000016
260940205000025	2609402050000017
260940205000042	2609402050000017
260940205000038	2609402050000017
260940205000023	2609402050000017
260940205000037	2609402050000017
260940205000024	2609402050000017
260940205000030	2609402050000017
260940205000028	2609402050000017
260940205000058	2609402050000017
260940205000034	2609402050000017
260940205000039	2609402050000017
260940205000033	2609402050000017
260940205000043	2609402050000017
260940205000044	2609402050000017
260940205000036	2609402050000017
260940205000045	2609402050000017
260940205000021	2609402050000017
260940205000041	2609402050000017
260940205000060	2609402050000017
260940205000029	2609402050000017
260940205000046	2609402050000017
260940205000061	2609402050000017
260940205000040	2609402050000017
260940205000035	2609402050000017
260940205000022	2609402050000018
260940205000026	2609402050000019
260940205000027	2609402050000020
260940205000031	2609402050000021
260940205000047	2609402050000022
260940205000048	2609402050000023
260940205000049	2609402050000024
260940205000050	2609402050000025
260940205000052	2609402050000026
260940205000053	2609402050000027
260940205000054	2609402050000028
260940205000055	2609402050000029
260940205000056	2609402050000030
260940205000057	2609402050000031
260940210000001	2609402100000001
260940210000003	2609402100000002
260940210000006	2609402100000002
260940210000002	2609402100000002
260940210000004	2609402100000002
260940210000005	2609402100000002
260940210000011	2609402100000002
260940210000007	2609402100000003
260940210000008	2609402100000004
260940210000009	2609402100000005
260940210000010	2609402100000006
260940210000012	2609402100000007
260940210000013	2609402100000008
260960005000001	2609600050000028
260960005000002	2609600050000029
260960005000003	2609600050000030
260960005000004	2609600050000031
260960005000005	2609600050000032
260960005000006	2609600050000033
260960005000007	2609600050000034
260960005000008	2609600050000035
260960005000009	2609600050000036
260960005000010	2609600050000037
260960005000011	2609600050000038
260960005000012	2609600050000039
260960005000013	2609600050000040
260960005000014	2609600050000041
260960005000015	2609600050000042
260960005000016	2609600050000043
260960005000017	2609600050000044
260960005000018	2609600050000045
260960005000019	2609600050000046
260960005000020	2609600050000047
260960005000021	2609600050000048
260960005000022	2609600050000049
260960005000023	2609600050000050
260960005000024	2609600050000051
260960005000025	2609600050000052
260960005000026	2609600050000053
260960005000027	2609600050000054
260960005000028	2609600050000055
260960005000029	2609600050000056
260960005000030	2609600050000057
260960005000031	2609600050000058
260960005000418	2609600050000058
260960005000032	2609600050000059
260960005000033	2609600050000060
260960005000034	2609600050000061
260960005000035	2609600050000062
260960005000441	2609600050000063
260960005000036	2609600050000063
260960005000438	2609600050000063
260960005000309	2609600050000063
260960005000355	2609600050000063
260960005000037	2609600050000064
260960005000038	2609600050000065
260960005000039	2609600050000066
260960005000054	2609600050000067
260960005000055	2609600050000068
260960005000056	2609600050000069
260960005000057	2609600050000070
260960005000058	2609600050000071
260960005000059	2609600050000072
260960005000060	2609600050000073
260960005000062	2609600050000074
260960005000061	2609600050000074
260960005000063	2609600050000075
260960005000064	2609600050000076
260960005000065	2609600050000077
260960005000066	2609600050000078
260960005000067	2609600050000079
260960005000068	2609600050000080
260960005000069	2609600050000081
260960005000458	2609600050000081
260960005000349	2609600050000081
260960005000348	2609600050000081
260960005000070	2609600050000082
260960005000071	2609600050000083
260960005000072	2609600050000084
260960005000073	2609600050000085
260960005000074	2609600050000086
260960005000075	2609600050000087
260960005000076	2609600050000088
260960005000077	2609600050000089
260960005000078	2609600050000090
260960005000079	2609600050000091
260960005000080	2609600050000092
260960005000081	2609600050000093
260960005000082	2609600050000094
260960005000083	2609600050000095
260960005000084	2609600050000096
260960005000085	2609600050000097
260960005000086	2609600050000098
260960005000087	2609600050000099
260960005000088	2609600050000100
260960005000089	2609600050000101
260960005000090	2609600050000102
260960005000091	2609600050000103
260960005000092	2609600050000104
260960005000093	2609600050000105
260960005000094	2609600050000106
260960005000095	2609600050000107
260960005000096	2609600050000108
260960005000097	2609600050000109
260960005000098	2609600050000110
260960005000099	2609600050000111
260960005000100	2609600050000112
260960005000101	2609600050000113
260960005000102	2609600050000114
260960005000103	2609600050000115
260960005000104	2609600050000116
260960005000105	2609600050000117
260960005000106	2609600050000118
260960005000107	2609600050000119
260960005000108	2609600050000120
260960005000109	2609600050000121
260960005000110	2609600050000122
260960005000111	2609600050000123
260960005000112	2609600050000124
260960005000113	2609600050000125
260960005000114	2609600050000126
260960005000115	2609600050000127
260960005000116	2609600050000128
260960005000117	2609600050000129
260960005000118	2609600050000130
260960005000119	2609600050000131
260960005000120	2609600050000132
260960005000313	2609600050000132
260960005000121	2609600050000133
260960005000122	2609600050000134
260960005000253	2609600050000134
260960005000123	2609600050000135
260960005000124	2609600050000136
260960005000125	2609600050000137
260960005000126	2609600050000138
260960005000127	2609600050000139
260960005000128	2609600050000140
260960005000129	2609600050000141
260960005000130	2609600050000142
260960005000131	2609600050000143
260960005000132	2609600050000144
260960005000133	2609600050000145
260960005000134	2609600050000146
260960005000135	2609600050000147
260960005000136	2609600050000148
260960005000137	2609600050000149
260960005000138	2609600050000150
260960005000139	2609600050000151
260960005000140	2609600050000152
260960005000141	2609600050000153
260960005000142	2609600050000154
260960005000143	2609600050000155
260960005000149	2609600050000155
260960005000144	2609600050000156
260960005000145	2609600050000157
260960005000146	2609600050000158
260960005000147	2609600050000159
260960005000148	2609600050000160
260960005000150	2609600050000161
260960005000152	2609600050000162
260960005000151	2609600050000162
260960005000153	2609600050000163
260960005000154	2609600050000164
260960005000155	2609600050000165
260960005000156	2609600050000166
260960005000157	2609600050000167
260960005000158	2609600050000168
260960005000159	2609600050000169
260960005000160	2609600050000170
260960005000161	2609600050000171
260960005000162	2609600050000172
260960005000163	2609600050000173
260960005000164	2609600050000174
260960005000165	2609600050000175
260960005000166	2609600050000176
260960005000167	2609600050000177
260960005000168	2609600050000178
260960005000169	2609600050000179
260960005000170	2609600050000180
260960005000171	2609600050000181
260960005000172	2609600050000182
260960005000173	2609600050000183
260960005000174	2609600050000184
260960005000175	2609600050000185
260960005000176	2609600050000186
260960005000177	2609600050000187
260960005000178	2609600050000188
260960005000179	2609600050000189
260960005000180	2609600050000190
260960005000181	2609600050000191
260960005000182	2609600050000192
260960005000183	2609600050000193
260960005000184	2609600050000194
260960005000185	2609600050000195
260960005000186	2609600050000196
260960005000187	2609600050000197
260960005000188	2609600050000198
260960005000189	2609600050000199
260960005000190	2609600050000200
260960005000191	2609600050000201
260960005000192	2609600050000202
260960005000193	2609600050000203
260960005000194	2609600050000204
260960005000195	2609600050000205
260960005000196	2609600050000206
260960005000197	2609600050000207
260960005000198	2609600050000208
260960005000199	2609600050000209
260960005000200	2609600050000210
260960005000201	2609600050000210
260960005000202	2609600050000211
260960005000203	2609600050000212
260960005000204	2609600050000213
260960005000205	2609600050000214
260960005000206	2609600050000215
260960005000207	2609600050000216
260960005000208	2609600050000217
260960005000209	2609600050000218
260960005000210	2609600050000219
260960005000211	2609600050000220
260960005000212	2609600050000221
260960005000213	2609600050000222
260960005000214	2609600050000223
260960005000215	2609600050000224
260960005000216	2609600050000225
260960005000217	2609600050000226
260960005000218	2609600050000227
260960005000219	2609600050000228
260960005000220	2609600050000229
260960005000221	2609600050000230
260960005000222	2609600050000231
260960005000223	2609600050000232
260960005000224	2609600050000233
260960005000225	2609600050000234
260960005000226	2609600050000235
260960005000227	2609600050000236
260960005000228	2609600050000237
260960005000229	2609600050000238
260960005000230	2609600050000239
260960005000231	2609600050000240
260960005000232	2609600050000241
260960005000233	2609600050000242
260960005000234	2609600050000243
260960005000235	2609600050000244
260960005000236	2609600050000245
260960005000237	2609600050000246
260960005000238	2609600050000247
260960005000239	2609600050000248
260960005000240	2609600050000249
260960005000241	2609600050000250
260960005000242	2609600050000251
260960005000243	2609600050000252
260960005000244	2609600050000253
260960005000245	2609600050000254
260960005000246	2609600050000255
260960005000247	2609600050000256
260960005000248	2609600050000257
260960005000249	2609600050000258
260960005000250	2609600050000259
260960005000251	2609600050000260
260960005000252	2609600050000261
260960005000254	2609600050000262
260960005000255	2609600050000263
260960005000256	2609600050000264
260960005000257	2609600050000265
260960005000258	2609600050000266
260960005000259	2609600050000267
260960005000260	2609600050000268
260960005000261	2609600050000269
260960005000262	2609600050000270
260960005000263	2609600050000271
260960005000264	2609600050000272
260960005000265	2609600050000273
260960005000266	2609600050000274
260960005000267	2609600050000275
260960005000268	2609600050000276
260960005000269	2609600050000277
260960005000270	2609600050000278
260960005000271	2609600050000279
260960005000272	2609600050000280
260960005000273	2609600050000281
260960005000274	2609600050000282
260960005000275	2609600050000283
260960005000276	2609600050000284
260960005000277	2609600050000285
260960005000278	2609600050000286
260960005000279	2609600050000287
260960005000285	2609600050000288
260960005000280	2609600050000288
260960005000281	2609600050000289
260960005000282	2609600050000290
260960005000283	2609600050000291
260960005000284	2609600050000292
260960005000286	2609600050000293
260960005000287	2609600050000294
260960005000288	2609600050000295
260960005000289	2609600050000296
260960005000290	2609600050000297
260960005000291	2609600050000298
260960005000292	2609600050000299
260960005000293	2609600050000300
260960005000294	2609600050000301
260960005000295	2609600050000302
260960005000296	2609600050000303
260960005000297	2609600050000304
260960005000298	2609600050000305
260960005000299	2609600050000306
260960005000300	2609600050000307
260960005000301	2609600050000308
260960005000302	2609600050000309
260960005000303	2609600050000310
260960005000304	2609600050000311
260960005000305	2609600050000312
260960005000306	2609600050000313
260960005000307	2609600050000314
260960005000308	2609600050000315
260960005000310	2609600050000316
260960005000311	2609600050000317
260960005000312	2609600050000318
260960005000314	2609600050000319
260960005000315	2609600050000320
260960005000316	2609600050000321
260960005000317	2609600050000322
260960005000318	2609600050000323
260960005000319	2609600050000324
260960005000320	2609600050000325
260960005000321	2609600050000326
260960005000322	2609600050000327
260960005000323	2609600050000328
260960005000324	2609600050000329
260960005000325	2609600050000330
260960005000326	2609600050000331
260960005000327	2609600050000332
260960005000328	2609600050000333
260960005000329	2609600050000334
260960005000330	2609600050000335
260960005000331	2609600050000336
260960005000332	2609600050000337
260960005000342	2609600050000338
260960005000335	2609600050000338
260960005000339	2609600050000338
260960005000333	2609600050000338
260960005000334	2609600050000339
260960005000336	2609600050000340
260960005000337	2609600050000341
260960005000338	2609600050000342
260960005000343	2609600050000342
260960005000340	2609600050000342
260960005000341	2609600050000343
260960005000344	2609600050000344
260960005000345	2609600050000345
260960005000346	2609600050000346
260960005000347	2609600050000347
260960005000350	2609600050000348
260960005000351	2609600050000349
260960005000352	2609600050000350
260960005000353	2609600050000351
260960005000354	2609600050000352
260960005000356	2609600050000353
260960005000357	2609600050000354
260960005000358	2609600050000355
260960005000359	2609600050000356
260960005000360	2609600050000357
260960005000361	2609600050000358
260960005000362	2609600050000359
260960005000363	2609600050000360
260960005000364	2609600050000361
260960005000365	2609600050000362
260960005000366	2609600050000363
260960005000367	2609600050000364
260960005000368	2609600050000365
260960005000369	2609600050000366
260960005000370	2609600050000367
260960005000371	2609600050000368
260960005000372	2609600050000369
260960005000373	2609600050000370
260960005000374	2609600050000371
260960005000375	2609600050000372
260960005000376	2609600050000373
260960005000377	2609600050000374
260960005000378	2609600050000375
260960005000379	2609600050000376
260960005000380	2609600050000377
260960005000381	2609600050000378
260960005000382	2609600050000379
260960005000383	2609600050000380
260960005000384	2609600050000381
260960005000385	2609600050000382
260960005000386	2609600050000383
260960005000387	2609600050000384
260960005000388	2609600050000385
260960005000389	2609600050000386
260960005000390	2609600050000387
260960005000391	2609600050000388
260960005000392	2609600050000389
260960005000393	2609600050000390
260960005000394	2609600050000391
260960005000395	2609600050000392
260960005000396	2609600050000393
260960005000397	2609600050000394
260960005000398	2609600050000395
260960005000399	2609600050000396
260960005000400	2609600050000397
260960005000401	2609600050000398
260960005000402	2609600050000399
260960005000403	2609600050000400
260960005000404	2609600050000401
260960005000405	2609600050000402
260960005000406	2609600050000403
260960005000407	2609600050000404
260960005000408	2609600050000405
260960005000409	2609600050000406
260960005000410	2609600050000407
260960005000411	2609600050000408
260960005000412	2609600050000409
260960005000413	2609600050000410
260960005000414	2609600050000411
260960005000415	2609600050000412
260960005000416	2609600050000413
260960005000417	2609600050000414
260960005000419	2609600050000415
260960005000420	2609600050000416
260960005000434	2609600050000417
260960005000435	2609600050000418
260960005000436	2609600050000419
260960005000437	2609600050000420
260960005000439	2609600050000421
260960005000440	2609600050000422
260960005000442	2609600050000423
260960005000443	2609600050000424
260960005000444	2609600050000425
260960005000445	2609600050000426
260960005000446	2609600050000427
260960005000447	2609600050000428
260960005000448	2609600050000429
260960005000449	2609600050000430
260960005000450	2609600050000431
260960005000451	2609600050000432
260960005000452	2609600050000433
260960005000453	2609600050000434
260960005000454	2609600050000435
260960005000455	2609600050000436
260960005000456	2609600050000437
260960005000457	2609600050000438
260960005000459	2609600050000439
260960005000460	2609600050000440
260960005000461	2609600050000441
260960005000462	2609600050000442
260960005000463	2609600050000443
260960005000464	2609600050000444
260960005000465	2609600050000445
260960005000466	2609600050000446
260960005000467	2609600050000447
260960005000468	2609600050000448
260960005000469	2609600050000449
260960005000470	2609600050000450
261060805000001	2610608050000010
261060805000003	2610608050000011
261060805000004	2610608050000012
261060805000012	2610608050000013
261060805000014	2610608050000014
261060805000015	2610608050000015
261060805000023	2610608050000016
261060805000024	2610608050000017
261060805000025	2610608050000018
261060805000026	2610608050000019
261060805000027	2610608050000020
261060805000033	2610608050000021
261060805000036	2610608050000022
261060805000052	2610608050000023
261060805000055	2610608050000024
261060805000056	2610608050000025
261060805000058	2610608050000026
261060805000071	2610608050000027
261060805000072	2610608050000028
261060805000073	2610608050000029
261060805000078	2610608050000030
261070705000001	2610707050000012
261070705000004	2610707050000013
261070705000002	2610707050000013
261070705000208	2610707050000013
261070705000003	2610707050000013
261070705000052	2610707050000013
261070705000005	2610707050000014
261070705000006	2610707050000015
261070705000007	2610707050000016
261070705000008	2610707050000017
261070705000009	2610707050000018
261070705000010	2610707050000019
261070705000011	2610707050000020
261070705000012	2610707050000021
261070705000013	2610707050000022
261070705000014	2610707050000023
261070705000015	2610707050000024
261070705000016	2610707050000025
261070705000017	2610707050000026
261070705000018	2610707050000027
261070705000019	2610707050000028
261070705000022	2610707050000029
261070705000081	2610707050000029
261070705000257	2610707050000029
261070705000021	2610707050000029
261070705000082	2610707050000029
261070705000209	2610707050000029
261070705000210	2610707050000029
261070705000304	2610707050000029
261070705000020	2610707050000029
261070705000023	2610707050000030
261070705000024	2610707050000031
261070705000025	2610707050000032
261070705000026	2610707050000033
261070705000027	2610707050000034
261070705000028	2610707050000035
261070705000029	2610707050000036
261070705000030	2610707050000037
261070705000031	2610707050000038
261070705000032	2610707050000039
261070705000132	2610707050000040
261070705000226	2610707050000040
261070705000033	2610707050000040
261070705000279	2610707050000040
261070705000034	2610707050000041
261070705000035	2610707050000042
261070705000036	2610707050000043
261070705000037	2610707050000044
261070705000038	2610707050000045
261070705000039	2610707050000046
261070705000040	2610707050000047
261070705000041	2610707050000048
261070705000042	2610707050000049
261070705000043	2610707050000050
261070705000130	2610707050000050
261070705000262	2610707050000050
261070705000135	2610707050000050
261070705000136	2610707050000050
261070705000138	2610707050000050
261070705000044	2610707050000050
261070705000307	2610707050000050
261070705000308	2610707050000050
261070705000045	2610707050000051
261070705000046	2610707050000052
261070705000047	2610707050000053
261070705000048	2610707050000054
261070705000049	2610707050000055
261070705000050	2610707050000056
261070705000051	2610707050000057
261070705000053	2610707050000058
261070705000054	2610707050000059
261070705000055	2610707050000060
261070705000064	2610707050000060
261070705000056	2610707050000061
261070705000057	2610707050000061
261070705000058	2610707050000062
261070705000059	2610707050000063
261070705000060	2610707050000064
261070705000061	2610707050000065
261070705000062	2610707050000066
261070705000063	2610707050000067
261070705000065	2610707050000068
261070705000066	2610707050000069
261070705000067	2610707050000070
261070705000068	2610707050000071
261070705000069	2610707050000072
261070705000070	2610707050000073
261070705000071	2610707050000074
261070705000072	2610707050000075
261070705000073	2610707050000076
261070705000074	2610707050000077
261070705000075	2610707050000078
261070705000076	2610707050000079
261070705000077	2610707050000080
261070705000078	2610707050000081
261070705000079	2610707050000082
261070705000086	2610707050000083
261070705000316	2610707050000084
261070705000119	2610707050000084
261070705000293	2610707050000084
261070705000120	2610707050000084
261070705000087	2610707050000084
261070705000107	2610707050000084
261070705000088	2610707050000085
261070705000089	2610707050000086
261070705000090	2610707050000087
261070705000091	2610707050000088
261070705000092	2610707050000089
261070705000093	2610707050000090
261070705000094	2610707050000091
261070705000095	2610707050000092
261070705000096	2610707050000093
261070705000097	2610707050000094
261070705000098	2610707050000095
261070705000099	2610707050000096
261070705000100	2610707050000097
261070705000102	2610707050000098
261070705000103	2610707050000099
261070705000104	2610707050000100
261070705000105	2610707050000101
261070705000106	2610707050000102
261070705000108	2610707050000103
261070705000109	2610707050000104
261070705000110	2610707050000105
261070705000111	2610707050000106
261070705000112	2610707050000107
261070705000113	2610707050000108
261070705000115	2610707050000109
261070705000116	2610707050000110
261070705000117	2610707050000111
261070705000118	2610707050000112
261070705000121	2610707050000113
261070705000122	2610707050000114
261070705000123	2610707050000115
261070705000125	2610707050000116
261070705000127	2610707050000117
261070705000128	2610707050000118
261070705000129	2610707050000119
261070705000131	2610707050000120
261070705000133	2610707050000121
261070705000134	2610707050000122
261070705000137	2610707050000123
261070705000139	2610707050000124
261070705000140	2610707050000125
261070705000141	2610707050000126
261070705000142	2610707050000127
261070705000238	2610707050000127
261070705000143	2610707050000128
261070705000144	2610707050000129
261070705000145	2610707050000130
261070705000147	2610707050000131
261070705000148	2610707050000132
261070705000149	2610707050000133
261070705000151	2610707050000134
261070705000152	2610707050000135
261070705000153	2610707050000136
261070705000155	2610707050000137
261070705000156	2610707050000138
261070705000170	2610707050000139
261070705000171	2610707050000140
261070705000241	2610707050000140
261070705000172	2610707050000141
261070705000173	2610707050000142
261070705000174	2610707050000143
261070705000175	2610707050000144
261070705000177	2610707050000144
261070705000176	2610707050000145
261070705000253	2610707050000145
261070705000322	2610707050000145
261070705000178	2610707050000146
261070705000179	2610707050000147
261070705000180	2610707050000148
261070705000181	2610707050000149
261070705000182	2610707050000150
261070705000183	2610707050000151
261070705000184	2610707050000152
261070705000185	2610707050000153
261070705000186	2610707050000154
261070705000187	2610707050000155
261070705000188	2610707050000156
261070705000189	2610707050000157
261070705000190	2610707050000158
261070705000191	2610707050000159
261070705000192	2610707050000160
261070705000193	2610707050000161
261070705000194	2610707050000162
261070705000195	2610707050000163
261070705000196	2610707050000164
261070705000197	2610707050000165
261070705000198	2610707050000166
261070705000199	2610707050000167
261070705000200	2610707050000168
261070705000201	2610707050000169
261070705000202	2610707050000170
261070705000203	2610707050000171
261070705000204	2610707050000172
261070705000205	2610707050000173
261070705000206	2610707050000174
261070705000207	2610707050000175
261070705000211	2610707050000176
261070705000212	2610707050000177
261070705000213	2610707050000178
261070705000214	2610707050000179
261070705000215	2610707050000180
261070705000216	2610707050000181
261070705000217	2610707050000182
261070705000218	2610707050000183
261070705000219	2610707050000184
261070705000220	2610707050000185
261070705000221	2610707050000186
261070705000222	2610707050000187
261070705000223	2610707050000188
261070705000224	2610707050000189
261070705000225	2610707050000190
261070705000227	2610707050000191
261070705000228	2610707050000192
261070705000229	2610707050000193
261070705000232	2610707050000194
261070705000233	2610707050000195
261070705000234	2610707050000196
261070705000235	2610707050000197
261070705000239	2610707050000198
261070705000240	2610707050000199
261070705000251	2610707050000199
261070705000242	2610707050000200
261070705000243	2610707050000201
261070705000244	2610707050000202
261070705000335	2610707050000202
261070705000246	2610707050000203
261070705000248	2610707050000204
261070705000252	2610707050000205
261070705000254	2610707050000206
261070705000255	2610707050000207
261070705000256	2610707050000208
261070705000258	2610707050000209
261070705000259	2610707050000210
261070705000260	2610707050000211
261070705000261	2610707050000212
261070705000263	2610707050000213
261070705000264	2610707050000214
261070705000265	2610707050000215
261070705000266	2610707050000216
261070705000267	2610707050000217
261070705000268	2610707050000218
261070705000269	2610707050000219
261070705000270	2610707050000220
261070705000271	2610707050000221
261070705000272	2610707050000222
261070705000273	2610707050000223
261070705000274	2610707050000224
261070705000275	2610707050000225
261070705000276	2610707050000226
261070705000277	2610707050000227
261070705000302	2610707050000227
261070705000278	2610707050000228
261070705000280	2610707050000229
261070705000281	2610707050000230
261070705000282	2610707050000231
261070705000283	2610707050000232
261070705000284	2610707050000233
261070705000285	2610707050000234
261070705000286	2610707050000235
261070705000287	2610707050000236
261070705000290	2610707050000237
261070705000291	2610707050000238
261070705000292	2610707050000239
261070705000294	2610707050000240
261070705000295	2610707050000241
261070705000296	2610707050000242
261070705000298	2610707050000243
261070705000299	2610707050000244
261070705000300	2610707050000245
261160605210185	2611606052100001
261160605210179	2611606052100002
261160605210186	2611606052100002
261160605210187	2611606052100003
261160605210188	2611606052100004
261160605210189	2611606052100005
261160605210190	2611606052100006
261160605210191	2611606052100007
261160605210192	2611606052100008
261160605210193	2611606052100009
261160605210194	2611606052100010
261160605210196	2611606052100010
261160605210197	2611606052100010
261160605210195	2611606052100011
261160605230076	2611606052300001
261160605230077	2611606052300002
261160605230078	2611606052300003
261160605230079	2611606052300004
261160605230080	2611606052300005
261160605230081	2611606052300006
261160605230082	2611606052300007
261160605230083	2611606052300008
261160605230084	2611606052300009
261160605230085	2611606052300010
261160605230087	2611606052300011
261160605230086	2611606052300011
261160605230088	2611606052300012
261160605230285	2611606052300013
261160605230286	2611606052300014
261160605230287	2611606052300015
261160605230288	2611606052300016
261160605230289	2611606052300017
261160605230290	2611606052300018
261160605230291	2611606052300019
261160605230292	2611606052300020
261160605230293	2611606052300021
261160605230091	2611606052300022
261160605230294	2611606052300022
261160605230116	2611606052300023
261160605230295	2611606052300023
261160605230296	2611606052300024
261160605230297	2611606052300025
261160605230402	2611606052300026
261160605230403	2611606052300027
261160605230404	2611606052300028
261160605230405	2611606052300029
261160605230406	2611606052300030
261160605230407	2611606052300031
261160605230408	2611606052300032
261160605230409	2611606052300033
261160605230410	2611606052300034
261160605230411	2611606052300035
261160605230412	2611606052300036
261160605230413	2611606052300037
261160605230414	2611606052300038
261070705000301	2610707050000246
261070705000303	2610707050000247
261070705000306	2610707050000248
261070705000309	2610707050000249
261070705000311	2610707050000250
261070705000310	2610707050000250
261070705000312	2610707050000251
261070705000313	2610707050000252
261070705000314	2610707050000253
261070705000317	2610707050000254
261070705000318	2610707050000255
261070705000319	2610707050000256
261070705000320	2610707050000257
261070705000321	2610707050000258
261070705000323	2610707050000259
261070705000324	2610707050000260
261070705000325	2610707050000261
261070705000326	2610707050000262
261070705000327	2610707050000263
261070705000329	2610707050000264
261070705000331	2610707050000265
261070705000332	2610707050000266
261070705000333	2610707050000267
261070705000334	2610707050000268
261070705000336	2610707050000269
261160605180001	2611606051800001
261160605180002	2611606051800002
261160605180003	2611606051800003
261160605180004	2611606051800004
261160605180005	2611606051800005
261160605180006	2611606051800006
261160605180007	2611606051800007
261160605180008	2611606051800008
261160605180009	2611606051800009
261160605180010	2611606051800010
261160605180011	2611606051800011
261160605180012	2611606051800012
261160605180013	2611606051800013
261160605180014	2611606051800014
261160605180015	2611606051800015
261160605180016	2611606051800016
261160605180017	2611606051800017
261160605180018	2611606051800018
261160605180020	2611606051800019
261160605180021	2611606051800019
261160605180019	2611606051800019
261160605180022	2611606051800020
261160605180023	2611606051800021
261160605180024	2611606051800022
261160605180025	2611606051800023
261160605180026	2611606051800024
261160605180027	2611606051800025
261160605180028	2611606051800026
261160605180029	2611606051800027
261160605180067	2611606051800028
261160605180058	2611606051800028
261160605180056	2611606051800028
261160605180068	2611606051800028
261160605180042	2611606051800028
261160605180031	2611606051800028
261160605180030	2611606051800028
261160605180057	2611606051800028
261160605180032	2611606051800029
261160605180033	2611606051800030
261160605180034	2611606051800031
261160605180035	2611606051800032
261160605180036	2611606051800033
261160605180037	2611606051800034
261160605180038	2611606051800035
261160605180039	2611606051800036
261160605180040	2611606051800037
261160605180041	2611606051800038
261160605180043	2611606051800039
261160605180044	2611606051800040
261160605180045	2611606051800041
261160605180046	2611606051800042
261160605180047	2611606051800043
261160605180048	2611606051800044
261160605180049	2611606051800045
261160605180050	2611606051800046
261160605180051	2611606051800047
261160605180052	2611606051800048
261160605180053	2611606051800049
261160605180054	2611606051800050
261160605180055	2611606051800051
261160605180059	2611606051800052
261160605180060	2611606051800053
261160605180116	2611606051800053
261160605180061	2611606051800054
261160605180062	2611606051800055
261160605180063	2611606051800056
261160605180064	2611606051800057
261160605180065	2611606051800058
261160605180066	2611606051800059
261160605180069	2611606051800060
261160605180070	2611606051800061
261160605180071	2611606051800062
261160605180072	2611606051800063
261160605180073	2611606051800064
261160605180074	2611606051800065
261160605180075	2611606051800066
261160605180076	2611606051800067
261160605180077	2611606051800068
261160605180078	2611606051800069
261160605180079	2611606051800070
261160605180080	2611606051800071
261160605180081	2611606051800072
261160605180082	2611606051800073
261160605180083	2611606051800074
261160605180084	2611606051800075
261160605180085	2611606051800076
261160605180086	2611606051800077
261160605180087	2611606051800078
261160605180088	2611606051800079
261160605180089	2611606051800080
261160605180090	2611606051800081
261160605180091	2611606051800082
261160605180092	2611606051800083
261160605180093	2611606051800084
261160605180094	2611606051800085
261160605180095	2611606051800086
261160605180096	2611606051800087
261160605180097	2611606051800088
261160605180098	2611606051800089
261160605180099	2611606051800090
261160605180100	2611606051800091
261160605180101	2611606051800092
261160605180102	2611606051800093
261160605180103	2611606051800094
261160605180104	2611606051800095
261160605180105	2611606051800096
261160605180106	2611606051800097
261160605180107	2611606051800098
261160605180108	2611606051800099
261160605180109	2611606051800100
261160605180110	2611606051800101
261160605180111	2611606051800102
261160605180112	2611606051800103
261160605180113	2611606051800104
261160605180114	2611606051800105
261160605180115	2611606051800106
261160605180117	2611606051800107
261160605180118	2611606051800108
261160605180119	2611606051800109
261160605190001	2611606051900001
261160605190002	2611606051900002
261160605190003	2611606051900003
261160605190004	2611606051900004
261160605190005	2611606051900005
261160605190006	2611606051900006
261160605190007	2611606051900007
261160605190008	2611606051900008
261160605190009	2611606051900009
261160605190010	2611606051900010
261160605190011	2611606051900011
261160605190012	2611606051900012
261160605190013	2611606051900013
261160605190014	2611606051900014
261160605190015	2611606051900015
261160605190016	2611606051900016
261160605190017	2611606051900017
261160605190018	2611606051900018
261160605190019	2611606051900019
261160605190020	2611606051900020
261160605190021	2611606051900021
261160605190022	2611606051900022
261160605190023	2611606051900023
261160605190024	2611606051900024
261160605190025	2611606051900025
261160605190026	2611606051900026
261160605190027	2611606051900027
261160605190028	2611606051900028
261160605190029	2611606051900029
261160605190030	2611606051900030
261160605190031	2611606051900031
261160605190032	2611606051900032
261160605190033	2611606051900033
261160605190034	2611606051900034
261160605190035	2611606051900035
261160605190036	2611606051900036
261160605190037	2611606051900037
261160605190038	2611606051900038
261160605190039	2611606051900039
261160605190040	2611606051900040
261160605190041	2611606051900041
261160605190183	2611606051900041
261160605190043	2611606051900041
261160605190044	2611606051900041
261160605190042	2611606051900042
261160605190045	2611606051900043
261160605190046	2611606051900044
261160605190047	2611606051900045
261160605190048	2611606051900046
261160605190049	2611606051900047
261160605190050	2611606051900048
261160605190051	2611606051900049
261160605190052	2611606051900050
261160605190053	2611606051900051
261160605190054	2611606051900052
261160605190055	2611606051900053
261160605190056	2611606051900054
261160605190057	2611606051900055
261160605190058	2611606051900056
261160605190059	2611606051900057
261160605190060	2611606051900058
261160605190061	2611606051900059
261160605190062	2611606051900060
261160605190063	2611606051900061
261160605190064	2611606051900062
261160605190065	2611606051900063
261160605190066	2611606051900064
261160605190067	2611606051900065
261160605190068	2611606051900066
261160605190069	2611606051900067
261160605190070	2611606051900068
261160605190071	2611606051900069
261160605190072	2611606051900070
261160605190073	2611606051900071
261160605190074	2611606051900072
261160605190075	2611606051900073
261160605190076	2611606051900074
261160605190077	2611606051900075
261160605190078	2611606051900076
261160605190079	2611606051900077
261160605190080	2611606051900078
261160605190081	2611606051900079
261160605190082	2611606051900080
261160605190083	2611606051900081
261160605190084	2611606051900082
261160605190085	2611606051900083
261160605190086	2611606051900084
261160605190087	2611606051900085
261160605190088	2611606051900086
261160605190089	2611606051900087
261160605190090	2611606051900088
261160605190091	2611606051900089
261160605190092	2611606051900090
261160605190093	2611606051900091
261160605190094	2611606051900092
261160605190095	2611606051900093
261160605190096	2611606051900094
261160605190097	2611606051900095
261160605190098	2611606051900096
261160605190099	2611606051900097
261160605190100	2611606051900098
261160605190101	2611606051900099
261160605190102	2611606051900100
261160605190103	2611606051900101
261160605190104	2611606051900102
261160605190105	2611606051900103
261160605190207	2611606051900103
261160605190106	2611606051900104
261160605190107	2611606051900105
261160605190108	2611606051900106
261160605190109	2611606051900107
261160605190110	2611606051900108
261160605190111	2611606051900109
261160605190112	2611606051900110
261160605190113	2611606051900111
261160605190114	2611606051900112
261160605190115	2611606051900113
261160605190116	2611606051900114
261160605190117	2611606051900115
261160605190118	2611606051900116
261160605190119	2611606051900117
261160605190120	2611606051900118
261160605190121	2611606051900119
261160605190122	2611606051900120
261160605190123	2611606051900121
261160605190124	2611606051900122
261160605190125	2611606051900123
261160605190126	2611606051900124
261160605190127	2611606051900125
261160605190128	2611606051900126
261160605190129	2611606051900127
261160605190130	2611606051900128
261160605190131	2611606051900129
261160605190132	2611606051900130
261160605190133	2611606051900131
261160605190134	2611606051900132
261160605190135	2611606051900133
261160605190136	2611606051900134
261160605190137	2611606051900135
261160605190138	2611606051900136
261160605190221	2611606051900137
261160605190139	2611606051900137
261160605190140	2611606051900138
261160605190141	2611606051900139
261160605190142	2611606051900140
261160605190143	2611606051900141
261160605190144	2611606051900142
261160605190145	2611606051900143
261160605190146	2611606051900144
261160605190147	2611606051900145
261160605190148	2611606051900146
261160605190149	2611606051900147
261160605190150	2611606051900148
261160605190151	2611606051900149
261160605190152	2611606051900150
261160605190154	2611606051900151
261160605190153	2611606051900151
261160605190155	2611606051900152
261160605190156	2611606051900153
261160605190157	2611606051900154
261160605190158	2611606051900155
261160605190159	2611606051900156
261160605190160	2611606051900157
261160605190161	2611606051900158
261160605190162	2611606051900159
261160605190163	2611606051900160
261160605190164	2611606051900161
261160605190165	2611606051900162
261160605190166	2611606051900163
261160605190167	2611606051900164
261160605190168	2611606051900165
261160605190169	2611606051900166
261160605190170	2611606051900167
261160605190171	2611606051900168
261160605190172	2611606051900169
261160605190173	2611606051900170
261160605190237	2611606051900171
261160605190174	2611606051900171
261160605190175	2611606051900172
261160605190176	2611606051900173
261160605190177	2611606051900174
261160605190178	2611606051900175
261160605190179	2611606051900176
261160605190180	2611606051900177
261160605190181	2611606051900178
261160605190182	2611606051900179
261160605190184	2611606051900180
261160605190185	2611606051900181
261160605190186	2611606051900182
261160605190187	2611606051900183
261160605190188	2611606051900184
261160605190189	2611606051900185
261160605190190	2611606051900186
261160605190191	2611606051900187
261160605190192	2611606051900188
261160605190193	2611606051900189
261160605190194	2611606051900190
261160605190195	2611606051900191
261160605190196	2611606051900192
261160605190197	2611606051900193
261160605190198	2611606051900194
261160605190199	2611606051900195
261160605190200	2611606051900196
261160605190201	2611606051900197
261160605190202	2611606051900198
261160605190203	2611606051900199
261160605190204	2611606051900200
261160605190205	2611606051900201
261160605190206	2611606051900202
261160605190208	2611606051900203
261160605190209	2611606051900204
261160605190210	2611606051900205
261160605190211	2611606051900206
261160605190212	2611606051900207
261160605190213	2611606051900208
261160605190214	2611606051900209
261160605190215	2611606051900210
261160605190216	2611606051900211
261160605190217	2611606051900212
261160605190218	2611606051900213
261160605190219	2611606051900214
261160605190220	2611606051900215
261160605190222	2611606051900216
261160605190223	2611606051900217
261160605190224	2611606051900218
261160605190225	2611606051900219
261160605190226	2611606051900220
261160605190227	2611606051900221
261160605190228	2611606051900222
261160605190229	2611606051900223
261160605190230	2611606051900224
261160605190231	2611606051900225
261160605190232	2611606051900226
261160605190233	2611606051900227
261160605190234	2611606051900228
261160605190235	2611606051900229
261160605190236	2611606051900230
261160605190238	2611606051900231
261160605190239	2611606051900232
261160605190240	2611606051900233
261160605190241	2611606051900234
261160605190242	2611606051900235
261160605190243	2611606051900236
261160605190244	2611606051900237
261160605190245	2611606051900238
261160605190246	2611606051900239
261160605190247	2611606051900240
261160605200001	2611606052000001
261160605200241	2611606052000002
261160605200019	2611606052000002
261160605200002	2611606052000002
261160605200003	2611606052000003
261160605200004	2611606052000004
261160605200005	2611606052000005
261160605200006	2611606052000006
261160605200007	2611606052000007
261160605200008	2611606052000008
261160605200009	2611606052000009
261160605200010	2611606052000010
261160605200011	2611606052000011
261160605200012	2611606052000012
261160605200029	2611606052000013
261160605200013	2611606052000013
261160605200014	2611606052000014
261160605200015	2611606052000015
261160605200016	2611606052000016
261160605200017	2611606052000017
261160605200018	2611606052000018
261160605200020	2611606052000019
261160605200021	2611606052000020
261160605200022	2611606052000021
261160605200023	2611606052000022
261160605200024	2611606052000023
261160605200025	2611606052000024
261160605200026	2611606052000025
261160605200027	2611606052000026
261160605200028	2611606052000027
261160605200030	2611606052000028
261160605200031	2611606052000029
261160605200032	2611606052000030
261160605200033	2611606052000031
261160605200034	2611606052000032
261160605200035	2611606052000033
261160605200036	2611606052000034
261160605200037	2611606052000035
261160605200038	2611606052000036
261160605200039	2611606052000037
261160605200040	2611606052000038
261160605200041	2611606052000039
261160605200042	2611606052000040
261160605200043	2611606052000041
261160605200044	2611606052000042
261160605200045	2611606052000043
261160605200046	2611606052000044
261160605200047	2611606052000045
261160605200048	2611606052000046
261160605200049	2611606052000047
261160605200050	2611606052000048
261160605200051	2611606052000049
261160605200052	2611606052000050
261160605200053	2611606052000051
261160605200054	2611606052000052
261160605200055	2611606052000053
261160605200056	2611606052000054
261160605200057	2611606052000055
261160605200058	2611606052000056
261160605200059	2611606052000057
261160605200060	2611606052000058
261160605200061	2611606052000059
261160605200062	2611606052000060
261160605200063	2611606052000061
261160605200064	2611606052000062
261160605200065	2611606052000063
261160605200066	2611606052000064
261160605200067	2611606052000065
261160605200068	2611606052000066
261160605200069	2611606052000067
261160605200070	2611606052000068
261160605200071	2611606052000069
261160605200072	2611606052000070
261160605200073	2611606052000071
261160605200074	2611606052000072
261160605200075	2611606052000073
261160605200076	2611606052000074
261160605200077	2611606052000075
261160605200078	2611606052000076
261160605200079	2611606052000077
261160605200080	2611606052000078
261160605200081	2611606052000079
261160605200082	2611606052000080
261160605200083	2611606052000081
261160605200084	2611606052000082
261160605200085	2611606052000083
261160605200086	2611606052000084
261160605200087	2611606052000085
261160605200088	2611606052000086
261160605200089	2611606052000087
261160605200090	2611606052000088
261160605200091	2611606052000089
261160605200092	2611606052000090
261160605200093	2611606052000091
261160605200094	2611606052000092
261160605200095	2611606052000093
261160605200096	2611606052000094
261160605200097	2611606052000095
261160605200098	2611606052000096
261160605200099	2611606052000097
261160605200100	2611606052000098
261160605200101	2611606052000099
261160605200102	2611606052000100
261160605200103	2611606052000101
261160605200104	2611606052000102
261160605200105	2611606052000103
261160605200106	2611606052000104
261160605200107	2611606052000105
261160605200108	2611606052000106
261160605200109	2611606052000107
261160605200110	2611606052000108
261160605200111	2611606052000109
261160605200112	2611606052000110
261160605200113	2611606052000111
261160605200114	2611606052000112
261160605200115	2611606052000113
261160605200116	2611606052000114
261160605200117	2611606052000115
261160605200118	2611606052000116
261160605200119	2611606052000117
261160605200120	2611606052000118
261160605200121	2611606052000119
261160605200122	2611606052000120
261160605200123	2611606052000121
261160605200124	2611606052000122
261160605200125	2611606052000123
261160605200126	2611606052000124
261160605200127	2611606052000125
261160605200128	2611606052000126
261160605200129	2611606052000127
261160605200130	2611606052000128
261160605200131	2611606052000129
261160605200132	2611606052000130
261160605200133	2611606052000131
261160605200134	2611606052000132
261160605200135	2611606052000133
261160605200136	2611606052000134
261160605200137	2611606052000135
261160605200138	2611606052000136
261160605200139	2611606052000137
261160605200140	2611606052000138
261160605200141	2611606052000139
261160605200142	2611606052000140
261160605200143	2611606052000141
261160605200144	2611606052000142
261160605200145	2611606052000143
261160605200146	2611606052000144
261160605200149	2611606052000145
261160605200147	2611606052000145
261160605200148	2611606052000146
261160605200150	2611606052000147
261160605200151	2611606052000148
261160605200152	2611606052000149
261160605200153	2611606052000150
261160605200154	2611606052000151
261160605200155	2611606052000152
261160605200156	2611606052000153
261160605200157	2611606052000154
261160605200158	2611606052000155
261160605200159	2611606052000156
261160605200160	2611606052000157
261160605200161	2611606052000158
261160605200162	2611606052000159
261160605200163	2611606052000160
261160605200164	2611606052000161
261160605200165	2611606052000162
261160605200168	2611606052000163
261160605200166	2611606052000163
261160605200222	2611606052000163
261160605200331	2611606052000163
261160605200167	2611606052000164
261160605200169	2611606052000165
261160605200170	2611606052000166
261160605200171	2611606052000167
261160605200172	2611606052000168
261160605200173	2611606052000169
261160605200174	2611606052000170
261160605200333	2611606052000171
261160605200175	2611606052000171
261160605200334	2611606052000172
261160605200176	2611606052000172
261160605200177	2611606052000173
261160605200179	2611606052000174
261160605200237	2611606052000174
261160605200178	2611606052000174
261160605200326	2611606052000174
261160605200335	2611606052000174
261160605200180	2611606052000174
261160605200220	2611606052000174
261160605200181	2611606052000175
261160605200182	2611606052000176
261160605200183	2611606052000177
261160605200184	2611606052000178
261160605200185	2611606052000179
261160605200186	2611606052000180
261160605200188	2611606052000181
261160605200187	2611606052000181
261160605200189	2611606052000182
261160605200190	2611606052000183
261160605200191	2611606052000184
261160605200192	2611606052000185
261160605200193	2611606052000186
261160605200345	2611606052000187
261160605200342	2611606052000187
261160605200194	2611606052000187
261160605200195	2611606052000188
261160605200196	2611606052000189
261160605200197	2611606052000190
261160605200198	2611606052000191
261160605200199	2611606052000192
261160605200343	2611606052000193
261160605200207	2611606052000193
261160605200200	2611606052000193
261160605200201	2611606052000194
261160605200202	2611606052000195
261160605200203	2611606052000196
261160605200236	2611606052000197
261160605200204	2611606052000197
261160605200205	2611606052000198
261160605200206	2611606052000199
261160605200346	2611606052000200
261160605200208	2611606052000200
261160605200209	2611606052000201
261160605200347	2611606052000201
261160605200210	2611606052000202
261160605200211	2611606052000203
261160605200212	2611606052000204
261160605200213	2611606052000205
261160605200214	2611606052000206
261160605200215	2611606052000207
261160605200216	2611606052000208
261160605200217	2611606052000209
261160605200218	2611606052000210
261160605200219	2611606052000211
261160605200221	2611606052000212
261160605200223	2611606052000213
261160605200224	2611606052000214
261160605200225	2611606052000215
261160605200226	2611606052000216
261160605200227	2611606052000217
261160605200228	2611606052000218
261160605200229	2611606052000219
261160605200230	2611606052000220
261160605200231	2611606052000221
261160605200232	2611606052000222
261160605200233	2611606052000223
261160605200234	2611606052000224
261160605200235	2611606052000225
261160605200238	2611606052000226
261160605200239	2611606052000227
261160605200240	2611606052000228
261160605200242	2611606052000229
261160605200243	2611606052000230
261160605200244	2611606052000231
261160605200245	2611606052000232
261160605200246	2611606052000233
261160605200247	2611606052000234
261160605200248	2611606052000235
261160605200249	2611606052000236
261160605200250	2611606052000237
261160605200251	2611606052000238
261160605200252	2611606052000239
261160605200253	2611606052000240
261160605200254	2611606052000241
261160605200255	2611606052000242
261160605200256	2611606052000243
261160605200257	2611606052000244
261160605200258	2611606052000245
261160605200259	2611606052000246
261160605200260	2611606052000247
261160605200261	2611606052000248
261160605200262	2611606052000249
261160605200263	2611606052000250
261160605200264	2611606052000251
261160605200265	2611606052000252
261160605200266	2611606052000253
261160605200267	2611606052000254
261160605200268	2611606052000255
261160605200269	2611606052000256
261160605200270	2611606052000257
261160605200271	2611606052000258
261160605200272	2611606052000259
261160605200273	2611606052000260
261160605200274	2611606052000261
261160605200275	2611606052000262
261160605200276	2611606052000263
261160605200277	2611606052000264
261160605200278	2611606052000265
261160605200279	2611606052000266
261160605200280	2611606052000267
261160605200281	2611606052000268
261160605200282	2611606052000269
261160605200283	2611606052000270
261160605200284	2611606052000271
261160605200285	2611606052000272
261160605200286	2611606052000273
261160605200287	2611606052000274
261160605200288	2611606052000275
261160605200289	2611606052000276
261160605200290	2611606052000277
261160605200291	2611606052000278
261160605200292	2611606052000279
261160605200293	2611606052000280
261160605200294	2611606052000281
261160605200295	2611606052000282
261160605200296	2611606052000283
261160605200297	2611606052000284
261160605200298	2611606052000285
261160605200299	2611606052000286
261160605200300	2611606052000287
261160605200301	2611606052000288
261160605200302	2611606052000289
261160605200303	2611606052000290
261160605200304	2611606052000291
261160605200305	2611606052000292
261160605200306	2611606052000293
261160605200307	2611606052000294
261160605200308	2611606052000295
261160605200309	2611606052000296
261160605200310	2611606052000297
261160605200311	2611606052000298
261160605200312	2611606052000299
261160605200313	2611606052000300
261160605200314	2611606052000301
261160605200315	2611606052000302
261160605200316	2611606052000303
261160605200317	2611606052000304
261160605200318	2611606052000305
261160605200319	2611606052000306
261160605200320	2611606052000307
261160605200321	2611606052000308
261160605200322	2611606052000309
261160605200323	2611606052000310
261160605200324	2611606052000311
261160605200325	2611606052000312
261160605200327	2611606052000313
261160605200328	2611606052000314
261160605200329	2611606052000315
261160605200330	2611606052000316
261160605200332	2611606052000317
261160605200336	2611606052000318
261160605200337	2611606052000319
261160605200338	2611606052000320
261160605200339	2611606052000321
261160605200340	2611606052000322
261160605200341	2611606052000323
261160605200344	2611606052000324
261160605200348	2611606052000325
261160605200349	2611606052000326
261160605200350	2611606052000327
261160605200351	2611606052000328
261160605200352	2611606052000329
261160605200353	2611606052000330
261160605200354	2611606052000331
261160605200355	2611606052000332
261160605200356	2611606052000333
261160605200357	2611606052000334
261160605200358	2611606052000335
261160605200359	2611606052000336
261160605200360	2611606052000337
261160605200361	2611606052000338
261160605200362	2611606052000339
261160605200363	2611606052000340
261160605200364	2611606052000341
261160605200365	2611606052000342
261160605200366	2611606052000343
261160605200367	2611606052000344
261160605200368	2611606052000345
261160605200369	2611606052000346
261160605200370	2611606052000347
261160605200371	2611606052000348
261160605200372	2611606052000349
261160605200373	2611606052000350
261160605200374	2611606052000351
261160605200375	2611606052000352
261160605210001	2611606052100012
261160605210002	2611606052100013
261160605210003	2611606052100014
261160605210004	2611606052100015
261160605210005	2611606052100016
261160605210006	2611606052100017
261160605210007	2611606052100018
261160605210008	2611606052100019
261160605210009	2611606052100020
261160605210010	2611606052100021
261160605210011	2611606052100022
261160605210012	2611606052100023
261160605210013	2611606052100024
261160605210014	2611606052100025
261160605210015	2611606052100026
261160605210016	2611606052100027
261160605210017	2611606052100028
261160605210018	2611606052100029
261160605210019	2611606052100030
261160605210020	2611606052100031
261160605210021	2611606052100032
261160605210022	2611606052100033
261160605210023	2611606052100034
261160605210024	2611606052100035
261160605210025	2611606052100036
261160605210026	2611606052100037
261160605210027	2611606052100038
261160605210028	2611606052100039
261160605210029	2611606052100040
261160605210030	2611606052100041
261160605210031	2611606052100041
261160605210033	2611606052100041
261160605210032	2611606052100042
261160605210034	2611606052100043
261160605210035	2611606052100044
261160605210036	2611606052100045
261160605210043	2611606052100046
261160605210037	2611606052100046
261160605210038	2611606052100047
261160605210332	2611606052100047
261160605210039	2611606052100048
261160605210040	2611606052100049
261160605210041	2611606052100050
261160605210042	2611606052100051
261160605210044	2611606052100052
261160605210045	2611606052100053
261160605210046	2611606052100054
261160605210047	2611606052100055
261160605210048	2611606052100056
261160605210049	2611606052100057
261160605210050	2611606052100058
261160605210051	2611606052100059
261160605210052	2611606052100060
261160605210053	2611606052100061
261160605210054	2611606052100062
261160605210055	2611606052100063
261160605210056	2611606052100064
261160605210057	2611606052100065
261160605210058	2611606052100066
261160605210059	2611606052100067
261160605210060	2611606052100068
261160605210061	2611606052100069
261160605210062	2611606052100070
261160605210063	2611606052100071
261160605210064	2611606052100072
261160605210065	2611606052100073
261160605210066	2611606052100074
261160605210067	2611606052100075
261160605210260	2611606052100075
261160605210068	2611606052100076
261160605210333	2611606052100077
261160605210069	2611606052100077
261160605210070	2611606052100078
261160605210071	2611606052100079
261160605210072	2611606052100080
261160605210073	2611606052100081
261160605210074	2611606052100082
261160605210075	2611606052100083
261160605210076	2611606052100084
261160605210077	2611606052100085
261160605210079	2611606052100086
261160605210078	2611606052100086
261160605210080	2611606052100087
261160605210264	2611606052100088
261160605210081	2611606052100088
261160605210082	2611606052100089
261160605210083	2611606052100090
261160605210084	2611606052100091
261160605210085	2611606052100092
261160605210086	2611606052100093
261160605210087	2611606052100094
261160605210088	2611606052100095
261160605210089	2611606052100096
261160605210090	2611606052100097
261160605210091	2611606052100098
261160605210092	2611606052100099
261160605210093	2611606052100100
261160605210094	2611606052100101
261160605210095	2611606052100102
261160605210096	2611606052100103
261160605210097	2611606052100104
261160605210098	2611606052100105
261160605210099	2611606052100106
261160605210100	2611606052100107
261160605210101	2611606052100108
261160605210102	2611606052100109
261160605210103	2611606052100110
261160605210104	2611606052100111
261160605210105	2611606052100112
261160605210106	2611606052100113
261160605210107	2611606052100114
261160605210108	2611606052100115
261160605210109	2611606052100116
261160605210110	2611606052100117
261160605210111	2611606052100118
261160605210112	2611606052100119
261160605210113	2611606052100120
261160605210114	2611606052100121
261160605210115	2611606052100122
261160605210116	2611606052100123
261160605210117	2611606052100124
261160605210118	2611606052100125
261160605210119	2611606052100126
261160605210120	2611606052100127
261160605210121	2611606052100128
261160605210122	2611606052100129
261160605210123	2611606052100130
261160605210124	2611606052100131
261160605210125	2611606052100132
261160605210126	2611606052100133
261160605210211	2611606052100133
261160605210210	2611606052100133
261160605210203	2611606052100133
261160605210127	2611606052100134
261160605210128	2611606052100135
261160605210129	2611606052100136
261160605210130	2611606052100137
261160605210131	2611606052100138
261160605210132	2611606052100139
261160605210133	2611606052100140
261160605210134	2611606052100141
261160605210135	2611606052100142
261160605210136	2611606052100143
261160605210137	2611606052100144
261160605210138	2611606052100145
261160605210139	2611606052100146
261160605210140	2611606052100147
261160605210141	2611606052100148
261160605210142	2611606052100149
261160605210143	2611606052100150
261160605210287	2611606052100150
261160605210144	2611606052100151
261160605210145	2611606052100152
261160605210146	2611606052100153
261160605210147	2611606052100154
261160605210148	2611606052100155
261160605210149	2611606052100156
261160605210150	2611606052100157
261160605210152	2611606052100158
261160605210151	2611606052100158
261160605210153	2611606052100159
261160605210154	2611606052100160
261160605210155	2611606052100161
261160605210156	2611606052100162
261160605210157	2611606052100163
261160605210158	2611606052100164
261160605210159	2611606052100165
261160605210160	2611606052100166
261160605210161	2611606052100167
261160605210162	2611606052100168
261160605210163	2611606052100169
261160605210164	2611606052100170
261160605210165	2611606052100171
261160605210166	2611606052100172
261160605210316	2611606052100173
261160605210167	2611606052100173
261160605210168	2611606052100174
261160605210169	2611606052100175
261160605210170	2611606052100176
261160605210171	2611606052100177
261160605210172	2611606052100178
261160605210173	2611606052100179
261160605210300	2611606052100179
261160605210174	2611606052100180
261160605210175	2611606052100181
261160605210302	2611606052100181
261160605210176	2611606052100182
261160605210177	2611606052100183
261160605210178	2611606052100184
261160605210180	2611606052100185
261160605210181	2611606052100186
261160605210182	2611606052100187
261160605210183	2611606052100188
261160605210184	2611606052100189
261160605210306	2611606052100189
261160605210198	2611606052100190
261160605210199	2611606052100191
261160605210200	2611606052100192
261160605210201	2611606052100192
261160605210202	2611606052100193
261160605210204	2611606052100194
261160605210205	2611606052100195
261160605210206	2611606052100196
261160605210207	2611606052100197
261160605210208	2611606052100198
261160605210209	2611606052100199
261160605210212	2611606052100200
261160605210213	2611606052100201
261160605210214	2611606052100202
261160605210215	2611606052100203
261160605210216	2611606052100204
261160605210217	2611606052100205
261160605210218	2611606052100206
261160605210219	2611606052100207
261160605210223	2611606052100207
261160605210220	2611606052100208
261160605210221	2611606052100209
261160605210222	2611606052100210
261160605210224	2611606052100211
261160605210225	2611606052100212
261160605210226	2611606052100213
261160605210227	2611606052100214
261160605210228	2611606052100214
261160605210229	2611606052100215
261160605210230	2611606052100216
261160605210231	2611606052100217
261160605210232	2611606052100218
261160605210233	2611606052100219
261160605210234	2611606052100220
261160605210235	2611606052100221
261160605210236	2611606052100222
261160605210237	2611606052100223
261160605210238	2611606052100224
261160605210239	2611606052100225
261160605210240	2611606052100226
261160605210241	2611606052100227
261160605210242	2611606052100228
261160605210243	2611606052100229
261160605210244	2611606052100230
261160605210245	2611606052100231
261160605210246	2611606052100232
261160605210247	2611606052100233
261160605210248	2611606052100234
261160605210249	2611606052100235
261160605210250	2611606052100236
261160605210251	2611606052100237
261160605210252	2611606052100238
261160605210253	2611606052100239
261160605210254	2611606052100240
261160605210255	2611606052100241
261160605210256	2611606052100242
261160605210257	2611606052100243
261160605210258	2611606052100244
261160605210259	2611606052100245
261160605210261	2611606052100246
261160605210262	2611606052100247
261160605210263	2611606052100248
261160605210265	2611606052100249
261160605210266	2611606052100250
261160605210267	2611606052100251
261160605210268	2611606052100252
261160605210269	2611606052100253
261160605210270	2611606052100254
261160605210271	2611606052100255
261160605210272	2611606052100256
261160605210273	2611606052100257
261160605210274	2611606052100258
261160605210275	2611606052100259
261160605210276	2611606052100260
261160605210277	2611606052100261
261160605210278	2611606052100262
261160605210279	2611606052100263
261160605210280	2611606052100264
261160605210281	2611606052100265
261160605210282	2611606052100266
261160605210283	2611606052100267
261160605210284	2611606052100268
261160605210285	2611606052100269
261160605210286	2611606052100270
261160605210288	2611606052100271
261160605210289	2611606052100272
261160605210290	2611606052100273
261160605210291	2611606052100274
261160605210292	2611606052100275
261160605210293	2611606052100276
261160605210294	2611606052100277
261160605210295	2611606052100278
261160605210296	2611606052100279
261160605210297	2611606052100280
261160605210298	2611606052100281
261160605210299	2611606052100282
261160605210301	2611606052100283
261160605210303	2611606052100284
261160605210304	2611606052100285
261160605210305	2611606052100286
261160605210307	2611606052100287
261160605210308	2611606052100288
261160605210309	2611606052100289
261160605210310	2611606052100290
261160605210311	2611606052100291
261160605210312	2611606052100292
261160605210313	2611606052100293
261160605210314	2611606052100294
261160605210315	2611606052100295
261160605210317	2611606052100296
261160605210318	2611606052100297
261160605210319	2611606052100298
261160605210320	2611606052100299
261160605210321	2611606052100300
261160605210322	2611606052100301
261160605210323	2611606052100302
261160605210324	2611606052100303
261160605210325	2611606052100304
261160605210326	2611606052100305
261160605210327	2611606052100306
261160605210328	2611606052100307
261160605210329	2611606052100308
261160605210330	2611606052100309
261160605210331	2611606052100310
261160605210334	2611606052100311
261160605220001	2611606052200001
261160605220002	2611606052200002
261160605220003	2611606052200003
261160605220225	2611606052200003
261160605220004	2611606052200004
261160605220005	2611606052200005
261160605220006	2611606052200006
261160605220007	2611606052200007
261160605220008	2611606052200008
261160605220009	2611606052200009
261160605220010	2611606052200010
261160605220011	2611606052200011
261160605220013	2611606052200012
261160605220012	2611606052200012
261160605220029	2611606052200012
261160605220014	2611606052200013
261160605220015	2611606052200014
261160605220016	2611606052200014
261160605220017	2611606052200015
261160605220018	2611606052200016
261160605220019	2611606052200017
261160605220020	2611606052200018
261160605220021	2611606052200019
261160605220022	2611606052200020
261160605220023	2611606052200021
261160605220094	2611606052200022
261160605220024	2611606052200022
261160605220025	2611606052200023
261160605220026	2611606052200024
261160605220027	2611606052200025
261160605220028	2611606052200026
261160605220030	2611606052200027
261160605220031	2611606052200028
261160605220032	2611606052200029
261160605220033	2611606052200030
261160605220034	2611606052200031
261160605220035	2611606052200032
261160605220036	2611606052200033
261160605220037	2611606052200034
261160605220038	2611606052200035
261160605220039	2611606052200036
261160605220040	2611606052200037
261160605220041	2611606052200038
261160605220042	2611606052200039
261160605220043	2611606052200040
261160605220044	2611606052200041
261160605220045	2611606052200042
261160605220046	2611606052200043
261160605220047	2611606052200044
261160605220048	2611606052200045
261160605220049	2611606052200046
261160605220050	2611606052200047
261160605220051	2611606052200048
261160605220052	2611606052200049
261160605220053	2611606052200050
261160605220054	2611606052200051
261160605220055	2611606052200052
261160605220070	2611606052200053
261160605220243	2611606052200053
261160605220056	2611606052200053
261160605220057	2611606052200054
261160605220058	2611606052200055
261160605220059	2611606052200056
261160605220214	2611606052200057
261160605220060	2611606052200057
261160605220061	2611606052200058
261160605220062	2611606052200059
261160605220063	2611606052200060
261160605220064	2611606052200061
261160605220067	2611606052200062
261160605220065	2611606052200062
261160605220066	2611606052200063
261160605220068	2611606052200064
261160605220069	2611606052200065
261160605220246	2611606052200066
261160605220071	2611606052200066
261160605220072	2611606052200067
261160605220073	2611606052200068
261160605220074	2611606052200069
261160605220075	2611606052200070
261160605220077	2611606052200071
261160605220076	2611606052200071
261160605220078	2611606052200072
261160605220079	2611606052200073
261160605220080	2611606052200074
261160605220081	2611606052200075
261160605220082	2611606052200076
261160605220083	2611606052200077
261160605220084	2611606052200078
261160605220085	2611606052200079
261160605220086	2611606052200080
261160605220087	2611606052200081
261160605220088	2611606052200082
261160605220089	2611606052200083
261160605220289	2611606052200083
261160605220290	2611606052200084
261160605220111	2611606052200084
261160605220110	2611606052200084
261160605220090	2611606052200084
261160605220215	2611606052200084
261160605220091	2611606052200085
261160605220093	2611606052200086
261160605220092	2611606052200086
261160605220095	2611606052200087
261160605220096	2611606052200088
261160605220097	2611606052200089
261160605220098	2611606052200090
261160605220099	2611606052200091
261160605220100	2611606052200092
261160605220101	2611606052200093
261160605220102	2611606052200094
261160605220103	2611606052200095
261160605220104	2611606052200096
261160605220105	2611606052200097
261160605220106	2611606052200098
261160605220107	2611606052200099
261160605220108	2611606052200100
261160605220109	2611606052200101
261160605220112	2611606052200102
261160605220113	2611606052200103
261160605220114	2611606052200104
261160605220115	2611606052200105
261160605220116	2611606052200106
261160605220117	2611606052200107
261160605220118	2611606052200108
261160605220119	2611606052200109
261160605220120	2611606052200110
261160605220121	2611606052200111
261160605220122	2611606052200112
261160605220123	2611606052200113
261160605220124	2611606052200114
261160605220125	2611606052200115
261160605220126	2611606052200116
261160605220127	2611606052200117
261160605220128	2611606052200118
261160605220129	2611606052200119
261160605220130	2611606052200120
261160605220131	2611606052200121
261160605220132	2611606052200122
261160605220133	2611606052200123
261160605220134	2611606052200124
261160605220137	2611606052200125
261160605220257	2611606052200125
261160605220135	2611606052200125
261160605220136	2611606052200126
261160605220138	2611606052200127
261160605220139	2611606052200128
261160605220140	2611606052200129
261160605220141	2611606052200130
261160605220142	2611606052200131
261160605220143	2611606052200132
261160605220144	2611606052200133
261160605220145	2611606052200134
261160605220146	2611606052200135
261160605220284	2611606052200136
261160605220147	2611606052200136
261160605220148	2611606052200137
261160605220149	2611606052200138
261160605220150	2611606052200139
261160605220151	2611606052200140
261160605220152	2611606052200141
261160605220153	2611606052200142
261160605220154	2611606052200143
261160605220155	2611606052200144
261160605220156	2611606052200145
261160605220157	2611606052200146
261160605220158	2611606052200147
261160605220165	2611606052200148
261160605220159	2611606052200148
261160605220160	2611606052200149
261160605220161	2611606052200150
261160605220162	2611606052200151
261160605220163	2611606052200152
261160605220164	2611606052200153
261160605220166	2611606052200154
261160605220167	2611606052200155
261160605220168	2611606052200156
261160605220169	2611606052200157
261160605220170	2611606052200158
261160605220171	2611606052200159
261160605220172	2611606052200160
261160605220173	2611606052200161
261160605220174	2611606052200162
261160605220175	2611606052200163
261160605220176	2611606052200164
261160605220177	2611606052200165
261160605220178	2611606052200166
261160605220179	2611606052200167
261160605220180	2611606052200168
261160605220271	2611606052200169
261160605220187	2611606052200169
261160605220181	2611606052200169
261160605220288	2611606052200169
261160605220182	2611606052200170
261160605220272	2611606052200171
261160605220283	2611606052200171
261160605220193	2611606052200171
261160605220184	2611606052200171
261160605220183	2611606052200171
261160605220185	2611606052200172
261160605220186	2611606052200173
261160605220188	2611606052200174
261160605220189	2611606052200175
261160605220190	2611606052200176
261160605220191	2611606052200177
261160605220192	2611606052200178
261160605220194	2611606052200179
261160605220195	2611606052200180
261160605220196	2611606052200181
261160605220197	2611606052200182
261160605220198	2611606052200183
261160605220199	2611606052200184
261160605220200	2611606052200185
261160605220201	2611606052200186
261160605220202	2611606052200187
261160605220203	2611606052200188
261160605220204	2611606052200189
261160605220205	2611606052200190
261160605220206	2611606052200191
261160605220208	2611606052200192
261160605220207	2611606052200192
261160605220209	2611606052200193
261160605220210	2611606052200194
261160605220211	2611606052200195
261160605220223	2611606052200196
261160605220212	2611606052200196
261160605220213	2611606052200197
261160605220216	2611606052200198
261160605220217	2611606052200199
261160605220218	2611606052200200
261160605220219	2611606052200201
261160605220220	2611606052200202
261160605220221	2611606052200203
261160605220222	2611606052200204
261160605220224	2611606052200205
261160605220226	2611606052200206
261160605220227	2611606052200207
261160605220228	2611606052200208
261160605220229	2611606052200209
261160605220230	2611606052200210
261160605220231	2611606052200211
261160605220232	2611606052200212
261160605220233	2611606052200213
261160605220234	2611606052200214
261160605220235	2611606052200215
261160605220236	2611606052200216
261160605220237	2611606052200217
261160605220238	2611606052200218
261160605220239	2611606052200219
261160605220240	2611606052200220
261160605220241	2611606052200221
261160605220242	2611606052200222
261160605220244	2611606052200223
261160605220245	2611606052200224
261160605220247	2611606052200225
261160605220248	2611606052200226
261160605220249	2611606052200227
261160605220250	2611606052200228
261160605220251	2611606052200229
261160605220252	2611606052200230
261160605220253	2611606052200231
261160605220254	2611606052200232
261160605220255	2611606052200233
261160605220256	2611606052200234
261160605220258	2611606052200235
261160605220259	2611606052200236
261160605220260	2611606052200237
261160605220261	2611606052200238
261160605220262	2611606052200239
261160605220263	2611606052200240
261160605220264	2611606052200241
261160605220265	2611606052200242
261160605220266	2611606052200243
261160605220267	2611606052200244
261160605220268	2611606052200245
261160605220269	2611606052200246
261160605220270	2611606052200247
261160605220273	2611606052200248
261160605220274	2611606052200249
261160605220275	2611606052200250
261160605220276	2611606052200251
261160605220277	2611606052200252
261160605220278	2611606052200253
261160605220279	2611606052200254
261160605220280	2611606052200255
261160605220281	2611606052200256
261160605220282	2611606052200257
261160605220285	2611606052200258
261160605220286	2611606052200259
261160605220287	2611606052200260
261160605220291	2611606052200261
261160605220292	2611606052200262
261160605220293	2611606052200263
261160605220294	2611606052200264
261160605220295	2611606052200265
261160605220296	2611606052200266
261160605220297	2611606052200267
261160605230001	2611606052300039
261160605230353	2611606052300040
261160605230002	2611606052300040
261160605230004	2611606052300041
261160605230341	2611606052300041
261160605230003	2611606052300041
261160605230343	2611606052300041
261160605230340	2611606052300041
261160605230026	2611606052300042
261160605230005	2611606052300042
261160605230006	2611606052300043
261160605230007	2611606052300044
261160605230008	2611606052300045
261160605230009	2611606052300046
261160605230010	2611606052300047
261160605230011	2611606052300048
261160605230012	2611606052300049
261160605230013	2611606052300050
261160605230014	2611606052300051
261160605230015	2611606052300051
261160605230016	2611606052300052
261160605230017	2611606052300053
261160605230018	2611606052300054
261160605230019	2611606052300055
261160605230020	2611606052300056
261160605230021	2611606052300057
261160605230022	2611606052300058
261160605230023	2611606052300059
261160605230024	2611606052300060
261160605230025	2611606052300061
261160605230027	2611606052300062
261160605230028	2611606052300063
261160605230029	2611606052300064
261160605230030	2611606052300065
261160605230031	2611606052300066
261160605230032	2611606052300067
261160605230033	2611606052300068
261160605230034	2611606052300069
261160605230035	2611606052300070
261160605230036	2611606052300071
261160605230037	2611606052300072
261160605230038	2611606052300073
261160605230039	2611606052300074
261160605230040	2611606052300075
261160605230041	2611606052300076
261160605230309	2611606052300076
261160605230042	2611606052300077
261160605230043	2611606052300078
261160605230044	2611606052300079
261160605230045	2611606052300080
261160605230046	2611606052300081
261160605230047	2611606052300082
261160605230048	2611606052300083
261160605230049	2611606052300084
261160605230050	2611606052300085
261160605230051	2611606052300086
261160605230052	2611606052300087
261160605230053	2611606052300088
261160605230054	2611606052300089
261160605230055	2611606052300090
261160605230056	2611606052300091
261160605230057	2611606052300092
261160605230058	2611606052300093
261160605230059	2611606052300094
261160605230356	2611606052300095
261160605230060	2611606052300095
261160605230061	2611606052300096
261160605230062	2611606052300097
261160605230063	2611606052300098
261160605230064	2611606052300099
261160605230065	2611606052300100
261160605230066	2611606052300101
261160605230067	2611606052300102
261160605230068	2611606052300103
261160605230357	2611606052300104
261160605230358	2611606052300104
261160605230069	2611606052300104
261160605230070	2611606052300105
261160605230071	2611606052300106
261160605230072	2611606052300107
261160605230073	2611606052300108
261160605230074	2611606052300109
261160605230075	2611606052300110
261160605230089	2611606052300111
261160605230090	2611606052300112
261160605230092	2611606052300113
261160605230093	2611606052300114
261160605230094	2611606052300115
261160605230095	2611606052300116
261160605230096	2611606052300117
261160605230097	2611606052300118
261160605230098	2611606052300119
261160605230099	2611606052300120
261160605230100	2611606052300121
261160605230101	2611606052300122
261160605230102	2611606052300123
261160605230103	2611606052300124
261160605230104	2611606052300125
261160605230105	2611606052300126
261160605230106	2611606052300127
261160605230107	2611606052300128
261160605230108	2611606052300129
261160605230109	2611606052300130
261160605230119	2611606052300131
261160605230172	2611606052300131
261160605230118	2611606052300131
261160605230476	2611606052300131
261160605230110	2611606052300131
261160605230115	2611606052300131
261160605230117	2611606052300131
261160605230111	2611606052300132
261160605230112	2611606052300133
261160605230113	2611606052300134
261160605230114	2611606052300135
261160605230120	2611606052300136
261160605230121	2611606052300137
261160605230122	2611606052300138
261160605230123	2611606052300139
261160605230124	2611606052300140
261160605230125	2611606052300141
261160605230126	2611606052300142
261160605230127	2611606052300143
261160605230128	2611606052300144
261160605230129	2611606052300145
261160605230130	2611606052300146
261160605230131	2611606052300147
261160605230132	2611606052300148
261160605230134	2611606052300149
261160605230133	2611606052300149
261160605230135	2611606052300150
261160605230136	2611606052300151
261160605230137	2611606052300152
261160605230138	2611606052300153
261160605230139	2611606052300154
261160605230140	2611606052300155
261160605230141	2611606052300156
261160605230142	2611606052300157
261160605230143	2611606052300158
261160605230144	2611606052300159
261160605230145	2611606052300160
261160605230146	2611606052300161
261160605230147	2611606052300162
261160605230387	2611606052300163
261160605230148	2611606052300163
261160605230149	2611606052300164
261160605230150	2611606052300165
261160605230151	2611606052300166
261160605230152	2611606052300167
261160605230153	2611606052300168
261160605230154	2611606052300169
261160605230155	2611606052300170
261160605230156	2611606052300171
261160605230157	2611606052300172
261160605230158	2611606052300173
261160605230159	2611606052300174
261160605230160	2611606052300175
261160605230393	2611606052300175
261160605230161	2611606052300176
261160605230162	2611606052300177
261160605230163	2611606052300178
261160605230164	2611606052300179
261160605230165	2611606052300180
261160605230166	2611606052300181
261160605230167	2611606052300182
261160605230168	2611606052300183
261160605230169	2611606052300184
261160605230170	2611606052300185
261160605230171	2611606052300186
261160605230173	2611606052300187
261160605230174	2611606052300188
261160605230175	2611606052300189
261160605230176	2611606052300190
261160605230177	2611606052300191
261160605230178	2611606052300192
261160605230179	2611606052300193
261160605230180	2611606052300194
261160605230181	2611606052300195
261160605230182	2611606052300196
261160605230183	2611606052300197
261160605230184	2611606052300198
261160605230185	2611606052300199
261160605230186	2611606052300200
261160605230187	2611606052300201
261160605230188	2611606052300202
261160605230189	2611606052300203
261160605230190	2611606052300204
261160605230191	2611606052300205
261160605230192	2611606052300206
261160605230193	2611606052300207
261160605230194	2611606052300208
261160605230195	2611606052300209
261160605230196	2611606052300210
261160605230197	2611606052300211
261160605230198	2611606052300212
261160605230199	2611606052300213
261160605230200	2611606052300214
261160605230201	2611606052300215
261160605230202	2611606052300216
261160605230203	2611606052300217
261160605230204	2611606052300218
261160605230205	2611606052300219
261160605230206	2611606052300220
261160605230207	2611606052300221
261160605230208	2611606052300222
261160605230209	2611606052300223
261160605230210	2611606052300224
261160605230211	2611606052300225
261160605230212	2611606052300226
261160605230213	2611606052300227
261160605230214	2611606052300228
261160605230215	2611606052300229
261160605230216	2611606052300230
261160605230217	2611606052300231
261160605230218	2611606052300232
261160605230219	2611606052300233
261160605230220	2611606052300234
261160605230221	2611606052300235
261160605230222	2611606052300236
261160605230223	2611606052300237
261160605230224	2611606052300238
261160605230225	2611606052300239
261160605230226	2611606052300240
261160605230227	2611606052300241
261160605230228	2611606052300242
261160605230229	2611606052300243
261160605230334	2611606052300244
261160605230230	2611606052300244
261160605230231	2611606052300245
261160605230232	2611606052300246
261160605230233	2611606052300247
261160605230234	2611606052300248
261160605230235	2611606052300249
261160605230236	2611606052300250
261160605230237	2611606052300251
261160605230238	2611606052300252
261160605230239	2611606052300253
261160605230240	2611606052300254
261160605230241	2611606052300255
261160605230439	2611606052300256
261160605230242	2611606052300256
261160605230263	2611606052300256
261160605230243	2611606052300257
261160605230244	2611606052300258
261160605230431	2611606052300259
261160605230245	2611606052300259
261160605230246	2611606052300260
261160605230247	2611606052300261
261160605230248	2611606052300262
261160605230249	2611606052300263
261160605230250	2611606052300264
261160605230251	2611606052300265
261160605230252	2611606052300266
261160605230253	2611606052300267
261160605230254	2611606052300268
261160605230255	2611606052300269
261160605230256	2611606052300270
261160605230257	2611606052300271
261160605230258	2611606052300272
261160605230259	2611606052300273
261160605230260	2611606052300274
261160605230261	2611606052300275
261160605230262	2611606052300276
261160605230264	2611606052300277
261160605230265	2611606052300278
261160605230266	2611606052300279
261160605230267	2611606052300280
261160605230268	2611606052300281
261160605230269	2611606052300282
261160605230270	2611606052300283
261160605230271	2611606052300284
261160605230272	2611606052300285
261160605230273	2611606052300286
261160605230274	2611606052300287
261160605230275	2611606052300288
261160605230276	2611606052300289
261160605230277	2611606052300290
261160605230278	2611606052300291
261160605230279	2611606052300292
261160605230280	2611606052300293
261160605230281	2611606052300294
261160605230282	2611606052300295
261160605230283	2611606052300296
261160605230284	2611606052300297
261160605230298	2611606052300298
261160605230299	2611606052300299
261160605230300	2611606052300300
261160605230301	2611606052300301
261160605230302	2611606052300302
261160605230303	2611606052300303
261160605230304	2611606052300304
261160605230305	2611606052300305
261160605230306	2611606052300306
261160605230307	2611606052300307
261160605230308	2611606052300308
261160605230310	2611606052300309
261160605230311	2611606052300310
261160605230312	2611606052300311
261160605230313	2611606052300312
261160605230314	2611606052300313
261160605230315	2611606052300314
261160605230316	2611606052300315
261160605230317	2611606052300316
261160605230318	2611606052300317
261160605230319	2611606052300318
261160605230320	2611606052300319
261160605230321	2611606052300320
261160605230322	2611606052300321
261160605230383	2611606052300322
261160605230323	2611606052300322
261160605230324	2611606052300323
261160605230325	2611606052300324
261160605230326	2611606052300325
261160605230327	2611606052300326
261160605230328	2611606052300327
261160605230329	2611606052300328
261160605230330	2611606052300329
261160605230331	2611606052300330
261160605230332	2611606052300331
261160605230333	2611606052300332
261160605230335	2611606052300333
261160605230336	2611606052300334
261160605230337	2611606052300335
261160605230338	2611606052300336
261160605230339	2611606052300337
261160605230342	2611606052300338
261160605230344	2611606052300339
261160605230345	2611606052300340
261160605230346	2611606052300341
261160605230347	2611606052300342
261160605230348	2611606052300343
261160605230349	2611606052300344
261160605230350	2611606052300345
261160605230351	2611606052300346
261160605230352	2611606052300347
261160605230354	2611606052300348
261160605230355	2611606052300349
261160605230359	2611606052300350
261160605230360	2611606052300351
261160605230361	2611606052300352
261160605230362	2611606052300353
261160605230363	2611606052300354
261160605230364	2611606052300355
261160605230365	2611606052300356
261160605230366	2611606052300357
261160605230367	2611606052300358
261160605230368	2611606052300359
261160605230369	2611606052300360
261160605230370	2611606052300361
261160605230371	2611606052300362
261160605230372	2611606052300363
261160605230373	2611606052300364
261160605230374	2611606052300365
261160605230375	2611606052300366
261160605230376	2611606052300367
261160605230377	2611606052300368
261160605230378	2611606052300369
261160605230379	2611606052300370
261160605230380	2611606052300371
261160605230381	2611606052300372
261160605230382	2611606052300373
261160605230384	2611606052300374
261160605230385	2611606052300375
261160605230386	2611606052300376
261160605230388	2611606052300377
261160605230389	2611606052300378
261160605230390	2611606052300379
261160605230391	2611606052300380
261160605230392	2611606052300381
261160605230394	2611606052300382
261160605230395	2611606052300383
261160605230396	2611606052300384
261160605230397	2611606052300385
261160605230478	2611606052300385
261160605230398	2611606052300386
261160605230399	2611606052300387
261160605230400	2611606052300388
261160605230460	2611606052300389
261160605230401	2611606052300389
261160605230415	2611606052300390
261160605230416	2611606052300391
261160605230417	2611606052300392
261160605230418	2611606052300393
261160605230419	2611606052300394
261160605230420	2611606052300395
261160605230421	2611606052300396
261160605230422	2611606052300397
261160605230423	2611606052300398
261160605230424	2611606052300399
261160605230425	2611606052300400
261160605230426	2611606052300401
261160605230427	2611606052300402
261160605230428	2611606052300403
261160605230429	2611606052300404
261160605230430	2611606052300405
261160605230432	2611606052300406
261160605230433	2611606052300407
261160605230434	2611606052300408
261160605230435	2611606052300409
261160605230436	2611606052300410
261160605230437	2611606052300411
261160605230438	2611606052300412
261160605230440	2611606052300413
261160605230441	2611606052300414
261160605230442	2611606052300415
261160605230443	2611606052300416
261160605230444	2611606052300417
261160605230445	2611606052300418
261160605230446	2611606052300419
261160605230447	2611606052300420
261160605230448	2611606052300421
261160605230449	2611606052300422
261160605230450	2611606052300423
261160605230451	2611606052300424
261160605230452	2611606052300425
261160605230453	2611606052300426
261160605230454	2611606052300427
261160605230455	2611606052300428
261160605230456	2611606052300429
261160605230457	2611606052300430
261160605230458	2611606052300431
261160605230459	2611606052300432
261160605230461	2611606052300433
261160605230462	2611606052300434
261160605230463	2611606052300435
261160605230464	2611606052300436
261160605230465	2611606052300437
261160605230466	2611606052300438
261160605230467	2611606052300439
261160605230468	2611606052300440
261160605230469	2611606052300441
261160605230470	2611606052300442
261160605230471	2611606052300443
261160605230472	2611606052300444
261160605230473	2611606052300445
261160605230474	2611606052300446
261160605230475	2611606052300447
261160605230477	2611606052300448
261160605230479	2611606052300449
261160605230480	2611606052300450
261160605230481	2611606052300451
261160605230482	2611606052300452
261370115000001	2613701150000001
261370115000002	2613701150000002
261370115000003	2613701150000003
261370115000007	2613701150000004
261370115000012	2613701150000004
261370115000006	2613701150000004
261370115000008	2613701150000004
261370115000013	2613701150000004
261370115000011	2613701150000004
261370115000010	2613701150000004
261370115000004	2613701150000004
261370115000015	2613701150000004
261370115000009	2613701150000004
261370115000014	2613701150000004
261370115000005	2613701150000005
261370105000001	2613701050000001
261370105000002	2613701050000002
261370105000003	2613701050000002
261370105000004	2613701050000003
261370105000005	2613701050000004
261370105000006	2613701050000005
261370105000007	2613701050000006
261370105000008	2613701050000007
261370105000009	2613701050000008
261370105000010	2613701050000009
261370105000011	2613701050000010
261370105000012	2613701050000011
261370105000013	2613701050000012
261370105000014	2613701050000013
261370105000015	2613701050000014
261370105000016	2613701050000015
261370105000017	2613701050000016
261370105000018	2613701050000017
261370105000019	2613701050000018
261370105000020	2613701050000019
261370105000021	2613701050000020
261370105000022	2613701050000021
261370105000023	2613701050000022
261370105000024	2613701050000023
261370105000066	2613701050000024
261370105000025	2613701050000024
261370105000026	2613701050000024
261370105000027	2613701050000025
261370105000028	2613701050000026
261370105000029	2613701050000027
261370105000030	2613701050000028
261370105000091	2613701050000029
261370105000031	2613701050000029
261370105000032	2613701050000030
261370105000033	2613701050000031
261370105000069	2613701050000031
261370105000058	2613701050000031
261370105000068	2613701050000031
261370105000071	2613701050000031
261370105000070	2613701050000031
261370105000115	2613701050000031
261370105000044	2613701050000031
261370105000060	2613701050000031
261370105000036	2613701050000031
261370105000098	2613701050000031
261370105000043	2613701050000031
261370105000092	2613701050000031
261370105000042	2613701050000031
261370105000059	2613701050000031
261370105000049	2613701050000031
261370105000096	2613701050000031
261370105000034	2613701050000032
261370105000035	2613701050000033
261370105000037	2613701050000034
261370105000038	2613701050000035
261370105000039	2613701050000036
261370105000040	2613701050000037
261370105000041	2613701050000038
261370105000045	2613701050000039
261370105000046	2613701050000040
261370105000047	2613701050000041
261370105000048	2613701050000042
261370105000050	2613701050000043
261370105000051	2613701050000044
261370105000052	2613701050000045
261370105000053	2613701050000046
261370105000054	2613701050000047
261370105000055	2613701050000048
261370105000056	2613701050000049
261370105000057	2613701050000050
261370105000061	2613701050000051
261370105000062	2613701050000052
261370105000063	2613701050000053
261370105000064	2613701050000054
261370105000065	2613701050000055
261370105000067	2613701050000056
261370105000072	2613701050000057
261370105000073	2613701050000058
261370105000074	2613701050000059
261370105000075	2613701050000060
261370105000076	2613701050000061
261370105000077	2613701050000062
261370105000078	2613701050000063
261370105000079	2613701050000064
261370105000080	2613701050000065
261370105000081	2613701050000066
261370105000082	2613701050000067
261370105000083	2613701050000068
261370105000084	2613701050000069
261370105000085	2613701050000070
261370105000086	2613701050000071
261370105000087	2613701050000072
261370105000088	2613701050000073
261370105000089	2613701050000074
261370105000090	2613701050000075
261370105000093	2613701050000076
261370105000094	2613701050000077
261370105000095	2613701050000078
261370105000097	2613701050000079
261370105000099	2613701050000080
261370105000100	2613701050000081
261370105000101	2613701050000082
261370105000102	2613701050000083
261370105000103	2613701050000084
261370105000104	2613701050000085
261370105000105	2613701050000086
261370105000106	2613701050000087
261370105000107	2613701050000088
261370105000108	2613701050000089
261370105000109	2613701050000090
261370105000110	2613701050000091
261370105000111	2613701050000092
261370105000112	2613701050000093
261370105000113	2613701050000094
261370105000114	2613701050000095
261370105000116	2613701050000096
261370105000117	2613701050000097
261370115000016	2613701150000006
261370115000017	2613701150000007
261370115000018	2613701150000008
