ID	CD_MCA
020010101	0200001
020010401	0200002
020010402	0200003
020010403	0200004
020010404	0200005
020010405	0200006
020010406	0200007
020010407	0200008
020010408	0200009
020010501	0200010
020010502	0200011
020010503	0200012
020010504	0200013
020010505	0200014
020010506	0200015
020010507	0200016
020010601	0200017
020010602	0200018
020010603	0200019
020010604	0200020
020010605	0200021
020010606	0200022
020010607	0200023
020010608	0200024
020010609	0200025
020010610	0200026
020010701	0200027
020010702	0200028
020010703	0200029
020010704	0200030
020010705	0200031
020010706	0200032
020010707	0200033
020010708	0200034
020010709	0200035
020010710	0200036
020010711	0200037
020010712	0200038
020010713	0200039
020010801	0200040
020010802	0200041
020010803	0200042
020010804	0200043
020010805	0200044
020010806	0200045
020010807	0200046
020010808	0200047
020010809	0200048
020010810	0200049
020010901	0200050
020010902	0200051
020010903	0200052
020010904	0200053
020010905	0200054
020010906	0200055
020010907	0200056
020010908	0200057
020010909	0200058
020010910	0200059
020010911	0200060
020010912	0200061
020010913	0200062
020010914	0200063
020010915	0200064
020010916	0200065
020010917	0200066
020010918	0200067
020010919	0200068
020011001	0200069
020011002	0200070
020011003	0200071
020011004	0200072
020011005	0200073
020011006	0200074
020011007	0200075
020011008	0200076
020011009	0200077
020011010	0200078
020011011	0200079
020011012	0200080
020011013	0200081
020011014	0200082
020011101	0200083
020011102	0200084
020011103	0200085
020011104	0200086
020011105	0200087
020011106	0200088
020011107	0200089
020011108	0200090
020011109	0200091
020011110	0200092
020011111	0200093
020011112	0200094
020011113	0200095
020011114	0200096
020011201	0200097
020011202	0200098
020011203	0200099
020011204	0200100
020011205	0200101
020011206	0200102
020011207	0200103
020011208	0200104
020011209	0200105
020011210	0200106
020011211	0200107
020011212	0200108
020011301	0200109
020011302	0200110
020011303	0200111
020011304	0200112
020011305	0200113
020011306	0200114
020011307	0200115
020011308	0200116
020011309	0200117
020011310	0200118
020011311	0200119
020011312	0200120
020011313	0200121
020011314	0200122
020011315	0200123
020011401	0200124
020011402	0200125
020011403	0200126
020011404	0200127
020011405	0200128
020011406	0200129
020011407	0200130
020011408	0200131
020011409	0200132
020011410	0200133
020011411	0200134
020011412	0200135
020011501	0200136
020011502	0200137
020011503	0200138
020011504	0200139
020011505	0200140
020011506	0200141
020011507	0200142
020011508	0200143
020011509	0200144
020011510	0200145
020011511	0200146
020011601	0200147
020011602	0200148
020011603	0200149
020011604	0200150
020011605	0200151
020011606	0200152
020011607	0200153
020011608	0200154
020011609	0200155
020011610	0200156
020011611	0200157
020011612	0200158
020011701	0200159
020011702	0200160
020011703	0200161
020011704	0200162
020011705	0200163
020011706	0200164
020011707	0200165
020011708	0200166
020011709	0200167
020011710	0200168
020011711	0200169
020011801	0200170
020011802	0200171
020011803	0200172
020011804	0200173
020011805	0200174
020011806	0200175
020011807	0200176
020011808	0200177
020011809	0200178
020011901	0200179
020011902	0200180
020011903	0200181
020011904	0200182
020011905	0200183
020011906	0200184
020011907	0200185
020011908	0200186
020011909	0200187
020012001	0200188
020012002	0200189
020012003	0200190
020012004	0200191
020012005	0200192
020012006	0200193
020012007	0200194
020012008	0200195
020012009	0200196
020012010	0200197
020012101	0200198
020012102	0200199
020012103	0200200
020012104	0200201
020012105	0200202
020012106	0200203
020012107	0200204
020012108	0200205
020012109	0200206
020012110	0200207
020012201	0200208
020012202	0200209
020012203	0200210
020012204	0200211
020012205	0200212
020012206	0200213
020012207	0200214
020012208	0200215
020012209	0200216
020012210	0200217
020012301	0200218
020012302	0200219
020012303	0200220
020012304	0200221
020012305	0200222
020012306	0200223
020012307	0200224
020012308	0200225
020012309	0200226
020012310	0200227
020012401	0200228
020012402	0200229
020012403	0200230
020012404	0200231
020012405	0200232
020012406	0200233
020012407	0200234
020012408	0200235
020012501	0200236
020012502	0200237
020012503	0200238
020012504	0200239
020012505	0200240
020012506	0200241
020012507	0200242
020012508	0200243
020012509	0200244
020012510	0200245
020012511	0200246
020012601	0200247
020012602	0200248
020012603	0200249
020012604	0200250
020012605	0200251
020012606	0200252
020012607	0200253
020012608	0200254
020012609	0200255
020012701	0200256
020012702	0200257
020012703	0200258
020012704	0200259
020012705	0200260
020012706	0200261
020012707	0200262
020012708	0200263
020012709	0200264
020012710	0200265
020012801	0200266
020012802	0200267
020012803	0200268
020012804	0200269
020012805	0200270
020012806	0200271
020012807	0200272
020012808	0200273
020012809	0200274
020012810	0200275
020012811	0200276
020012812	0200277
020012813	0200278
020012901	0200279
020012902	0200280
020012903	0200281
020012904	0200282
020012905	0200283
020012906	0200284
020012907	0200285
020012908	0200286
020012909	0200287
020020201	0200288
020020202	0200289
020020203	0200290
020020204	0200291
020020205	0200292
020020206	0200293
020020207	0200294
020020208	0200295
020020301	0200296
020020302	0200297
020020303	0200298
020020304	0200299
020020305	0200300
020020306	0200301
020020307	0200302
020020308	0200303
020020401	0200304
020020402	0200305
020020403	0200306
020020404	0200307
020020405	0200308
020020406	0200309
020020407	0200310
020020408	0200311
020020409	0200312
020020410	0200313
020020501	0200314
020020502	0200315
020020503	0200316
020020504	0200317
020020505	0200318
020020506	0200319
020020507	0200320
020020508	0200321
020020509	0200322
020020601	0200323
020020602	0200324
020020603	0200325
020020604	0200326
020020605	0200327
020020606	0200328
020020607	0200329
020020608	0200330
020020609	0200331
020020610	0200332
020020701	0200333
020020702	0200334
020020703	0200335
020020704	0200336
020020705	0200337
020020706	0200338
020020707	0200339
020020708	0200340
020020709	0200341
020020801	0200342
020020802	0200343
020020803	0200344
020020804	0200345
020020805	0200346
020020806	0200347
020020807	0200348
020020808	0200349
020020901	0200350
020020902	0200351
020020903	0200352
020020904	0200353
020020905	0200354
020020906	0200355
020020907	0200356
020020908	0200357
020020909	0200358
020021001	0200359
020021002	0200360
020021003	0200361
020021004	0200362
020021005	0200363
020021006	0200364
020021007	0200365
020021008	0200366
020021009	0200367
020021101	0200368
020021102	0200369
020021103	0200370
020021104	0200371
020021105	0200372
020021106	0200373
020021201	0200374
020021202	0200375
020021203	0200376
020021204	0200377
020021205	0200378
020021206	0200379
020021301	0200380
020021302	0200381
020021303	0200382
020021304	0200383
020021305	0200384
020021306	0200385
020021307	0200386
020021401	0200387
020021402	0200388
020021403	0200389
020021404	0200390
020021405	0200391
020021406	0200392
020021407	0200393
020021408	0200394
020021409	0200395
020021410	0200396
020021501	0200397
020021502	0200398
020021503	0200399
020021504	0200400
020021505	0200401
020021506	0200402
020021507	0200403
020021508	0200404
020021601	0200405
020021602	0200406
020021603	0200407
020021604	0200408
020021605	0200409
020021606	0200410
020021607	0200411
020021608	0200412
020021701	0200413
020021702	0200414
020021703	0200415
020021704	0200416
020021705	0200417
020021706	0200418
020021707	0200419
020021708	0200420
020021709	0200421
020021801	0200422
020021802	0200423
020021803	0200424
020021804	0200425
020021805	0200426
020021806	0200427
020021807	0200428
020021808	0200429
020021901	0200430
020021902	0200431
020021903	0200432
020021904	0200433
020021905	0200434
020021906	0200435
020021907	0200436
020021908	0200437
020022001	0200438
020022002	0200439
020022003	0200440
020022004	0200441
020022005	0200442
020022006	0200443
020022007	0200444
020022008	0200445
020022101	0200446
020022102	0200447
020022103	0200448
020022104	0200449
020022105	0200450
020022106	0200451
020022201	0200452
020022202	0200453
020022203	0200454
020022204	0200455
020022205	0200456
020022206	0200457
020022301	0200458
020022302	0200459
020022303	0200460
020022304	0200461
020022305	0200462
020022306	0200463
020022307	0200464
020022308	0200465
020022309	0200466
020022401	0200467
020022402	0200468
020022403	0200469
020022404	0200470
020022405	0200471
020022406	0200472
020022501	0200473
020022502	0200474
020022503	0200475
020022504	0200476
020022505	0200477
020022506	0200478
020022507	0200479
020022508	0200480
020022509	0200481
020022510	0200482
020022511	0200483
020030101	0200484
020030102	0200485
020030103	0200486
020030104	0200487
020030105	0200488
020030106	0200489
020030107	0200490
020030108	0200491
020030109	0200492
020030110	0200493
020030111	0200494
020030201	0200495
020030202	0200496
020030203	0200497
020030204	0200498
020030205	0200499
020030206	0200500
020030207	0200501
020030208	0200502
020030209	0200503
020030210	0200504
020030211	0200505
020030212	0200506
020030301	0200507
020030302	0200508
020030303	0200509
020030304	0200510
020030305	0200511
020030306	0200512
020030307	0200513
020030308	0200514
020030309	0200515
020030310	0200516
020030311	0200517
020030401	0200518
020030402	0200519
020030403	0200520
020030404	0200521
020030405	0200522
020030406	0200523
020030407	0200524
020030408	0200525
020030501	0200526
020030502	0200527
020030503	0200528
020030504	0200529
020030505	0200530
020030506	0200531
020030507	0200532
020030601	0200533
020030602	0200534
020030603	0200535
020030604	0200536
020030605	0200537
020030606	0200538
020030607	0200539
020030701	0200540
020030702	0200541
020030703	0200542
020030704	0200543
020030705	0200544
020030706	0200545
020030707	0200546
020030708	0200547
020030709	0200548
020030801	0200549
020030802	0200550
020030803	0200551
020030804	0200552
020030805	0200553
020030806	0200554
020030807	0200555
020030808	0200556
020030809	0200557
020030810	0200558
020030901	0200559
020030902	0200560
020030903	0200561
020030904	0200562
020030905	0200563
020030906	0200564
020030907	0200565
020030908	0200566
020030909	0200567
020030910	0200568
020031001	0200569
020031002	0200570
020031003	0200571
020031004	0200572
020031005	0200573
020031006	0200574
020031007	0200575
020031008	0200576
020031101	0200577
020031102	0200578
020031103	0200579
020031104	0200580
020031105	0200581
020031106	0200582
020031107	0200583
020031108	0200584
020031201	0200585
020031202	0200586
020031203	0200587
020031204	0200588
020031205	0200589
020031206	0200590
020031207	0200591
020031208	0200592
020031209	0200593
020031210	0200594
020031301	0200595
020031302	0200596
020031303	0200597
020031304	0200598
020031305	0200599
020031306	0200600
020031307	0200601
020031308	0200602
020031309	0200603
020031310	0200604
020031311	0200605
020031401	0200606
020031402	0200607
020031403	0200608
020031404	0200609
020031405	0200610
020031406	0200611
020031407	0200612
020031408	0200613
020031410	0200614
020031409	0200614
020031501	0200615
020031502	0200616
020031503	0200617
020031504	0200618
020031505	0200619
020031506	0200620
020031507	0200621
020031508	0200622
020031509	0200623
020031601	0200624
020031602	0200625
020031603	0200626
020031604	0200627
020031605	0200628
020031606	0200629
020031607	0200630
020031608	0200631
020031609	0200632
020031701	0200633
020031702	0200634
020031703	0200635
020031704	0200636
020031705	0200637
020031706	0200638
020031707	0200639
020031708	0200640
020031709	0200641
020031801	0200642
020031802	0200643
020031803	0200644
020031804	0200645
020031805	0200646
020031806	0200647
020031807	0200648
020031808	0200649
020031809	0200650
020031810	0200651
020031811	0200652
020031901	0200653
020031902	0200654
020031903	0200655
020031904	0200656
020031905	0200657
020031906	0200658
020031907	0200659
020031908	0200660
020031909	0200661
020031910	0200662
020032001	0200663
020032002	0200664
020032003	0200665
020032004	0200666
020032005	0200667
020032006	0200668
020032007	0200669
020032008	0200670
020032009	0200671
020032010	0200672
020032011	0200673
020032101	0200674
020032102	0200675
020032103	0200676
020032104	0200677
020032105	0200678
020032106	0200679
020032107	0200680
020032108	0200681
020032109	0200682
020032110	0200683
020032201	0200684
020032202	0200685
020032203	0200686
020032204	0200687
020032205	0200688
020032206	0200689
020032207	0200690
020032208	0200691
020032209	0200692
020032301	0200693
020032302	0200694
020032303	0200695
020032304	0200696
020032305	0200697
020032306	0200698
020032307	0200699
020032308	0200700
020032309	0200701
020032310	0200702
020032401	0200703
020032402	0200704
020032403	0200705
020032404	0200706
020032405	0200707
020032406	0200708
020032407	0200709
020032408	0200710
020032409	0200711
020032501	0200712
020032502	0200713
020032503	0200714
020032504	0200715
020032505	0200716
020032506	0200717
020032507	0200718
020032508	0200719
020032509	0200720
020032601	0200721
020032602	0200722
020032603	0200723
020032604	0200724
020032605	0200725
020032606	0200726
020032607	0200727
020032608	0200728
020032609	0200729
020032701	0200730
020032702	0200731
020032703	0200732
020032704	0200733
020032705	0200734
020032706	0200735
020032707	0200736
020040101	0200737
020040102	0200738
020040103	0200739
020040104	0200740
020040105	0200741
020040106	0200742
020040107	0200743
020040108	0200744
020040109	0200745
020040110	0200746
020040111	0200747
020040112	0200748
020040113	0200749
020040114	0200750
020040201	0200751
020040202	0200752
020040203	0200753
020040204	0200754
020040205	0200755
020040206	0200756
020040207	0200757
020040208	0200758
020040209	0200759
020040210	0200760
020040301	0200761
020040302	0200762
020040303	0200763
020040304	0200764
020040305	0200765
020040306	0200766
020040307	0200767
020040308	0200768
020040309	0200769
020040310	0200770
020040311	0200771
020040312	0200772
020040313	0200773
020040401	0200774
020040402	0200775
020040403	0200776
020040404	0200777
020040405	0200778
020040406	0200779
020040407	0200780
020040408	0200781
020040409	0200782
020040410	0200783
020040411	0200784
020040501	0200785
020040502	0200786
020040503	0200787
020040504	0200788
020040505	0200789
020040506	0200790
020040507	0200791
020040508	0200792
020040509	0200793
020040510	0200794
020040511	0200795
020040601	0200796
020040602	0200797
020040603	0200798
020040604	0200799
020040605	0200800
020040606	0200801
020040607	0200802
020040608	0200803
020040609	0200804
020040610	0200805
020040611	0200806
020040701	0200807
020040702	0200808
020040703	0200809
020040704	0200810
020040705	0200811
020040706	0200812
020040707	0200813
020040708	0200814
020040709	0200815
020040710	0200816
020040711	0200817
020040712	0200818
020040801	0200819
020040802	0200820
020040803	0200821
020040804	0200822
020040805	0200823
020040806	0200824
020040807	0200825
020040808	0200826
020040809	0200827
020040810	0200828
020040811	0200829
020040901	0200830
020040902	0200831
020040903	0200832
020040904	0200833
020040905	0200834
020040906	0200835
020040907	0200836
020041001	0200837
020041002	0200838
020041003	0200839
020041004	0200840
020041005	0200841
020041006	0200842
020041007	0200843
020041008	0200844
020041009	0200845
020041101	0200846
020041102	0200847
020041103	0200848
020041104	0200849
020041105	0200850
020041106	0200851
020041107	0200852
020041108	0200853
020041109	0200854
020041201	0200855
020041202	0200856
020041203	0200857
020041204	0200858
020041205	0200859
020041206	0200860
020041207	0200861
020041208	0200862
020041209	0200863
020041210	0200864
020041211	0200865
020041212	0200866
020041301	0200867
020041302	0200868
020041303	0200869
020041304	0200870
020041305	0200871
020041306	0200872
020041307	0200873
020041308	0200874
020041309	0200875
020041310	0200876
020041311	0200877
020041401	0200878
020041402	0200879
020041403	0200880
020041404	0200881
020041405	0200882
020041406	0200883
020041407	0200884
020041408	0200885
020041409	0200886
020041501	0200887
020041502	0200888
020041503	0200889
020041504	0200890
020041505	0200891
020041506	0200892
020041507	0200893
020041508	0200894
020041509	0200895
020041510	0200896
020041601	0200897
020041602	0200898
020041603	0200899
020041604	0200900
020041605	0200901
020041606	0200902
020041607	0200903
020041608	0200904
020041609	0200905
020041610	0200906
020041701	0200907
020041702	0200908
020041703	0200909
020041704	0200910
020041705	0200911
020041706	0200912
020041707	0200913
020041708	0200914
020041709	0200915
020041710	0200916
020041801	0200917
020041901	0200918
020041902	0200919
020041903	0200920
020041904	0200921
020041905	0200922
020041906	0200923
020041907	0200924
020041908	0200925
020041909	0200926
020041910	0200927
020042001	0200928
020042002	0200929
020042003	0200930
020042004	0200931
020042005	0200932
020042006	0200933
020042007	0200934
020042008	0200935
020042009	0200936
020042010	0200937
020042011	0200938
020042012	0200939
020042101	0200940
020042102	0200941
020042103	0200942
020042104	0200943
020042105	0200944
020042106	0200945
020042107	0200946
020042108	0200947
020042109	0200948
020042110	0200949
020042111	0200950
020042112	0200951
020042201	0200952
020042202	0200953
020042203	0200954
020042204	0200955
020042205	0200956
020042206	0200957
020042207	0200958
020042208	0200959
020042209	0200960
020042210	0200961
020042211	0200962
020042212	0200963
020042301	0200964
020042302	0200965
020042303	0200966
020042304	0200967
020042305	0200968
020042306	0200969
020042307	0200970
020042308	0200971
020042309	0200972
020042310	0200973
020042311	0200974
020042312	0200975
020042401	0200976
020042402	0200977
020042403	0200978
020042404	0200979
020042405	0200980
020042406	0200981
020042501	0200982
020042502	0200983
020042503	0200984
020042504	0200985
020042601	0200986
020042602	0200987
020042603	0200988
020050101	0200989
020050102	0200990
020050103	0200991
020050104	0200992
020050105	0200993
020050106	0200994
020050107	0200995
020050108	0200996
020050109	0200997
020050110	0200998
020050201	0200999
020050202	0201000
020050203	0201001
020050204	0201002
020050205	0201003
020050206	0201004
020050207	0201005
020050208	0201006
020050209	0201007
020050210	0201008
020050211	0201009
020050301	0201010
020050302	0201011
020050303	0201012
020050304	0201013
020050305	0201014
020050306	0201015
020050307	0201016
020050308	0201017
020050309	0201018
020050310	0201019
020050311	0201020
020050401	0201021
020050402	0201022
020050403	0201023
020050404	0201024
020050405	0201025
020050406	0201026
020050407	0201027
020050408	0201028
020050409	0201029
020050501	0201030
020050502	0201031
020050503	0201032
020050504	0201033
020050505	0201034
020050506	0201035
020050507	0201036
020050508	0201037
020050601	0201038
020050602	0201039
020050603	0201040
020050604	0201041
020050605	0201042
020050606	0201043
020050607	0201044
020050608	0201045
020050701	0201046
020050702	0201047
020050703	0201048
020050704	0201049
020050705	0201050
020050706	0201051
020050707	0201052
020050708	0201053
020050801	0201054
020050802	0201055
020050803	0201056
020050804	0201057
020050805	0201058
020050806	0201059
020050807	0201060
020050808	0201061
020050809	0201062
020050901	0201063
020050902	0201064
020050903	0201065
020050904	0201066
020050905	0201067
020050906	0201068
020050907	0201069
020050908	0201070
020050909	0201071
020050910	0201072
020051001	0201073
020051002	0201074
020051003	0201075
020051004	0201076
020051005	0201077
020051006	0201078
020051007	0201079
020051008	0201080
020051009	0201081
020051010	0201082
020051101	0201083
020051102	0201084
020051103	0201085
020051104	0201086
020051105	0201087
020051106	0201088
020051107	0201089
020051108	0201090
020051109	0201091
020051110	0201092
020051201	0201093
020051202	0201094
020051203	0201095
020051204	0201096
020051205	0201097
020051206	0201098
020051207	0201099
020051301	0201100
020051302	0201101
020051303	0201102
020051304	0201103
020051305	0201104
020051306	0201105
020051307	0201106
020051308	0201107
020051309	0201108
020051401	0201109
020051402	0201110
020051403	0201111
020051404	0201112
020051405	0201113
020051406	0201114
020051407	0201115
020051408	0201116
020051409	0201117
020051501	0201118
020051502	0201119
020051503	0201120
020051504	0201121
020051505	0201122
020051506	0201123
020051507	0201124
020051508	0201125
020051509	0201126
020051601	0201127
020051602	0201128
020051603	0201129
020051604	0201130
020051605	0201131
020051606	0201132
020051607	0201133
020051608	0201134
020051609	0201135
020051610	0201136
020051611	0201137
020051701	0201138
020051702	0201139
020051703	0201140
020051704	0201141
020051705	0201142
020051706	0201143
020051707	0201144
020051708	0201145
020051709	0201146
020051710	0201147
020051711	0201148
020051801	0201149
020051802	0201150
020051803	0201151
020051804	0201152
020051805	0201153
020051806	0201154
020051807	0201155
020051808	0201156
020051809	0201157
020051810	0201158
020051811	0201159
020051901	0201160
020051902	0201161
020051903	0201162
020051904	0201163
020051905	0201164
020051906	0201165
020051907	0201166
020051908	0201167
020051909	0201168
020051910	0201169
020051911	0201170
020052001	0201171
020052002	0201172
020052003	0201173
020052004	0201174
020052005	0201175
020052006	0201176
020052007	0201177
020052008	0201178
020052009	0201179
020052010	0201180
020052011	0201181
020052012	0201182
020052101	0201183
020052102	0201184
020052103	0201185
020052104	0201186
020052105	0201187
020052106	0201188
020052107	0201189
020052108	0201190
020052109	0201191
020052110	0201192
020052111	0201193
020052201	0201194
020052202	0201195
020052203	0201196
020052204	0201197
020112002	0201198
020112003	0201199
020112004	0201200
020112005	0201201
020112006	0201202
020112007	0201203
020112008	0201204
020112009	0201205
020112010	0201206
020112011	0201207
020112101	0201208
020112102	0201209
020112103	0201210
020112104	0201211
020112105	0201212
020112106	0201213
020112107	0201214
020112108	0201215
020112109	0201216
020112110	0201217
020112111	0201218
020112201	0201219
020112202	0201220
020122002	0201221
020122003	0201222
020122004	0201223
020122005	0201224
020122006	0201225
020122007	0201226
020122008	0201227
020122101	0201228
020122102	0201229
020122103	0201230
020122104	0201231
020122105	0201232
020122106	0201233
020122107	0201234
020122108	0201235
020122109	0201236
020122110	0201237
020122201	0201238
020122202	0201239
020122203	0201240
020122204	0201241
020122205	0201242
020122206	0201243
020141308	0201244
020141309	0201245
020141310	0201246
020141311	0201247
020141312	0201248
020141401	0201249
020141402	0201250
020141403	0201251
020141404	0201252
020141405	0201253
020141406	0201254
020141407	0201255
020141408	0201256
020141409	0201257
020141410	0201258
020141411	0201259
020141501	0201260
020141502	0201261
020141503	0201262
020141504	0201263
020141505	0201264
020141506	0201265
020141507	0201266
060280312	0600001
060280401	0600002
060280402	0600003
060280403	0600004
060280404	0600005
060280405	0600006
060280406	0600007
060280407	0600008
060280408	0600009
060280409	0600010
060280410	0600011
060280411	0600012
060280412	0600013
060280501	0600014
060280502	0600015
060280503	0600016
060280504	0600017
060280505	0600018
060280506	0600019
060280507	0600020
060280508	0600021
060280509	0600022
060280510	0600023
060280511	0600024
060560401	0600025
060560402	0600026
060560403	0600027
060560404	0600028
060560405	0600029
060560406	0600030
060560407	0600031
060560408	0600032
060560409	0600033
060560410	0600034
060560501	0600035
060560502	0600036
060560503	0600037
060560504	0600038
060560505	0600039
060560506	0600040
060560507	0600041
060560508	0600042
060560509	0600043
060560601	0600044
060560602	0600045
060560603	0600046
060560604	0600047
061680404	0600048
061680405	0600049
061680406	0600050
061680501	0600051
061680502	0600052
061680503	0600053
061680601	0600054
061680602	0600055
061680603	0600056
061680604	0600057
061680701	0600058
061680702	0600059
061680801	0600060
061680802	0600061
061680803	0600062
061680804	0600063
061680805	0600064
061680806	0600065
061680807	0600066
061680901	0600067
061680902	0600068
061680903	0600069
061680904	0600070
061680905	0600071
061680906	0600072
062700311	0600073
062700312	0600074
062700313	0600075
062700314	0600076
062700315	0600077
062700316	0600078
062700401	0600079
062700402	0600080
062700403	0600081
062700404	0600082
062700405	0600083
062700406	0600084
062700407	0600085
062700408	0600086
062700409	0600087
062700410	0600088
062700411	0600089
062700412	0600090
062700413	0600091
062700414	0600092
062700501	0600093
062700502	0600094
062700503	0600095
020052205	0201267
020052206	0201268
020052207	0201269
020052208	0201270
020052209	0201271
020052210	0201272
020052211	0201273
020052212	0201274
020052213	0201275
020060101	0201276
020060102	0201277
020060103	0201278
020060104	0201279
020060105	0201280
020060106	0201281
020060107	0201282
020060108	0201283
020060109	0201284
020060110	0201285
020060111	0201286
020060112	0201287
020060201	0201288
020060202	0201289
020060203	0201290
020060204	0201291
020060205	0201292
020060206	0201293
020060207	0201294
020060208	0201295
020060209	0201296
020060210	0201297
020060211	0201298
020060301	0201299
020060302	0201300
020060303	0201301
020060304	0201302
020060305	0201303
020060306	0201304
020060307	0201305
020060308	0201306
020060309	0201307
020060310	0201308
020060401	0201309
020060402	0201310
020060403	0201311
020060404	0201312
020060405	0201313
020060406	0201314
020060407	0201315
020060408	0201316
020060409	0201317
020060410	0201318
020060411	0201319
020060501	0201320
020060502	0201321
020060503	0201322
020060504	0201323
020060505	0201324
020060506	0201325
020060507	0201326
020060508	0201327
020060509	0201328
020060510	0201329
020060511	0201330
020060512	0201331
020060601	0201332
020060602	0201333
020060603	0201334
020060604	0201335
020060605	0201336
020060606	0201337
020060607	0201338
020060608	0201339
020060609	0201340
020060701	0201341
020060702	0201342
020060703	0201343
020060704	0201344
020060705	0201345
020060706	0201346
020060707	0201347
020060708	0201348
020060709	0201349
020060710	0201350
020060711	0201351
020060712	0201352
020060713	0201353
020060801	0201354
020060802	0201355
020060803	0201356
020060804	0201357
020060805	0201358
020060806	0201359
020060807	0201360
020060808	0201361
020060809	0201362
020060810	0201363
020060901	0201364
020060902	0201365
020060903	0201366
020060904	0201367
020060905	0201368
020060906	0201369
020060907	0201370
020060908	0201371
020060909	0201372
020060910	0201373
020061001	0201374
020061002	0201375
020061003	0201376
020061004	0201377
020061005	0201378
020061006	0201379
020061007	0201380
020061008	0201381
020061009	0201382
020061010	0201383
020061101	0201384
020061102	0201385
020061103	0201386
020061104	0201387
020061105	0201388
020061106	0201389
020061107	0201390
020061108	0201391
020061109	0201392
020061110	0201393
020061201	0201394
020061202	0201395
020061203	0201396
020061204	0201397
020061205	0201398
020061206	0201399
020061207	0201400
020061208	0201401
020061209	0201402
020061210	0201403
020061211	0201404
020061212	0201405
020061301	0201406
020061302	0201407
020061303	0201408
020061304	0201409
020061305	0201410
020061306	0201411
020061307	0201412
020061308	0201413
020061309	0201414
020061401	0201415
020061402	0201416
020061403	0201417
020061404	0201418
020061405	0201419
020061406	0201420
020061407	0201421
020061408	0201422
020061409	0201423
020061410	0201424
020061501	0201425
020061502	0201426
020061503	0201427
020061504	0201428
020061505	0201429
020061506	0201430
020061507	0201431
020061508	0201432
020061509	0201433
020061510	0201434
020061601	0201435
020061602	0201436
020061603	0201437
020061604	0201438
020061605	0201439
020061606	0201440
020061607	0201441
020061608	0201442
020061609	0201443
020061610	0201444
020061611	0201445
020061701	0201446
020061702	0201447
020061703	0201448
020061704	0201449
020061705	0201450
020061706	0201451
020061707	0201452
020061801	0201453
020061802	0201454
020061803	0201455
020061804	0201456
020061805	0201457
020061806	0201458
020061807	0201459
020061808	0201460
020061809	0201461
020061901	0201462
020061902	0201463
020061903	0201464
020061904	0201465
020061905	0201466
020061906	0201467
020061907	0201468
020061908	0201469
020062001	0201470
020062002	0201471
020062003	0201472
020062004	0201473
020062005	0201474
020062006	0201475
020062007	0201476
020062008	0201477
020062009	0201478
020062010	0201479
020062101	0201480
020062102	0201481
020062103	0201482
020062104	0201483
020062105	0201484
020062106	0201485
020062107	0201486
020062108	0201487
020062109	0201488
020062110	0201489
020062111	0201490
020070101	0201491
020070102	0201492
020070103	0201493
020070104	0201494
020070105	0201495
020070106	0201496
020070107	0201497
020070108	0201498
020070109	0201499
020070110	0201500
020070201	0201501
020070202	0201502
020070203	0201503
020070204	0201504
020070205	0201505
020070206	0201506
020070207	0201507
020070208	0201508
020070209	0201509
020070301	0201510
020070302	0201511
020070303	0201512
020070304	0201513
020070305	0201514
020070306	0201515
020070307	0201516
020070308	0201517
020070309	0201518
020070310	0201519
020070401	0201520
020070402	0201521
020070403	0201522
020070404	0201523
020070405	0201524
020070406	0201525
020070407	0201526
020070408	0201527
020070409	0201528
020070410	0201529
020070501	0201530
020070502	0201531
020070503	0201532
020070504	0201533
020070505	0201534
020070506	0201535
020070507	0201536
020070508	0201537
020070509	0201538
020070601	0201539
020070602	0201540
020070603	0201541
020070604	0201542
020070605	0201543
020070606	0201544
020070607	0201545
020070608	0201546
020070609	0201547
020070701	0201548
020070702	0201549
020070703	0201550
020070704	0201551
020070705	0201552
020070706	0201553
020070707	0201554
020070708	0201555
020070709	0201556
020070710	0201557
020070711	0201558
020070801	0201559
020070802	0201560
020070803	0201561
020070804	0201562
020070805	0201563
020070806	0201564
020070807	0201565
020070808	0201566
020070901	0201567
020070902	0201568
020070903	0201569
020070904	0201570
020070905	0201571
020070906	0201572
020070907	0201573
020070908	0201574
020070909	0201575
020070910	0201576
020070911	0201577
020071001	0201578
020071002	0201579
020071003	0201580
020071004	0201581
020071005	0201582
020071006	0201583
020071007	0201584
020071008	0201585
020071009	0201586
020071010	0201587
020071101	0201588
020071102	0201589
020071103	0201590
020071104	0201591
020071105	0201592
020071106	0201593
020071107	0201594
020071108	0201595
020071109	0201596
020071110	0201597
020071201	0201598
020071202	0201599
020071203	0201600
020071204	0201601
020071205	0201602
020071206	0201603
020071207	0201604
020071208	0201605
020071209	0201606
020071301	0201607
020071302	0201608
020071303	0201609
020071304	0201610
020071305	0201611
020071306	0201612
020071307	0201613
020071308	0201614
020071309	0201615
020071310	0201616
020071311	0201617
020071312	0201618
020071313	0201619
020071314	0201620
020071315	0201621
020071401	0201622
020071402	0201623
020071403	0201624
020071404	0201625
020071405	0201626
020071406	0201627
020071407	0201628
020071408	0201629
020071409	0201630
020071410	0201631
020071411	0201632
020071412	0201633
020071413	0201634
020071501	0201635
020071502	0201636
020071503	0201637
020071504	0201638
020071505	0201639
020071506	0201640
020071507	0201641
020071508	0201642
020071509	0201643
020071510	0201644
020071511	0201645
020071601	0201646
020071602	0201647
020071603	0201648
020071604	0201649
020071605	0201650
020071606	0201651
020071607	0201652
020071608	0201653
020071609	0201654
020071701	0201655
020071702	0201656
020071703	0201657
020071704	0201658
020071705	0201659
020071706	0201660
020071707	0201661
020071708	0201662
020071709	0201663
020071710	0201664
020071711	0201665
020071801	0201666
020071802	0201667
020071803	0201668
020071804	0201669
020071805	0201670
020071806	0201671
020071807	0201672
020071808	0201673
020071809	0201674
020071810	0201675
020071811	0201676
020071901	0201677
020071902	0201678
020071903	0201679
020071904	0201680
020071905	0201681
020071906	0201682
020072001	0201683
020072002	0201684
020072003	0201685
020072004	0201686
020072005	0201687
020072006	0201688
020072007	0201689
020091303	0201690
020091304	0201691
020091305	0201692
020091306	0201693
020091307	0201694
020091401	0201695
020091402	0201696
020091403	0201697
020091404	0201698
020091405	0201699
020091406	0201700
020091407	0201701
020091408	0201702
020091409	0201703
020091410	0201704
020091501	0201705
020091502	0201706
020091503	0201707
020091504	0201708
020091505	0201709
020091506	0201710
020091507	0201711
020091508	0201712
020091509	0201713
020091510	0201714
020091511	0201715
020091601	0201716
020091602	0201717
020091603	0201718
020091604	0201719
020091605	0201720
020091606	0201721
020091607	0201722
020091608	0201723
020091609	0201724
020091610	0201725
020091611	0201726
020091612	0201727
020091613	0201728
020100101	0201729
020100102	0201730
020100103	0201731
020100104	0201732
020100105	0201733
020100106	0201734
062700603	0600096
062700604	0600097
062700605	0600098
062700606	0600099
062700607	0600100
062700608	0600101
062700609	0600102
062700610	0600103
062700611	0600104
062700612	0600105
062700613	0600106
062700614	0600107
062700615	0600108
062700616	0600109
062700617	0600110
062700701	0600111
062700702	0600112
062700703	0600113
062700704	0600114
062700705	0600115
062700706	0600116
062700707	0600117
062700708	0600118
062700709	0600119
062700710	0600120
062700711	0600121
062700712	0600122
062700713	0600123
062700714	0600124
062700715	0600125
062700716	0600126
062700717	0600127
062700718	0600128
062700719	0600129
062700801	0600130
062700802	0600131
062700803	0600132
062700804	0600133
062700805	0600134
062700806	0600135
062700807	0600136
062700808	0600137
062700809	0600138
062700810	0600139
062700811	0600140
063711903	0600141
063711904	0600142
063711905	0600143
063711906	0600144
063711907	0600145
063711908	0600146
063711909	0600147
063712001	0600148
063712002	0600149
063712003	0600150
063712004	0600151
063712005	0600152
063712006	0600153
063712007	0600154
063712008	0600155
063712101	0600156
063712102	0600157
063712103	0600158
063712104	0600159
063712105	0600160
063712106	0600161
063712107	0600162
063712108	0600163
063712109	0600164
063712110	0600165
063712111	0600166
063712112	0600167
063712113	0600168
063712114	0600169
063712115	0600170
063712201	0600171
063712202	0600172
063712203	0600173
063712204	0600174
063712205	0600175
063712206	0600176
063712207	0600177
063712208	0600178
063712209	0600179
063712210	0600180
063712211	0600181
063712212	0600182
063712213	0600183
063712214	0600184
063712301	0600185
064100413	0600186
064100414	0600187
064100415	0600188
064100416	0600189
064100501	0600190
064100502	0600191
064100503	0600192
064100504	0600193
064100505	0600194
064100506	0600195
064100507	0600196
064100508	0600197
064100509	0600198
064100510	0600199
064100511	0600200
064100512	0600201
064100513	0600202
064100514	0600203
064100515	0600204
064100601	0600205
064100602	0600206
064100603	0600207
064100604	0600208
064100605	0600209
064100606	0600210
064100607	0600211
064100608	0600212
064100609	0600213
064100610	0600214
064100611	0600215
064100612	0600216
064100613	0600217
064100614	0600218
064100615	0600219
064100701	0600220
064100702	0600221
064100703	0600222
064100704	0600223
064100705	0600224
064100706	0600225
064100707	0600226
064100708	0600227
064100709	0600228
064100710	0600229
064100711	0600230
065390909	0600231
065390910	0600232
065390911	0600233
065390912	0600234
065391001	0600235
065391002	0600236
065391003	0600237
065391004	0600238
065391005	0600239
065391006	0600240
065391007	0600241
065391008	0600242
065391009	0600243
065391010	0600244
065391011	0600245
065391012	0600246
065391013	0600247
065391014	0600248
065391015	0600249
065391016	0600250
065391017	0600251
065391101	0600252
065391102	0600253
065391103	0600254
065391104	0600255
065391105	0600256
065391106	0600257
065391107	0600258
065391108	0600259
065391109	0600260
065391110	0600261
065391111	0600262
065391112	0600263
065391113	0600264
065391114	0600265
065391115	0600266
065391116	0600267
065391201	0600268
065391202	0600269
065391203	0600270
065391204	0600271
065391205	0600272
065391206	0600273
065391207	0600274
065391208	0600275
065470306	0600276
065470307	0600277
065470308	0600278
065470309	0600279
065470310	0600280
065470311	0600281
065470312	0600282
065470313	0600283
065470401	0600284
065470402	0600285
065470501	0600286
065470502	0600287
065470503	0600288
065470601	0600289
065470602	0600290
065470603	0600291
065470701	0600292
065470702	0600293
065470703	0600294
065470801	0600295
065470802	0600296
065470901	0600297
065470902	0600298
065470903	0600299
065470904	0600300
065470905	0600301
065470906	0600302
065470907	0600303
065470908	0600304
065470909	0600305
065470910	0600306
065530101	0600307
065530102	0600308
065530103	0600309
065530104	0600310
065530105	0600311
065530106	0600312
065530107	0600313
065530108	0600314
065530109	0600315
065530110	0600316
065530111	0600317
065530201	0600318
065530202	0600319
065530203	0600320
065601110	0600321
065601111	0600322
065601112	0600323
065601113	0600324
065601114	0600325
065601115	0600326
065601116	0600327
065601117	0600328
065601201	0600329
065601202	0600330
065601203	0600331
065601204	0600332
065601205	0600333
065601206	0600334
065601207	0600335
065601208	0600336
065601209	0600337
065601210	0600338
065601211	0600339
065601212	0600340
065601213	0600341
065601214	0600342
065601215	0600343
065601216	0600344
065601301	0600345
065601302	0600346
065601303	0600347
065601304	0600348
065601305	0600349
065601306	0600350
065601307	0600351
065601308	0600352
065601309	0600353
065601310	0600354
065601311	0600355
065601401	0600356
065601402	0600357
065601403	0600358
065601404	0600359
065601405	0600360
065601406	0600361
065601407	0600362
065601408	0600363
065601409	0600364
065601410	0600365
020072008	0201735
020072009	0201736
020072010	0201737
020072011	0201738
020072012	0201739
020072013	0201740
020072101	0201741
020072102	0201742
020072103	0201743
020072104	0201744
020072105	0201745
020072106	0201746
020072107	0201747
020072108	0201748
020072109	0201749
020072110	0201750
020072111	0201751
020072112	0201752
020072201	0201753
020072202	0201754
020072203	0201755
020072204	0201756
020072205	0201757
020072206	0201758
020072207	0201759
020072208	0201760
020072209	0201761
020072210	0201762
020072211	0201763
020072212	0201764
020072213	0201765
020072301	0201766
020072302	0201767
020072303	0201768
020072304	0201769
020072305	0201770
020072306	0201771
020072307	0201772
020072308	0201773
020072309	0201774
020072401	0201775
020072402	0201776
020072403	0201777
020072404	0201778
020072405	0201779
020072406	0201780
020072407	0201781
020072408	0201782
020072409	0201783
020072410	0201784
020072411	0201785
020080101	0201786
020080102	0201787
020080103	0201788
020080104	0201789
020080105	0201790
020080106	0201791
020080107	0201792
020080108	0201793
020080109	0201794
020080110	0201795
020080111	0201796
020080112	0201797
020080201	0201798
020080202	0201799
020080203	0201800
020080204	0201801
020080205	0201802
020080206	0201803
020080207	0201804
020080208	0201805
020080209	0201806
020080210	0201807
020080301	0201808
020080302	0201809
020080303	0201810
020080304	0201811
020080305	0201812
020080306	0201813
020080307	0201814
020080308	0201815
020080309	0201816
020080310	0201817
020080401	0201818
020080402	0201819
020080403	0201820
020080404	0201821
020080405	0201822
020080406	0201823
020080407	0201824
020080408	0201825
020080409	0201826
020080410	0201827
020080411	0201828
020080501	0201829
020080502	0201830
020080503	0201831
020080504	0201832
020080505	0201833
020080506	0201834
020080507	0201835
020080508	0201836
020080509	0201837
020080510	0201838
020080511	0201839
020080601	0201840
020080602	0201841
020080603	0201842
020080604	0201843
020080605	0201844
020080606	0201845
020080607	0201846
020080608	0201847
020080609	0201848
020080610	0201849
020080611	0201850
020080701	0201851
020080702	0201852
020080703	0201853
020080704	0201854
020080705	0201855
020080706	0201856
020080707	0201857
020080708	0201858
020080709	0201859
020080710	0201860
020080711	0201861
020080712	0201862
020080713	0201863
020080714	0201864
020080801	0201865
020080802	0201866
020080803	0201867
020080804	0201868
020080805	0201869
020080806	0201870
020080807	0201871
020080808	0201872
020080809	0201873
020080810	0201874
020080811	0201875
020080901	0201876
020080902	0201877
020080903	0201878
020080904	0201879
020080905	0201880
020080906	0201881
020080907	0201882
020080908	0201883
020080909	0201884
020081001	0201885
020081002	0201886
020081003	0201887
020081004	0201888
020081005	0201889
020081006	0201890
020081007	0201891
020081008	0201892
020081101	0201893
020081102	0201894
020081103	0201895
020081104	0201896
020081105	0201897
020081201	0201898
020081202	0201899
020081203	0201900
020081204	0201901
020081205	0201902
020081206	0201903
020081207	0201904
020081301	0201905
020081302	0201906
020081303	0201907
020081304	0201908
020081305	0201909
020081306	0201910
020081307	0201911
020081308	0201912
020081401	0201913
020081402	0201914
020081403	0201915
020081404	0201916
020081405	0201917
020081406	0201918
020081407	0201919
020081408	0201920
020081409	0201921
020081410	0201922
020081501	0201923
020081502	0201924
020081503	0201925
020081504	0201926
020081505	0201927
020081506	0201928
020081507	0201929
020081508	0201930
020081509	0201931
020081510	0201932
020081601	0201933
020081602	0201934
020081603	0201935
020081604	0201936
020081605	0201937
020081606	0201938
020081607	0201939
020081608	0201940
020081609	0201941
020081610	0201942
020081701	0201943
020081702	0201944
020081703	0201945
020081704	0201946
020081705	0201947
020090101	0201948
020090102	0201949
020090103	0201950
020090104	0201951
020090105	0201952
020090106	0201953
020090107	0201954
020090108	0201955
020090109	0201956
020090201	0201957
020090202	0201958
020090203	0201959
020090204	0201960
020090205	0201961
020090206	0201962
020090207	0201963
020090208	0201964
020090209	0201965
020090210	0201966
020090211	0201967
020090212	0201968
020090301	0201969
020090302	0201970
020090303	0201971
020090304	0201972
020090305	0201973
020090306	0201974
020090307	0201975
020090308	0201976
020090309	0201977
020090310	0201978
020090311	0201979
020090312	0201980
020090313	0201981
020090401	0201982
020090402	0201983
020090403	0201984
020090404	0201985
020090405	0201986
020090406	0201987
020090407	0201988
020090408	0201989
020090409	0201990
020090410	0201991
020090411	0201992
020090501	0201993
020090502	0201994
020090503	0201995
020090504	0201996
020090505	0201997
020090506	0201998
020090507	0201999
020090508	0202000
020090509	0202001
020090510	0202002
020090511	0202003
020090601	0202004
020090602	0202005
020090603	0202006
020090604	0202007
020090605	0202008
020090606	0202009
020090607	0202010
020090608	0202011
020090609	0202012
020090610	0202013
020090611	0202014
020090612	0202015
020090701	0202016
020090702	0202017
020090703	0202018
020090704	0202019
020090705	0202020
020090706	0202021
020090707	0202022
020090708	0202023
020090709	0202024
020090710	0202025
020090711	0202026
020090712	0202027
020090713	0202028
020090714	0202029
020090801	0202030
020090802	0202031
020090803	0202032
020090804	0202033
020090805	0202034
020090806	0202035
020090807	0202036
020090808	0202037
020090809	0202038
020090810	0202039
020090811	0202040
020090812	0202041
020090813	0202042
020090901	0202043
020090902	0202044
020090903	0202045
020090904	0202046
020090905	0202047
020090906	0202048
020090907	0202049
020090908	0202050
020090909	0202051
020090910	0202052
020090911	0202053
020090912	0202054
020090913	0202055
020090914	0202056
020091001	0202057
020091002	0202058
020091003	0202059
020091004	0202060
020091005	0202061
020091006	0202062
020091007	0202063
020091008	0202064
020091009	0202065
020091010	0202066
020091011	0202067
020091012	0202068
020091101	0202069
020091102	0202070
020091103	0202071
020091104	0202072
020091105	0202073
020091106	0202074
020091107	0202075
020091108	0202076
020091109	0202077
020091110	0202078
020091111	0202079
020091112	0202080
020091201	0202081
020091202	0202082
020091203	0202083
020091204	0202084
020091205	0202085
020091206	0202086
020091207	0202087
020091208	0202088
020091209	0202089
020091210	0202090
020091211	0202091
020091212	0202092
020091301	0202093
020091302	0202094
020100107	0202095
020100108	0202096
020100201	0202097
020100202	0202098
020100203	0202099
020100204	0202100
020100205	0202101
020100206	0202102
020100207	0202103
020100208	0202104
020100301	0202105
020100302	0202106
020100303	0202107
020100304	0202108
020100305	0202109
020100306	0202110
020100307	0202111
020100308	0202112
020100401	0202113
020100402	0202114
020100403	0202115
020100404	0202116
020100405	0202117
020100406	0202118
020100407	0202119
020100408	0202120
020100409	0202121
020100501	0202122
020100502	0202123
020100503	0202124
020100504	0202125
020100505	0202126
020100506	0202127
020100507	0202128
020100508	0202129
020100509	0202130
020100510	0202131
020100511	0202132
020100512	0202133
020100513	0202134
020100514	0202135
020100601	0202136
020100602	0202137
020100603	0202138
020100604	0202139
020100605	0202140
020100606	0202141
020100607	0202142
020100608	0202143
020100609	0202144
020100610	0202145
020100611	0202146
020100612	0202147
020100613	0202148
020100701	0202149
020100702	0202150
020100703	0202151
020100704	0202152
020100705	0202153
020100706	0202154
020100707	0202155
020100708	0202156
020100709	0202157
020100710	0202158
020100801	0202159
020100802	0202160
020100803	0202161
020100804	0202162
020100805	0202163
020100806	0202164
020100807	0202165
020100808	0202166
020100809	0202167
020100901	0202168
020100902	0202169
020100903	0202170
020100904	0202171
020100905	0202172
020100906	0202173
020100907	0202174
020100908	0202175
020100909	0202176
020100910	0202177
020101001	0202178
020101002	0202179
020101003	0202180
020101004	0202181
020101005	0202182
020101006	0202183
020101007	0202184
020101008	0202185
020101009	0202186
020101010	0202187
020101011	0202188
020101012	0202189
020101101	0202190
020101102	0202191
020101103	0202192
020101104	0202193
020101105	0202194
020101106	0202195
020101107	0202196
020101108	0202197
020101109	0202198
020101110	0202199
020101111	0202200
020101201	0202201
020101202	0202202
020101203	0202203
020101204	0202204
020101205	0202205
020101206	0202206
020101207	0202207
020101208	0202208
020101209	0202209
020101210	0202210
020101301	0202211
020101302	0202212
020101303	0202213
020101304	0202214
020101305	0202215
020101306	0202216
020101307	0202217
020101308	0202218
020101309	0202219
020101310	0202220
020101311	0202221
020101312	0202222
020101401	0202223
020101402	0202224
020101403	0202225
020101404	0202226
020101405	0202227
020101406	0202228
020101407	0202229
020101408	0202230
020101409	0202231
020101410	0202232
020101411	0202233
020101501	0202234
020101502	0202235
020101503	0202236
020101504	0202237
020101505	0202238
020101506	0202239
020101507	0202240
020101508	0202241
020101509	0202242
020101601	0202243
020101602	0202244
020101603	0202245
020101604	0202246
020101605	0202247
020101606	0202248
020101607	0202249
020101608	0202250
020101609	0202251
020101701	0202252
020101702	0202253
020101703	0202254
020101704	0202255
020101705	0202256
020101706	0202257
020101707	0202258
020101708	0202259
020101709	0202260
020101710	0202261
020101801	0202262
020101802	0202263
020101803	0202264
020101804	0202265
020101805	0202266
020101806	0202267
020101807	0202268
020101808	0202269
020101809	0202270
020101810	0202271
020101811	0202272
020101812	0202273
020101901	0202274
020101902	0202275
020101903	0202276
020101904	0202277
020101905	0202278
020101906	0202279
020101907	0202280
020101908	0202281
020101909	0202282
020101910	0202283
020101911	0202284
020101912	0202285
020110101	0202286
020110102	0202287
020110103	0202288
020110104	0202289
020110105	0202290
020110106	0202291
020110107	0202292
020110108	0202293
020110109	0202294
020110110	0202295
020110111	0202296
020110112	0202297
020110201	0202298
020110202	0202299
020110203	0202300
020110204	0202301
020110205	0202302
020110206	0202303
020110207	0202304
020110208	0202305
020110209	0202306
020110210	0202307
020110211	0202308
020110301	0202309
020110302	0202310
020110303	0202311
020110304	0202312
020110305	0202313
020110306	0202314
020110307	0202315
020110308	0202316
020110309	0202317
020110310	0202318
020110311	0202319
020110312	0202320
020110401	0202321
020110402	0202322
020110403	0202323
020110404	0202324
020110405	0202325
020110406	0202326
020110407	0202327
020110408	0202328
020110409	0202329
020110410	0202330
020110411	0202331
020110412	0202332
020110413	0202333
020110501	0202334
020110502	0202335
020110503	0202336
020110504	0202337
020110505	0202338
020110506	0202339
020110507	0202340
020110508	0202341
020110509	0202342
020110510	0202343
020110601	0202344
020110602	0202345
020110603	0202346
020110604	0202347
020110605	0202348
020110606	0202349
020110607	0202350
020110608	0202351
020110609	0202352
020110610	0202353
020110611	0202354
020110701	0202355
020110702	0202356
020110703	0202357
020110704	0202358
020110705	0202359
020110706	0202360
020110707	0202361
020110708	0202362
020110709	0202363
020110710	0202364
020110711	0202365
020110712	0202366
020110801	0202367
020110802	0202368
020110803	0202369
020110804	0202370
020110805	0202371
020110806	0202372
020110807	0202373
020110808	0202374
020110809	0202375
020110901	0202376
020110902	0202377
020110903	0202378
020110904	0202379
020110905	0202380
020110906	0202381
020110907	0202382
020110908	0202383
020110909	0202384
020110910	0202385
020110911	0202386
020110912	0202387
020111001	0202388
020111002	0202389
020111003	0202390
020111004	0202391
020111005	0202392
020111006	0202393
020111007	0202394
020111008	0202395
020111009	0202396
020111010	0202397
020111101	0202398
020111102	0202399
020111103	0202400
020111104	0202401
020111105	0202402
020111106	0202403
020111107	0202404
020111108	0202405
020111109	0202406
020111201	0202407
020111202	0202408
020111203	0202409
020111204	0202410
020111205	0202411
020111206	0202412
020111207	0202413
020111208	0202414
020111209	0202415
020111210	0202416
020111301	0202417
020111302	0202418
020111303	0202419
020111304	0202420
020111305	0202421
020111306	0202422
020111307	0202423
020111308	0202424
020111309	0202425
020111310	0202426
020111311	0202427
020111401	0202428
020111402	0202429
020111403	0202430
020111404	0202431
020111405	0202432
020111406	0202433
020111407	0202434
020111501	0202435
020111502	0202436
020111503	0202437
020111504	0202438
020111505	0202439
020111506	0202440
020111507	0202441
020111508	0202442
020111509	0202443
020111510	0202444
020111511	0202445
020111601	0202446
020111602	0202447
020111603	0202448
020111604	0202449
020111605	0202450
020111606	0202451
020111607	0202452
020111608	0202453
020111609	0202454
020111610	0202455
020111701	0202456
020111702	0202457
020111703	0202458
020111704	0202459
020111705	0202460
020111706	0202461
020111707	0202462
020111708	0202463
020111801	0202464
020111802	0202465
020111803	0202466
020111804	0202467
020111805	0202468
020111806	0202469
020111807	0202470
020111808	0202471
020111809	0202472
020111901	0202473
020111902	0202474
020111903	0202475
020111904	0202476
020111905	0202477
020111906	0202478
020111907	0202479
020111908	0202480
020111909	0202481
020112001	0202482
020112203	0202483
020112204	0202484
020112205	0202485
020112206	0202486
020112207	0202487
020112208	0202488
020112209	0202489
020112210	0202490
020112211	0202491
020120101	0202492
020120102	0202493
020120103	0202494
020120104	0202495
020120105	0202496
020120106	0202497
020120107	0202498
020120108	0202499
020120109	0202500
020120110	0202501
020120111	0202502
020120201	0202503
020120202	0202504
020120203	0202505
020120204	0202506
020120205	0202507
020120206	0202508
020120207	0202509
020120208	0202510
020120301	0202511
020120302	0202512
020120303	0202513
020120304	0202514
020120305	0202515
020120306	0202516
020120307	0202517
020120308	0202518
020120309	0202519
020120310	0202520
020120311	0202521
020120401	0202522
020120402	0202523
020120403	0202524
020120404	0202525
020120405	0202526
020120406	0202527
020120407	0202528
020120408	0202529
020120409	0202530
020120410	0202531
020120501	0202532
020120502	0202533
020120503	0202534
020120504	0202535
020120505	0202536
020120506	0202537
020120507	0202538
020120508	0202539
020120509	0202540
020120510	0202541
020120511	0202542
020120601	0202543
020120602	0202544
020120603	0202545
020120604	0202546
020120605	0202547
020120606	0202548
020120607	0202549
020120608	0202550
020120609	0202551
020120610	0202552
020120701	0202553
020120702	0202554
020120703	0202555
020120704	0202556
020120705	0202557
020120706	0202558
020120707	0202559
020120708	0202560
020120709	0202561
020120710	0202562
020120801	0202563
020120802	0202564
020120803	0202565
020120804	0202566
020120805	0202567
020120806	0202568
020120807	0202569
020120808	0202570
020120809	0202571
020120810	0202572
020120811	0202573
020120901	0202574
020120902	0202575
020120903	0202576
020120904	0202577
020120905	0202578
020120906	0202579
020120907	0202580
020121001	0202581
020121002	0202582
020121003	0202583
020121004	0202584
020121005	0202585
020121006	0202586
020121007	0202587
020121008	0202588
020121009	0202589
020121010	0202590
020121011	0202591
020121101	0202592
020121102	0202593
020121103	0202594
020121104	0202595
020121105	0202596
020121106	0202597
020121107	0202598
020121108	0202599
020121109	0202600
020121110	0202601
020121111	0202602
020121201	0202603
020121202	0202604
020121203	0202605
020121204	0202606
020121205	0202607
020121206	0202608
020121207	0202609
020121208	0202610
020121301	0202611
020121302	0202612
020121303	0202613
020121304	0202614
020121305	0202615
020121306	0202616
020121307	0202617
020121401	0202618
020121402	0202619
020121403	0202620
020121404	0202621
020121405	0202622
020121406	0202623
020121407	0202624
020121408	0202625
020121409	0202626
020121410	0202627
020121501	0202628
020121502	0202629
020121503	0202630
020121504	0202631
020121505	0202632
020121506	0202633
020121507	0202634
020121508	0202635
020121509	0202636
020121510	0202637
020121511	0202638
020121512	0202639
020121513	0202640
020121601	0202641
020121602	0202642
020121603	0202643
020121604	0202644
020121605	0202645
020121606	0202646
020121607	0202647
020121608	0202648
020121609	0202649
020121610	0202650
020121611	0202651
020121612	0202652
020121613	0202653
020121614	0202654
020121701	0202655
020121702	0202656
020121703	0202657
020121704	0202658
020121705	0202659
020121706	0202660
020121707	0202661
020121708	0202662
020121801	0202663
020121802	0202664
020121803	0202665
020121804	0202666
020121805	0202667
020121806	0202668
020121807	0202669
020121808	0202670
020121809	0202671
020121810	0202672
020121811	0202673
020121812	0202674
020121813	0202675
020121901	0202676
020121902	0202677
020121903	0202678
020121904	0202679
020121905	0202680
020121906	0202681
020121907	0202682
020121908	0202683
020121909	0202684
020121910	0202685
020121911	0202686
020121912	0202687
020121913	0202688
020122001	0202689
020122207	0202690
020122208	0202691
020122209	0202692
020122210	0202693
020122211	0202694
020130101	0202695
020130102	0202696
020130103	0202697
020130104	0202698
020130105	0202699
020130106	0202700
020130107	0202701
020130108	0202702
020130109	0202703
020130110	0202704
020130111	0202705
020130112	0202706
020130113	0202707
020130114	0202708
020130201	0202709
020130202	0202710
020130203	0202711
020130204	0202712
020130205	0202713
020130206	0202714
020130207	0202715
020130208	0202716
020130209	0202717
020130210	0202718
020130211	0202719
020130301	0202720
020130302	0202721
020130303	0202722
020130304	0202723
020130305	0202724
020130306	0202725
020130307	0202726
020130308	0202727
020130309	0202728
020130310	0202729
020130401	0202730
020130402	0202731
020130403	0202732
020130404	0202733
020130405	0202734
020130406	0202735
020130407	0202736
020130408	0202737
020130409	0202738
020130410	0202739
020130411	0202740
020130412	0202741
020130413	0202742
020130414	0202743
020130501	0202744
020130502	0202745
020130503	0202746
020130504	0202747
020130505	0202748
020130506	0202749
020130507	0202750
020130508	0202751
020130601	0202752
020130602	0202753
020130603	0202754
020130604	0202755
020130605	0202756
020130606	0202757
020130607	0202758
020130608	0202759
020130701	0202760
020130702	0202761
020130703	0202762
020130704	0202763
020130705	0202764
020130706	0202765
020130707	0202766
020130708	0202767
020130709	0202768
020130801	0202769
020130802	0202770
020130803	0202771
020130804	0202772
020130805	0202773
020130806	0202774
020130807	0202775
020130808	0202776
020130809	0202777
020130810	0202778
020130901	0202779
020130902	0202780
020130903	0202781
020130904	0202782
020130905	0202783
020130906	0202784
020130907	0202785
020130908	0202786
020130909	0202787
020130910	0202788
020131001	0202789
020131002	0202790
020131003	0202791
020131004	0202792
020131005	0202793
020131006	0202794
020131007	0202795
020131008	0202796
020131009	0202797
020131010	0202798
020131011	0202799
020131101	0202800
020131102	0202801
020131103	0202802
020131104	0202803
020131105	0202804
020131106	0202805
020131107	0202806
020131201	0202807
020131202	0202808
020131203	0202809
020131204	0202810
020131205	0202811
020131206	0202812
020131207	0202813
020131208	0202814
020131209	0202815
020131210	0202816
020131301	0202817
020131302	0202818
020131303	0202819
020131304	0202820
020131305	0202821
020131306	0202822
020131307	0202823
020131308	0202824
020131309	0202825
020131310	0202826
020131311	0202827
020131312	0202828
020131313	0202829
020131314	0202830
020131401	0202831
020131402	0202832
020131403	0202833
020131404	0202834
020131405	0202835
020131406	0202836
020131407	0202837
020131408	0202838
020131409	0202839
020131410	0202840
020131411	0202841
020131501	0202842
020131502	0202843
020131503	0202844
020131504	0202845
020131505	0202846
020131506	0202847
020131507	0202848
020131508	0202849
020131509	0202850
020131510	0202851
020131511	0202852
020131512	0202853
020131601	0202854
020131602	0202855
020131603	0202856
020131604	0202857
020131605	0202858
020131606	0202859
020131607	0202860
020131608	0202861
020131609	0202862
020131610	0202863
020131611	0202864
020131612	0202865
020131613	0202866
020131701	0202867
020131702	0202868
020131703	0202869
020131704	0202870
020131705	0202871
020131706	0202872
020131707	0202873
020131708	0202874
020131709	0202875
020131710	0202876
020131711	0202877
020131801	0202878
020131802	0202879
020131803	0202880
020131804	0202881
020131805	0202882
020131806	0202883
020131807	0202884
020131808	0202885
020131809	0202886
020131810	0202887
020131901	0202888
020131902	0202889
020131903	0202890
020131904	0202891
020131905	0202892
020131906	0202893
020131907	0202894
020131908	0202895
020131909	0202896
020131910	0202897
020131911	0202898
020131912	0202899
020132001	0202900
020132002	0202901
020132003	0202902
020132004	0202903
020132005	0202904
020132006	0202905
020132007	0202906
020132008	0202907
020132009	0202908
020132010	0202909
020132011	0202910
020132012	0202911
020132101	0202912
020132102	0202913
020132103	0202914
020132104	0202915
020132105	0202916
020132106	0202917
020132107	0202918
020132108	0202919
020132109	0202920
020132110	0202921
020132201	0202922
020132202	0202923
020132203	0202924
020132204	0202925
020132205	0202926
020132206	0202927
020132207	0202928
020132208	0202929
020132209	0202930
020132301	0202931
020132302	0202932
020132303	0202933
020132304	0202934
020132305	0202935
020132306	0202936
020132307	0202937
020132308	0202938
020132309	0202939
020132310	0202940
020132311	0202941
020132401	0202942
020132402	0202943
020132403	0202944
020132404	0202945
020132405	0202946
020132406	0202947
020132407	0202948
020132408	0202949
020132409	0202950
020132410	0202951
020132501	0202952
020132502	0202953
020132503	0202954
020132504	0202955
020132505	0202956
020132506	0202957
020132507	0202958
020132508	0202959
020132601	0202960
020132602	0202961
020132603	0202962
020132604	0202963
020132605	0202964
020132606	0202965
020132607	0202966
020132608	0202967
020132609	0202968
020132610	0202969
020132611	0202970
020132701	0202971
020132702	0202972
020132703	0202973
020132704	0202974
020132705	0202975
020132706	0202976
020132707	0202977
020132708	0202978
020132709	0202979
020132801	0202980
020132802	0202981
020132803	0202982
020132804	0202983
020132805	0202984
020132806	0202985
020132807	0202986
020132808	0202987
020132809	0202988
020132810	0202989
020132901	0202990
020132902	0202991
020132903	0202992
020132904	0202993
020132905	0202994
020132906	0202995
020132907	0202996
020132908	0202997
020132909	0202998
020132910	0202999
020132911	0203000
020140101	0203001
020140102	0203002
020140103	0203003
020140104	0203004
020140105	0203005
020140106	0203006
020140107	0203007
020140108	0203008
020140109	0203009
020140110	0203010
020140201	0203011
020140202	0203012
020140203	0203013
020140204	0203014
020140205	0203015
020140206	0203016
020140207	0203017
020140208	0203018
020140209	0203019
020140210	0203020
020140301	0203021
020140302	0203022
020140303	0203023
020140304	0203024
020140305	0203025
020140306	0203026
020140307	0203027
020140308	0203028
020140309	0203029
020140310	0203030
020140311	0203031
020140312	0203032
020140401	0203033
020140402	0203034
020140403	0203035
020140404	0203036
020140405	0203037
020140406	0203038
020140407	0203039
020140408	0203040
020140409	0203041
020140410	0203042
020140501	0203043
020140502	0203044
020140503	0203045
020140504	0203046
020140505	0203047
020140506	0203048
020140507	0203049
020140508	0203050
020140509	0203051
020140510	0203052
020140601	0203053
020140602	0203054
020140603	0203055
020140604	0203056
020140605	0203057
020140606	0203058
020140607	0203059
020140608	0203060
020140609	0203061
020140610	0203062
020140701	0203063
020140702	0203064
020140703	0203065
020140704	0203066
020140705	0203067
020140706	0203068
020140707	0203069
020140708	0203070
020140709	0203071
020140801	0203072
020140802	0203073
020140803	0203074
020140804	0203075
020140805	0203076
020140806	0203077
020140807	0203078
020140808	0203079
020140809	0203080
020140901	0203081
020140902	0203082
020140903	0203083
020140904	0203084
020140905	0203085
020140906	0203086
020140907	0203087
020140908	0203088
020140909	0203089
020140910	0203090
020140911	0203091
020140912	0203092
020140913	0203093
020141001	0203094
020141101	0203095
020141102	0203096
020141103	0203097
020141104	0203098
020141105	0203099
020141106	0203100
020141107	0203101
020141108	0203102
020141109	0203103
020141110	0203104
020141111	0203105
020141112	0203106
020141113	0203107
020141114	0203108
020141201	0203109
020141202	0203110
020141203	0203111
020141204	0203112
020141205	0203113
020141206	0203114
020141207	0203115
020141208	0203116
020141209	0203117
020141210	0203118
020141211	0203119
020141301	0203120
020141302	0203121
020141303	0203122
020141304	0203123
020141305	0203124
020141306	0203125
020141307	0203126
020141508	0203127
020141601	0203128
020141602	0203129
020141603	0203130
020141604	0203131
020141605	0203132
020141606	0203133
020141607	0203134
020141701	0203135
020141702	0203136
020141703	0203137
020141704	0203138
020141705	0203139
020141706	0203140
020141707	0203141
020141708	0203142
020141801	0203143
020141802	0203144
020141803	0203145
020141804	0203146
020141805	0203147
020141806	0203148
020141807	0203149
020141808	0203150
020141901	0203151
020141902	0203152
020141903	0203153
020141904	0203154
020141905	0203155
020142001	0203156
020142002	0203157
020142003	0203158
020142004	0203159
020142005	0203160
020142006	0203161
020142007	0203162
020142101	0203163
020142102	0203164
020142103	0203165
020142104	0203166
020142105	0203167
020142106	0203168
020142107	0203169
020142108	0203170
020142109	0203171
020142110	0203172
020142111	0203173
020142201	0203174
020142202	0203175
020142203	0203176
020142204	0203177
020142205	0203178
020142206	0203179
020142207	0203180
020142208	0203181
020142209	0203182
020142210	0203183
020142301	0203184
020142302	0203185
020142303	0203186
020142304	0203187
020142305	0203188
020142306	0203189
020142307	0203190
020142308	0203191
020142309	0203192
020142310	0203193
020142311	0203194
020142401	0203195
020142402	0203196
020142403	0203197
020142404	0203198
020142405	0203199
020142406	0203200
020142407	0203201
020142408	0203202
020142409	0203203
020142501	0203204
020142502	0203205
020142503	0203206
020142504	0203207
020142505	0203208
020142506	0203209
020142507	0203210
020142508	0203211
020142509	0203212
020142601	0203213
020142602	0203214
020142603	0203215
020142604	0203216
020142605	0203217
020142606	0203218
020142607	0203219
020142701	0203220
020142702	0203221
020142703	0203222
020142704	0203223
020142705	0203224
020142706	0203225
020142707	0203226
020142801	0203227
020142802	0203228
020142803	0203229
020142804	0203230
020142805	0203231
020142806	0203232
020142807	0203233
020142808	0203234
020142809	0203235
020142810	0203236
020142811	0203237
020142812	0203238
020142901	0203239
020142902	0203240
020142903	0203241
020142904	0203242
020142905	0203243
020142906	0203244
020142907	0203245
020142908	0203246
020142909	0203247
020142910	0203248
020142911	0203249
020143001	0203250
020143002	0203251
020143003	0203252
020143004	0203253
020143005	0203254
020143006	0203255
020143007	0203256
020143008	0203257
020143009	0203258
020143101	0203259
020143102	0203260
020143103	0203261
020143104	0203262
020143105	0203263
020143106	0203264
020143107	0203265
020143108	0203266
020143109	0203267
020143110	0203268
020143111	0203269
020143112	0203270
020150101	0203271
020150102	0203272
020150103	0203273
020150104	0203274
020150105	0203275
020150106	0203276
020150107	0203277
020150108	0203278
020150109	0203279
020150110	0203280
020150111	0203281
020150112	0203282
020150201	0203283
020150202	0203284
020150203	0203285
020150204	0203286
020150205	0203287
020150206	0203288
020150207	0203289
020150208	0203290
020150209	0203291
020150210	0203292
020150301	0203293
020150302	0203294
020150303	0203295
020150304	0203296
020150305	0203297
020150306	0203298
020150307	0203299
020150308	0203300
020150309	0203301
020150310	0203302
020150311	0203303
020150312	0203304
020150313	0203305
020150401	0203306
020150402	0203307
020150403	0203308
020150404	0203309
020150405	0203310
020150406	0203311
020150407	0203312
020150408	0203313
020150409	0203314
020150410	0203315
020150411	0203316
020150412	0203317
020150413	0203318
020150414	0203319
020150501	0203320
020150502	0203321
020150503	0203322
020150504	0203323
020150505	0203324
020150506	0203325
020150507	0203326
020150508	0203327
020150509	0203328
020150510	0203329
020150511	0203330
020150512	0203331
020150513	0203332
020150514	0203333
020150601	0203334
020150602	0203335
020150603	0203336
020150604	0203337
020150605	0203338
020150606	0203339
020150607	0203340
020150701	0203341
020150702	0203342
020150703	0203343
020150704	0203344
020150705	0203345
020150706	0203346
020150707	0203347
020150708	0203348
020150709	0203349
020150710	0203350
020150711	0203351
020150712	0203352
020150801	0203353
020150802	0203354
020150803	0203355
020150804	0203356
020150805	0203357
020150806	0203358
020150807	0203359
020150808	0203360
020150809	0203361
020150810	0203362
020150901	0203363
020150902	0203364
020150903	0203365
020150904	0203366
020150905	0203367
020150906	0203368
020150907	0203369
020150908	0203370
020151001	0203371
020151002	0203372
020151003	0203373
020151004	0203374
020151005	0203375
020151006	0203376
020151007	0203377
020151008	0203378
020151009	0203379
020151010	0203380
020151011	0203381
020151012	0203382
020151013	0203383
020151101	0203384
020151102	0203385
020151103	0203386
020151104	0203387
020151105	0203388
020151106	0203389
020151107	0203390
020151108	0203391
020151109	0203392
020151110	0203393
020151111	0203394
020151112	0203395
020151113	0203396
020151201	0203397
020151202	0203398
020151203	0203399
020151204	0203400
020151205	0203401
020151206	0203402
020151207	0203403
020151208	0203404
020151209	0203405
020151301	0203406
020151302	0203407
020151303	0203408
020151304	0203409
020151305	0203410
020151306	0203411
020151307	0203412
020151308	0203413
020151309	0203414
020151310	0203415
020151401	0203416
020151402	0203417
020151403	0203418
020151404	0203419
020151405	0203420
020151406	0203421
020151407	0203422
020151408	0203423
020151409	0203424
020151410	0203425
020151411	0203426
020151501	0203427
020151502	0203428
020151503	0203429
020151504	0203430
020151505	0203431
020151506	0203432
020151507	0203433
020151508	0203434
020151509	0203435
020151510	0203436
020151601	0203437
020151602	0203438
020151603	0203439
020151604	0203440
020151605	0203441
020151606	0203442
020151607	0203443
020151608	0203444
020151609	0203445
020151610	0203446
020151611	0203447
020151701	0203448
020151702	0203449
020151703	0203450
020151704	0203451
020151705	0203452
020151706	0203453
020151707	0203454
020151708	0203455
020151709	0203456
020151710	0203457
020151711	0203458
020151712	0203459
020151801	0203460
020151802	0203461
020151803	0203462
020151804	0203463
020151805	0203464
020151806	0203465
020151807	0203466
020151808	0203467
020151809	0203468
020151810	0203469
020151811	0203470
020151812	0203471
020151813	0203472
020151901	0203473
020151902	0203474
020151903	0203475
020151904	0203476
020151905	0203477
020151906	0203478
020151907	0203479
020151908	0203480
020151909	0203481
020151910	0203482
020151911	0203483
020152001	0203484
020152002	0203485
020152003	0203486
020152004	0203487
020152005	0203488
020152006	0203489
020152007	0203490
020152008	0203491
020152009	0203492
020152010	0203493
020152011	0203494
020152012	0203495
020152101	0203496
020152102	0203497
020152103	0203498
020152104	0203499
020152105	0203500
020152106	0203501
020152107	0203502
020152108	0203503
020152109	0203504
020152110	0203505
020152111	0203506
020152112	0203507
020152113	0203508
060070101	0600366
060070102	0600367
060070103	0600368
060070104	0600369
060070105	0600370
060070106	0600371
060070107	0600372
060070108	0600373
060070109	0600374
060070110	0600375
060070111	0600376
060070112	0600377
060070113	0600378
060070114	0600379
060070115	0600380
060070201	0600381
060070202	0600382
060070203	0600383
060070204	0600384
060070205	0600385
060070206	0600386
060070207	0600387
060070208	0600388
060070209	0600389
060070301	0600390
060070302	0600391
060070303	0600392
060070304	0600393
060070305	0600394
060070306	0600395
060070307	0600396
060070308	0600397
060070401	0600398
060070402	0600399
060070403	0600400
060070404	0600401
060070405	0600402
060070406	0600403
060070407	0600404
060070408	0600405
060070409	0600406
060070410	0600407
060070411	0600408
060070412	0600409
060070413	0600410
060070501	0600411
060070502	0600412
060070503	0600413
060070504	0600414
060070505	0600415
060070506	0600416
060070507	0600417
060070508	0600418
060070509	0600419
060070510	0600420
060070511	0600421
060070512	0600422
060070513	0600423
060070514	0600424
060070515	0600425
060070516	0600426
060070601	0600427
060070602	0600428
060070603	0600429
060070604	0600430
060070605	0600431
060070606	0600432
060070607	0600433
060070608	0600434
060070609	0600435
060070610	0600436
060070611	0600437
060070612	0600438
060070613	0600439
060070614	0600440
060070615	0600441
060070701	0600442
060070702	0600443
060070703	0600444
060070704	0600445
060070801	0600446
060070802	0600447
060070803	0600448
060070804	0600449
060070805	0600450
060070806	0600451
060070807	0600452
060070808	0600453
060070809	0600454
060070810	0600455
060070811	0600456
060070812	0600457
060070813	0600458
060070814	0600459
060070901	0600460
060070902	0600461
060070903	0600462
060070904	0600463
060070905	0600464
060070906	0600465
060071001	0600466
060071002	0600467
060071003	0600468
060071004	0600469
060071005	0600470
060071006	0600471
060071007	0600472
060071008	0600473
060071009	0600474
060071010	0600475
060071011	0600476
060071012	0600477
060071101	0600478
060071102	0600479
060071103	0600480
060071104	0600481
060071105	0600482
060071106	0600483
060071107	0600484
060071108	0600485
060071109	0600486
060071110	0600487
060071111	0600488
060140101	0600489
060140201	0600490
060140301	0600491
060140302	0600492
060140401	0600493
060140501	0600494
060140502	0600495
060140503	0600496
060140504	0600497
060140505	0600498
060140601	0600499
060140701	0600500
060140801	0600501
060140901	0600502
060141001	0600503
060141002	0600504
060141003	0600505
060141004	0600506
060141005	0600507
060141006	0600508
060141007	0600509
060141008	0600510
060141009	0600511
060141010	0600512
060141011	0600513
060141012	0600514
060141013	0600515
060141014	0600516
060141015	0600517
060141101	0600518
060141201	0600519
060141202	0600520
060141301	0600521
060141401	0600522
060141501	0600523
060210101	0600524
060210102	0600525
060210202	0600526
060210203	0600527
060210205	0600528
060210206	0600529
060210207	0600530
060210301	0600531
060210302	0600532
060210401	0600533
060210402	0600534
060210501	0600535
060210502	0600536
060210503	0600537
060210601	0600538
060210602	0600539
060210603	0600540
060210604	0600541
060210605	0600542
060210606	0600543
060210607	0600544
060210608	0600545
060210609	0600546
060210610	0600547
060210611	0600548
060210612	0600549
060210701	0600550
060210702	0600551
060210801	0600552
060210802	0600553
060210803	0600554
060210804	0600555
060210901	0600556
060210902	0600557
060210903	0600558
060210904	0600559
060211001	0600560
060211002	0600561
060211003	0600562
060280101	0600563
060280102	0600564
060280103	0600565
060280104	0600566
060280105	0600567
060280106	0600568
060280107	0600569
060280108	0600570
060280109	0600571
060280110	0600572
060280111	0600573
060280112	0600574
060280113	0600575
060280114	0600576
060280115	0600577
060280201	0600578
060280202	0600579
060280203	0600580
060280204	0600581
060280205	0600582
060280206	0600583
060280207	0600584
060280208	0600585
060280301	0600586
060280302	0600587
060280303	0600588
060280304	0600589
060280305	0600590
060280306	0600591
060280307	0600592
060280308	0600593
060280309	0600594
060280310	0600595
060280311	0600596
060280512	0600597
060280513	0600598
060280601	0600599
060280602	0600600
060280603	0600601
060280604	0600602
060280605	0600603
060280606	0600604
060280607	0600605
060280608	0600606
060280609	0600607
060280610	0600608
060280611	0600609
060280612	0600610
060280613	0600611
060280614	0600612
060280615	0600613
060280701	0600614
060280702	0600615
060280703	0600616
060280704	0600617
060280705	0600618
060280706	0600619
060280707	0600620
060280708	0600621
060280709	0600622
060280710	0600623
060280711	0600624
060280801	0600625
060280802	0600626
060280803	0600627
060280804	0600628
060280805	0600629
060280806	0600630
060280807	0600631
060280808	0600632
060280809	0600633
060280810	0600634
060280811	0600635
060280812	0600636
060280813	0600637
060280901	0600638
060280902	0600639
060280903	0600640
060280904	0600641
060280905	0600642
060280906	0600643
060280907	0600644
060280908	0600645
060280909	0600646
060281001	0600647
060281002	0600648
060281003	0600649
060281004	0600650
060281005	0600651
060281006	0600652
060281007	0600653
060281008	0600654
060281009	0600655
060281010	0600656
060281011	0600657
060281012	0600658
060281013	0600659
060281014	0600660
060281015	0600661
060281016	0600662
060281017	0600663
060281101	0600664
060281102	0600665
060281103	0600666
060281104	0600667
060281105	0600668
060281106	0600669
060281107	0600670
060281108	0600671
060281109	0600672
060281110	0600673
060281111	0600674
060281112	0600675
060281113	0600676
060281201	0600677
060281202	0600678
060281203	0600679
060281204	0600680
060281205	0600681
060281206	0600682
060281207	0600683
060281208	0600684
060281209	0600685
060281210	0600686
060281211	0600687
060281301	0600688
060281302	0600689
060281303	0600690
060281304	0600691
060281305	0600692
060281306	0600693
060281307	0600694
060281308	0600695
060281309	0600696
060281310	0600697
060281311	0600698
060281312	0600699
060281313	0600700
060281401	0600701
060281402	0600702
060281403	0600703
060281404	0600704
060281405	0600705
060281406	0600706
060281407	0600707
060281408	0600708
060281409	0600709
060281410	0600710
060281501	0600711
060281502	0600712
060281503	0600713
060281504	0600714
060281505	0600715
060281506	0600716
060281507	0600717
060281508	0600718
060281509	0600719
060281510	0600720
060281511	0600721
060281512	0600722
060281601	0600723
060281602	0600724
060281603	0600725
060281604	0600726
060281605	0600727
060281606	0600728
060281607	0600729
060281608	0600730
060281701	0600731
060281702	0600732
060281703	0600733
060281704	0600734
060281705	0600735
060281706	0600736
060281707	0600737
060281708	0600738
060281709	0600739
060281801	0600740
060281802	0600741
060281803	0600742
060281804	0600743
060281805	0600744
060281806	0600745
060281807	0600746
060281808	0600747
060281809	0600748
060281810	0600749
060281811	0600750
060281901	0600751
060281902	0600752
060281903	0600753
060281904	0600754
060281905	0600755
060281906	0600756
060281907	0600757
060281908	0600758
060281909	0600759
060281910	0600760
060281911	0600761
060281912	0600762
060281913	0600763
060282001	0600764
060282002	0600765
060282003	0600766
060282004	0600767
060282005	0600768
060282006	0600769
060282007	0600770
060282008	0600771
060282009	0600772
060282010	0600773
060282011	0600774
060282012	0600775
060282013	0600776
060282014	0600777
060282015	0600778
060282101	0600779
060282102	0600780
060282103	0600781
060282104	0600782
060282105	0600783
060282106	0600784
060282107	0600785
060282108	0600786
060282109	0600787
060282110	0600788
060282111	0600789
060282112	0600790
060282113	0600791
060282201	0600792
060282202	0600793
060282203	0600794
060282204	0600795
060282205	0600796
060282206	0600797
060282207	0600798
060282208	0600799
060282209	0600800
060282210	0600801
060282211	0600802
060282212	0600803
060282213	0600804
060282214	0600805
060282215	0600806
060282216	0600807
060282217	0600808
060282218	0600809
060282301	0600810
060282302	0600811
060282303	0600812
060282304	0600813
060282305	0600814
060282306	0600815
060282307	0600816
060282308	0600817
060282309	0600818
060282310	0600819
060282311	0600820
060282312	0600821
060282313	0600822
060282401	0600823
060282402	0600824
060282403	0600825
060282404	0600826
060282405	0600827
060282406	0600828
060282407	0600829
060282408	0600830
060282409	0600831
060282501	0600832
060282502	0600833
060282503	0600834
060282504	0600835
060282505	0600836
060282506	0600837
060282507	0600838
060282508	0600839
060282509	0600840
060282510	0600841
060282511	0600842
060282512	0600843
060282513	0600844
060282601	0600845
060282602	0600846
060282603	0600847
060282604	0600848
060282605	0600849
060282606	0600850
060282607	0600851
060282608	0600852
060282609	0600853
060282610	0600854
060282611	0600855
060282612	0600856
060282701	0600857
060282702	0600858
060282703	0600859
060282704	0600860
060282705	0600861
060282706	0600862
060282707	0600863
060282708	0600864
060282709	0600865
060282710	0600866
060282711	0600867
060282712	0600868
060282713	0600869
060282801	0600870
060282802	0600871
060282803	0600872
060282804	0600873
060282805	0600874
060282806	0600875
060282807	0600876
060282808	0600877
060282809	0600878
060282810	0600879
060282811	0600880
060282901	0600881
060282902	0600882
060282903	0600883
060282904	0600884
060282905	0600885
060282906	0600886
060282907	0600887
060282908	0600888
060282909	0600889
060282910	0600890
060282911	0600891
060282912	0600892
060282913	0600893
060283001	0600894
060283002	0600895
060283003	0600896
060283004	0600897
060283005	0600898
060283006	0600899
060283007	0600900
060283008	0600901
060283009	0600902
060283010	0600903
060283011	0600904
060283012	0600905
060283013	0600906
060283014	0600907
060283015	0600908
060283016	0600909
060283017	0600910
060283101	0600911
060283102	0600912
060283103	0600913
060283104	0600914
060283105	0600915
060283106	0600916
060283107	0600917
060283108	0600918
060283109	0600919
060283110	0600920
060283111	0600921
060283112	0600922
060283201	0600923
060283202	0600924
060283203	0600925
060283204	0600926
060283205	0600927
060283206	0600928
060283207	0600929
060283208	0600930
060283209	0600931
060283301	0600932
060283302	0600933
060283303	0600934
060283304	0600935
060283305	0600936
060283306	0600937
060283307	0600938
060283308	0600939
060283309	0600940
060283310	0600941
060283311	0600942
060283312	0600943
060283313	0600944
060283314	0600945
060283401	0600946
060283402	0600947
060283403	0600948
060283404	0600949
060283405	0600950
060283406	0600951
060283407	0600952
060283408	0600953
060283409	0600954
060283410	0600955
060283411	0600956
060283412	0600957
060283501	0600958
060283502	0600959
060283503	0600960
060283504	0600961
060283505	0600962
060283506	0600963
060283507	0600964
060283508	0600965
060283509	0600966
060283601	0600967
060283602	0600968
060283603	0600969
060283604	0600970
060283605	0600971
060283606	0600972
060283607	0600973
060283608	0600974
060283609	0600975
060283610	0600976
060283611	0600977
060283612	0600978
060283613	0600979
060283614	0600980
060283615	0600981
060283701	0600982
060283702	0600983
060283703	0600984
060283704	0600985
060283705	0600986
060283706	0600987
060283707	0600988
060283708	0600989
060283709	0600990
060283710	0600991
060283711	0600992
060283712	0600993
060283713	0600994
060283714	0600995
060283801	0600996
060283802	0600997
060283803	0600998
060283804	0600999
060283805	0601000
060283806	0601001
060283807	0601002
060283808	0601003
060283809	0601004
060283810	0601005
060283811	0601006
060283812	0601007
060283901	0601008
060283902	0601009
060283903	0601010
060283904	0601011
060283905	0601012
060283906	0601013
060283907	0601014
060283908	0601015
060283909	0601016
060283910	0601017
060283911	0601018
060283912	0601019
060283913	0601020
060283914	0601021
060283915	0601022
060350101	0601023
060350102	0601024
060350103	0601025
060350104	0601026
060350105	0601027
060350106	0601028
060350107	0601029
060350108	0601030
060350109	0601031
060350110	0601032
060350111	0601033
060350201	0601034
060350202	0601035
060350203	0601036
060350301	0601037
060350302	0601038
060350303	0601039
060350304	0601040
060350305	0601041
060350306	0601042
060350307	0601043
060350308	0601044
060350309	0601045
060350310	0601046
060350311	0601047
060350312	0601048
060350313	0601049
060350314	0601050
060350315	0601051
060350401	0601052
060350402	0601053
060350403	0601054
060350404	0601055
060350405	0601056
060350406	0601057
060350407	0601058
060350408	0601059
060350409	0601060
060350410	0601061
060350411	0601062
060350412	0601063
060350413	0601064
060350414	0601065
060350415	0601066
060350501	0601067
060350502	0601068
060350503	0601069
060350504	0601070
060350505	0601071
060350506	0601072
060350507	0601073
060350508	0601074
060350509	0601075
060350510	0601076
060350511	0601077
060350512	0601078
060350601	0601079
060350602	0601080
060350603	0601081
060350604	0601082
060350605	0601083
060350606	0601084
060350607	0601085
060350608	0601086
060350609	0601087
060350610	0601088
060350611	0601089
060350612	0601090
060350701	0601091
060350702	0601092
060350703	0601093
060350704	0601094
060350705	0601095
060350706	0601096
060350707	0601097
060350708	0601098
060350709	0601099
060350710	0601100
060350711	0601101
060350712	0601102
060350801	0601103
060350802	0601104
060350803	0601105
060350804	0601106
060350805	0601107
060350806	0601108
060350807	0601109
060350808	0601110
060350809	0601111
060350810	0601112
060350811	0601113
060350812	0601114
060350813	0601115
060350814	0601116
060350815	0601117
060350901	0601118
060350902	0601119
060350903	0601120
060350904	0601121
060350905	0601122
060350906	0601123
060350907	0601124
060350908	0601125
060350909	0601126
060350910	0601127
060350911	0601128
060350912	0601129
060350913	0601130
060350914	0601131
060351001	0601132
060351002	0601133
060351003	0601134
060351004	0601135
060351005	0601136
060351006	0601137
060351007	0601138
060351008	0601139
060351009	0601140
060351010	0601141
060351011	0601142
060351012	0601143
060351101	0601144
060351102	0601145
060351103	0601146
060351104	0601147
060351105	0601148
060351106	0601149
060351107	0601150
060351108	0601151
060351109	0601152
060351110	0601153
060351201	0601154
060351202	0601155
060351203	0601156
060351204	0601157
060351205	0601158
060351206	0601159
060351207	0601160
060351208	0601161
060351209	0601162
060351210	0601163
060351211	0601164
060351212	0601165
060351301	0601166
060351302	0601167
060351303	0601168
060351304	0601169
060351305	0601170
060351306	0601171
060351307	0601172
060351308	0601173
060351309	0601174
060351310	0601175
060351401	0601176
060351402	0601177
060351403	0601178
060351404	0601179
060351405	0601180
060351406	0601181
060351407	0601182
060351408	0601183
060351409	0601184
060351410	0601185
060351411	0601186
060351412	0601187
060351413	0601188
060351501	0601189
060351502	0601190
060351503	0601191
060351504	0601192
060351505	0601193
060351506	0601194
060351507	0601195
060351508	0601196
060351509	0601197
060351510	0601198
060351511	0601199
060351512	0601200
060351601	0601201
060351602	0601202
060351603	0601203
060351604	0601204
060351605	0601205
060351606	0601206
060351607	0601207
060351608	0601208
060351609	0601209
060351610	0601210
060351611	0601211
060351701	0601212
060351702	0601213
060351703	0601214
060351704	0601215
060351705	0601216
060351706	0601217
060351707	0601218
060351708	0601219
060351709	0601220
060351710	0601221
060351711	0601222
060351801	0601223
060351802	0601224
060351803	0601225
060351804	0601226
060351805	0601227
060351806	0601228
060351807	0601229
060351808	0601230
060351809	0601231
060351810	0601232
060351811	0601233
060351901	0601234
060351902	0601235
060351903	0601236
060351904	0601237
060351905	0601238
060351906	0601239
060351907	0601240
060351908	0601241
060351909	0601242
060351910	0601243
060351911	0601244
060352001	0601245
060352002	0601246
060352003	0601247
060352004	0601248
060352005	0601249
060352006	0601250
060352007	0601251
060352008	0601252
060352009	0601253
060352010	0601254
060352011	0601255
060352101	0601256
060352102	0601257
060352103	0601258
060352104	0601259
060352105	0601260
060352106	0601261
060352107	0601262
060352108	0601263
060352109	0601264
060352110	0601265
060352201	0601266
060352202	0601267
060352203	0601268
060352204	0601269
060352205	0601270
060352206	0601271
060352207	0601272
060352208	0601273
060352209	0601274
060352210	0601275
060352211	0601276
060352212	0601277
060352301	0601278
060352302	0601279
060352303	0601280
060352304	0601281
060352305	0601282
060352306	0601283
060352307	0601284
060352308	0601285
060352309	0601286
060352310	0601287
060352311	0601288
060352312	0601289
060352401	0601290
060352402	0601291
060352403	0601292
060352404	0601293
060352405	0601294
060352406	0601295
060352407	0601296
060352408	0601297
060352409	0601298
060352410	0601299
060352411	0601300
060352501	0601301
060352502	0601302
060352503	0601303
060352504	0601304
060352505	0601305
060352506	0601306
060352507	0601307
060352508	0601308
060352509	0601309
060352510	0601310
060352511	0601311
060352601	0601312
060352602	0601313
060352603	0601314
060352604	0601315
060352605	0601316
060352606	0601317
060352607	0601318
060352608	0601319
060352609	0601320
060352610	0601321
060352611	0601322
060352612	0601323
060352613	0601324
060352614	0601325
060352615	0601326
060352701	0601327
060352702	0601328
060352703	0601329
060352704	0601330
060352705	0601331
060352706	0601332
060352707	0601333
060352708	0601334
060352709	0601335
060352710	0601336
060352711	0601337
060352712	0601338
060352713	0601339
060352714	0601340
060352801	0601341
060352802	0601342
060352803	0601343
060352804	0601344
060352805	0601345
060352806	0601346
060352807	0601347
060352808	0601348
060352901	0601349
060352902	0601350
060352903	0601351
060352904	0601352
060352905	0601353
060352906	0601354
060352907	0601355
060352908	0601356
060352909	0601357
060353001	0601358
060353002	0601359
060353003	0601360
060353004	0601361
060353005	0601362
060353006	0601363
060353007	0601364
060353008	0601365
060353009	0601366
060353010	0601367
060353101	0601368
060353102	0601369
060353103	0601370
060353104	0601371
060353105	0601372
060353106	0601373
060353107	0601374
060353108	0601375
060353109	0601376
060353201	0601377
060353202	0601378
060353203	0601379
060353204	0601380
060353205	0601381
060353206	0601382
060353207	0601383
060353208	0601384
060353301	0601385
060353302	0601386
060353303	0601387
060353304	0601388
060353305	0601389
060353306	0601390
060353307	0601391
060353308	0601392
060353401	0601393
060353402	0601394
060353403	0601395
060353404	0601396
060353405	0601397
060353406	0601398
060353407	0601399
060353408	0601400
060353409	0601401
060353501	0601402
060353502	0601403
060353503	0601404
060353504	0601405
060353505	0601406
060353506	0601407
060353507	0601408
060353508	0601409
060420101	0601410
060420102	0601411
060420103	0601412
060420104	0601413
060420105	0601414
060420106	0601415
060420107	0601416
060420108	0601417
060420109	0601418
060420201	0601419
060420301	0601420
060420401	0601421
060420501	0601422
060420601	0601423
060420701	0601424
060420801	0601425
060420901	0601426
060421001	0601427
060421101	0601428
060421102	0601429
060421103	0601430
060421201	0601431
060421301	0601432
060421401	0601433
060421501	0601434
060421601	0601435
060421701	0601436
060421801	0601437
060421901	0601438
060421902	0601439
060421903	0601440
060421904	0601441
060421905	0601442
060421906	0601443
060421907	0601444
060421908	0601445
060421909	0601446
060490101	0601447
060490102	0601448
060490103	0601449
060490104	0601450
060490105	0601451
060490106	0601452
060490107	0601453
060490108	0601454
060490109	0601455
060490110	0601456
060490111	0601457
060490112	0601458
060490113	0601459
060490114	0601460
060490115	0601461
060490116	0601462
060490201	0601463
060490202	0601464
060490203	0601465
060490204	0601466
060490205	0601467
060490206	0601468
060490207	0601469
060490208	0601470
060490209	0601471
060490210	0601472
060490211	0601473
060490212	0601474
060490213	0601475
060490301	0601476
060490302	0601477
060490401	0601478
060490402	0601479
060490403	0601480
060490404	0601481
060490405	0601482
060490406	0601483
060490407	0601484
060490501	0601485
060490502	0601486
060490503	0601487
060490504	0601488
060490505	0601489
060490506	0601490
060490507	0601491
060490508	0601492
060490601	0601493
060490602	0601494
060490603	0601495
060490604	0601496
060490605	0601497
060490606	0601498
060490607	0601499
060490608	0601500
060490609	0601501
060490610	0601502
060490611	0601503
060490612	0601504
060490613	0601505
060490614	0601506
060490615	0601507
060490701	0601508
060490702	0601509
060490801	0601510
060490901	0601511
060491001	0601512
060491002	0601513
060491003	0601514
060491004	0601515
060491005	0601516
060491006	0601517
060491007	0601518
060491008	0601519
060491009	0601520
060491101	0601521
060491102	0601522
060491201	0601523
060491301	0601524
060491401	0601525
060491402	0601526
060491501	0601527
060491601	0601528
060491701	0601529
060491801	0601530
060491901	0601531
060492001	0601532
060492002	0601533
060492003	0601534
060492004	0601535
060492005	0601536
060492006	0601537
060492007	0601538
060492101	0601539
060492102	0601540
060492201	0601541
060492301	0601542
060492401	0601543
060492501	0601544
060492502	0601545
060492503	0601546
060492504	0601547
060492505	0601548
060492506	0601549
060492507	0601550
060492508	0601551
060492509	0601552
060492510	0601553
060560101	0601554
060560102	0601555
060560103	0601556
060560104	0601557
060560105	0601558
060560106	0601559
060560107	0601560
060560108	0601561
060560109	0601562
060560110	0601563
060560111	0601564
060560112	0601565
060560113	0601566
060560114	0601567
060560115	0601568
060560116	0601569
060560117	0601570
060560118	0601571
060560119	0601572
060560201	0601573
060560202	0601574
060560203	0601575
060560204	0601576
060560205	0601577
060560206	0601578
060560207	0601579
060560208	0601580
060560209	0601581
060560210	0601582
060560211	0601583
060560212	0601584
060560213	0601585
060560214	0601586
060560301	0601587
060560302	0601588
060560303	0601589
060560304	0601590
060560305	0601591
060560306	0601592
060560307	0601593
060560308	0601594
060560309	0601595
060560310	0601596
060560311	0601597
060560312	0601598
060560605	0601599
060560606	0601600
060560607	0601601
060560608	0601602
060560609	0601603
060560701	0601604
060560702	0601605
060560703	0601606
060560704	0601607
060560705	0601608
060560706	0601609
060560707	0601610
060560708	0601611
060560709	0601612
060560710	0601613
060560711	0601614
060560801	0601615
060560802	0601616
060560803	0601617
060560804	0601618
060560805	0601619
060560806	0601620
060560807	0601621
060560808	0601622
060560809	0601623
060560810	0601624
060560811	0601625
060560812	0601626
060560813	0601627
060560814	0601628
060560815	0601629
060560901	0601630
060560902	0601631
060560903	0601632
060560904	0601633
060560905	0601634
060560906	0601635
060560907	0601636
060560908	0601637
060560909	0601638
060560910	0601639
060560911	0601640
060561001	0601641
060561002	0601642
060561003	0601643
060561004	0601644
060561005	0601645
060561006	0601646
060561007	0601647
060561008	0601648
060561009	0601649
060561010	0601650
060561011	0601651
060561101	0601652
060561102	0601653
060561103	0601654
060561104	0601655
060561105	0601656
060561106	0601657
060561107	0601658
060561108	0601659
060561109	0601660
060561110	0601661
060561111	0601662
060561112	0601663
060561113	0601664
060561114	0601665
060561201	0601666
060561202	0601667
060561203	0601668
060561204	0601669
060561205	0601670
060561206	0601671
060561207	0601672
060561208	0601673
060561209	0601674
060561210	0601675
060561211	0601676
060561301	0601677
060561302	0601678
060561303	0601679
060561304	0601680
060561305	0601681
060561306	0601682
060561307	0601683
060561308	0601684
060561309	0601685
060561310	0601686
060561401	0601687
060561402	0601688
060561403	0601689
060561404	0601690
060561405	0601691
060561406	0601692
060561407	0601693
060561408	0601694
060561409	0601695
060561410	0601696
060561411	0601697
060561412	0601698
060561413	0601699
060561414	0601700
060561415	0601701
060561416	0601702
060561417	0601703
060561418	0601704
060561419	0601705
060561420	0601706
060561421	0601707
060561501	0601708
060561502	0601709
060561503	0601710
060561504	0601711
060561505	0601712
060561506	0601713
060561507	0601714
060561508	0601715
060561509	0601716
060561510	0601717
060561511	0601718
060561512	0601719
060561513	0601720
060561514	0601721
060561515	0601722
060561516	0601723
060561517	0601724
060561601	0601725
060561602	0601726
060561603	0601727
060561604	0601728
060561605	0601729
060561606	0601730
060561607	0601731
060561608	0601732
060561609	0601733
060561610	0601734
060561611	0601735
060561612	0601736
060561613	0601737
060561614	0601738
060561701	0601739
060561702	0601740
060561703	0601741
060561704	0601742
060561705	0601743
060561706	0601744
060561707	0601745
060561708	0601746
060561709	0601747
060561710	0601748
060561801	0601749
060561802	0601750
060561803	0601751
060561804	0601752
060561805	0601753
060561806	0601754
060561807	0601755
060561808	0601756
060561809	0601757
060561810	0601758
060561901	0601759
060561902	0601760
060561903	0601761
060561904	0601762
060561905	0601763
060561906	0601764
060561907	0601765
060561908	0601766
060561909	0601767
060561910	0601768
060561911	0601769
060561912	0601770
060561913	0601771
060561914	0601772
060562001	0601773
060562002	0601774
060562003	0601775
060562004	0601776
060562005	0601777
060562006	0601778
060562007	0601779
060562008	0601780
060562009	0601781
060562010	0601782
060562101	0601783
060562102	0601784
060562103	0601785
060562104	0601786
060562105	0601787
060562106	0601788
060562107	0601789
060562108	0601790
060562109	0601791
060562110	0601792
060562111	0601793
060562201	0601794
060562202	0601795
060562203	0601796
060562204	0601797
060562205	0601798
060562206	0601799
060562207	0601800
060562208	0601801
060562209	0601802
060562210	0601803
060562211	0601804
060562212	0601805
060562213	0601806
060562214	0601807
060562215	0601808
060562216	0601809
060562217	0601810
060562303	0601811
060562301	0601811
060562302	0601812
060562304	0601813
060562305	0601814
060562306	0601815
060562307	0601816
060562308	0601817
060562309	0601818
060562310	0601819
060562311	0601820
060562312	0601821
060562313	0601822
060562314	0601823
060562315	0601824
060562316	0601825
060562401	0601826
060562402	0601827
060562403	0601828
060562404	0601829
060562405	0601830
060562406	0601831
060562407	0601832
060562408	0601833
060562409	0601834
060562410	0601835
060562411	0601836
060562412	0601837
060562413	0601838
060562414	0601839
060562415	0601840
060562416	0601841
060562417	0601842
060562501	0601843
060562502	0601844
060562503	0601845
060562504	0601846
060562505	0601847
060562506	0601848
060562507	0601849
060562508	0601850
060562509	0601851
060562510	0601852
060562511	0601853
060562512	0601854
060562513	0601855
060562514	0601856
060562515	0601857
060562516	0601858
060562601	0601859
060562602	0601860
060562603	0601861
060562604	0601862
060562605	0601863
060562606	0601864
060562607	0601865
060562608	0601866
060562609	0601867
060562610	0601868
060562611	0601869
060562612	0601870
060562613	0601871
060562614	0601872
060562615	0601873
060562616	0601874
060562617	0601875
060562618	0601876
060562619	0601877
060562701	0601878
060562702	0601879
060562703	0601880
060562704	0601881
060562705	0601882
060562706	0601883
060562707	0601884
060562801	0601885
060562901	0601886
060563001	0601887
060563002	0601888
060563003	0601889
060563004	0601890
060563005	0601891
060563006	0601892
060563007	0601893
060563101	0601894
060563201	0601895
060563202	0601896
060563203	0601897
060563204	0601898
060563205	0601899
060563206	0601900
060563207	0601901
060563208	0601902
060563209	0601903
060563210	0601904
060563211	0601905
060563212	0601906
060630101	0601907
060630102	0601908
060630103	0601909
060630104	0601910
060630105	0601911
060630106	0601912
060630107	0601913
060630108	0601914
060630109	0601915
060630110	0601916
060630111	0601917
060630112	0601918
060630113	0601919
060630114	0601920
060630115	0601921
060630116	0601922
060630117	0601923
060630201	0601924
060630202	0601925
060630203	0601926
060630204	0601927
060630205	0601928
060630206	0601929
060630207	0601930
060630208	0601931
060630301	0601932
060630302	0601933
060630303	0601934
060630304	0601935
060630305	0601936
060630306	0601937
060630401	0601938
060630402	0601939
060630403	0601940
060630404	0601941
060630405	0601942
060630406	0601943
060630501	0601944
060630502	0601945
060630601	0601946
060630602	0601947
060630603	0601948
060630604	0601949
060630605	0601950
060630606	0601951
060630607	0601952
060630701	0601953
060630702	0601954
060630703	0601955
060630704	0601956
060630705	0601957
060630706	0601958
060630707	0601959
060630708	0601960
060630709	0601961
060630801	0601962
060630802	0601963
060630803	0601964
060630804	0601965
060630805	0601966
060630806	0601967
060630901	0601968
060630902	0601969
060630903	0601970
060630904	0601971
060630905	0601972
060630906	0601973
060631001	0601974
060631002	0601975
060631003	0601976
060631004	0601977
060631101	0601978
060631102	0601979
060631103	0601980
060631104	0601981
060631105	0601982
060631106	0601983
060631107	0601984
060631201	0601985
060631202	0601986
060631203	0601987
060631301	0601988
060631302	0601989
060631303	0601990
060631304	0601991
060631305	0601992
060631306	0601993
060631307	0601994
060631308	0601995
060700101	0601996
060700102	0601997
060700103	0601998
060700104	0601999
060700105	0602000
060700106	0602001
060700107	0602002
060700108	0602003
060700109	0602004
060700110	0602005
060700111	0602006
060700112	0602007
060700113	0602008
060700201	0602009
060700202	0602010
060700203	0602011
060700204	0602012
060700205	0602013
060700206	0602014
060700207	0602015
060700208	0602016
060700209	0602017
060700210	0602018
060700211	0602019
060700212	0602020
060700213	0602021
060700214	0602022
060700215	0602023
060700216	0602024
060700217	0602025
060700218	0602026
060700301	0602027
060700302	0602028
060700303	0602029
060700304	0602030
060700305	0602031
060700306	0602032
060700401	0602033
060700402	0602034
060700403	0602035
060700404	0602036
060700501	0602037
060700502	0602038
060700601	0602039
060700602	0602040
060700701	0602041
060700702	0602042
060700801	0602043
060700802	0602044
060700803	0602045
060700804	0602046
060700805	0602047
060700806	0602048
060700901	0602049
060700902	0602050
060700903	0602051
060700904	0602052
060701001	0602053
060701002	0602054
060701003	0602055
060701004	0602056
060701101	0602057
060701102	0602058
060701201	0602059
060701202	0602060
060770101	0602061
060770102	0602062
060770103	0602063
060770104	0602064
060770105	0602065
060770106	0602066
060770107	0602067
060770108	0602068
060770109	0602069
060770201	0602070
060770202	0602071
060770301	0602072
060770302	0602073
060770401	0602074
060770402	0602075
060770403	0602076
060770404	0602077
060770405	0602078
060770501	0602079
060770502	0602080
060770503	0602081
060770504	0602082
060770505	0602083
060770506	0602084
060770507	0602085
060770508	0602086
060770509	0602087
060770510	0602088
060770511	0602089
060770512	0602090
060770513	0602091
060770514	0602092
060770601	0602093
060770602	0602094
060770603	0602095
060770701	0602096
060770801	0602097
060770901	0602098
060770902	0602099
060770903	0602100
060770904	0602101
060770905	0602102
060771001	0602103
060771002	0602104
060771003	0602105
060771101	0602106
060771102	0602107
060771103	0602108
060771201	0602109
060771202	0602110
060771301	0602111
060771302	0602112
060771303	0602113
060771401	0602114
060771402	0602115
060771403	0602116
060771404	0602117
060771405	0602118
060771406	0602119
060771407	0602120
060771408	0602121
060771409	0602122
060840101	0602123
060840102	0602124
060840103	0602125
060840201	0602126
060840202	0602127
060840301	0602128
060840302	0602129
060840303	0602130
060840304	0602131
060840305	0602132
060840401	0602133
060840402	0602134
060840403	0602135
060840501	0602136
060840502	0602137
060840601	0602138
060840602	0602139
060840603	0602140
060840604	0602141
060840605	0602142
060840701	0602143
060840702	0602144
060840703	0602145
060840704	0602146
060840705	0602147
060840706	0602148
060840707	0602149
060840708	0602150
060840709	0602151
060840710	0602152
060840711	0602153
060840801	0602154
060840802	0602155
060840803	0602156
060840804	0602157
060840901	0602158
060840902	0602159
060840903	0602160
060840905	0602161
060840906	0602162
060840908	0602163
060840909	0602164
060841001	0602165
060841002	0602166
060841003	0602167
060841101	0602168
060841102	0602169
060841201	0602170
060841202	0602171
060841203	0602172
060841204	0602173
060841205	0602174
060841206	0602175
060841207	0602176
060841208	0602177
060841209	0602178
060841210	0602179
060910101	0602180
060910102	0602181
060910103	0602182
060910104	0602183
060910105	0602184
060910106	0602185
060910107	0602186
060910108	0602187
060910109	0602188
060910110	0602189
060910201	0602190
060910202	0602191
060910203	0602192
060910204	0602193
060910205	0602194
060910206	0602195
060910207	0602196
060910208	0602197
060910209	0602198
060910301	0602199
060910302	0602200
060910303	0602201
060910304	0602202
060910305	0602203
060910306	0602204
060910307	0602205
060910308	0602206
060910309	0602207
060910310	0602208
060910311	0602209
060910312	0602210
060910313	0602211
060910401	0602212
060910402	0602213
060910403	0602214
060910404	0602215
060910405	0602216
060910406	0602217
060910407	0602218
060910408	0602219
060910409	0602220
060910410	0602221
060910411	0602222
060910412	0602223
060910501	0602224
060910502	0602225
060910503	0602226
060910504	0602227
060910505	0602228
060910506	0602229
060910507	0602230
060910508	0602231
060910509	0602232
060910510	0602233
060910601	0602234
060910602	0602235
060910603	0602236
060910604	0602237
060910605	0602238
060910606	0602239
060910607	0602240
060910608	0602241
060910609	0602242
060910610	0602243
060910611	0602244
060910701	0602245
060910702	0602246
060910703	0602247
060910704	0602248
060910705	0602249
060910706	0602250
060910707	0602251
060910708	0602252
060910709	0602253
060910710	0602254
060910801	0602255
060910802	0602256
060910803	0602257
060910804	0602258
060910805	0602259
060910806	0602260
060910807	0602261
060910808	0602262
060910809	0602263
060910810	0602264
060910901	0602265
060910902	0602266
060910903	0602267
060910904	0602268
060910905	0602269
060910906	0602270
060910907	0602271
060910908	0602272
060911001	0602273
060911002	0602274
060911003	0602275
060911004	0602276
060911005	0602277
060911006	0602278
060911007	0602279
060911008	0602280
060911009	0602281
060911010	0602282
060911011	0602283
060911101	0602284
060911102	0602285
060911103	0602286
060911104	0602287
060911105	0602288
060911106	0602289
060911107	0602290
060911108	0602291
060911109	0602292
060911201	0602293
060911202	0602294
060911203	0602295
060911204	0602296
060911205	0602297
060911206	0602298
060911207	0602299
060911208	0602300
060911301	0602301
060911302	0602302
060911303	0602303
060911304	0602304
060911305	0602305
060911306	0602306
060911307	0602307
060911308	0602308
060911309	0602309
060911310	0602310
060911311	0602311
060911312	0602312
060911401	0602313
060911402	0602314
060911403	0602315
060911404	0602316
060911405	0602317
060911406	0602318
060911407	0602319
060911408	0602320
060911409	0602321
060911410	0602322
060911411	0602323
060911412	0602324
060911413	0602325
060911501	0602326
060911502	0602327
060911503	0602328
060911504	0602329
060911505	0602330
060911506	0602331
060911507	0602332
060911508	0602333
060911509	0602334
060911510	0602335
060911511	0602336
060911512	0602337
060911513	0602338
060911601	0602339
060911602	0602340
060911603	0602341
060911604	0602342
060911605	0602343
060911606	0602344
060911607	0602345
060911608	0602346
060911609	0602347
060911610	0602348
060911611	0602349
060911612	0602350
060911613	0602351
060911614	0602352
060911701	0602353
060911702	0602354
060911703	0602355
060911704	0602356
060911705	0602357
060911706	0602358
060911707	0602359
060911708	0602360
060911709	0602361
060911710	0602362
060911711	0602363
060911712	0602364
060911713	0602365
060911714	0602366
060911801	0602367
060911802	0602368
060911803	0602369
060911804	0602370
060911805	0602371
060911806	0602372
060911807	0602373
060911808	0602374
060911809	0602375
060911810	0602376
060911811	0602377
060911812	0602378
060911901	0602379
060911902	0602380
060911903	0602381
060911904	0602382
060911905	0602383
060911906	0602384
060911907	0602385
060911908	0602386
060911909	0602387
060911910	0602388
060911911	0602389
060911912	0602390
060912001	0602391
060912002	0602392
060912003	0602393
060912004	0602394
060912005	0602395
060912006	0602396
060912007	0602397
060912008	0602398
060912009	0602399
060912010	0602400
060912011	0602401
060912012	0602402
060912013	0602403
060912101	0602404
060912102	0602405
060912103	0602406
060912104	0602407
060912105	0602408
060912106	0602409
060912107	0602410
060912108	0602411
060912109	0602412
060912110	0602413
060912111	0602414
060912112	0602415
060912113	0602416
060912114	0602417
060912115	0602418
060912116	0602419
060912117	0602420
060912201	0602421
060912202	0602422
060912203	0602423
060912204	0602424
060912205	0602425
060912206	0602426
060912207	0602427
060912208	0602428
060912209	0602429
060912210	0602430
060912211	0602431
060912212	0602432
060912213	0602433
060912214	0602434
060912215	0602435
060912216	0602436
060912217	0602437
060912301	0602438
060912302	0602439
060912303	0602440
060912304	0602441
060912305	0602442
060912306	0602443
060912307	0602444
060912308	0602445
060912309	0602446
060912310	0602447
060912311	0602448
060912312	0602449
060912313	0602450
060912314	0602451
060912315	0602452
060912316	0602453
060912317	0602454
060912318	0602455
060912319	0602456
060912401	0602457
060912402	0602458
060912403	0602459
060912404	0602460
060912405	0602461
060912406	0602462
060912407	0602463
060912408	0602464
060912409	0602465
060912410	0602466
060912411	0602467
060912412	0602468
060912413	0602469
060980101	0602470
060980102	0602471
060980103	0602472
060980104	0602473
060980105	0602474
060980106	0602475
060980107	0602476
060980108	0602477
060980109	0602478
060980110	0602479
060980111	0602480
060980112	0602481
060980201	0602482
060980202	0602483
060980203	0602484
060980204	0602485
060980205	0602486
060980206	0602487
060980207	0602488
060980208	0602489
060980209	0602490
060980210	0602491
060980211	0602492
060980212	0602493
060980213	0602494
060980214	0602495
060980215	0602496
060980301	0602497
060980302	0602498
060980303	0602499
060980304	0602500
060980305	0602501
060980306	0602502
060980307	0602503
060980308	0602504
060980309	0602505
060980310	0602506
060980311	0602507
060980312	0602508
060980313	0602509
060980401	0602510
060980402	0602511
060980403	0602512
060980404	0602513
060980405	0602514
060980406	0602515
060980407	0602516
060980408	0602517
060980501	0602518
060980502	0602519
060980503	0602520
060980504	0602521
060980505	0602522
060980506	0602523
060980507	0602524
060980508	0602525
060980509	0602526
060980510	0602527
060980601	0602528
060980602	0602529
060980603	0602530
060980604	0602531
060980605	0602532
060980606	0602533
060980607	0602534
060980608	0602535
060980609	0602536
060980610	0602537
060980611	0602538
060980612	0602539
060980613	0602540
060980614	0602541
060980615	0602542
060980616	0602543
060980617	0602544
060980701	0602545
060980702	0602546
060980703	0602547
060980704	0602548
060980705	0602549
060980706	0602550
060980707	0602551
060980801	0602552
060980802	0602553
060980803	0602554
060980804	0602555
060980805	0602556
060980806	0602557
060980807	0602558
060980808	0602559
060980809	0602560
060980810	0602561
060980811	0602562
060980812	0602563
060980813	0602564
060980814	0602565
060980815	0602566
060980816	0602567
060980817	0602568
061050101	0602569
061050102	0602570
061050103	0602571
061050104	0602572
061050105	0602573
061050106	0602574
061050107	0602575
061050108	0602576
061050109	0602577
061050201	0602578
061050202	0602579
061050203	0602580
061050204	0602581
061050205	0602582
061050206	0602583
061050207	0602584
061050208	0602585
061050209	0602586
061050210	0602587
061050211	0602588
061050301	0602589
061050401	0602590
061050402	0602591
061050403	0602592
061050501	0602593
061050601	0602594
061050602	0602595
061050701	0602596
061050801	0602597
061050802	0602598
061050803	0602599
061050804	0602600
061050805	0602601
061050806	0602602
061050807	0602603
061050808	0602604
061050809	0602605
061050901	0602606
061051001	0602607
061051002	0602608
061051101	0602609
061051102	0602610
061051103	0602611
061051104	0602612
061051105	0602613
061051106	0602614
061051107	0602615
061051201	0602616
061051301	0602617
061051302	0602618
061051303	0602619
061051304	0602620
061051401	0602621
061051402	0602622
061051403	0602623
061051404	0602624
061051405	0602625
061051406	0602626
061051407	0602627
061051408	0602628
061051409	0602629
061051410	0602630
061051411	0602631
061051412	0602632
061051413	0602633
061120101	0602634
061120102	0602635
061120103	0602636
061120104	0602637
061120105	0602638
061120106	0602639
061120107	0602640
061120108	0602641
061120109	0602642
061120110	0602643
061120111	0602644
061120112	0602645
061120113	0602646
061120201	0602647
061120202	0602648
061120203	0602649
061120204	0602650
061120205	0602651
061120206	0602652
061120207	0602653
061120208	0602654
061120209	0602655
061120210	0602656
061120211	0602657
061120301	0602658
061120302	0602659
061120303	0602660
061120304	0602661
061120305	0602662
061120306	0602663
061120307	0602664
061120308	0602665
061120309	0602666
061120310	0602667
061120401	0602668
061120402	0602669
061120403	0602670
061120501	0602671
061120502	0602672
061120503	0602673
061120504	0602674
061120505	0602675
061120506	0602676
061120601	0602677
061120602	0602678
061120603	0602679
061120604	0602680
061120605	0602681
061120606	0602682
061120701	0602683
061120702	0602684
061120703	0602685
061120704	0602686
061120705	0602687
061120706	0602688
061120707	0602689
061120708	0602690
061120709	0602691
061120710	0602692
061120801	0602693
061120802	0602694
061120803	0602695
061120804	0602696
061120805	0602697
061120902	0602698
061120903	0602699
061120904	0602700
061120905	0602701
061120907	0602702
061120908	0602703
061121001	0602704
061121002	0602705
061121003	0602706
061121004	0602707
061121005	0602708
061121101	0602709
061121102	0602710
061121103	0602711
061121104	0602712
061121105	0602713
061121106	0602714
061121107	0602715
061121108	0602716
061121109	0602717
061121201	0602718
061121202	0602719
061121203	0602720
061121204	0602721
061121205	0602722
061121301	0602723
061121302	0602724
061121303	0602725
061121304	0602726
061121305	0602727
061121401	0602728
061121402	0602729
061121403	0602730
061121404	0602731
061121405	0602732
061121406	0602733
061121407	0602734
061121408	0602735
061121409	0602736
061121410	0602737
061190101	0602738
061190102	0602739
061190103	0602740
061190104	0602741
061190201	0602742
061190202	0602743
061190203	0602744
061190204	0602745
061190205	0602746
061190206	0602747
061190301	0602748
061190302	0602749
061190303	0602750
061190304	0602751
061190305	0602752
061190306	0602753
061190307	0602754
061190308	0602755
061190309	0602756
061190310	0602757
061190401	0602758
061190402	0602759
061190403	0602760
061190404	0602761
061190405	0602762
061190406	0602763
061190407	0602764
061190408	0602765
061190409	0602766
061190501	0602767
061190502	0602768
061190601	0602769
061190602	0602770
061190603	0602771
061190701	0602772
061190702	0602773
061190703	0602774
061190704	0602775
061190706	0602776
061190801	0602777
061190802	0602778
061190803	0602779
061190804	0602780
061190805	0602781
061190806	0602782
061190901	0602783
061190902	0602784
061190903	0602785
061190904	0602786
061191001	0602787
061191002	0602788
061191003	0602789
061191004	0602790
061191005	0602791
061191006	0602792
061191007	0602793
061191008	0602794
061191009	0602795
061191010	0602796
061260101	0602797
061260102	0602798
061260103	0602799
061260104	0602800
061260105	0602801
061260106	0602802
061260107	0602803
061260108	0602804
061260109	0602805
061260110	0602806
061260111	0602807
061260112	0602808
061260113	0602809
061260114	0602810
061260201	0602811
061260202	0602812
061260203	0602813
061260204	0602814
061260205	0602815
061260206	0602816
061260207	0602817
061260208	0602818
061260209	0602819
061260210	0602820
061260211	0602821
061260301	0602822
061260302	0602823
061260303	0602824
061260304	0602825
061260305	0602826
061260306	0602827
061260307	0602828
061260308	0602829
061260309	0602830
061260310	0602831
061260311	0602832
061260401	0602833
061260402	0602834
061260403	0602835
061260404	0602836
061260405	0602837
061260406	0602838
061260407	0602839
061260502	0602840
061260503	0602841
061260504	0602842
061260505	0602843
061260506	0602844
061260507	0602845
061260509	0602846
061260510	0602847
061260511	0602848
061260512	0602849
061260513	0602850
061260514	0602851
061260515	0602852
061260516	0602853
061260517	0602854
061260601	0602855
061260602	0602856
061260603	0602857
061260604	0602858
061260605	0602859
061260606	0602860
061260607	0602861
061260608	0602862
061260609	0602863
061260701	0602864
061260702	0602865
061260703	0602866
061260704	0602867
061260705	0602868
061260706	0602869
061260707	0602870
061260708	0602871
061260709	0602872
061260710	0602873
061260801	0602874
061260802	0602875
061260803	0602876
061260804	0602877
061260805	0602878
061260806	0602879
061260807	0602880
061260808	0602881
061260809	0602882
061260901	0602883
061260902	0602884
061260903	0602885
061260904	0602886
061260905	0602887
061260906	0602888
061260907	0602889
061260908	0602890
061260909	0602891
061260910	0602892
061260911	0602893
061260912	0602894
061260913	0602895
061260914	0602896
061260915	0602897
061260916	0602898
061260917	0602899
061260918	0602900
061260919	0602901
061261001	0602902
061261002	0602903
061261003	0602904
061261004	0602905
061261005	0602906
061340101	0602907
061340102	0602908
061340103	0602909
061340104	0602910
061340105	0602911
061340106	0602912
061340107	0602913
061340108	0602914
061340109	0602915
061340110	0602916
061340111	0602917
061340112	0602918
061340113	0602919
061340114	0602920
061340201	0602921
061340202	0602922
061340203	0602923
061340204	0602924
061340206	0602925
061340207	0602926
061340208	0602927
061340209	0602928
061340301	0602929
061340302	0602930
061340303	0602931
061340304	0602932
061340305	0602933
061340306	0602934
061340307	0602935
061340308	0602936
061340309	0602937
061340401	0602938
061340402	0602939
061340403	0602940
061340404	0602941
061340405	0602942
061340406	0602943
061340501	0602944
061340502	0602945
061340601	0602946
061340602	0602947
061340701	0602948
061340702	0602949
061340801	0602950
061340802	0602951
061340803	0602952
061340804	0602953
061340901	0602954
061340902	0602955
061340903	0602956
061340904	0602957
061340905	0602958
061340906	0602959
061340907	0602960
061340908	0602961
061340909	0602962
061340910	0602963
061340911	0602964
061340912	0602965
061340913	0602966
061340914	0602967
061341001	0602968
061341002	0602969
061341003	0602970
061341004	0602971
061341005	0602972
061341006	0602973
061341007	0602974
061341008	0602975
061341009	0602976
061341010	0602977
061341011	0602978
061400101	0602979
061400102	0602980
061400103	0602981
061400201	0602982
061400202	0602983
061400203	0602984
061400204	0602985
061400301	0602986
061400302	0602987
061400303	0602988
061400304	0602989
061400305	0602990
061400306	0602991
061400307	0602992
061400308	0602993
061400309	0602994
061400310	0602995
061400311	0602996
061400312	0602997
061400313	0602998
061400314	0602999
061400315	0603000
061400316	0603001
061400317	0603002
061400318	0603003
061400319	0603004
061400401	0603005
061400402	0603006
061400403	0603007
061400501	0603008
061400502	0603009
061400503	0603010
061400601	0603011
061470101	0603012
061470102	0603013
061470103	0603014
061470104	0603015
061470105	0603016
061470106	0603017
061470107	0603018
061470108	0603019
061470109	0603020
061470201	0603021
061470202	0603022
061470203	0603023
061470204	0603024
061470205	0603025
061470301	0603026
061470302	0603027
061470303	0603028
061470304	0603029
061470305	0603030
061470306	0603031
061470307	0603032
061470401	0603033
061470402	0603034
061470403	0603035
061470501	0603036
061470502	0603037
061470503	0603038
061470601	0603039
061470602	0603040
061470603	0603041
061470604	0603042
061470701	0603043
061470702	0603044
061470703	0603045
061470704	0603046
061470705	0603047
061470706	0603048
061470707	0603049
061470708	0603050
061470709	0603051
061470710	0603052
061470711	0603053
061470712	0603054
061470801	0603055
061470802	0603056
061470803	0603057
061470804	0603058
061470805	0603059
061470901	0603060
061470902	0603061
061470903	0603062
061470904	0603063
061470905	0603064
061470906	0603065
061470907	0603066
061471001	0603067
061471002	0603068
061471003	0603069
061471101	0603070
061471102	0603071
061471103	0603072
061471201	0603073
061471202	0603074
061471203	0603075
061471204	0603076
061471205	0603077
061471206	0603078
061471207	0603079
061471208	0603080
061471209	0603081
061471210	0603082
061540101	0603083
061540102	0603084
061540103	0603085
061540104	0603086
061540105	0603087
061540201	0603088
061540202	0603089
061540203	0603090
061540204	0603091
061540205	0603092
061540206	0603093
061540207	0603094
061540208	0603095
061540209	0603096
061540210	0603097
061540301	0603098
061540302	0603099
061540401	0603100
061540402	0603101
061540403	0603102
061540404	0603103
061540405	0603104
061540501	0603105
061540502	0603106
061540601	0603107
061540602	0603108
061540603	0603109
061540604	0603110
061540605	0603111
061540606	0603112
061540607	0603113
061540608	0603114
061540609	0603115
061540610	0603116
061540611	0603117
061540612	0603118
061540701	0603119
061540702	0603120
061540703	0603121
061540801	0603122
061540802	0603123
061540803	0603124
061540804	0603125
061540805	0603126
061540806	0603127
061540901	0603128
061540902	0603129
061610101	0603130
061610102	0603131
061610103	0603132
061610104	0603133
061610105	0603134
061610106	0603135
061610107	0603136
061610108	0603137
061610109	0603138
061610110	0603139
061610111	0603140
061610112	0603141
061610113	0603142
061610114	0603143
061610115	0603144
061610116	0603145
061610117	0603146
061610118	0603147
061610201	0603148
061610202	0603149
061610203	0603150
061610204	0603151
061610301	0603152
061610302	0603153
061610401	0603154
061610402	0603155
061610403	0603156
061610404	0603157
061610405	0603158
061610406	0603159
061610501	0603160
061610502	0603161
061610503	0603162
061610504	0603163
061610601	0603164
061610602	0603165
061610603	0603166
061610604	0603167
061610605	0603168
061610606	0603169
061610701	0603170
061610702	0603171
061610703	0603172
061610801	0603173
061610802	0603174
061610803	0603175
061610804	0603176
061680101	0603177
061680102	0603178
061680103	0603179
061680104	0603180
061680201	0603181
061680202	0603182
061680203	0603183
061680204	0603184
061680301	0603185
061680302	0603186
061680303	0603187
061680401	0603188
061680402	0603189
061680403	0603190
061680907	0603191
061680908	0603192
061681001	0603193
061681002	0603194
061681003	0603195
061681101	0603196
061681102	0603197
061750101	0603198
061750102	0603199
061750103	0603200
061750104	0603201
061750201	0603202
061750202	0603203
061750203	0603204
061750204	0603205
061750301	0603206
061750302	0603207
061750303	0603208
061750304	0603209
061750401	0603210
061750402	0603211
061750403	0603212
061750404	0603213
061750405	0603214
061750406	0603215
061750407	0603216
061750408	0603217
061750409	0603218
061750410	0603219
061750411	0603220
061750412	0603221
061750413	0603222
061750414	0603223
061750415	0603224
061750416	0603225
061750417	0603226
061750501	0603227
061750502	0603228
061750503	0603229
061750504	0603230
061750505	0603231
061750601	0603232
061750602	0603233
061750603	0603234
061750604	0603235
061750605	0603236
061750606	0603237
061750607	0603238
061750608	0603239
061750609	0603240
061750610	0603241
061750611	0603242
061750612	0603243
061750615	0603244
061820101	0603245
061820102	0603246
061820103	0603247
061820104	0603248
061820105	0603249
061820106	0603250
061820107	0603251
061820108	0603252
061820109	0603253
061820110	0603254
061820111	0603255
061820112	0603256
061820113	0603257
061820114	0603258
061820201	0603259
061820202	0603260
061820203	0603261
061820204	0603262
061820205	0603263
061820206	0603264
061820207	0603265
061820208	0603266
061820209	0603267
061820210	0603268
061820211	0603269
061820212	0603270
061820213	0603271
061820301	0603272
061820302	0603273
061820303	0603274
061820304	0603275
061820305	0603276
061820306	0603277
061820307	0603278
061820308	0603279
061820309	0603280
061820310	0603281
061820311	0603282
061820312	0603283
061820401	0603284
061820501	0603285
061820502	0603286
061820503	0603287
061820504	0603288
061820505	0603289
061820601	0603290
061820602	0603291
061820603	0603292
061820604	0603293
061820605	0603294
061820606	0603295
061820607	0603296
061820608	0603297
061820609	0603298
061820701	0603299
061820702	0603300
061820703	0603301
061820704	0603302
061820705	0603303
061820706	0603304
061820707	0603305
061820708	0603306
061820709	0603307
061820710	0603308
061820801	0603309
061820901	0603310
061820902	0603311
061820903	0603312
061820904	0603313
061820905	0603314
061821001	0603315
061821002	0603316
061821003	0603317
061821004	0603318
061821005	0603319
061821006	0603320
061821007	0603321
061821008	0603322
061821009	0603323
061821010	0603324
061821011	0603325
061821101	0603326
061821102	0603327
061821103	0603328
061821104	0603329
061821105	0603330
061821106	0603331
061821107	0603332
061821108	0603333
061821109	0603334
061821110	0603335
061890101	0603336
061890102	0603337
061890103	0603338
061890104	0603339
061890201	0603340
061890202	0603341
061890203	0603342
061890204	0603343
061890205	0603344
061890206	0603345
061890207	0603346
061890301	0603347
061890302	0603348
061890303	0603349
061890304	0603350
061890305	0603351
061890401	0603352
061890402	0603353
061890403	0603354
061890501	0603355
061890502	0603356
061890503	0603357
061890504	0603358
061890505	0603359
061890601	0603360
061890602	0603361
061890603	0603362
061890604	0603363
061890605	0603364
061890606	0603365
061890607	0603366
061890608	0603367
061890701	0603368
061890702	0603369
061890703	0603370
061890704	0603371
061890705	0603372
061890706	0603373
061890707	0603374
061890801	0603375
061890802	0603376
061890803	0603377
061890804	0603378
061890901	0603379
061890902	0603380
061891001	0603381
061891002	0603382
061891003	0603383
061891004	0603384
061891005	0603385
061891006	0603386
061891007	0603387
061891008	0603388
061891009	0603389
061891010	0603390
061891101	0603391
061891102	0603392
061891103	0603393
061891104	0603394
061891105	0603395
061891106	0603396
061891107	0603397
061891201	0603398
061891202	0603399
061891203	0603400
061891204	0603401
061891205	0603402
061891206	0603403
061891207	0603404
061891208	0603405
061891209	0603406
061891210	0603407
061891211	0603408
061891301	0603409
061891302	0603410
061891303	0603411
061891304	0603412
061891305	0603413
061891306	0603414
061891307	0603415
061891308	0603416
061891309	0603417
061891401	0603418
061891402	0603419
061891403	0603420
061891404	0603421
061891405	0603422
061891406	0603423
061891501	0603424
061891502	0603425
061891503	0603426
061891504	0603427
061891505	0603428
061891506	0603429
061891507	0603430
061891508	0603431
061891509	0603432
061891601	0603433
061891602	0603434
061891603	0603435
061891604	0603436
061891605	0603437
061891701	0603438
061891702	0603439
061891703	0603440
061891704	0603441
061891705	0603442
061891706	0603443
061891707	0603444
061891708	0603445
061891709	0603446
061960101	0603447
061960102	0603448
061960103	0603449
061960104	0603450
061960105	0603451
061960106	0603452
061960107	0603453
061960108	0603454
061960109	0603455
061960110	0603456
061960111	0603457
061960112	0603458
061960113	0603459
061960114	0603460
061960115	0603461
061960116	0603462
061960117	0603463
061960118	0603464
061960119	0603465
061960201	0603466
061960202	0603467
061960203	0603468
061960204	0603469
061960205	0603470
061960206	0603471
061960207	0603472
061960208	0603473
061960209	0603474
061960210	0603475
061960211	0603476
061960212	0603477
061960213	0603478
061960214	0603479
061960301	0603480
061960302	0603481
061960303	0603482
061960304	0603483
061960305	0603484
061960306	0603485
061960401	0603486
061960402	0603487
061960403	0603488
061960404	0603489
061960501	0603490
061960502	0603491
061960503	0603492
061960504	0603493
061960601	0603494
061960602	0603495
061960603	0603496
061960604	0603497
061960701	0603498
061960702	0603499
061960703	0603500
061960704	0603501
061960705	0603502
061960706	0603503
061960707	0603504
061960708	0603505
061960709	0603506
061960801	0603507
061960802	0603508
061960803	0603509
061960804	0603510
061960805	0603511
061960806	0603512
061960901	0603513
061960902	0603514
061960903	0603515
061960904	0603516
061960905	0603517
061961001	0603518
061961002	0603519
061961003	0603520
061961004	0603521
061961005	0603522
061961101	0603523
061961102	0603524
061961103	0603525
061961104	0603526
061961105	0603527
061961106	0603528
061961107	0603529
061961108	0603530
061961201	0603531
061961202	0603532
061961203	0603533
061961204	0603534
061961205	0603535
061961206	0603536
061961301	0603537
061961302	0603538
061961303	0603539
061961304	0603540
061961305	0603541
061961401	0603542
061961402	0603543
061961403	0603544
061961501	0603545
061961502	0603546
061961503	0603547
061961504	0603548
061961505	0603549
061961506	0603550
061961507	0603551
061961508	0603552
062030101	0603553
062030102	0603554
062030103	0603555
062030104	0603556
062030105	0603557
062030106	0603558
062030107	0603559
062030108	0603560
062030109	0603561
062030110	0603562
062030111	0603563
062030112	0603564
062030113	0603565
062030201	0603566
062030202	0603567
062030203	0603568
062030204	0603569
062030205	0603570
062030206	0603571
062030207	0603572
062030208	0603573
062030209	0603574
062030210	0603575
062030211	0603576
062030212	0603577
062030213	0603578
062030214	0603579
062030215	0603580
062030301	0603581
062030302	0603582
062030303	0603583
062030304	0603584
062030305	0603585
062030306	0603586
062030401	0603587
062030402	0603588
062030403	0603589
062030404	0603590
062030405	0603591
062030406	0603592
062030407	0603593
062030408	0603594
062030501	0603595
062030502	0603596
062030503	0603597
062030504	0603598
062030505	0603599
062030506	0603600
062030507	0603601
062030601	0603602
062030602	0603603
062030603	0603604
062030604	0603605
062030605	0603606
062030701	0603607
062030702	0603608
062030703	0603609
062030704	0603610
062030705	0603611
062030706	0603612
062030707	0603613
062030708	0603614
062030709	0603615
062030710	0603616
062030711	0603617
062030801	0603618
062030802	0603619
062030803	0603620
062030804	0603621
062030805	0603622
062030806	0603623
062030807	0603624
062030808	0603625
062030809	0603626
062030810	0603627
062030811	0603628
062030812	0603629
062030901	0603630
062030902	0603631
062030903	0603632
062030904	0603633
062030905	0603634
062030906	0603635
062030907	0603636
062031001	0603637
062031002	0603638
062031003	0603639
062031004	0603640
062031005	0603641
062031101	0603642
062031102	0603643
062031103	0603644
062031104	0603645
062031105	0603646
062031106	0603647
062031201	0603648
062031202	0603649
062031203	0603650
062031204	0603651
062031205	0603652
062031301	0603653
062031302	0603654
062031303	0603655
062031304	0603656
062031305	0603657
062031306	0603658
062031307	0603659
062031308	0603660
062031401	0603661
062031402	0603662
062031403	0603663
062031404	0603664
062031405	0603665
062031406	0603666
062031407	0603667
062031408	0603668
062031501	0603669
062031502	0603670
062031503	0603671
062031504	0603672
062031601	0603673
062031602	0603674
062031603	0603675
062031604	0603676
062031605	0603677
062031606	0603678
062031607	0603679
062031608	0603680
062031609	0603681
062031610	0603682
062031611	0603683
062031612	0603684
062031613	0603685
062100101	0603686
062100102	0603687
062100103	0603688
062100104	0603689
062100105	0603690
062100106	0603691
062100107	0603692
062100108	0603693
062100109	0603694
062100110	0603695
062100111	0603696
062100112	0603697
062100113	0603698
062100114	0603699
062100115	0603700
062100116	0603701
062100117	0603702
062100118	0603703
062100119	0603704
062100120	0603705
062100121	0603706
062100201	0603707
062100202	0603708
062100203	0603709
062100204	0603710
062100205	0603711
062100206	0603712
062100207	0603713
062100208	0603714
062100209	0603715
062100210	0603716
062100301	0603717
062100401	0603718
062100501	0603719
062100601	0603720
062100602	0603721
062100603	0603722
062100604	0603723
062100605	0603724
062100606	0603725
062100607	0603726
062100608	0603727
062100609	0603728
062100610	0603729
062100611	0603730
062100612	0603731
062100613	0603732
062100701	0603733
062100801	0603734
062100802	0603735
062100803	0603736
062100804	0603737
062100805	0603738
062100806	0603739
062100807	0603740
062100808	0603741
062100809	0603742
062100810	0603743
062100811	0603744
062100901	0603745
062100902	0603746
062100903	0603747
062101001	0603748
062101101	0603749
062101201	0603750
062101301	0603751
062101302	0603752
062101303	0603753
062101304	0603754
062101305	0603755
062101306	0603756
062101307	0603757
062101308	0603758
062101309	0603759
062170101	0603760
062170102	0603761
062170103	0603762
062170104	0603763
062170105	0603764
062170106	0603765
062170107	0603766
062170108	0603767
062170109	0603768
062170110	0603769
062170111	0603770
062170112	0603771
062170113	0603772
062170114	0603773
062170201	0603774
062170202	0603775
062170203	0603776
062170204	0603777
062170205	0603778
062170206	0603779
062170207	0603780
062170301	0603781
062170302	0603782
062170303	0603783
062170304	0603784
062170401	0603785
062170402	0603786
062170403	0603787
062170404	0603788
062170405	0603789
062170406	0603790
062170407	0603791
062170408	0603792
062170409	0603793
062170410	0603794
062170411	0603795
062170412	0603796
062170413	0603797
062170414	0603798
062170415	0603799
062170416	0603800
062170501	0603801
062170502	0603802
062170503	0603803
062170504	0603804
062170505	0603805
062170506	0603806
062170507	0603807
062170508	0603808
062170509	0603809
062170510	0603810
062170511	0603811
062170512	0603812
062170601	0603813
062170602	0603814
062170603	0603815
062170604	0603816
062170605	0603817
062170701	0603818
062170702	0603819
062170801	0603820
062170802	0603821
062170803	0603822
062170901	0603823
062170902	0603824
062170903	0603825
062170904	0603826
062170905	0603827
062170906	0603828
062170907	0603829
062171001	0603830
062171002	0603831
062171003	0603832
062171004	0603833
062171005	0603834
062171006	0603835
062171007	0603836
062171008	0603837
062171009	0603838
062171010	0603839
062171011	0603840
062171012	0603841
062171013	0603842
062171101	0603843
062171102	0603844
062171103	0603845
062171104	0603846
062171105	0603847
062171106	0603848
062171201	0603849
062171202	0603850
062171203	0603851
062171204	0603852
062171205	0603853
062171206	0603854
062171207	0603855
062171208	0603856
062171209	0603857
062171210	0603858
062171211	0603859
062171212	0603860
062171213	0603861
062171214	0603862
062171215	0603863
062240101	0603864
062240102	0603865
062240103	0603866
062240104	0603867
062240105	0603868
062240106	0603869
062240107	0603870
062240108	0603871
062240109	0603872
062240110	0603873
062240111	0603874
062240112	0603875
062240113	0603876
062240114	0603877
062240115	0603878
062240116	0603879
062240117	0603880
062240201	0603881
062240202	0603882
062240203	0603883
062240204	0603884
062240205	0603885
062240206	0603886
062240207	0603887
062240208	0603888
062240209	0603889
062240210	0603890
062240211	0603891
062240212	0603892
062240213	0603893
062240214	0603894
062240301	0603895
062240302	0603896
062240303	0603897
062240304	0603898
062240305	0603899
062240306	0603900
062240307	0603901
062240308	0603902
062240309	0603903
062240310	0603904
062240401	0603905
062240402	0603906
062240403	0603907
062240404	0603908
062240405	0603909
062240406	0603910
062240407	0603911
062240408	0603912
062240409	0603913
062240410	0603914
062240411	0603915
062240412	0603916
062240413	0603917
062240414	0603918
062240415	0603919
062240416	0603920
062240417	0603921
062240501	0603922
062240502	0603923
062240503	0603924
062240504	0603925
062240505	0603926
062240601	0603927
062240602	0603928
062240603	0603929
062240604	0603930
062240701	0603931
062240702	0603932
062240703	0603933
062240801	0603934
062240802	0603935
062240901	0603936
062240902	0603937
062240903	0603938
062240904	0603939
062240905	0603940
062240906	0603941
062240907	0603942
062240908	0603943
062240909	0603944
062240910	0603945
062240911	0603946
062240912	0603947
062240913	0603948
062240914	0603949
062240915	0603950
062241001	0603951
062241002	0603952
062241101	0603953
062241102	0603954
062241103	0603955
062241201	0603956
062241202	0603957
062241203	0603958
062241204	0603959
062241301	0603960
062241302	0603961
062241303	0603962
062241401	0603963
062241402	0603964
062241403	0603965
062241501	0603966
062241502	0603967
062241503	0603968
062241601	0603969
062241602	0603970
062241701	0603971
062241702	0603972
062241703	0603973
062241801	0603974
062241802	0603975
062241901	0603976
062241902	0603977
062241903	0603978
062241904	0603979
062242001	0603980
062242002	0603981
062242003	0603982
062242004	0603983
062242005	0603984
062242006	0603985
062242007	0603986
062242008	0603987
062242009	0603988
062242010	0603989
062242101	0603990
062242102	0603991
062242103	0603992
062242201	0603993
062242202	0603994
062242203	0603995
062242204	0603996
062242205	0603997
062242206	0603998
062242207	0603999
062242208	0604000
062242209	0604001
062242210	0604002
062310101	0604003
062310102	0604004
062310103	0604005
062310104	0604006
062310105	0604007
062310106	0604008
062310107	0604009
062310201	0604010
062310202	0604011
062310203	0604012
062310204	0604013
062310301	0604014
062310302	0604015
062310303	0604016
062310304	0604017
062310401	0604018
062310402	0604019
062310403	0604020
062310404	0604021
062310405	0604022
062310501	0604023
062310502	0604024
062310601	0604025
062310602	0604026
062310603	0604027
062310604	0604028
062310605	0604029
062310606	0604030
062310701	0604031
062310702	0604032
062310703	0604033
062310704	0604034
062310705	0604035
062310706	0604036
062310707	0604037
062310801	0604038
062310802	0604039
062310803	0604040
062310804	0604041
062310805	0604042
062310901	0604043
062310902	0604044
062310903	0604045
062311001	0604046
062311002	0604047
062311003	0604048
062311004	0604049
062311005	0604050
062311101	0604051
062311201	0604052
062311202	0604053
062311203	0604054
062311204	0604055
062311205	0604056
062311206	0604057
062311207	0604058
062311208	0604059
062311209	0604060
062311210	0604061
062311211	0604062
062311212	0604063
062311213	0604064
062311214	0604065
062380101	0604066
062380102	0604067
062380103	0604068
062380104	0604069
062380105	0604070
062380106	0604071
062380107	0604072
062380108	0604073
062380109	0604074
062380110	0604075
062380111	0604076
062380112	0604077
062380113	0604078
062380114	0604079
062380201	0604080
062380202	0604081
062380203	0604082
062380204	0604083
062380205	0604084
062380206	0604085
062380207	0604086
062380208	0604087
062380209	0604088
062380210	0604089
062380211	0604090
062380212	0604091
062380213	0604092
062380214	0604093
062380215	0604094
062380301	0604095
062380302	0604096
062380401	0604097
062380501	0604098
062380601	0604099
062380602	0604100
062380603	0604101
062380604	0604102
062380605	0604103
062380606	0604104
062380607	0604105
062380608	0604106
062380609	0604107
062380610	0604108
062380611	0604109
062380701	0604110
062380702	0604111
062380801	0604112
062380901	0604113
062381001	0604114
062381101	0604115
062450101	0604116
062450102	0604117
062450103	0604118
062450104	0604119
062450105	0604120
062450106	0604121
062450107	0604122
062450108	0604123
062450109	0604124
062450110	0604125
062450111	0604126
062450201	0604127
062450202	0604128
062450203	0604129
062450204	0604130
062450205	0604131
062450206	0604132
062450207	0604133
062450208	0604134
062450209	0604135
062450210	0604136
062450211	0604137
062450212	0604138
062450213	0604139
062450214	0604140
062450215	0604141
062450301	0604142
062450302	0604143
062450303	0604144
062450304	0604145
062450305	0604146
062450306	0604147
062450307	0604148
062450308	0604149
062450309	0604150
062450310	0604151
062450311	0604152
062450401	0604153
062450402	0604154
062450403	0604155
062450404	0604156
062450405	0604157
062450406	0604158
062450407	0604159
062450408	0604160
062450409	0604161
062450410	0604162
062450411	0604163
062450412	0604164
062450413	0604165
062450414	0604166
062450415	0604167
062450416	0604168
062450417	0604169
062450418	0604170
062450501	0604171
062450502	0604172
062450503	0604173
062450504	0604174
062450505	0604175
062450506	0604176
062450507	0604177
062520101	0604178
062520102	0604179
062520103	0604180
062520104	0604181
062520105	0604182
062520106	0604183
062520107	0604184
062520108	0604185
062520109	0604186
062520110	0604187
062520111	0604188
062520112	0604189
062520113	0604190
062520114	0604191
062520115	0604192
062520201	0604193
062520202	0604194
062520203	0604195
062520204	0604196
062520205	0604197
062520206	0604198
062520207	0604199
062520208	0604200
062520209	0604201
062520210	0604202
062520211	0604203
062520212	0604204
062520213	0604205
062520214	0604206
062520215	0604207
062520216	0604208
062520217	0604209
062520301	0604210
062520302	0604211
062520303	0604212
062520304	0604213
062520305	0604214
062520306	0604215
062520307	0604216
062520308	0604217
062520309	0604218
062520401	0604219
062520402	0604220
062520403	0604221
062520404	0604222
062520405	0604223
062520406	0604224
062520407	0604225
062520408	0604226
062520409	0604227
062520410	0604228
062520411	0604229
062520412	0604230
062520413	0604231
062520501	0604232
062520502	0604233
062520503	0604234
062520504	0604235
062520505	0604236
062520506	0604237
062520507	0604238
062520508	0604239
062520509	0604240
062520601	0604241
062520602	0604242
062520603	0604243
062520604	0604244
062520605	0604245
062520606	0604246
062520607	0604247
062520608	0604248
062520609	0604249
062520610	0604250
062520611	0604251
062520612	0604252
062520613	0604253
062520614	0604254
062520701	0604255
062520702	0604256
062520703	0604257
062520704	0604258
062520705	0604259
062520706	0604260
062520707	0604261
062520708	0604262
062520709	0604263
062520710	0604264
062520711	0604265
062520801	0604266
062520802	0604267
062520803	0604268
062520804	0604269
062520805	0604270
062520806	0604271
062520807	0604272
062520808	0604273
062520809	0604274
062520810	0604275
062520901	0604276
062520902	0604277
062520903	0604278
062520904	0604279
062520905	0604280
062520906	0604281
062520907	0604282
062520908	0604283
062520909	0604284
062520910	0604285
062520911	0604286
062520912	0604287
062520913	0604288
062520914	0604289
062521001	0604290
062521002	0604291
062521003	0604292
062521004	0604293
062521005	0604294
062521006	0604295
062521007	0604296
062521008	0604297
062521009	0604298
062521010	0604299
062521011	0604300
062521012	0604301
062521013	0604302
062521014	0604303
062521015	0604304
062521016	0604305
062521017	0604306
062521101	0604307
062521102	0604308
062521103	0604309
062521104	0604310
062521105	0604311
062521106	0604312
062521107	0604313
062521108	0604314
062521109	0604315
062521110	0604316
062521201	0604317
062521202	0604318
062521203	0604319
062521204	0604320
062521205	0604321
062521206	0604322
062521207	0604323
062521208	0604324
062521301	0604325
062521302	0604326
062521303	0604327
062521304	0604328
062521305	0604329
062521306	0604330
062521307	0604331
062521308	0604332
062521309	0604333
062521310	0604334
062521311	0604335
062521312	0604336
062521401	0604337
062521402	0604338
062521403	0604339
062521404	0604340
062521405	0604341
062521406	0604342
062521407	0604343
062521408	0604344
062521409	0604345
062521410	0604346
062521411	0604347
062521412	0604348
062521413	0604349
062521414	0604350
062521415	0604351
062521416	0604352
062521417	0604353
062521418	0604354
062521419	0604355
062521501	0604356
062521502	0604357
062521503	0604358
062521504	0604359
062521505	0604360
062521506	0604361
062521507	0604362
062521508	0604363
062521509	0604364
062521510	0604365
062521511	0604366
062521512	0604367
062521513	0604368
062521514	0604369
062521515	0604370
062521601	0604371
062600101	0604372
062600102	0604373
062600103	0604374
062600104	0604375
062600105	0604376
062600106	0604377
062600107	0604378
062600108	0604379
062600109	0604380
062600110	0604381
062600111	0604382
062600112	0604383
062600113	0604384
062600114	0604385
062600115	0604386
062600116	0604387
062600117	0604388
062600118	0604389
062600119	0604390
062600201	0604391
062600202	0604392
062600203	0604393
062600204	0604394
062600205	0604395
062600206	0604396
062600207	0604397
062600208	0604398
062600209	0604399
062600210	0604400
062600211	0604401
062600212	0604402
062600213	0604403
062600214	0604404
062600215	0604405
062600216	0604406
062600301	0604407
062600302	0604408
062600303	0604409
062600304	0604410
062600305	0604411
062600306	0604412
062600307	0604413
062600308	0604414
062600309	0604415
062600310	0604416
062600311	0604417
062600312	0604418
062600313	0604419
062600314	0604420
062600315	0604421
062600316	0604422
062600317	0604423
062600318	0604424
062600319	0604425
062600401	0604426
062600402	0604427
062600403	0604428
062600404	0604429
062600405	0604430
062600406	0604431
062600407	0604432
062600408	0604433
062600409	0604434
062600410	0604435
062600411	0604436
062600412	0604437
062600501	0604438
062600502	0604439
062600503	0604440
062600504	0604441
062600505	0604442
062600506	0604443
062600507	0604444
062600508	0604445
062600509	0604446
062600510	0604447
062600511	0604448
062600512	0604449
062600513	0604450
062600514	0604451
062600515	0604452
062600516	0604453
062600517	0604454
062600601	0604455
062600602	0604456
062600603	0604457
062600604	0604458
062600605	0604459
062600606	0604460
062600607	0604461
062600608	0604462
062600609	0604463
062600610	0604464
062600611	0604465
062600612	0604466
062600613	0604467
062600614	0604468
062600615	0604469
062600616	0604470
062600701	0604471
062600702	0604472
062600703	0604473
062600704	0604474
062600705	0604475
062600706	0604476
062600707	0604477
062600708	0604478
062600709	0604479
062600710	0604480
062600711	0604481
062600712	0604482
062600713	0604483
062600801	0604484
062600802	0604485
062600803	0604486
062600804	0604487
062600805	0604488
062600806	0604489
062600807	0604490
062600808	0604491
062600809	0604492
062600810	0604493
062600811	0604494
062600812	0604495
062600813	0604496
062600814	0604497
062600901	0604498
062600902	0604499
062600903	0604500
062600904	0604501
062600905	0604502
062600906	0604503
062600907	0604504
062600908	0604505
062600909	0604506
062600910	0604507
062600911	0604508
062600912	0604509
062600913	0604510
062600914	0604511
062601001	0604512
062601002	0604513
062601003	0604514
062601004	0604515
062601005	0604516
062601006	0604517
062601007	0604518
062601008	0604519
062601009	0604520
062601010	0604521
062601011	0604522
062601012	0604523
062601013	0604524
062601014	0604525
062601015	0604526
062601101	0604527
062601102	0604528
062601103	0604529
062601104	0604530
062601105	0604531
062601106	0604532
062601107	0604533
062601108	0604534
062601109	0604535
062601110	0604536
062601201	0604537
062601202	0604538
062601203	0604539
062601204	0604540
062601205	0604541
062601206	0604542
062601207	0604543
062601208	0604544
062601209	0604545
062601210	0604546
062601211	0604547
062601212	0604548
062601301	0604549
062601302	0604550
062601303	0604551
062601304	0604552
062601305	0604553
062601306	0604554
062601307	0604555
062601308	0604556
062601309	0604557
062601310	0604558
062601311	0604559
062601312	0604560
062601313	0604561
062601314	0604562
062601401	0604563
062601402	0604564
062601403	0604565
062601404	0604566
062601405	0604567
062601406	0604568
062601407	0604569
062601408	0604570
062601409	0604571
062601410	0604572
062601411	0604573
062601412	0604574
062601413	0604575
062601501	0604576
062601502	0604577
062601503	0604578
062601504	0604579
062601505	0604580
062601506	0604581
062601507	0604582
062601508	0604583
062601509	0604584
062601510	0604585
062601511	0604586
062601512	0604587
062601513	0604588
062601514	0604589
062601515	0604590
062601516	0604591
062601517	0604592
062601518	0604593
062601519	0604594
062601601	0604595
062601602	0604596
062601603	0604597
062601604	0604598
062601605	0604599
062601606	0604600
062601607	0604601
062601608	0604602
062601609	0604603
062601610	0604604
062601611	0604605
062601612	0604606
062601613	0604607
062601614	0604608
062601615	0604609
062601616	0604610
062601617	0604611
062601703	0604612
062601701	0604612
062601702	0604613
062601704	0604614
062601705	0604615
062601706	0604616
062601707	0604617
062601708	0604618
062601709	0604619
062601710	0604620
062601711	0604621
062601712	0604622
062601713	0604623
062601714	0604624
062660101	0604625
062660102	0604626
062660103	0604627
062660104	0604628
062660201	0604629
062660202	0604630
062660203	0604631
062660204	0604632
062660205	0604633
062660301	0604634
062660302	0604635
062660303	0604636
062660304	0604637
062660305	0604638
062660306	0604639
062660307	0604640
062660308	0604641
062660309	0604642
062660310	0604643
062660311	0604644
062660312	0604645
062660401	0604646
062660402	0604647
062660403	0604648
062660501	0604649
062660502	0604650
062660503	0604651
062660504	0604652
062660505	0604653
062660506	0604654
062660507	0604655
062660508	0604656
062660509	0604657
062660601	0604658
062660602	0604659
062660603	0604660
062660604	0604661
062660605	0604662
062660606	0604663
062660607	0604664
062660608	0604665
062660609	0604666
062660610	0604667
062660611	0604668
062660612	0604669
062660701	0604670
062660702	0604671
062660703	0604672
062660704	0604673
062660705	0604674
062660706	0604675
062660707	0604676
062660708	0604677
062660709	0604678
062660710	0604679
062660711	0604680
062700101	0604681
062700102	0604682
062700103	0604683
062700104	0604684
062700105	0604685
062700106	0604686
062700201	0604687
062700202	0604688
062700203	0604689
062700204	0604690
062700205	0604691
062700206	0604692
062700207	0604693
062700208	0604694
062700209	0604695
062700210	0604696
062700211	0604697
062700212	0604698
062700213	0604699
062700214	0604700
062700215	0604701
062700216	0604702
062700217	0604703
062700301	0604704
062700302	0604705
062700303	0604706
062700304	0604707
062700305	0604708
062700306	0604709
062700307	0604710
062700308	0604711
062700309	0604712
062700310	0604713
062700504	0604714
062700505	0604715
062700506	0604716
062700507	0604717
062700508	0604718
062700509	0604719
062700510	0604720
062700511	0604721
062700512	0604722
062700601	0604723
062700602	0604724
062700812	0604725
062700813	0604726
062700814	0604727
062700815	0604728
062700816	0604729
062700817	0604730
062700901	0604731
062700902	0604732
062700903	0604733
062700904	0604734
062700905	0604735
062700906	0604736
062700907	0604737
062700908	0604738
062700909	0604739
062700910	0604740
062700911	0604741
062700912	0604742
062700913	0604743
062701001	0604744
062701002	0604745
062701003	0604746
062701004	0604747
062701005	0604748
062701006	0604749
062701007	0604750
062701008	0604751
062701009	0604752
062701010	0604753
062701101	0604754
062701102	0604755
062701103	0604756
062701104	0604757
062701105	0604758
062740101	0604759
062740102	0604760
062740103	0604761
062740104	0604762
062740105	0604763
062740106	0604764
062740107	0604765
062740108	0604766
062740109	0604767
062740110	0604768
062740111	0604769
062740112	0604770
062740113	0604771
062740114	0604772
062740115	0604773
062740201	0604774
062740202	0604775
062740203	0604776
062740204	0604777
062740205	0604778
062740206	0604779
062740207	0604780
062740208	0604781
062740209	0604782
062740210	0604783
062740211	0604784
062740212	0604785
062740213	0604786
062740214	0604787
062740215	0604788
062740301	0604789
062740302	0604790
062740303	0604791
062740304	0604792
062740305	0604793
062740306	0604794
062740307	0604795
062740308	0604796
062740309	0604797
062740310	0604798
062740311	0604799
062740312	0604800
062740313	0604801
062740314	0604802
062740315	0604803
062740316	0604804
062740401	0604805
062740402	0604806
062740403	0604807
062740404	0604808
062740405	0604809
062740406	0604810
062740407	0604811
062740408	0604812
062740409	0604813
062740410	0604814
062740411	0604815
062740412	0604816
062740413	0604817
062740414	0604818
062740415	0604819
062740416	0604820
062740417	0604821
062740501	0604822
062740502	0604823
062740503	0604824
062740504	0604825
062740505	0604826
062740506	0604827
062740507	0604828
062740508	0604829
062740509	0604830
062740510	0604831
062740511	0604832
062740512	0604833
062740513	0604834
062740514	0604835
062740515	0604836
062740516	0604837
062740601	0604838
062740602	0604839
062740603	0604840
062740604	0604841
062740605	0604842
062740606	0604843
062740607	0604844
062740608	0604845
062740609	0604846
062740610	0604847
062740611	0604848
062740612	0604849
062740613	0604850
062740614	0604851
062740615	0604852
062740616	0604853
062740617	0604854
062740618	0604855
062740619	0604856
062740620	0604857
062740701	0604858
062740702	0604859
062740703	0604860
062740704	0604861
062740705	0604862
062740706	0604863
062740707	0604864
062740708	0604865
062740709	0604866
062740710	0604867
062740711	0604868
062740712	0604869
062740713	0604870
062740801	0604871
062740802	0604872
062740803	0604873
062740804	0604874
062740805	0604875
064201807	0604876
064201808	0604877
064201809	0604878
064201810	0604879
064201811	0604880
064201812	0604881
064201901	0604882
064201902	0604883
064201903	0604884
064201904	0604885
064201905	0604886
064201906	0604887
064201907	0604888
064201908	0604889
064201909	0604890
064201910	0604891
064201911	0604892
064201912	0604893
064202001	0604894
064202002	0604895
064202003	0604896
064202004	0604897
064202005	0604898
064202006	0604899
064202007	0604900
064271609	0604901
064271610	0604902
064271611	0604903
064271612	0604904
064271613	0604905
064271701	0604906
064271702	0604907
064271703	0604908
064271704	0604909
064271705	0604910
064271706	0604911
064271707	0604912
064271708	0604913
064271709	0604914
064271710	0604915
064271711	0604916
064271801	0604917
064271802	0604918
064271803	0604919
064271804	0604920
064271805	0604921
064271806	0604922
064271807	0604923
064273405	0604924
064273406	0604925
064273407	0604926
064273408	0604927
064273409	0604928
064273410	0604929
064273411	0604930
064273412	0604931
064273413	0604932
064273414	0604933
064273415	0604934
064273501	0604935
064273502	0604936
064273503	0604937
064273504	0604938
064273505	0604939
064273506	0604940
064273507	0604941
064273508	0604942
064273509	0604943
064273510	0604944
064273511	0604945
064273512	0604946
064276416	0604947
064276417	0604948
064276501	0604949
064276502	0604950
064276503	0604951
064276504	0604952
064276505	0604953
064276506	0604954
064276507	0604955
064276508	0604956
064276509	0604957
064276510	0604958
064276511	0604959
064276512	0604960
064276513	0604961
064276514	0604962
064276515	0604963
064276516	0604964
064276517	0604965
064276601	0604966
064276602	0604967
064276603	0604968
064276604	0604969
064900515	0604970
064900516	0604971
064900601	0604972
064900602	0604973
064900603	0604974
064900604	0604975
064900605	0604976
064900606	0604977
064900607	0604978
064900608	0604979
064900609	0604980
064900610	0604981
064900611	0604982
064900612	0604983
064900613	0604984
064900614	0604985
064900615	0604986
064900701	0604987
064900702	0604988
064900703	0604989
064900704	0604990
064900705	0604991
064900706	0604992
064902702	0604993
064902703	0604994
064902704	0604995
064902705	0604996
064902706	0604997
064902707	0604998
064902708	0604999
064902709	0605000
064902710	0605001
064902711	0605002
064902712	0605003
064902713	0605004
064902801	0605005
064902802	0605006
064902803	0605007
064902804	0605008
064902805	0605009
064902806	0605010
064902807	0605011
064902808	0605012
064902809	0605013
064902810	0605014
064902811	0605015
064904408	0605016
064904409	0605017
064904410	0605018
064904411	0605019
064904412	0605020
064904413	0605021
064904501	0605022
064904502	0605023
064904503	0605024
064904504	0605025
064904505	0605026
064904506	0605027
064904507	0605028
064904508	0605029
064904601	0605030
064904602	0605031
064904603	0605032
064904604	0605033
064904605	0605034
064904606	0605035
064904607	0605036
064904608	0605037
064904609	0605038
062740806	0605039
062740807	0605040
062740808	0605041
062740809	0605042
062740810	0605043
062740811	0605044
062740812	0605045
062740813	0605046
062740814	0605047
062740815	0605048
062740816	0605049
062740817	0605050
062740818	0605051
062740819	0605052
062740820	0605053
062740901	0605054
062740902	0605055
062740903	0605056
062740904	0605057
062740905	0605058
062740906	0605059
062740907	0605060
062740908	0605061
062740909	0605062
062740910	0605063
062740911	0605064
062740912	0605065
062740913	0605066
062740914	0605067
062740915	0605068
062740916	0605069
062740917	0605070
062740918	0605071
062740919	0605072
062740920	0605073
062740921	0605074
062740922	0605075
062741001	0605076
062741002	0605077
062741003	0605078
062741004	0605079
062741005	0605080
062741006	0605081
062741007	0605082
062741008	0605083
062741009	0605084
062741010	0605085
062741011	0605086
062741012	0605087
062741013	0605088
062741014	0605089
062741015	0605090
062741101	0605091
062741102	0605092
062741103	0605093
062741104	0605094
062741105	0605095
062741106	0605096
062741107	0605097
062741108	0605098
062741109	0605099
062741110	0605100
062741111	0605101
062741112	0605102
062741113	0605103
062741114	0605104
062741115	0605105
062741116	0605106
062741117	0605107
062741118	0605108
062741201	0605109
062741202	0605110
062741203	0605111
062741204	0605112
062741205	0605113
062741206	0605114
062741207	0605115
062741208	0605116
062741209	0605117
062741210	0605118
062741211	0605119
062741212	0605120
062741213	0605121
062741214	0605122
062741215	0605123
062741216	0605124
062741217	0605125
062741301	0605126
062741302	0605127
062741303	0605128
062741304	0605129
062741305	0605130
062741306	0605131
062741307	0605132
062741308	0605133
062741309	0605134
062741310	0605135
062741311	0605136
062741312	0605137
062741313	0605138
062741314	0605139
062741315	0605140
062741316	0605141
062741317	0605142
062741401	0605143
062741402	0605144
062741403	0605145
062741404	0605146
062741405	0605147
062741406	0605148
062741407	0605149
062741408	0605150
062741409	0605151
062741410	0605152
062741411	0605153
062741501	0605154
062741502	0605155
062741503	0605156
062741504	0605157
062741505	0605158
062741506	0605159
062741507	0605160
062741508	0605161
062741509	0605162
062741510	0605163
062741511	0605164
062741512	0605165
062741513	0605166
062741514	0605167
062741515	0605168
062741516	0605169
062741517	0605170
062741518	0605171
062741601	0605172
062741602	0605173
062741603	0605174
062741604	0605175
062741605	0605176
062741606	0605177
062741607	0605178
062741608	0605179
062741609	0605180
062741610	0605181
062741611	0605182
062741612	0605183
062741613	0605184
062741614	0605185
062741701	0605186
062741702	0605187
062741703	0605188
062741704	0605189
062741705	0605190
062741706	0605191
062741707	0605192
062741708	0605193
062741709	0605194
062741710	0605195
062741711	0605196
062741712	0605197
062741713	0605198
062741714	0605199
062741801	0605200
062741802	0605201
062741803	0605202
062741804	0605203
062741805	0605204
062741806	0605205
062741807	0605206
062741808	0605207
062741809	0605208
062741810	0605209
062741811	0605210
062741812	0605211
062741813	0605212
062741814	0605213
062741815	0605214
062741816	0605215
062741817	0605216
062741818	0605217
062741901	0605218
062741902	0605219
062741903	0605220
062741904	0605221
062741905	0605222
062741906	0605223
062741907	0605224
062741908	0605225
062741909	0605226
062741910	0605227
062741911	0605228
062741912	0605229
062741913	0605230
062742001	0605231
062742002	0605232
062742003	0605233
062742004	0605234
062742005	0605235
062742006	0605236
062742007	0605237
062742008	0605238
062742009	0605239
062742010	0605240
062742011	0605241
062742012	0605242
062742013	0605243
062742014	0605244
062742015	0605245
062742016	0605246
062742101	0605247
062742102	0605248
062742103	0605249
062742104	0605250
062742105	0605251
062742106	0605252
062742107	0605253
062742108	0605254
062742109	0605255
062742110	0605256
062742111	0605257
062742112	0605258
062742113	0605259
062742114	0605260
062742115	0605261
062742116	0605262
062742117	0605263
062742118	0605264
062742119	0605265
062742120	0605266
062742121	0605267
062742122	0605268
062742123	0605269
062742201	0605270
062742202	0605271
062742203	0605272
062742204	0605273
062742205	0605274
062742206	0605275
062742207	0605276
062742208	0605277
062742209	0605278
062742210	0605279
062742211	0605280
062742212	0605281
062770101	0605282
062770102	0605283
062770103	0605284
062770104	0605285
062770105	0605286
062770106	0605287
062770107	0605288
062770108	0605289
062770109	0605290
062770110	0605291
062770111	0605292
062770112	0605293
062770113	0605294
062770114	0605295
062770115	0605296
062770116	0605297
062770201	0605298
062770202	0605299
062770203	0605300
062770204	0605301
062770205	0605302
062770206	0605303
062800101	0605304
062800102	0605305
062800103	0605306
062800104	0605307
062800105	0605308
062800106	0605309
062800107	0605310
062800108	0605311
062800109	0605312
062800110	0605313
062800201	0605314
062800202	0605315
062800203	0605316
062800204	0605317
062800205	0605318
062800206	0605319
062800207	0605320
062800208	0605321
062800301	0605322
062800302	0605323
062800303	0605324
062800304	0605325
062800305	0605326
062800306	0605327
062800307	0605328
062800308	0605329
062800309	0605330
062800310	0605331
062800311	0605332
062800312	0605333
062800313	0605334
062800401	0605335
062800402	0605336
062800403	0605337
062800404	0605338
062800405	0605339
062800406	0605340
062800407	0605341
062800408	0605342
062800409	0605343
062800410	0605344
062800501	0605345
062800502	0605346
062800503	0605347
062800504	0605348
062800505	0605349
062800506	0605350
062800507	0605351
062800508	0605352
062800509	0605353
062800601	0605354
062800602	0605355
062800603	0605356
062800604	0605357
062800605	0605358
062800606	0605359
062800607	0605360
062800608	0605361
062800609	0605362
062800610	0605363
062800611	0605364
062800612	0605365
062800613	0605366
062800614	0605367
062800615	0605368
062800616	0605369
062800617	0605370
062800701	0605371
062800702	0605372
062800703	0605373
062800704	0605374
062800705	0605375
062800706	0605376
062800707	0605377
062800708	0605378
062800709	0605379
062800710	0605380
062800711	0605381
062800801	0605382
062800802	0605383
062800803	0605384
062800804	0605385
062800805	0605386
062800806	0605387
062800807	0605388
062800808	0605389
062800809	0605390
062800810	0605391
062800811	0605392
062800812	0605393
062800813	0605394
062800814	0605395
062800815	0605396
062800816	0605397
062800817	0605398
062800818	0605399
062800819	0605400
062800820	0605401
062800901	0605402
062800902	0605403
062800903	0605404
062800904	0605405
062800905	0605406
062800906	0605407
062800907	0605408
062800908	0605409
062800909	0605410
062800910	0605411
062800911	0605412
062800912	0605413
062801001	0605414
062801002	0605415
062801003	0605416
062801004	0605417
062801005	0605418
062801006	0605419
062801007	0605420
062801008	0605421
062801101	0605422
062801102	0605423
062801103	0605424
062801104	0605425
062801105	0605426
062801106	0605427
062801107	0605428
062801108	0605429
062801109	0605430
062801110	0605431
062801111	0605432
062801112	0605433
062801201	0605434
062801202	0605435
062801203	0605436
062801204	0605437
062801205	0605438
062801206	0605439
062801207	0605440
062801208	0605441
062801209	0605442
062801210	0605443
062870101	0605444
062870201	0605445
062870301	0605446
062870302	0605447
062870401	0605448
062870402	0605449
062870403	0605450
062870404	0605451
062870405	0605452
062870406	0605453
062870407	0605454
062870408	0605455
062870409	0605456
062870410	0605457
062870411	0605458
062870412	0605459
062870413	0605460
062870414	0605461
062870415	0605462
062870416	0605463
062870417	0605464
062870501	0605465
062870502	0605466
062870601	0605467
062870701	0605468
062870702	0605469
062940101	0605470
062940102	0605471
062940103	0605472
062940201	0605473
062940202	0605474
062940203	0605475
062940204	0605476
062940205	0605477
062940206	0605478
062940207	0605479
062940208	0605480
062940209	0605481
062940210	0605482
062940211	0605483
062940301	0605484
062940302	0605485
062940303	0605486
062940401	0605487
062940402	0605488
062940403	0605489
062940404	0605490
062940405	0605491
062940406	0605492
062940407	0605493
062940408	0605494
062940501	0605495
062940502	0605496
062940503	0605497
062940504	0605498
062940505	0605499
062940506	0605500
062940601	0605501
062940602	0605502
062940603	0605503
062940604	0605504
062940605	0605505
062940606	0605506
062940607	0605507
062940608	0605508
062940609	0605509
062940610	0605510
062940701	0605511
062940702	0605512
062940703	0605513
062940704	0605514
062940705	0605515
062940706	0605516
062940801	0605517
062940802	0605518
062940803	0605519
062940804	0605520
062940805	0605521
062940806	0605522
062940807	0605523
062940808	0605524
062940809	0605525
062940810	0605526
062940811	0605527
062940812	0605528
062940813	0605529
062940814	0605530
062940815	0605531
063010101	0605532
063010201	0605533
063010301	0605534
063010401	0605535
063010501	0605536
063010502	0605537
063010503	0605538
063010504	0605539
063010505	0605540
063010506	0605541
063010507	0605542
063010508	0605543
063010509	0605544
063010510	0605545
063010511	0605546
063010512	0605547
063010513	0605548
063010514	0605549
063010601	0605550
063010701	0605551
063010801	0605552
063010802	0605553
063010803	0605554
063010804	0605555
063010805	0605556
063010806	0605557
063010807	0605558
063010808	0605559
063010809	0605560
063010810	0605561
063010811	0605562
063010812	0605563
063010813	0605564
063010814	0605565
063010815	0605566
063080101	0605567
063080201	0605568
063080301	0605569
063080401	0605570
063080501	0605571
063080502	0605572
063080601	0605573
063080602	0605574
063080603	0605575
063080604	0605576
063080701	0605577
063080801	0605578
063080901	0605579
063081001	0605580
063081002	0605581
063081003	0605582
063150101	0605583
063150102	0605584
063150103	0605585
063150104	0605586
063150105	0605587
063150106	0605588
063150107	0605589
063150108	0605590
063150109	0605591
063150110	0605592
063150111	0605593
063150112	0605594
063150113	0605595
063150114	0605596
063150115	0605597
063150116	0605598
063150117	0605599
063150118	0605600
063150201	0605601
063150301	0605602
063150302	0605603
063150303	0605604
063150401	0605605
063150501	0605606
063150502	0605607
063150601	0605608
063150701	0605609
063220101	0605610
063220102	0605611
063220103	0605612
063220201	0605613
063220202	0605614
063220203	0605615
063220204	0605616
063220301	0605617
063220302	0605618
063220303	0605619
063220304	0605620
063220305	0605621
063220306	0605622
063220307	0605623
063220401	0605624
063220402	0605625
063220403	0605626
063220404	0605627
063220405	0605628
063220501	0605629
063220502	0605630
063220503	0605631
063220504	0605632
063220505	0605633
063220601	0605634
063220602	0605635
063220603	0605636
063220604	0605637
063220605	0605638
063220606	0605639
063220607	0605640
063220608	0605641
063220609	0605642
063220610	0605643
063220611	0605644
063220612	0605645
063220613	0605646
063220614	0605647
063220615	0605648
063220616	0605649
063220617	0605650
063220701	0605651
063220702	0605652
063220703	0605653
063220704	0605654
063220705	0605655
063220801	0605656
063220802	0605657
063220803	0605658
063220901	0605659
063220902	0605660
063220903	0605661
063221001	0605662
063221002	0605663
063221003	0605664
063221004	0605665
063221005	0605666
063221006	0605667
063221007	0605668
063221008	0605669
063221101	0605670
063221102	0605671
063221103	0605672
063221201	0605673
063221202	0605674
063221203	0605675
063221301	0605676
063221302	0605677
063221303	0605678
063221304	0605679
063290101	0605680
063290102	0605681
063290103	0605682
063290104	0605683
063290201	0605684
063290202	0605685
063290203	0605686
063290301	0605687
063290302	0605688
063290303	0605689
063290304	0605690
063290305	0605691
063290306	0605692
063290307	0605693
063290308	0605694
063290309	0605695
063290310	0605696
063290311	0605697
063290312	0605698
063290313	0605699
063290314	0605700
063290315	0605701
063290316	0605702
063290317	0605703
063290401	0605704
063290402	0605705
063290403	0605706
063290501	0605707
063290502	0605708
063290503	0605709
063290504	0605710
063290505	0605711
063290506	0605712
063290601	0605713
063290602	0605714
063360101	0605715
063360201	0605716
063360202	0605717
063360203	0605718
063360204	0605719
063360205	0605720
063360301	0605721
063360401	0605722
063360501	0605723
063360601	0605724
063360701	0605725
063360801	0605726
063360901	0605727
063361001	0605728
063361002	0605729
063430101	0605730
063430102	0605731
063430103	0605732
063430104	0605733
063430105	0605734
063430201	0605735
063430301	0605736
063430302	0605737
063430303	0605738
063430401	0605739
063430402	0605740
063430501	0605741
063430502	0605742
063430503	0605743
063430601	0605744
063430602	0605745
063430603	0605746
063430604	0605747
063430605	0605748
063430606	0605749
063430701	0605750
063430702	0605751
063430703	0605752
063430704	0605753
063430705	0605754
063430706	0605755
063430707	0605756
063430708	0605757
063430709	0605758
063430710	0605759
063430711	0605760
063430712	0605761
063430713	0605762
063430801	0605763
063430802	0605764
063510101	0605765
063510102	0605766
063510103	0605767
063510104	0605768
063510201	0605769
063510202	0605770
063510301	0605771
063510302	0605772
063510303	0605773
063510304	0605774
063510401	0605775
063510402	0605776
063510403	0605777
063510404	0605778
063510405	0605779
063510406	0605780
063510501	0605781
063510502	0605782
063510601	0605783
063510602	0605784
063510603	0605785
063510604	0605786
063510605	0605787
063510606	0605788
063510607	0605789
063510608	0605790
063510609	0605791
063510610	0605792
063510611	0605793
063510612	0605794
063510613	0605795
063510614	0605796
063510615	0605797
063510701	0605798
063510702	0605799
063510703	0605800
063510801	0605801
063510802	0605802
063510803	0605803
063510901	0605804
063510902	0605805
063510903	0605806
063511001	0605807
063511002	0605808
063511003	0605809
063570101	0605810
063570102	0605811
063570103	0605812
063570104	0605813
063570105	0605814
063570106	0605815
063570107	0605816
063570108	0605817
063570109	0605818
063570201	0605819
063570202	0605820
063570203	0605821
063570204	0605822
063570205	0605823
063570206	0605824
063570207	0605825
063570208	0605826
063570209	0605827
063570210	0605828
063570301	0605829
063570302	0605830
063570303	0605831
063570304	0605832
063570305	0605833
063570306	0605834
063570307	0605835
063570308	0605836
063570309	0605837
063570310	0605838
063570311	0605839
063570401	0605840
063570402	0605841
063570403	0605842
063570404	0605843
063570405	0605844
063570406	0605845
063570407	0605846
063570408	0605847
063570409	0605848
063570410	0605849
063570501	0605850
063570502	0605851
063570503	0605852
063570504	0605853
063570505	0605854
063570506	0605855
063570507	0605856
063570508	0605857
063570509	0605858
063570510	0605859
063570511	0605860
063570512	0605861
063570513	0605862
063570514	0605863
063570601	0605864
063570602	0605865
063570603	0605866
063570604	0605867
063570605	0605868
063570606	0605869
063570607	0605870
063570608	0605871
063570609	0605872
063570610	0605873
063570611	0605874
063570701	0605875
063570702	0605876
063570703	0605877
063570704	0605878
063570705	0605879
063570706	0605880
063570707	0605881
063570708	0605882
063570709	0605883
063570710	0605884
063570711	0605885
063570801	0605886
063570802	0605887
063570803	0605888
063570804	0605889
063570805	0605890
063570806	0605891
063570807	0605892
063570808	0605893
063570809	0605894
063570810	0605895
063570811	0605896
063570812	0605897
063570813	0605898
063570814	0605899
063570901	0605900
063570902	0605901
063570903	0605902
063570904	0605903
063570905	0605904
063570906	0605905
063570907	0605906
063570908	0605907
063570909	0605908
063570910	0605909
063570911	0605910
063570912	0605911
063570913	0605912
063571001	0605913
063571002	0605914
063571003	0605915
063571004	0605916
063571005	0605917
063571006	0605918
063571007	0605919
063571008	0605920
063571009	0605921
063571010	0605922
063571011	0605923
063571012	0605924
063571013	0605925
063571014	0605926
063571015	0605927
063571101	0605928
063571102	0605929
063571103	0605930
063571104	0605931
063571105	0605932
063571106	0605933
063571107	0605934
063571108	0605935
063571109	0605936
063571110	0605937
063571111	0605938
063571112	0605939
063571201	0605940
063571202	0605941
063571203	0605942
063571204	0605943
063571205	0605944
063571206	0605945
063571207	0605946
063571208	0605947
063571209	0605948
063571210	0605949
063571211	0605950
063571212	0605951
063571213	0605952
063571214	0605953
063571215	0605954
063571301	0605955
063571302	0605956
063571303	0605957
063571304	0605958
063571305	0605959
063571306	0605960
063571307	0605961
063571308	0605962
063571309	0605963
063571401	0605964
063571402	0605965
063571403	0605966
063571404	0605967
063571405	0605968
063571406	0605969
063571407	0605970
063571408	0605971
063571409	0605972
063571501	0605973
063571502	0605974
063571503	0605975
063571504	0605976
063571505	0605977
063571506	0605978
063571507	0605979
063571508	0605980
063571509	0605981
063571510	0605982
063571511	0605983
063571601	0605984
063571602	0605985
063571603	0605986
063571604	0605987
063571605	0605988
063571606	0605989
063571607	0605990
063571608	0605991
063571609	0605992
063571610	0605993
063571611	0605994
063571612	0605995
063571613	0605996
063571701	0605997
063571702	0605998
063571703	0605999
063571704	0606000
063571705	0606001
063571706	0606002
063571707	0606003
063571708	0606004
063571709	0606005
063571710	0606006
063571801	0606007
063571802	0606008
063571803	0606009
063571804	0606010
063571805	0606011
063571806	0606012
063571807	0606013
063571808	0606014
063571809	0606015
063571810	0606016
063571901	0606017
063571902	0606018
063571903	0606019
063571904	0606020
063571905	0606021
063571906	0606022
063571907	0606023
063571908	0606024
063571909	0606025
063571910	0606026
063571911	0606027
063572001	0606028
063572002	0606029
063572003	0606030
063572004	0606031
063572005	0606032
063572006	0606033
063572007	0606034
063572008	0606035
063572009	0606036
063572101	0606037
063572102	0606038
063572103	0606039
063572104	0606040
063572105	0606041
063572106	0606042
063572107	0606043
063572108	0606044
063572201	0606045
063572202	0606046
063572203	0606047
063572204	0606048
063572205	0606049
063572206	0606050
063572207	0606051
063572208	0606052
063572209	0606053
063572210	0606054
063572211	0606055
063572212	0606056
063572213	0606057
063572214	0606058
063572301	0606059
063572302	0606060
063572303	0606061
063572304	0606062
063572305	0606063
063572306	0606064
063572307	0606065
063572308	0606066
063572401	0606067
063572402	0606068
063572403	0606069
063572404	0606070
063572405	0606071
063572501	0606072
063572502	0606073
063572503	0606074
063572601	0606075
063572602	0606076
063572603	0606077
063572604	0606078
063572701	0606079
063572702	0606080
063572703	0606081
063572704	0606082
063572705	0606083
063572801	0606084
063572802	0606085
063572803	0606086
063572804	0606087
063572805	0606088
063572806	0606089
063572901	0606090
063572902	0606091
063572903	0606092
063572904	0606093
063572905	0606094
063572906	0606095
063573001	0606096
063573002	0606097
063573003	0606098
063573004	0606099
063573005	0606100
063573006	0606101
063573007	0606102
063573008	0606103
063573009	0606104
063573010	0606105
063573011	0606106
063573101	0606107
063573102	0606108
063573103	0606109
063573104	0606110
063573105	0606111
063573106	0606112
063573107	0606113
063573108	0606114
063573109	0606115
063573201	0606116
063573202	0606117
063573203	0606118
063573204	0606119
063573205	0606120
063573206	0606121
063573207	0606122
063573208	0606123
063573209	0606124
063573210	0606125
063573301	0606126
063573302	0606127
063573303	0606128
063573304	0606129
063573305	0606130
063573306	0606131
063573307	0606132
063573308	0606133
063573309	0606134
063573310	0606135
063573311	0606136
063573401	0606137
063573402	0606138
063573403	0606139
063573404	0606140
063573405	0606141
063573406	0606142
063573407	0606143
063573408	0606144
063573501	0606145
063573502	0606146
063573503	0606147
063573504	0606148
063573505	0606149
063573506	0606150
063573507	0606151
063573508	0606152
063573509	0606153
063573510	0606154
063573601	0606155
063573602	0606156
063573603	0606157
063573604	0606158
063573605	0606159
063573701	0606160
063573702	0606161
063573703	0606162
063573704	0606163
063573705	0606164
063573706	0606165
063573707	0606166
063573708	0606167
063573801	0606168
063573802	0606169
063573803	0606170
063573804	0606171
063573901	0606172
063573902	0606173
063573903	0606174
063573904	0606175
063573905	0606176
063573906	0606177
063573907	0606178
063573908	0606179
063573909	0606180
063574001	0606181
063574002	0606182
063574003	0606183
063574004	0606184
063574005	0606185
063574006	0606186
063574007	0606187
063574008	0606188
063574101	0606189
063574102	0606190
063574103	0606191
063574104	0606192
063574105	0606193
063574106	0606194
063574107	0606195
063574201	0606196
063574202	0606197
063574203	0606198
063574204	0606199
063574205	0606200
063574206	0606201
063574207	0606202
063574301	0606203
063574302	0606204
063574303	0606205
063574304	0606206
063574305	0606207
063574306	0606208
063574307	0606209
063574308	0606210
063574309	0606211
063574310	0606212
063574311	0606213
063574312	0606214
063574401	0606215
063574402	0606216
063574403	0606217
063574404	0606218
063574405	0606219
063574406	0606220
063574407	0606221
063574408	0606222
063574409	0606223
063574501	0606224
063574502	0606225
063574503	0606226
063574504	0606227
063574505	0606228
063574506	0606229
063574507	0606230
063574508	0606231
063574509	0606232
063574510	0606233
063574511	0606234
063574512	0606235
063574513	0606236
063574514	0606237
063574515	0606238
063574516	0606239
063574601	0606240
063574602	0606241
063574603	0606242
063574604	0606243
063574605	0606244
063574606	0606245
063574607	0606246
063574608	0606247
063574609	0606248
063574610	0606249
063574611	0606250
063574612	0606251
063574613	0606252
063574701	0606253
063574702	0606254
063574703	0606255
063574704	0606256
063574705	0606257
063574706	0606258
063574707	0606259
063574708	0606260
063574709	0606261
063574710	0606262
063574801	0606263
063574802	0606264
063574803	0606265
063574804	0606266
063574805	0606267
063574806	0606268
063574807	0606269
063574808	0606270
063574809	0606271
063574810	0606272
063574811	0606273
063574812	0606274
063574813	0606275
063574814	0606276
063574815	0606277
063574901	0606278
063574902	0606279
063574903	0606280
063574904	0606281
063574905	0606282
063574906	0606283
063574907	0606284
063574908	0606285
063575001	0606286
063575002	0606287
063575003	0606288
063575004	0606289
063575005	0606290
063575006	0606291
063575007	0606292
063575008	0606293
063575009	0606294
063575010	0606295
063575011	0606296
063575012	0606297
063575013	0606298
063575014	0606299
063575101	0606300
063575102	0606301
063575103	0606302
063575104	0606303
063575105	0606304
063575106	0606305
063575107	0606306
063575108	0606307
063575109	0606308
063575201	0606309
063575202	0606310
063575203	0606311
063575204	0606312
063575205	0606313
063575206	0606314
063575207	0606315
063575208	0606316
063575209	0606317
063575210	0606318
063575211	0606319
063575212	0606320
063575213	0606321
063575214	0606322
063575215	0606323
063575216	0606324
063575301	0606325
063575302	0606326
063575303	0606327
063575304	0606328
063575305	0606329
063575306	0606330
063575307	0606331
063575308	0606332
063575309	0606333
063575310	0606334
063575311	0606335
063575312	0606336
063575313	0606337
063575314	0606338
063575315	0606339
063575316	0606340
063575401	0606341
063575402	0606342
063575403	0606343
063575404	0606344
063575405	0606345
063575406	0606346
063575407	0606347
063575408	0606348
063575501	0606349
063575502	0606350
063575503	0606351
063575504	0606352
063575505	0606353
063575506	0606354
063575507	0606355
063575508	0606356
063575601	0606357
063575602	0606358
063575603	0606359
063575604	0606360
063575605	0606361
063575606	0606362
063575607	0606363
063575608	0606364
063575609	0606365
063575610	0606366
063575611	0606367
063575612	0606368
063575701	0606369
063575702	0606370
063575703	0606371
063575704	0606372
063575705	0606373
063575706	0606374
063575707	0606375
063575708	0606376
063575709	0606377
063575710	0606378
063575801	0606379
063575802	0606380
063575803	0606381
063575804	0606382
063575805	0606383
063575806	0606384
063575807	0606385
063575808	0606386
063575901	0606387
063575902	0606388
063575903	0606389
063575904	0606390
063575905	0606391
063575906	0606392
063575907	0606393
063575908	0606394
063575909	0606395
063575910	0606396
063575911	0606397
063576001	0606398
063576002	0606399
063576003	0606400
063576004	0606401
063576005	0606402
063576006	0606403
063576007	0606404
063576008	0606405
063576009	0606406
063576010	0606407
063576011	0606408
063576101	0606409
063576102	0606410
063576103	0606411
063576104	0606412
063576105	0606413
063576106	0606414
063576107	0606415
063576108	0606416
063576109	0606417
063576110	0606418
063576111	0606419
063576112	0606420
063576113	0606421
063576201	0606422
063576202	0606423
063576203	0606424
063576204	0606425
063576205	0606426
063576206	0606427
063576207	0606428
063576208	0606429
063576209	0606430
063576210	0606431
063576211	0606432
063576302	0606433
063576303	0606434
063576304	0606435
063576305	0606436
063576306	0606437
063576307	0606438
063576308	0606439
063576401	0606440
063576402	0606441
063576403	0606442
063576404	0606443
063576405	0606444
063576406	0606445
063576407	0606446
063576408	0606447
063576409	0606448
063576410	0606449
063576411	0606450
063576501	0606451
063576502	0606452
063576503	0606453
063576504	0606454
063576505	0606455
063576506	0606456
063576507	0606457
063576508	0606458
063576509	0606459
063576510	0606460
063576511	0606461
063576512	0606462
063576513	0606463
063576514	0606464
063576601	0606465
063576602	0606466
063576603	0606467
063576604	0606468
063576605	0606469
063576606	0606470
063576607	0606471
063576608	0606472
063576701	0606473
063576702	0606474
063576703	0606475
063576704	0606476
063576705	0606477
063576706	0606478
063576707	0606479
063576708	0606480
063576709	0606481
063576710	0606482
063576711	0606483
063576712	0606484
063576713	0606485
063576714	0606486
063576715	0606487
063576801	0606488
063576802	0606489
063576803	0606490
063576804	0606491
063576805	0606492
063576806	0606493
063576807	0606494
063576808	0606495
063576809	0606496
063576810	0606497
063576901	0606498
063576902	0606499
063576903	0606500
063576904	0606501
063576905	0606502
063576906	0606503
063576907	0606504
063576908	0606505
063576909	0606506
063576910	0606507
063576911	0606508
063577001	0606509
063577002	0606510
063577003	0606511
063577004	0606512
063577005	0606513
063577006	0606514
063577007	0606515
063577008	0606516
063577009	0606517
063577010	0606518
063577011	0606519
063577012	0606520
063577013	0606521
063577014	0606522
063577101	0606523
063577102	0606524
063577103	0606525
063577104	0606526
063577105	0606527
063577106	0606528
063577107	0606529
063577108	0606530
063577109	0606531
063577110	0606532
063577111	0606533
063577201	0606534
063577202	0606535
063577203	0606536
063577204	0606537
063577205	0606538
063577206	0606539
063577207	0606540
063577208	0606541
063577209	0606542
063577210	0606543
063577211	0606544
063577301	0606545
063577302	0606546
063577303	0606547
063577304	0606548
063577305	0606549
063577306	0606550
063577307	0606551
063577308	0606552
063577309	0606553
063577310	0606554
063577311	0606555
063577312	0606556
063577401	0606557
063577402	0606558
063577403	0606559
063577404	0606560
063577405	0606561
063577406	0606562
063577407	0606563
063577408	0606564
063577409	0606565
063577410	0606566
063577411	0606567
063577412	0606568
063577413	0606569
063577414	0606570
063577415	0606571
063577416	0606572
063577417	0606573
063577418	0606574
063577501	0606575
063577502	0606576
063577510	0606577
063577504	0606577
063577505	0606578
063577506	0606579
063577507	0606580
063577508	0606581
063577509	0606582
063577511	0606583
063577512	0606584
063577513	0606585
063577514	0606586
063577515	0606587
063577516	0606588
063577601	0606589
063577602	0606590
063577603	0606591
063577604	0606592
063577605	0606593
063577606	0606594
063577607	0606595
063577608	0606596
063577609	0606597
063577610	0606598
063577611	0606599
063577612	0606600
063577613	0606601
063577614	0606602
063577615	0606603
063577616	0606604
063577617	0606605
063577701	0606606
063577702	0606607
063577703	0606608
063577704	0606609
063577705	0606610
063577706	0606611
063577707	0606612
063577708	0606613
063577709	0606614
063577710	0606615
063577711	0606616
063577712	0606617
063577713	0606618
063577714	0606619
063577715	0606620
063577716	0606621
063577717	0606622
063577718	0606623
063577801	0606624
063577802	0606625
063577803	0606626
063577804	0606627
063577805	0606628
063577806	0606629
063577807	0606630
063577808	0606631
063577809	0606632
063577810	0606633
063577811	0606634
063577812	0606635
063577813	0606636
063577814	0606637
063577815	0606638
063577816	0606639
063577901	0606640
063577902	0606641
063577903	0606642
063577904	0606643
063577905	0606644
063577906	0606645
063577907	0606646
063577908	0606647
063577909	0606648
063577910	0606649
063577911	0606650
063577912	0606651
063577913	0606652
063577914	0606653
063577915	0606654
063577916	0606655
063577917	0606656
063578001	0606657
063578002	0606658
063578003	0606659
063578004	0606660
063578005	0606661
063578006	0606662
063578007	0606663
063578008	0606664
063578009	0606665
063578010	0606666
063578011	0606667
063578012	0606668
063578013	0606669
063578014	0606670
063578015	0606671
063578016	0606672
063578017	0606673
063578018	0606674
063578101	0606675
063578102	0606676
063578103	0606677
063578104	0606678
063578105	0606679
063578106	0606680
063578107	0606681
063578108	0606682
063578109	0606683
063578110	0606684
063578111	0606685
063578112	0606686
063578113	0606687
063578114	0606688
063578201	0606689
063578202	0606690
063578203	0606691
063578204	0606692
063578205	0606693
063578206	0606694
063578207	0606695
063578208	0606696
063578209	0606697
063578210	0606698
063578211	0606699
063578212	0606700
063578213	0606701
063578301	0606702
063578302	0606703
063640101	0606704
063640102	0606705
063640103	0606706
063640104	0606707
063640105	0606708
063640106	0606709
063640107	0606710
063640108	0606711
063640109	0606712
063640110	0606713
063640111	0606714
063640112	0606715
063640113	0606716
063640114	0606717
063640115	0606718
063640116	0606719
063640117	0606720
063640118	0606721
063640119	0606722
063640201	0606723
063640202	0606724
063640203	0606725
063640204	0606726
063640205	0606727
063640206	0606728
063640207	0606729
063640208	0606730
063640209	0606731
063640210	0606732
063640211	0606733
063640212	0606734
063640213	0606735
063640214	0606736
063640301	0606737
063640302	0606738
063640303	0606739
063640304	0606740
063640305	0606741
063640306	0606742
063640307	0606743
063640308	0606744
063640309	0606745
063640310	0606746
063640311	0606747
063640312	0606748
063640313	0606749
063640314	0606750
063640315	0606751
063640316	0606752
063640317	0606753
063640318	0606754
063640401	0606755
063640402	0606756
063640403	0606757
063640404	0606758
063640405	0606759
063640406	0606760
063640407	0606761
063640408	0606762
063640409	0606763
063640410	0606764
063640411	0606765
063640412	0606766
063640413	0606767
063640414	0606768
063640501	0606769
063640502	0606770
063640503	0606771
063640504	0606772
063640601	0606773
063640602	0606774
063640603	0606775
063640604	0606776
063640701	0606777
063640702	0606778
063640703	0606779
063640704	0606780
063640705	0606781
063640706	0606782
063640707	0606783
063640708	0606784
063640709	0606785
063640710	0606786
063640711	0606787
063640712	0606788
063640713	0606789
063640714	0606790
063640715	0606791
063640716	0606792
063640717	0606793
063640801	0606794
063640802	0606795
063640803	0606796
063640804	0606797
063640805	0606798
063640806	0606799
063640807	0606800
063640808	0606801
063640809	0606802
063640810	0606803
063640811	0606804
063640812	0606805
063640813	0606806
063640814	0606807
063640815	0606808
063640816	0606809
063640817	0606810
063640818	0606811
063640819	0606812
063640820	0606813
063640821	0606814
063640822	0606815
063640823	0606816
063710101	0606817
063710102	0606818
063710103	0606819
063710104	0606820
063710105	0606821
063710106	0606822
063710107	0606823
063710108	0606824
063710109	0606825
063710110	0606826
063710111	0606827
063710201	0606828
063710202	0606829
063710203	0606830
063710204	0606831
063710205	0606832
063710206	0606833
063710207	0606834
063710208	0606835
063710209	0606836
063710210	0606837
063710211	0606838
063710212	0606839
063710301	0606840
063710302	0606841
063710303	0606842
063710304	0606843
063710305	0606844
063710306	0606845
063710307	0606846
063710308	0606847
063710309	0606848
063710310	0606849
063710311	0606850
063710312	0606851
063710313	0606852
063710314	0606853
063710315	0606854
063710401	0606855
063710402	0606856
063710403	0606857
063710404	0606858
063710405	0606859
063710406	0606860
063710407	0606861
063710408	0606862
063710501	0606863
063710502	0606864
063710503	0606865
063710504	0606866
063710505	0606867
063710506	0606868
063710507	0606869
063710508	0606870
063710509	0606871
063710510	0606872
063710601	0606873
063710602	0606874
063710603	0606875
063710604	0606876
063710605	0606877
063710606	0606878
063710607	0606879
063710608	0606880
063710609	0606881
063710610	0606882
063710611	0606883
063710612	0606884
063710701	0606885
063710702	0606886
063710703	0606887
063710704	0606888
063710705	0606889
063710706	0606890
063710707	0606891
063710708	0606892
063710709	0606893
063710710	0606894
063710711	0606895
063710712	0606896
063710713	0606897
063710801	0606898
063710802	0606899
063710803	0606900
063710804	0606901
063710805	0606902
063710806	0606903
063710807	0606904
063710808	0606905
063710809	0606906
063710810	0606907
063710811	0606908
063710812	0606909
063710901	0606910
063710902	0606911
063710903	0606912
063710904	0606913
063710905	0606914
063710906	0606915
063710907	0606916
063710908	0606917
063710909	0606918
063710910	0606919
063710911	0606920
063710912	0606921
063710913	0606922
063710914	0606923
063710915	0606924
063710916	0606925
063710917	0606926
063711001	0606927
063711002	0606928
063711003	0606929
063711004	0606930
063711005	0606931
063711006	0606932
063711007	0606933
063711008	0606934
063711009	0606935
063711010	0606936
063711011	0606937
063711012	0606938
063711013	0606939
063711014	0606940
063711015	0606941
063711016	0606942
063711101	0606943
063711102	0606944
063711103	0606945
063711104	0606946
063711105	0606947
063711106	0606948
063711107	0606949
063711108	0606950
063711109	0606951
063711110	0606952
063711201	0606953
063711202	0606954
063711203	0606955
063711204	0606956
063711205	0606957
063711206	0606958
063711207	0606959
063711208	0606960
063711209	0606961
063711210	0606962
063711301	0606963
063711302	0606964
063711303	0606965
063711304	0606966
063711305	0606967
063711306	0606968
063711307	0606969
063711308	0606970
063711309	0606971
063711310	0606972
063711311	0606973
063711312	0606974
063711401	0606975
063711402	0606976
063711403	0606977
063711404	0606978
063711405	0606979
063711406	0606980
063711407	0606981
063711408	0606982
063711409	0606983
063711410	0606984
063711411	0606985
063711412	0606986
063711413	0606987
063711414	0606988
063711501	0606989
063711502	0606990
063711503	0606991
063711504	0606992
063711505	0606993
063711506	0606994
063711507	0606995
063711508	0606996
063711509	0606997
063711510	0606998
063711511	0606999
063711512	0607000
063711513	0607001
063711514	0607002
063711601	0607003
063711602	0607004
063711603	0607005
063711604	0607006
063711605	0607007
063711606	0607008
063711607	0607009
063711608	0607010
063711609	0607011
063711610	0607012
063711611	0607013
063711612	0607014
063711613	0607015
063711614	0607016
063711701	0607017
063711702	0607018
063711703	0607019
063711704	0607020
063711705	0607021
063711706	0607022
063711707	0607023
063711708	0607024
063711709	0607025
063711710	0607026
063711711	0607027
063711712	0607028
063711713	0607029
063711714	0607030
063711801	0607031
063711802	0607032
063711803	0607033
063711804	0607034
063711805	0607035
063711806	0607036
063711807	0607037
063711808	0607038
063711809	0607039
063711810	0607040
063711811	0607041
063711812	0607042
063711813	0607043
063711814	0607044
063711815	0607045
063711901	0607046
063711902	0607047
063712302	0607048
063712303	0607049
063712304	0607050
063712305	0607051
063712306	0607052
063712307	0607053
063712308	0607054
063712309	0607055
063712310	0607056
063712311	0607057
063712312	0607058
063712313	0607059
063712314	0607060
063712315	0607061
063712316	0607062
063712317	0607063
063712401	0607064
063712402	0607065
063712403	0607066
063712404	0607067
063712405	0607068
063712406	0607069
063712407	0607070
063712408	0607071
063712501	0607072
063712502	0607073
063712503	0607074
063712504	0607075
063712505	0607076
063712506	0607077
063712507	0607078
063712508	0607079
063712601	0607080
063712602	0607081
063712603	0607082
063712604	0607083
063712605	0607084
063712606	0607085
063712607	0607086
063712608	0607087
063712701	0607088
063712702	0607089
063712703	0607090
063712704	0607091
063712705	0607092
063712706	0607093
063712707	0607094
063712708	0607095
063712801	0607096
063712802	0607097
063712803	0607098
063712804	0607099
063712805	0607100
063712806	0607101
063712807	0607102
063712808	0607103
063712901	0607104
063712902	0607105
063712903	0607106
063712904	0607107
063712905	0607108
063712906	0607109
063712907	0607110
063712908	0607111
063712909	0607112
063713001	0607113
063713002	0607114
063713003	0607115
063713004	0607116
063713005	0607117
063713006	0607118
063713007	0607119
063713008	0607120
063713009	0607121
063713010	0607122
063713011	0607123
063713101	0607124
063713102	0607125
063713103	0607126
063713104	0607127
063713105	0607128
063713106	0607129
063713107	0607130
063713108	0607131
063713201	0607132
063713202	0607133
063713203	0607134
063713204	0607135
063713205	0607136
063713206	0607137
063713207	0607138
063713208	0607139
063713209	0607140
063713210	0607141
063713211	0607142
063713212	0607143
063713213	0607144
063713214	0607145
063713215	0607146
063713301	0607147
063713302	0607148
063713303	0607149
063713304	0607150
063713305	0607151
063713306	0607152
063713307	0607153
063713308	0607154
063713309	0607155
063713310	0607156
063713401	0607157
063713402	0607158
063713403	0607159
063713404	0607160
063713405	0607161
063713406	0607162
063713407	0607163
063713408	0607164
063713409	0607165
063713501	0607166
063713502	0607167
063713503	0607168
063713504	0607169
063713505	0607170
063713506	0607171
063713507	0607172
063713508	0607173
063713509	0607174
063713510	0607175
063713511	0607176
063713512	0607177
063713513	0607178
063713514	0607179
063713601	0607180
063713602	0607181
063713603	0607182
063713604	0607183
063713605	0607184
063713606	0607185
063713607	0607186
063713608	0607187
063713609	0607188
063713610	0607189
063713611	0607190
063713701	0607191
063713702	0607192
063713703	0607193
063713704	0607194
063713705	0607195
063713706	0607196
063713707	0607197
063713708	0607198
063713709	0607199
063713710	0607200
063713711	0607201
063713712	0607202
063713713	0607203
063713714	0607204
063713715	0607205
063713716	0607206
063850101	0607207
063850102	0607208
063850103	0607209
063850104	0607210
063850105	0607211
063850106	0607212
063850107	0607213
063850201	0607214
063850202	0607215
063850203	0607216
063850204	0607217
063850301	0607218
063850302	0607219
063850303	0607220
063850401	0607221
063850402	0607222
063850403	0607223
063850404	0607224
063850405	0607225
063850501	0607226
063850601	0607227
063850701	0607228
063850702	0607229
063850703	0607230
063850704	0607231
063850705	0607232
063850706	0607233
063850707	0607234
063850708	0607235
063850709	0607236
063850710	0607237
063850711	0607238
063850712	0607239
063850713	0607240
063850714	0607241
063850715	0607242
063850716	0607243
063850717	0607244
063850718	0607245
063850801	0607246
063850802	0607247
063850901	0607248
063850902	0607249
063851001	0607250
063851002	0607251
063851101	0607252
063851102	0607253
063920101	0607254
063920102	0607255
063920103	0607256
063920104	0607257
063920105	0607258
063920106	0607259
063920107	0607260
063920108	0607261
063920109	0607262
063920110	0607263
063920111	0607264
063920112	0607265
063920113	0607266
063920114	0607267
063920115	0607268
063920116	0607269
063920201	0607270
063920202	0607271
063920203	0607272
063920204	0607273
063920301	0607274
063920302	0607275
063920303	0607276
063920304	0607277
063920305	0607278
063920306	0607279
063920401	0607280
063920402	0607281
063920403	0607282
063920404	0607283
063920405	0607284
063920501	0607285
063920502	0607286
063920503	0607287
063920504	0607288
063920505	0607289
063920601	0607290
063920602	0607291
063920603	0607292
063920604	0607293
063920605	0607294
063920701	0607295
063920702	0607296
063920703	0607297
063920704	0607298
063920705	0607299
063920706	0607300
063920707	0607301
063920708	0607302
063920709	0607303
063920710	0607304
063920801	0607305
063920802	0607306
063920803	0607307
063920804	0607308
063920805	0607309
063920806	0607310
063920901	0607311
063920902	0607312
063920903	0607313
063920904	0607314
063920905	0607315
063920906	0607316
063920907	0607317
063921001	0607318
063921002	0607319
063921003	0607320
063921004	0607321
063921005	0607322
063921006	0607323
063921101	0607324
063921102	0607325
063921103	0607326
063921201	0607327
063921202	0607328
063921203	0607329
063921204	0607330
063921205	0607331
063921206	0607332
063921207	0607333
063921208	0607334
063921209	0607335
063921301	0607336
063921302	0607337
063921303	0607338
063921401	0607339
063921402	0607340
063921403	0607341
063921404	0607342
063921501	0607343
063921502	0607344
063921503	0607345
063921504	0607346
063921505	0607347
063921506	0607348
063921507	0607349
063990101	0607350
063990102	0607351
063990103	0607352
063990104	0607353
063990105	0607354
063990106	0607355
063990107	0607356
063990108	0607357
063990109	0607358
063990201	0607359
063990202	0607360
063990301	0607361
063990302	0607362
063990303	0607363
063990304	0607364
063990401	0607365
063990402	0607366
063990501	0607367
063990502	0607368
063990503	0607369
063990504	0607370
063990601	0607371
063990602	0607372
063990701	0607373
063990702	0607374
063990703	0607375
063990704	0607376
063990705	0607377
063990706	0607378
063990801	0607379
063990802	0607380
063990803	0607381
063990804	0607382
063990805	0607383
064060101	0607384
064060102	0607385
064060103	0607386
064060104	0607387
064060105	0607388
064060106	0607389
064060107	0607390
064060201	0607391
064060202	0607392
064060203	0607393
064060204	0607394
064060205	0607395
064060206	0607396
064060207	0607397
064060208	0607398
064060209	0607399
064060210	0607400
064060211	0607401
064060212	0607402
064060213	0607403
064060214	0607404
064060215	0607405
064060216	0607406
064060301	0607407
064060302	0607408
064060303	0607409
064060304	0607410
064060305	0607411
064060306	0607412
064060307	0607413
064060308	0607414
064060309	0607415
064080101	0607416
064080102	0607417
064080103	0607418
064080104	0607419
064080105	0607420
064080106	0607421
064080107	0607422
064080108	0607423
064080109	0607424
064080110	0607425
064080111	0607426
064080112	0607427
064080113	0607428
064080114	0607429
064080115	0607430
064080116	0607431
064080117	0607432
064080201	0607433
064080202	0607434
064080203	0607435
064080204	0607436
064080205	0607437
064080206	0607438
064080207	0607439
064080208	0607440
064080209	0607441
064080210	0607442
064080211	0607443
064080301	0607444
064080302	0607445
064080303	0607446
064080304	0607447
064080305	0607448
064080306	0607449
064080307	0607450
064080308	0607451
064080309	0607452
064080310	0607453
064080401	0607454
064080402	0607455
064080403	0607456
064080404	0607457
064080405	0607458
064080406	0607459
064080407	0607460
064080408	0607461
064080409	0607462
064080410	0607463
064080411	0607464
064080412	0607465
064080501	0607466
064080502	0607467
064080503	0607468
064080504	0607469
064080505	0607470
064080506	0607471
064080507	0607472
064080508	0607473
064080509	0607474
064080510	0607475
064080511	0607476
064080512	0607477
064080601	0607478
064080602	0607479
064080603	0607480
064080604	0607481
064080605	0607482
064080606	0607483
064080607	0607484
064080608	0607485
064080609	0607486
064080701	0607487
064080702	0607488
064080703	0607489
064080704	0607490
064080705	0607491
064080706	0607492
064080707	0607493
064080708	0607494
064080709	0607495
064080710	0607496
064080801	0607497
064080802	0607498
064080803	0607499
064080804	0607500
064080805	0607501
064080806	0607502
064080807	0607503
064080808	0607504
064080809	0607505
064080810	0607506
064080811	0607507
064080812	0607508
064080813	0607509
064080814	0607510
064080901	0607511
064080902	0607512
064080903	0607513
064080904	0607514
064080905	0607515
064080906	0607516
064080907	0607517
064080908	0607518
064081001	0607519
064081002	0607520
064081003	0607521
064081004	0607522
064081005	0607523
064081006	0607524
064081007	0607525
064081008	0607526
064081101	0607527
064081102	0607528
064081103	0607529
064081104	0607530
064081105	0607531
064081106	0607532
064081107	0607533
064081108	0607534
064081109	0607535
064081110	0607536
064081111	0607537
064081201	0607538
064081202	0607539
064081203	0607540
064081204	0607541
064081205	0607542
064081206	0607543
064081207	0607544
064081208	0607545
064081209	0607546
064081301	0607547
064081302	0607548
064081303	0607549
064081304	0607550
064081305	0607551
064081306	0607552
064081307	0607553
064081308	0607554
064081309	0607555
064081310	0607556
064081311	0607557
064081312	0607558
064081313	0607559
064081401	0607560
064081402	0607561
064081403	0607562
064081404	0607563
064081405	0607564
064081406	0607565
064081407	0607566
064081408	0607567
064081409	0607568
064081410	0607569
064081411	0607570
064081412	0607571
064081413	0607572
064081501	0607573
064081502	0607574
064081503	0607575
064081504	0607576
064081505	0607577
064081506	0607578
064081507	0607579
064081508	0607580
064081509	0607581
064081510	0607582
064081511	0607583
064081512	0607584
064081513	0607585
064100101	0607586
064100102	0607587
064100103	0607588
064100104	0607589
064100105	0607590
064100106	0607591
064100107	0607592
064100108	0607593
064100109	0607594
064100110	0607595
064100111	0607596
064100112	0607597
064100113	0607598
064100201	0607599
064100202	0607600
064100203	0607601
064100204	0607602
064100205	0607603
064100206	0607604
064100207	0607605
064100208	0607606
064100209	0607607
064100210	0607608
064100301	0607609
064100302	0607610
064100303	0607611
064100304	0607612
064100305	0607613
064100306	0607614
064100307	0607615
064100308	0607616
064100309	0607617
064100310	0607618
064100311	0607619
064100312	0607620
064100401	0607621
064100402	0607622
064100403	0607623
064100404	0607624
064100405	0607625
064100406	0607626
064100407	0607627
064100408	0607628
064100409	0607629
064100410	0607630
064100411	0607631
064100412	0607632
064100712	0607633
064100713	0607634
064100714	0607635
064100715	0607636
064100716	0607637
064100801	0607638
064100802	0607639
064100803	0607640
064100804	0607641
064100805	0607642
064100806	0607643
064100807	0607644
064100808	0607645
064100809	0607646
064100901	0607647
064100902	0607648
064100903	0607649
064100904	0607650
064100905	0607651
064100906	0607652
064100907	0607653
064100908	0607654
064100909	0607655
064101001	0607656
064101002	0607657
064101003	0607658
064101004	0607659
064101005	0607660
064101006	0607661
064101007	0607662
064101008	0607663
064101009	0607664
064101010	0607665
064101101	0607666
064101102	0607667
064101103	0607668
064101104	0607669
064101105	0607670
064101106	0607671
064101107	0607672
064101108	0607673
064101109	0607674
064101110	0607675
064101111	0607676
064101201	0607677
064101202	0607678
064101203	0607679
064101204	0607680
064101205	0607681
064101206	0607682
064101207	0607683
064101208	0607684
064101209	0607685
064101210	0607686
064101211	0607687
064101212	0607688
064101213	0607689
064101301	0607690
064101302	0607691
064101303	0607692
064101304	0607693
064101305	0607694
064101306	0607695
064101307	0607696
064101308	0607697
064101309	0607698
064101310	0607699
064101311	0607700
064120101	0607701
064120102	0607702
064120103	0607703
064120104	0607704
064120105	0607705
064120106	0607706
064120107	0607707
064120108	0607708
064120109	0607709
064120110	0607710
064120111	0607711
064120112	0607712
064120113	0607713
064120114	0607714
064120115	0607715
064120116	0607716
064120117	0607717
064120118	0607718
064120201	0607719
064120202	0607720
064120203	0607721
064120204	0607722
064120205	0607723
064120206	0607724
064120207	0607725
064120208	0607726
064120209	0607727
064120210	0607728
064120211	0607729
064120301	0607730
064120302	0607731
064120303	0607732
064120304	0607733
064120305	0607734
064120306	0607735
064120307	0607736
064120308	0607737
064120309	0607738
064120310	0607739
064120311	0607740
064120312	0607741
064120313	0607742
064120401	0607743
064120402	0607744
064120403	0607745
064120404	0607746
064120405	0607747
064120406	0607748
064120407	0607749
064120408	0607750
064120409	0607751
064120410	0607752
064120411	0607753
064120412	0607754
064120501	0607755
064120502	0607756
064120503	0607757
064120504	0607758
064120505	0607759
064120506	0607760
064120507	0607761
064120508	0607762
064120509	0607763
064120510	0607764
064120511	0607765
064120512	0607766
064120513	0607767
064120514	0607768
064120601	0607769
064120602	0607770
064120603	0607771
064120604	0607772
064120605	0607773
064120606	0607774
064120607	0607775
064120608	0607776
064120609	0607777
064120610	0607778
064120611	0607779
064120612	0607780
064120613	0607781
064120701	0607782
064120702	0607783
064120703	0607784
064120704	0607785
064120705	0607786
064120706	0607787
064120707	0607788
064120708	0607789
064120709	0607790
064120710	0607791
064120711	0607792
064120712	0607793
064120713	0607794
064120714	0607795
064120715	0607796
064120716	0607797
064120717	0607798
064120801	0607799
064120802	0607800
064120803	0607801
064120804	0607802
064120805	0607803
064120806	0607804
064120807	0607805
064120808	0607806
064120809	0607807
064120810	0607808
064120811	0607809
064120812	0607810
064120813	0607811
064120814	0607812
064120815	0607813
064120901	0607814
064120902	0607815
064120903	0607816
064120904	0607817
064120905	0607818
064120906	0607819
064120907	0607820
064120908	0607821
064120909	0607822
064120910	0607823
064120911	0607824
064120912	0607825
064120913	0607826
064120914	0607827
064120915	0607828
064120916	0607829
064120917	0607830
064120918	0607831
064121001	0607832
064121002	0607833
064121003	0607834
064121004	0607835
064121005	0607836
064121006	0607837
064121007	0607838
064121008	0607839
064121009	0607840
064121010	0607841
064121011	0607842
064121012	0607843
064121013	0607844
064121014	0607845
064121015	0607846
064121016	0607847
064121017	0607848
064121018	0607849
064121019	0607850
064121020	0607851
064121021	0607852
064121101	0607853
064121102	0607854
064121103	0607855
064121104	0607856
064121105	0607857
064121106	0607858
064121107	0607859
064121108	0607860
064121109	0607861
064121110	0607862
064121111	0607863
064121112	0607864
064121113	0607865
064121114	0607866
064121115	0607867
064121116	0607868
064121117	0607869
064121118	0607870
064121119	0607871
064121120	0607872
064121201	0607873
064121202	0607874
064121203	0607875
064121204	0607876
064121205	0607877
064121206	0607878
064121207	0607879
064121208	0607880
064121209	0607881
064121301	0607882
064121302	0607883
064121303	0607884
064121304	0607885
064121305	0607886
064121306	0607887
064121307	0607888
064121308	0607889
064121309	0607890
064121310	0607891
064121311	0607892
064121312	0607893
064121401	0607894
064121402	0607895
064121403	0607896
064121404	0607897
064121405	0607898
064121406	0607899
064121407	0607900
064121408	0607901
064121409	0607902
064121410	0607903
064121411	0607904
064121412	0607905
064121413	0607906
064121501	0607907
064121502	0607908
064121503	0607909
064121504	0607910
064121505	0607911
064121506	0607912
064121507	0607913
064121508	0607914
064121509	0607915
064121510	0607916
064121511	0607917
064121512	0607918
064130101	0607919
064130102	0607920
064130103	0607921
064130104	0607922
064130105	0607923
064130106	0607924
064130107	0607925
064130108	0607926
064130109	0607927
064130110	0607928
064130201	0607929
064130202	0607930
064130203	0607931
064130204	0607932
064130205	0607933
064130206	0607934
064130207	0607935
064130208	0607936
064130209	0607937
064130210	0607938
064130211	0607939
064130212	0607940
064130213	0607941
064130301	0607942
064130302	0607943
064130303	0607944
064130304	0607945
064130305	0607946
064130306	0607947
064130307	0607948
064130308	0607949
064130309	0607950
064130310	0607951
064130311	0607952
064130401	0607953
064130402	0607954
064130403	0607955
064130404	0607956
064130405	0607957
064130406	0607958
064130407	0607959
064130408	0607960
064130409	0607961
064130410	0607962
064130411	0607963
064130412	0607964
064130413	0607965
064130501	0607966
064130502	0607967
064130503	0607968
064130504	0607969
064130505	0607970
064130506	0607971
064130507	0607972
064130508	0607973
064130509	0607974
064130510	0607975
064130511	0607976
064130512	0607977
064130513	0607978
064130601	0607979
064130602	0607980
064130603	0607981
064130604	0607982
064130605	0607983
064130606	0607984
064130607	0607985
064130608	0607986
064130609	0607987
064130610	0607988
064130611	0607989
064130612	0607990
064130701	0607991
064130702	0607992
064130703	0607993
064130704	0607994
064130801	0607995
064130802	0607996
064130901	0607997
064130902	0607998
064130903	0607999
064130904	0608000
064131001	0608001
064131101	0608002
064131102	0608003
064131103	0608004
064131104	0608005
064131105	0608006
064131106	0608007
064131201	0608008
064131202	0608009
064131301	0608010
064131302	0608011
064131303	0608012
064131304	0608013
064131305	0608014
064131306	0608015
064131307	0608016
064131308	0608017
064131309	0608018
064131401	0608019
064131402	0608020
064131405	0608020
064131403	0608021
064131404	0608022
064131406	0608023
064131407	0608024
064131408	0608025
064131409	0608026
064131410	0608027
064131501	0608028
064131502	0608029
064131503	0608030
064131504	0608031
064131505	0608032
064131506	0608033
064131507	0608034
064131508	0608035
064131509	0608036
064131601	0608037
064131602	0608038
064131603	0608039
064131604	0608040
064131701	0608041
064131801	0608042
064131802	0608043
064131803	0608044
064131804	0608045
064131805	0608046
064131806	0608047
064131901	0608048
064131902	0608049
064131903	0608050
064131904	0608051
064131905	0608052
064131906	0608053
064132001	0608054
064132002	0608055
064132003	0608056
064132101	0608057
064132102	0608058
064132103	0608059
064132104	0608060
064132105	0608061
064132106	0608062
064132107	0608063
064132108	0608064
064132109	0608065
064132110	0608066
064132201	0608067
064132202	0608068
064132203	0608069
064132204	0608070
064132205	0608071
064132206	0608072
064132207	0608073
064132208	0608074
064132209	0608075
064132210	0608076
064132211	0608077
064132212	0608078
064200101	0608079
064200102	0608080
064200103	0608081
064200104	0608082
064200105	0608083
064200106	0608084
064200107	0608085
064200108	0608086
064200109	0608087
064200110	0608088
064200111	0608089
064200112	0608090
064200113	0608091
064200114	0608092
064200115	0608093
064200116	0608094
064200201	0608095
064200202	0608096
064200203	0608097
064200204	0608098
064200205	0608099
064200206	0608100
064200207	0608101
064200208	0608102
064200209	0608103
064200210	0608104
064200211	0608105
064200212	0608106
064200213	0608107
064200214	0608108
064200215	0608109
064200216	0608110
064200301	0608111
064200302	0608112
064200303	0608113
064200304	0608114
064200305	0608115
064200306	0608116
064200307	0608117
064200308	0608118
064200309	0608119
064200310	0608120
064200311	0608121
064200312	0608122
064200313	0608123
064200314	0608124
064200315	0608125
064200316	0608126
064200317	0608127
064200318	0608128
064200319	0608129
064200320	0608130
064200401	0608131
064200402	0608132
064200403	0608133
064200404	0608134
064200405	0608135
064200406	0608136
064200407	0608137
064200408	0608138
064200409	0608139
064200410	0608140
064200411	0608141
064200412	0608142
064200413	0608143
064200414	0608144
064200415	0608145
064200416	0608146
064200417	0608147
064200418	0608148
064200419	0608149
064200501	0608150
064200502	0608151
064200503	0608152
064200504	0608153
064200505	0608154
064200506	0608155
064200507	0608156
064200508	0608157
064200509	0608158
064200510	0608159
064200511	0608160
064200512	0608161
064200601	0608162
064200602	0608163
064200603	0608164
064200604	0608165
064200605	0608166
064200606	0608167
064200607	0608168
064200608	0608169
064200609	0608170
064200610	0608171
064200611	0608172
064200612	0608173
064200701	0608174
064200702	0608175
064200703	0608176
064200704	0608177
064200705	0608178
064200706	0608179
064200707	0608180
064200708	0608181
064200709	0608182
064200710	0608183
064200711	0608184
064200801	0608185
064200802	0608186
064200803	0608187
064200804	0608188
064200805	0608189
064200806	0608190
064200807	0608191
064200808	0608192
064200809	0608193
064200901	0608194
064200902	0608195
064200903	0608196
064200904	0608197
064200905	0608198
064200906	0608199
064200907	0608200
064200908	0608201
064200909	0608202
064200910	0608203
064200911	0608204
064200912	0608205
064201001	0608206
064201002	0608207
064201003	0608208
064201004	0608209
064201005	0608210
064201006	0608211
064201007	0608212
064201008	0608213
064201009	0608214
064201010	0608215
064201011	0608216
064201012	0608217
064201013	0608218
064201101	0608219
064201102	0608220
064201103	0608221
064201104	0608222
064201105	0608223
064201106	0608224
064201107	0608225
064201108	0608226
064201109	0608227
064201110	0608228
064201111	0608229
064201112	0608230
064201113	0608231
064201114	0608232
064201115	0608233
064201116	0608234
064201117	0608235
064201201	0608236
064201202	0608237
064201203	0608238
064201204	0608239
064201205	0608240
064201206	0608241
064201207	0608242
064201208	0608243
064201209	0608244
064201210	0608245
064201211	0608246
064201212	0608247
064201213	0608248
064201214	0608249
064201301	0608250
064201302	0608251
064201303	0608252
064201304	0608253
064201305	0608254
064201306	0608255
064201307	0608256
064201308	0608257
064201309	0608258
064201310	0608259
064201311	0608260
064201401	0608261
064201402	0608262
064201403	0608263
064201404	0608264
064201405	0608265
064201406	0608266
064201407	0608267
064201408	0608268
064201409	0608269
064201410	0608270
064201501	0608271
064201502	0608272
064201503	0608273
064201504	0608274
064201505	0608275
064201506	0608276
064201507	0608277
064201508	0608278
064201509	0608279
064201510	0608280
064201601	0608281
064201602	0608282
064201603	0608283
064201604	0608284
064201605	0608285
064201606	0608286
064201607	0608287
064201608	0608288
064201609	0608289
064201610	0608290
064201611	0608291
064201612	0608292
064201701	0608293
064201702	0608294
064201703	0608295
064201704	0608296
064201705	0608297
064201706	0608298
064201707	0608299
064201708	0608300
064201709	0608301
064201710	0608302
064201801	0608303
064201802	0608304
064201803	0608305
064201804	0608306
064201805	0608307
064201806	0608308
064202008	0608309
064202009	0608310
064202010	0608311
064202011	0608312
064202012	0608313
064202013	0608314
064202101	0608315
064202102	0608316
064202103	0608317
064202104	0608318
064202105	0608319
064202106	0608320
064202107	0608321
064202108	0608322
064202109	0608323
064202110	0608324
064202111	0608325
064202112	0608326
064202201	0608327
064202202	0608328
064202203	0608329
064202204	0608330
064202205	0608331
064202206	0608332
064202207	0608333
064202208	0608334
064202209	0608335
064202210	0608336
064202211	0608337
064202212	0608338
064202213	0608339
064202214	0608340
064270101	0608341
064270102	0608342
064270103	0608343
064270104	0608344
064270105	0608345
064270106	0608346
064270107	0608347
064270108	0608348
064270109	0608349
064270110	0608350
064270111	0608351
064270112	0608352
064270113	0608353
064270201	0608354
064270202	0608355
064270203	0608356
064270204	0608357
064270205	0608358
064270206	0608359
064270207	0608360
064270208	0608361
064270209	0608362
064270210	0608363
064270211	0608364
064270212	0608365
064270213	0608366
064270214	0608367
064270215	0608368
064270216	0608369
064270217	0608370
064270218	0608371
064270301	0608372
064270302	0608373
064270303	0608374
064270304	0608375
064270305	0608376
064270306	0608377
064270307	0608378
064270308	0608379
064270309	0608380
064270310	0608381
064270311	0608382
064270312	0608383
064270401	0608384
064270402	0608385
064270403	0608386
064270404	0608387
064270405	0608388
064270406	0608389
064270407	0608390
064270408	0608391
064270409	0608392
064270501	0608393
064270502	0608394
064270503	0608395
064270504	0608396
064270505	0608397
064270506	0608398
064270507	0608399
064270508	0608400
064270509	0608401
064270510	0608402
064270511	0608403
064270601	0608404
064270602	0608405
064270603	0608406
064270604	0608407
064270605	0608408
064270606	0608409
064270607	0608410
064270608	0608411
064270609	0608412
064270610	0608413
064270611	0608414
064270612	0608415
064270613	0608416
064270614	0608417
064270701	0608418
064270702	0608419
064270703	0608420
064270704	0608421
064270705	0608422
064270706	0608423
064270707	0608424
064270708	0608425
064270709	0608426
064270710	0608427
064270711	0608428
064270712	0608429
064270713	0608430
064270801	0608431
064270802	0608432
064270803	0608433
064270804	0608434
064270805	0608435
064270806	0608436
064270807	0608437
064270808	0608438
064270809	0608439
064270810	0608440
064270811	0608441
064270812	0608442
064270901	0608443
064270902	0608444
064270903	0608445
064270904	0608446
064270905	0608447
064270906	0608448
064270907	0608449
064270908	0608450
064270909	0608451
064270910	0608452
064270911	0608453
064270912	0608454
064271001	0608455
064271002	0608456
064271003	0608457
064271004	0608458
064271005	0608459
064271006	0608460
064271007	0608461
064271008	0608462
064271009	0608463
064271010	0608464
064271011	0608465
064271012	0608466
064271101	0608467
064271102	0608468
064271103	0608469
064271104	0608470
064271105	0608471
064271106	0608472
064271107	0608473
064271108	0608474
064271109	0608475
064271110	0608476
064271111	0608477
064271201	0608478
064271202	0608479
064271203	0608480
064271204	0608481
064271205	0608482
064271206	0608483
064271207	0608484
064271208	0608485
064271209	0608486
064271210	0608487
064271301	0608488
064271302	0608489
064271303	0608490
064271304	0608491
064271305	0608492
064271306	0608493
064271307	0608494
064271308	0608495
064271309	0608496
064271310	0608497
064271311	0608498
064271401	0608499
064271402	0608500
064271403	0608501
064271404	0608502
064271405	0608503
064271406	0608504
064271407	0608505
064271408	0608506
064271409	0608507
064271410	0608508
064271411	0608509
064271412	0608510
064271413	0608511
064271414	0608512
064271415	0608513
064271416	0608514
064271417	0608515
064271418	0608516
064271419	0608517
064271420	0608518
064271501	0608519
064271502	0608520
064271503	0608521
064271504	0608522
064271505	0608523
064271506	0608524
064271507	0608525
064271508	0608526
064271509	0608527
064271510	0608528
064271511	0608529
064271512	0608530
064271513	0608531
064271514	0608532
064271515	0608533
064271601	0608534
064271602	0608535
064271603	0608536
064271604	0608537
064271605	0608538
064271606	0608539
064271607	0608540
064271608	0608541
064271808	0608542
064271809	0608543
064271810	0608544
064271811	0608545
064271812	0608546
064271813	0608547
064271901	0608548
064271902	0608549
064271903	0608550
064271904	0608551
064271905	0608552
064271906	0608553
064271907	0608554
064271908	0608555
064271909	0608556
064271910	0608557
064272001	0608558
064272002	0608559
064272003	0608560
064272004	0608561
064272005	0608562
064272006	0608563
064272007	0608564
064272008	0608565
064272009	0608566
064272010	0608567
064272011	0608568
064272012	0608569
064272013	0608570
064272014	0608571
064272015	0608572
064272016	0608573
064272101	0608574
064272102	0608575
064272103	0608576
064272104	0608577
064272105	0608578
064272106	0608579
064272107	0608580
064272108	0608581
064272201	0608582
064272202	0608583
064272203	0608584
064272204	0608585
064272205	0608586
064272206	0608587
064272207	0608588
064272208	0608589
064272209	0608590
064272301	0608591
064272302	0608592
064272303	0608593
064272304	0608594
064272305	0608595
064272306	0608596
064272307	0608597
064272308	0608598
064272309	0608599
064272310	0608600
064272311	0608601
064272401	0608602
064272402	0608603
064272403	0608604
064272404	0608605
064272405	0608606
064272406	0608607
064272407	0608608
064272408	0608609
064272409	0608610
064272410	0608611
064272501	0608612
064272502	0608613
064272503	0608614
064272504	0608615
064272505	0608616
064272506	0608617
064272507	0608618
064272508	0608619
064272509	0608620
064272510	0608621
064272511	0608622
064272512	0608623
064272513	0608624
064272514	0608625
064272515	0608626
064272601	0608627
064272602	0608628
064272603	0608629
064272604	0608630
064272605	0608631
064272606	0608632
064272607	0608633
064272608	0608634
064272609	0608635
064272610	0608636
064272611	0608637
064272701	0608638
064272702	0608639
064272703	0608640
064272704	0608641
064272705	0608642
064272706	0608643
064272707	0608644
064272708	0608645
064272709	0608646
064272801	0608647
064272802	0608648
064272803	0608649
064272804	0608650
064272805	0608651
064272806	0608652
064272807	0608653
064272808	0608654
064272809	0608655
064272810	0608656
064272811	0608657
064272812	0608658
064272901	0608659
064272902	0608660
064272903	0608661
064272904	0608662
064272905	0608663
064272906	0608664
064272907	0608665
064272908	0608666
064272909	0608667
064272910	0608668
064272911	0608669
064272912	0608670
064272913	0608671
064272914	0608672
064273001	0608673
064273002	0608674
064273003	0608675
064273004	0608676
064273005	0608677
064273006	0608678
064273007	0608679
064273008	0608680
064273009	0608681
064273010	0608682
064273011	0608683
064273012	0608684
064273013	0608685
064273101	0608686
064273102	0608687
064273103	0608688
064273104	0608689
064273105	0608690
064273106	0608691
064273107	0608692
064273108	0608693
064273109	0608694
064273110	0608695
064273201	0608696
064273202	0608697
064273203	0608698
064273204	0608699
064273205	0608700
064273206	0608701
064273207	0608702
064273208	0608703
064273209	0608704
064273210	0608705
064273211	0608706
064273212	0608707
064273301	0608708
064273302	0608709
064273303	0608710
064273304	0608711
064273305	0608712
064273306	0608713
064273307	0608714
064273308	0608715
064273309	0608716
064273310	0608717
064273311	0608718
064273312	0608719
064273313	0608720
064273314	0608721
064273315	0608722
064273401	0608723
064273402	0608724
064273403	0608725
064273404	0608726
064273513	0608727
064273601	0608728
064273602	0608729
064273603	0608730
064273604	0608731
064273605	0608732
064273606	0608733
064273607	0608734
064273608	0608735
064273609	0608736
064273610	0608737
064273611	0608738
064273612	0608739
064273701	0608740
064273702	0608741
064273703	0608742
064273704	0608743
064273705	0608744
064273706	0608745
064273707	0608746
064273708	0608747
064273709	0608748
064273710	0608749
064273801	0608750
064273802	0608751
064273803	0608752
064273804	0608753
064273805	0608754
064273806	0608755
064273807	0608756
064273808	0608757
064273809	0608758
064273810	0608759
064273901	0608760
064273902	0608761
064273903	0608762
064273904	0608763
064273905	0608764
064273906	0608765
064273907	0608766
064273908	0608767
064273909	0608768
064273910	0608769
064273911	0608770
064274001	0608771
064274002	0608772
064274003	0608773
064274004	0608774
064274005	0608775
064274006	0608776
064274007	0608777
064274008	0608778
064274009	0608779
064274010	0608780
064274011	0608781
064274012	0608782
064274101	0608783
064274102	0608784
064274103	0608785
064274104	0608786
064274105	0608787
064274106	0608788
064274107	0608789
064274108	0608790
064274109	0608791
064274110	0608792
064274201	0608793
064274202	0608794
064274203	0608795
064274204	0608796
064274205	0608797
064274206	0608798
064274207	0608799
064274208	0608800
064274209	0608801
064274210	0608802
064274211	0608803
064274301	0608804
064274302	0608805
064274303	0608806
064274304	0608807
064274305	0608808
064274306	0608809
064274307	0608810
064274308	0608811
064274309	0608812
064274310	0608813
064274311	0608814
064274401	0608815
064274402	0608816
064274403	0608817
064274404	0608818
064274405	0608819
064274406	0608820
064274407	0608821
064274408	0608822
064274409	0608823
064274410	0608824
064274411	0608825
064274412	0608826
064274501	0608827
064274502	0608828
064274503	0608829
064274504	0608830
064274505	0608831
064274506	0608832
064274507	0608833
064274508	0608834
064274509	0608835
064274510	0608836
064274511	0608837
064274601	0608838
064274602	0608839
064274603	0608840
064274604	0608841
064274605	0608842
064274606	0608843
064274607	0608844
064274608	0608845
064274609	0608846
064274610	0608847
064274611	0608848
064274612	0608849
064274613	0608850
064274701	0608851
064274702	0608852
064274703	0608853
064274704	0608854
064274705	0608855
064274706	0608856
064274707	0608857
064274708	0608858
064274709	0608859
064274710	0608860
064274711	0608861
064274712	0608862
064274801	0608863
064274802	0608864
064274803	0608865
064274804	0608866
064274805	0608867
064274806	0608868
064274807	0608869
064274808	0608870
064274809	0608871
064274810	0608872
064274811	0608873
064274812	0608874
064274813	0608875
064274814	0608876
064274901	0608877
064274902	0608878
064274903	0608879
064274904	0608880
064274905	0608881
064274906	0608882
064274907	0608883
064274908	0608884
064274909	0608885
064274910	0608886
064274911	0608887
064274912	0608888
064275001	0608889
064275002	0608890
064275003	0608891
064275004	0608892
064275005	0608893
064275006	0608894
064275007	0608895
064275008	0608896
064275009	0608897
064275010	0608898
064275011	0608899
064275012	0608900
064275013	0608901
064275101	0608902
064275102	0608903
064275103	0608904
064275104	0608905
064275105	0608906
064275106	0608907
064275107	0608908
064275108	0608909
064275109	0608910
064275110	0608911
064275111	0608912
064275112	0608913
064275113	0608914
064275114	0608915
064275115	0608916
064275201	0608917
064275202	0608918
064275203	0608919
064275204	0608920
064275205	0608921
064275206	0608922
064275207	0608923
064275208	0608924
064275209	0608925
064275210	0608926
064275211	0608927
064275212	0608928
064275213	0608929
064275301	0608930
064275302	0608931
064275303	0608932
064275304	0608933
064275305	0608934
064275306	0608935
064275307	0608936
064275308	0608937
064275309	0608938
064275310	0608939
064275401	0608940
064275402	0608941
064275403	0608942
064275404	0608943
064275405	0608944
064275406	0608945
064275407	0608946
064275408	0608947
064275409	0608948
064275410	0608949
064275411	0608950
064275412	0608951
064275501	0608952
064275502	0608953
064275503	0608954
064275504	0608955
064275505	0608956
064275506	0608957
064275507	0608958
064275508	0608959
064275509	0608960
064275510	0608961
064275511	0608962
064275512	0608963
064275513	0608964
064275601	0608965
064275602	0608966
064275603	0608967
064275604	0608968
064275605	0608969
064275606	0608970
064275607	0608971
064275608	0608972
064275609	0608973
064275610	0608974
064275611	0608975
064275612	0608976
064275613	0608977
064275701	0608978
064275702	0608979
064275703	0608980
064275704	0608981
064275705	0608982
064275706	0608983
064275707	0608984
064275708	0608985
064275709	0608986
064275710	0608987
064275711	0608988
064275712	0608989
064275713	0608990
064275714	0608991
064275715	0608992
064275801	0608993
064275802	0608994
064275803	0608995
064275804	0608996
064275805	0608997
064275806	0608998
064275807	0608999
064275808	0609000
064275809	0609001
064275810	0609002
064275811	0609003
064275812	0609004
064275813	0609005
064275814	0609006
064275815	0609007
064275901	0609008
064275902	0609009
064275903	0609010
064275904	0609011
064275905	0609012
064275906	0609013
064275907	0609014
064275908	0609015
064275909	0609016
064275910	0609017
064275911	0609018
064275912	0609019
064275913	0609020
064276001	0609021
064276002	0609022
064276003	0609023
064276004	0609024
064276005	0609025
064276006	0609026
064276007	0609027
064276008	0609028
064276009	0609029
064276010	0609030
064276011	0609031
064276012	0609032
064276013	0609033
064276014	0609034
064276015	0609035
064276016	0609036
064276017	0609037
064276018	0609038
064276101	0609039
064276102	0609040
064276103	0609041
064276104	0609042
064276105	0609043
064276106	0609044
064276107	0609045
064276108	0609046
064276109	0609047
064276110	0609048
064276111	0609049
064276112	0609050
064276113	0609051
064276114	0609052
064276201	0609053
064276202	0609054
064276203	0609055
064276204	0609056
064276205	0609057
064276206	0609058
064276207	0609059
064276208	0609060
064276209	0609061
064276210	0609062
064276211	0609063
064276212	0609064
064276213	0609065
064276214	0609066
064276215	0609067
064276216	0609068
064276301	0609069
064276302	0609070
064276303	0609071
064276304	0609072
064276305	0609073
064276306	0609074
064276307	0609075
064276308	0609076
064276309	0609077
064276310	0609078
064276311	0609079
064276312	0609080
064276401	0609081
064276402	0609082
064276403	0609083
064276404	0609084
064276405	0609085
064276406	0609086
064276407	0609087
064276408	0609088
064276409	0609089
064276410	0609090
064276411	0609091
064276412	0609092
064276413	0609093
064276414	0609094
064276415	0609095
064276605	0609096
064276606	0609097
064276607	0609098
064276608	0609099
064276609	0609100
064276610	0609101
064276611	0609102
064276701	0609103
064276702	0609104
064276703	0609105
064276704	0609106
064276705	0609107
064276706	0609108
064276707	0609109
064276708	0609110
064276709	0609111
064276710	0609112
064276711	0609113
064276712	0609114
064276713	0609115
064276714	0609116
064276715	0609117
064276716	0609118
064276717	0609119
064276718	0609120
064276801	0609121
064276802	0609122
064276803	0609123
064276804	0609124
064276805	0609125
064276806	0609126
064276807	0609127
064276808	0609128
064276809	0609129
064276810	0609130
064276901	0609131
064276902	0609132
064276903	0609133
064276904	0609134
064276905	0609135
064276906	0609136
064276907	0609137
064276908	0609138
064276909	0609139
064276910	0609140
064276911	0609141
064276912	0609142
064276913	0609143
064276914	0609144
064276915	0609145
064276916	0609146
064276917	0609147
064277001	0609148
064277002	0609149
064277003	0609150
064277004	0609151
064277005	0609152
064277006	0609153
064277007	0609154
064277008	0609155
064277009	0609156
064277010	0609157
064277011	0609158
064277012	0609159
064277013	0609160
064277014	0609161
064277015	0609162
064277016	0609163
064277017	0609164
064277018	0609165
064277101	0609166
064277102	0609167
064277103	0609168
064277104	0609169
064277105	0609170
064277106	0609171
064277107	0609172
064277108	0609173
064277109	0609174
064277110	0609175
064277111	0609176
064277112	0609177
064277113	0609178
064277114	0609179
064277115	0609180
064277116	0609181
064277201	0609182
064277202	0609183
064277203	0609184
064277204	0609185
064277205	0609186
064277206	0609187
064277207	0609188
064277208	0609189
064277209	0609190
064277210	0609191
064277211	0609192
064277212	0609193
064277301	0609194
064277302	0609195
064277303	0609196
064277304	0609197
064277305	0609198
064277306	0609199
064277307	0609200
064277308	0609201
064277309	0609202
064277310	0609203
064277311	0609204
064277312	0609205
064277313	0609206
064277314	0609207
064277315	0609208
064277316	0609209
064277401	0609210
064277402	0609211
064277403	0609212
064277404	0609213
064277405	0609214
064277406	0609215
064277407	0609216
064277408	0609217
064277409	0609218
064277410	0609219
064277411	0609220
064277412	0609221
064277413	0609222
064277414	0609223
064277415	0609224
064277416	0609225
064277417	0609226
064277418	0609227
064277501	0609228
064277502	0609229
064277503	0609230
064277504	0609231
064277505	0609232
064277506	0609233
064277507	0609234
064277508	0609235
064277509	0609236
064277510	0609237
064277511	0609238
064277512	0609239
064277513	0609240
064277514	0609241
064277515	0609242
064277516	0609243
064277601	0609244
064277602	0609245
064277603	0609246
064277604	0609247
064277605	0609248
064277606	0609249
064277607	0609250
064277608	0609251
064277609	0609252
064277610	0609253
064277611	0609254
064277612	0609255
064277613	0609256
064277614	0609257
064277615	0609258
064277616	0609259
064277617	0609260
064277618	0609261
064277701	0609262
064277702	0609263
064277703	0609264
064277704	0609265
064277705	0609266
064277706	0609267
064277707	0609268
064277708	0609269
064277709	0609270
064277710	0609271
064277711	0609272
064277712	0609273
064277713	0609274
064277714	0609275
064277715	0609276
064277716	0609277
064277801	0609278
064277802	0609279
064277803	0609280
064277804	0609281
064277805	0609282
064277806	0609283
064277807	0609284
064277808	0609285
064277809	0609286
064277810	0609287
064277811	0609288
064277812	0609289
064277813	0609290
064277901	0609291
064277902	0609292
064277903	0609293
064277904	0609294
064277905	0609295
064277906	0609296
064277907	0609297
064277908	0609298
064277909	0609299
064277910	0609300
064277911	0609301
064278001	0609302
064278002	0609303
064278003	0609304
064278004	0609305
064278005	0609306
064278006	0609307
064278007	0609308
064278008	0609309
064278009	0609310
064278010	0609311
064278011	0609312
064278012	0609313
064278013	0609314
064278014	0609315
064278015	0609316
064278016	0609317
064278101	0609318
064278102	0609319
064278103	0609320
064278104	0609321
064278105	0609322
064278106	0609323
064278107	0609324
064278108	0609325
064278109	0609326
064278110	0609327
064278111	0609328
064278112	0609329
064278201	0609330
064278202	0609331
064278203	0609332
064278204	0609333
064278205	0609334
064278206	0609335
064278207	0609336
064278208	0609337
064278209	0609338
064278210	0609339
064278211	0609340
064278212	0609341
064278213	0609342
064278301	0609343
064278302	0609344
064278303	0609345
064278304	0609346
064278305	0609347
064278306	0609348
064278307	0609349
064278308	0609350
064278309	0609351
064278310	0609352
064278311	0609353
064278312	0609354
064278313	0609355
064278314	0609356
064278401	0609357
064278402	0609358
064278403	0609359
064278404	0609360
064278405	0609361
064278406	0609362
064278407	0609363
064278408	0609364
064278409	0609365
064278410	0609366
064278411	0609367
064278412	0609368
064278413	0609369
064278414	0609370
064278415	0609371
064278416	0609372
064278417	0609373
064278501	0609374
064278502	0609375
064278503	0609376
064278504	0609377
064278505	0609378
064278506	0609379
064278507	0609380
064278508	0609381
064278509	0609382
064278510	0609383
064278511	0609384
064278512	0609385
064278513	0609386
064278601	0609387
064278602	0609388
064278603	0609389
064278604	0609390
064278605	0609391
064278606	0609392
064278607	0609393
064278608	0609394
064278609	0609395
064278610	0609396
064278611	0609397
064278612	0609398
064278613	0609399
064278614	0609400
064278701	0609401
064278702	0609402
064278703	0609403
064278704	0609404
064278705	0609405
064278706	0609406
064278707	0609407
064278708	0609408
064278709	0609409
064278710	0609410
064278711	0609411
064278712	0609412
064278713	0609413
064278714	0609414
064278715	0609415
064278801	0609416
064278802	0609417
064278803	0609418
064278804	0609419
064278805	0609420
064278806	0609421
064278807	0609422
064278808	0609423
064278809	0609424
064278810	0609425
064278811	0609426
064278812	0609427
064278813	0609428
064278901	0609429
064278902	0609430
064278903	0609431
064278904	0609432
064278905	0609433
064278906	0609434
064278907	0609435
064278908	0609436
064278909	0609437
064278910	0609438
064278911	0609439
064278912	0609440
064278913	0609441
064278914	0609442
064279001	0609443
064279002	0609444
064279003	0609445
064279004	0609446
064279005	0609447
064279006	0609448
064279007	0609449
064279008	0609450
064279009	0609451
064279010	0609452
064279011	0609453
064279012	0609454
064279013	0609455
064279014	0609456
064279101	0609457
064279102	0609458
064279103	0609459
064279104	0609460
064279105	0609461
064279106	0609462
064279107	0609463
064279108	0609464
064279109	0609465
064279110	0609466
064279111	0609467
064279112	0609468
064279113	0609469
064279114	0609470
064279115	0609471
064279116	0609472
064279201	0609473
064279202	0609474
064279203	0609475
064279204	0609476
064279205	0609477
064279206	0609478
064279207	0609479
064279208	0609480
064279209	0609481
064279210	0609482
064279211	0609483
064279212	0609484
064279213	0609485
064279214	0609486
064279215	0609487
064279216	0609488
064279217	0609489
064279218	0609490
064279219	0609491
064279301	0609492
064279302	0609493
064279303	0609494
064279304	0609495
064279305	0609496
064279306	0609497
064279307	0609498
064279308	0609499
064279309	0609500
064279310	0609501
064279311	0609502
064279312	0609503
064279313	0609504
064279314	0609505
064279315	0609506
064279401	0609507
064279402	0609508
064279403	0609509
064279404	0609510
064279405	0609511
064279406	0609512
064279407	0609513
064279408	0609514
064279409	0609515
064279410	0609516
064279411	0609517
064279412	0609518
064279413	0609519
064279501	0609520
064279502	0609521
064279503	0609522
064279504	0609523
064279505	0609524
064279506	0609525
064279507	0609526
064279508	0609527
064279509	0609528
064279510	0609529
064279511	0609530
064279512	0609531
064279513	0609532
064279514	0609533
064279601	0609534
064279602	0609535
064279603	0609536
064279604	0609537
064279605	0609538
064279606	0609539
064279607	0609540
064279608	0609541
064279609	0609542
064279610	0609543
064279611	0609544
064279612	0609545
064279613	0609546
064279614	0609547
064279615	0609548
064279616	0609549
064279701	0609550
064279702	0609551
064279703	0609552
064279704	0609553
064279705	0609554
064279706	0609555
064279707	0609556
064279708	0609557
064279709	0609558
064279710	0609559
064279711	0609560
064279712	0609561
064279713	0609562
064279714	0609563
064279715	0609564
064279716	0609565
064279717	0609566
064279718	0609567
064279719	0609568
064279720	0609569
064279721	0609570
064279722	0609571
064279723	0609572
064279724	0609573
064340101	0609574
064340102	0609575
064340103	0609576
064340104	0609577
064340105	0609578
064340106	0609579
064340107	0609580
064340108	0609581
064340109	0609582
064340110	0609583
064340111	0609584
064340201	0609585
064340202	0609586
064340203	0609587
064340204	0609588
064340205	0609589
064340206	0609590
064340207	0609591
064340208	0609592
064340209	0609593
064340210	0609594
064340211	0609595
064340212	0609596
064340301	0609597
064340302	0609598
064340303	0609599
064340304	0609600
064340305	0609601
064340306	0609602
064340307	0609603
064340308	0609604
064340309	0609605
064340310	0609606
064340401	0609607
064340402	0609608
064340403	0609609
064340404	0609610
064340405	0609611
064340406	0609612
064340407	0609613
064340408	0609614
064340409	0609615
064340410	0609616
064340501	0609617
064340502	0609618
064340503	0609619
064340504	0609620
064340505	0609621
064340506	0609622
064340507	0609623
064340508	0609624
064340601	0609625
064340602	0609626
064340603	0609627
064340604	0609628
064340605	0609629
064340606	0609630
064340607	0609631
064340608	0609632
064340609	0609633
064340701	0609634
064340702	0609635
064340703	0609636
064340704	0609637
064340705	0609638
064340706	0609639
064340707	0609640
064340708	0609641
064340709	0609642
064340710	0609643
064340711	0609644
064340801	0609645
064340802	0609646
064340803	0609647
064340804	0609648
064340805	0609649
064340806	0609650
064340807	0609651
064340808	0609652
064340809	0609653
064340810	0609654
064340811	0609655
064340812	0609656
064340813	0609657
064340814	0609658
064340815	0609659
064340816	0609660
064340901	0609661
064340902	0609662
064340903	0609663
064340904	0609664
064340905	0609665
064340906	0609666
064340907	0609667
064340908	0609668
064340909	0609669
064340910	0609670
064340911	0609671
064340912	0609672
064340913	0609673
064340914	0609674
064340915	0609675
064340916	0609676
064340917	0609677
064340918	0609678
064341001	0609679
064341002	0609680
064341003	0609681
064341004	0609682
064341005	0609683
064341006	0609684
064341007	0609685
064341008	0609686
064341009	0609687
064341010	0609688
064341011	0609689
064341012	0609690
064341101	0609691
064341102	0609692
064341103	0609693
064341104	0609694
064341105	0609695
064341106	0609696
064341107	0609697
064341108	0609698
064341109	0609699
064341110	0609700
064341111	0609701
064341112	0609702
064341113	0609703
064341114	0609704
064341201	0609705
064341202	0609706
064341203	0609707
064341204	0609708
064341205	0609709
064341206	0609710
064341207	0609711
064341208	0609712
064341301	0609713
064341302	0609714
064341303	0609715
064341304	0609716
064341305	0609717
064341306	0609718
064341307	0609719
064341308	0609720
064341309	0609721
064341310	0609722
064341311	0609723
064341312	0609724
064341401	0609725
064341402	0609726
064341403	0609727
064341404	0609728
064341405	0609729
064341406	0609730
064341407	0609731
064341408	0609732
064341501	0609733
064341502	0609734
064341503	0609735
064341504	0609736
064341505	0609737
064341506	0609738
064341507	0609739
064341508	0609740
064341509	0609741
064341510	0609742
064341511	0609743
064341512	0609744
064341513	0609745
064341514	0609746
064341515	0609747
064341601	0609748
064341602	0609749
064341603	0609750
064341604	0609751
064341605	0609752
064341606	0609753
064341607	0609754
064341608	0609755
064341609	0609756
064341610	0609757
064341611	0609758
064341612	0609759
064341613	0609760
064341701	0609761
064341702	0609762
064341703	0609763
064341704	0609764
064341705	0609765
064341706	0609766
064341707	0609767
064341708	0609768
064341709	0609769
064341710	0609770
064341711	0609771
064341801	0609772
064341802	0609773
064341803	0609774
064341804	0609775
064341805	0609776
064341806	0609777
064341807	0609778
064341808	0609779
064341809	0609780
064341810	0609781
064341811	0609782
064341812	0609783
064341813	0609784
064341814	0609785
064341901	0609786
064341902	0609787
064341903	0609788
064341904	0609789
064341905	0609790
064341906	0609791
064341907	0609792
064341908	0609793
064341909	0609794
064342001	0609795
064342002	0609796
064342003	0609797
064342004	0609798
064342005	0609799
064342006	0609800
064342007	0609801
064342008	0609802
064342009	0609803
064342010	0609804
064342101	0609805
064342102	0609806
064342103	0609807
064342104	0609808
064342105	0609809
064342106	0609810
064342107	0609811
064342108	0609812
064342109	0609813
064342110	0609814
064342111	0609815
064342112	0609816
064342113	0609817
064342201	0609818
064342202	0609819
064342203	0609820
064342204	0609821
064342205	0609822
064342206	0609823
064342207	0609824
064342208	0609825
064342209	0609826
064342210	0609827
064342211	0609828
064342212	0609829
064342213	0609830
064342214	0609831
064342301	0609832
064342302	0609833
064342303	0609834
064342304	0609835
064342305	0609836
064342306	0609837
064342307	0609838
064342308	0609839
064342309	0609840
064342310	0609841
064342311	0609842
064342312	0609843
064342313	0609844
064342314	0609845
064342315	0609846
064342401	0609847
064342402	0609848
064342403	0609849
064342404	0609850
064342405	0609851
064342406	0609852
064342407	0609853
064342408	0609854
064342409	0609855
064342410	0609856
064342501	0609857
064342502	0609858
064342503	0609859
064342504	0609860
064342505	0609861
064342506	0609862
064342507	0609863
064342508	0609864
064342509	0609865
064342510	0609866
064342511	0609867
064342512	0609868
064342513	0609869
064342514	0609870
064342515	0609871
064342516	0609872
064342517	0609873
064342518	0609874
064342601	0609875
064342602	0609876
064342603	0609877
064342604	0609878
064342605	0609879
064342606	0609880
064342607	0609881
064342608	0609882
064342609	0609883
064342610	0609884
064342611	0609885
064342612	0609886
064342613	0609887
064342614	0609888
064342615	0609889
064342616	0609890
064342617	0609891
064342618	0609892
064342619	0609893
064342701	0609894
064342702	0609895
064342703	0609896
064342704	0609897
064342705	0609898
064342706	0609899
064342707	0609900
064342708	0609901
064342709	0609902
064342710	0609903
064342801	0609904
064342802	0609905
064342803	0609906
064342804	0609907
064342805	0609908
064342806	0609909
064342807	0609910
064342808	0609911
064342809	0609912
064342810	0609913
064342811	0609914
064342812	0609915
064342813	0609916
064342814	0609917
064342901	0609918
064342902	0609919
064342903	0609920
064342904	0609921
064342905	0609922
064342906	0609923
064342907	0609924
064342908	0609925
064342909	0609926
064342910	0609927
064342911	0609928
064343001	0609929
064343002	0609930
064343003	0609931
064343004	0609932
064343005	0609933
064343006	0609934
064343007	0609935
064343008	0609936
064343009	0609937
064343101	0609938
064343102	0609939
064343103	0609940
064343104	0609941
064343105	0609942
064343106	0609943
064343107	0609944
064343108	0609945
064343109	0609946
064343110	0609947
064343111	0609948
064343112	0609949
064343113	0609950
064343114	0609951
064343115	0609952
064343201	0609953
064343202	0609954
064343203	0609955
064343204	0609956
064343205	0609957
064343206	0609958
064343207	0609959
064343208	0609960
064343209	0609961
064343210	0609962
064343211	0609963
064343212	0609964
064343213	0609965
064343301	0609966
064343302	0609967
064343303	0609968
064343304	0609969
064343305	0609970
064343306	0609971
064343307	0609972
064343308	0609973
064343401	0609974
064343402	0609975
064343403	0609976
064343404	0609977
064343405	0609978
064343406	0609979
064343407	0609980
064343408	0609981
064343409	0609982
064343410	0609983
064343411	0609984
064343412	0609985
064343413	0609986
064343414	0609987
064343501	0609988
064343502	0609989
064343503	0609990
064343504	0609991
064343505	0609992
064343506	0609993
064343507	0609994
064343508	0609995
064343509	0609996
064343510	0609997
064343511	0609998
064343512	0609999
064343513	0610000
064343601	0610001
064343602	0610002
064343603	0610003
064343604	0610004
064343605	0610005
064343606	0610006
064343607	0610007
064343608	0610008
064343701	0610009
064343702	0610010
064343703	0610011
064343704	0610012
064343705	0610013
064343706	0610014
064343707	0610015
064343708	0610016
064343801	0610017
064343802	0610018
064343803	0610019
064343804	0610020
064343805	0610021
064343806	0610022
064343807	0610023
064343808	0610024
064343809	0610025
064343901	0610026
064343902	0610027
064343903	0610028
064343904	0610029
064343905	0610030
064343906	0610031
064343907	0610032
064343908	0610033
064343909	0610034
064344001	0610035
064344002	0610036
064344003	0610037
064344004	0610038
064344005	0610039
064344006	0610040
064344007	0610041
064344008	0610042
064344101	0610043
064344102	0610044
064344103	0610045
064344104	0610046
064344105	0610047
064344106	0610048
064344107	0610049
064344108	0610050
064344201	0610051
064344202	0610052
064344203	0610053
064344204	0610054
064344205	0610055
064344206	0610056
064344207	0610057
064344208	0610058
064344301	0610059
064344302	0610060
064344303	0610061
064344304	0610062
064344305	0610063
064344306	0610064
064344307	0610065
064344308	0610066
064344401	0610067
064344402	0610068
064344403	0610069
064344404	0610070
064344405	0610071
064344406	0610072
064344407	0610073
064344408	0610074
064344409	0610075
064344410	0610076
064344411	0610077
064344412	0610078
064344501	0610079
064344502	0610080
064344503	0610081
064344504	0610082
064344505	0610083
064344506	0610084
064344507	0610085
064344508	0610086
064344509	0610087
064344510	0610088
064344511	0610089
064344512	0610090
064410101	0610091
064410102	0610092
064410103	0610093
064410104	0610094
064410105	0610095
064410106	0610096
064410107	0610097
064410108	0610098
064410109	0610099
064410110	0610100
064410111	0610101
064410112	0610102
064410113	0610103
064410201	0610104
064410202	0610105
064410203	0610106
064410204	0610107
064410205	0610108
064410206	0610109
064410207	0610110
064410208	0610111
064410209	0610112
064410210	0610113
064410211	0610114
064410301	0610115
064410302	0610116
064410303	0610117
064410304	0610118
064410305	0610119
064410306	0610120
064410307	0610121
064410308	0610122
064410401	0610123
064410402	0610124
064410403	0610125
064410404	0610126
064410405	0610127
064410406	0610128
064410407	0610129
064410408	0610130
064410409	0610131
064410410	0610132
064410411	0610133
064410412	0610134
064410413	0610135
064410414	0610136
064410501	0610137
064410502	0610138
064410503	0610139
064410504	0610140
064410505	0610141
064410506	0610142
064410507	0610143
064410508	0610144
064410509	0610145
064410601	0610146
064410602	0610147
064410603	0610148
064410604	0610149
064410605	0610150
064410606	0610151
064410607	0610152
064410608	0610153
064410609	0610154
064410701	0610155
064410702	0610156
064410703	0610157
064410704	0610158
064410705	0610159
064410706	0610160
064410707	0610161
064410708	0610162
064410709	0610163
064410801	0610164
064410802	0610165
064410803	0610166
064410804	0610167
064410805	0610168
064410806	0610169
064410807	0610170
064410808	0610171
064410809	0610172
064410901	0610173
064410902	0610174
064410903	0610175
064410904	0610176
064410905	0610177
064410906	0610178
064410907	0610179
064410908	0610180
064410909	0610181
064410910	0610182
064410911	0610183
064410912	0610184
064410913	0610185
064410914	0610186
064411001	0610187
064411002	0610188
064411003	0610189
064411004	0610190
064411005	0610191
064411006	0610192
064411007	0610193
064411008	0610194
064411009	0610195
064411010	0610196
064411011	0610197
064411012	0610198
064411013	0610199
064411014	0610200
064411015	0610201
064411101	0610202
064411102	0610203
064411103	0610204
064411104	0610205
064411105	0610206
064411106	0610207
064411107	0610208
064411108	0610209
064411109	0610210
064411110	0610211
064411111	0610212
064411112	0610213
064411113	0610214
064411114	0610215
064411115	0610216
064411116	0610217
064411201	0610218
064411202	0610219
064411203	0610220
064411204	0610221
064411205	0610222
064411206	0610223
064411207	0610224
064411208	0610225
064411209	0610226
064411210	0610227
064411211	0610228
064411212	0610229
064411213	0610230
064411214	0610231
064411215	0610232
064411216	0610233
064411301	0610234
064411302	0610235
064411303	0610236
064411304	0610237
064411305	0610238
064411306	0610239
064411307	0610240
064411308	0610241
064411309	0610242
064411401	0610243
064411402	0610244
064411403	0610245
064411404	0610246
064411405	0610247
064411406	0610248
064411407	0610249
064411408	0610250
064411409	0610251
064411501	0610252
064411502	0610253
064411503	0610254
064411504	0610255
064411505	0610256
064411506	0610257
064411507	0610258
064411508	0610259
064411509	0610260
064411510	0610261
064411511	0610262
064411512	0610263
064411601	0610264
064411602	0610265
064411603	0610266
064411604	0610267
064411605	0610268
064411606	0610269
064411607	0610270
064411608	0610271
064411609	0610272
064411610	0610273
064411611	0610274
064411612	0610275
064411613	0610276
064411614	0610277
064411615	0610278
064411701	0610279
064411702	0610280
064411703	0610281
064411704	0610282
064411705	0610283
064411706	0610284
064411707	0610285
064411708	0610286
064411709	0610287
064411710	0610288
064411711	0610289
064411712	0610290
064411713	0610291
064411801	0610292
064411802	0610293
064411803	0610294
064411804	0610295
064411805	0610296
064411806	0610297
064411807	0610298
064411808	0610299
064411809	0610300
064411810	0610301
064411811	0610302
064411812	0610303
064411813	0610304
064411901	0610305
064411902	0610306
064411903	0610307
064411904	0610308
064411905	0610309
064411906	0610310
064411907	0610311
064411908	0610312
064411909	0610313
064411910	0610314
064411911	0610315
064412001	0610316
064412002	0610317
064412003	0610318
064412004	0610319
064412005	0610320
064412006	0610321
064412007	0610322
064412008	0610323
064412009	0610324
064412010	0610325
064412011	0610326
064412012	0610327
064412013	0610328
064412014	0610329
064412015	0610330
064412016	0610331
064412017	0610332
064412101	0610333
064412102	0610334
064412103	0610335
064412104	0610336
064412105	0610337
064412106	0610338
064412107	0610339
064412108	0610340
064412109	0610341
064412110	0610342
064412111	0610343
064412112	0610344
064412113	0610345
064412114	0610346
064412115	0610347
064412201	0610348
064412202	0610349
064412203	0610350
064412204	0610351
064412205	0610352
064412206	0610353
064412207	0610354
064412208	0610355
064412209	0610356
064412301	0610357
064412302	0610358
064412303	0610359
064412304	0610360
064412305	0610361
064412306	0610362
064412307	0610363
064412308	0610364
064412309	0610365
064412401	0610366
064412402	0610367
064412403	0610368
064412404	0610369
064412405	0610370
064412406	0610371
064412407	0610372
064412408	0610373
064412409	0610374
064412410	0610375
064412411	0610376
064412501	0610377
064412502	0610378
064412503	0610379
064412504	0610380
064412505	0610381
064412506	0610382
064412507	0610383
064412508	0610384
064412509	0610385
064412510	0610386
064412601	0610387
064412602	0610388
064412603	0610389
064412604	0610390
064412605	0610391
064412606	0610392
064412607	0610393
064412608	0610394
064412609	0610395
064412610	0610396
064412611	0610397
064412612	0610398
064412613	0610399
064412614	0610400
064412701	0610401
064412702	0610402
064412703	0610403
064412704	0610404
064412705	0610405
064412706	0610406
064412707	0610407
064412708	0610408
064412709	0610409
064412801	0610410
064412802	0610411
064412803	0610412
064412804	0610413
064412805	0610414
064412806	0610415
064412807	0610416
064412808	0610417
064412809	0610418
064412810	0610419
064412811	0610420
064412812	0610421
064412813	0610422
064412901	0610423
064412902	0610424
064412903	0610425
064412904	0610426
064412905	0610427
064412906	0610428
064412907	0610429
064412908	0610430
064412909	0610431
064412910	0610432
064412911	0610433
064412912	0610434
064412913	0610435
064412914	0610436
064413001	0610437
064413002	0610438
064413003	0610439
064413004	0610440
064413005	0610441
064413006	0610442
064413007	0610443
064413008	0610444
064413009	0610445
064413101	0610446
064413102	0610447
064413103	0610448
064413104	0610449
064413105	0610450
064413106	0610451
064413107	0610452
064413108	0610453
064413109	0610454
064413110	0610455
064413111	0610456
064413112	0610457
064413113	0610458
064413114	0610459
064413115	0610460
064413116	0610461
064413201	0610462
064413202	0610463
064413203	0610464
064413204	0610465
064413205	0610466
064413206	0610467
064413207	0610468
064413208	0610469
064413209	0610470
064413210	0610471
064413211	0610472
064413301	0610473
064413302	0610474
064413303	0610475
064413304	0610476
064413305	0610477
064413306	0610478
064413307	0610479
064413308	0610480
064413309	0610481
064413310	0610482
064413311	0610483
064413401	0610484
064413402	0610485
064413403	0610486
064413404	0610487
064413405	0610488
064413406	0610489
064413407	0610490
064413408	0610491
064413409	0610492
064413410	0610493
064413411	0610494
064413412	0610495
064413413	0610496
064413414	0610497
064413415	0610498
064413501	0610499
064413502	0610500
064413503	0610501
064413504	0610502
064413505	0610503
064413506	0610504
064413507	0610505
064413508	0610506
064413509	0610507
064413510	0610508
064413511	0610509
064413512	0610510
064413513	0610511
064413514	0610512
064413515	0610513
064413516	0610514
064413601	0610515
064413602	0610516
064413603	0610517
064413604	0610518
064413605	0610519
064413606	0610520
064413607	0610521
064413608	0610522
064413609	0610523
064413610	0610524
064413611	0610525
064413612	0610526
064413701	0610527
064413702	0610528
064413703	0610529
064413704	0610530
064413705	0610531
064413706	0610532
064413707	0610533
064413708	0610534
064413709	0610535
064413710	0610536
064413711	0610537
064413712	0610538
064413713	0610539
064413714	0610540
064413801	0610541
064413802	0610542
064413803	0610543
064413804	0610544
064413805	0610545
064413806	0610546
064413807	0610547
064413808	0610548
064413809	0610549
064413810	0610550
064413901	0610551
064413902	0610552
064413903	0610553
064413904	0610554
064413905	0610555
064413906	0610556
064413907	0610557
064413908	0610558
064413909	0610559
064413910	0610560
064414001	0610561
064414002	0610562
064414003	0610563
064414004	0610564
064414005	0610565
064414006	0610566
064414007	0610567
064414008	0610568
064414009	0610569
064414010	0610570
064414011	0610571
064414012	0610572
064414013	0610573
064414101	0610574
064414102	0610575
064414103	0610576
064414104	0610577
064414105	0610578
064414106	0610579
064414107	0610580
064414108	0610581
064414109	0610582
064414110	0610583
064414111	0610584
064414112	0610585
064414201	0610586
064414202	0610587
064414203	0610588
064414204	0610589
064414205	0610590
064414206	0610591
064414207	0610592
064414208	0610593
064414209	0610594
064414210	0610595
064414211	0610596
064414212	0610597
064414213	0610598
064414214	0610599
064414215	0610600
064414216	0610601
064414217	0610602
064414218	0610603
064414219	0610604
064414301	0610605
064414302	0610606
064414303	0610607
064414304	0610608
064414305	0610609
064414306	0610610
064414307	0610611
064414308	0610612
064414309	0610613
064414310	0610614
064414311	0610615
064414312	0610616
064414313	0610617
064414314	0610618
064414315	0610619
064414401	0610620
064414402	0610621
064414403	0610622
064414404	0610623
064414405	0610624
064414406	0610625
064414407	0610626
064414408	0610627
064414409	0610628
064414410	0610629
064414501	0610630
064414502	0610631
064414503	0610632
064414504	0610633
064414505	0610634
064414506	0610635
064414507	0610636
064414508	0610637
064414509	0610638
064414510	0610639
064414511	0610640
064414601	0610641
064414602	0610642
064414603	0610643
064414604	0610644
064414605	0610645
064414606	0610646
064414607	0610647
064414608	0610648
064414609	0610649
064414701	0610650
064414702	0610651
064414703	0610652
064414704	0610653
064414705	0610654
064414706	0610655
064414707	0610656
064414708	0610657
064414709	0610658
064414710	0610659
064414801	0610660
064414802	0610661
064414803	0610662
064414804	0610663
064414805	0610664
064414806	0610665
064414807	0610666
064414808	0610667
064414809	0610668
064414901	0610669
064414902	0610670
064414903	0610671
064414904	0610672
064414905	0610673
064414906	0610674
064414907	0610675
064414908	0610676
064414909	0610677
064414910	0610678
064415001	0610679
064415002	0610680
064415003	0610681
064415004	0610682
064415005	0610683
064415006	0610684
064415007	0610685
064415008	0610686
064415009	0610687
064415010	0610688
064415101	0610689
064415102	0610690
064415103	0610691
064415104	0610692
064415105	0610693
064415106	0610694
064415107	0610695
064415108	0610696
064415109	0610697
064415110	0610698
064415111	0610699
064415112	0610700
064415113	0610701
064415114	0610702
064415115	0610703
064415116	0610704
064415117	0610705
064415118	0610706
064415201	0610707
064415202	0610708
064415203	0610709
064415204	0610710
064415205	0610711
064415206	0610712
064415207	0610713
064415208	0610714
064415209	0610715
064415210	0610716
064415301	0610717
064415302	0610718
064415303	0610719
064415304	0610720
064415305	0610721
064415306	0610722
064415307	0610723
064415308	0610724
064415309	0610725
064415310	0610726
064415401	0610727
064415402	0610728
064415403	0610729
064415404	0610730
064415405	0610731
064415406	0610732
064415407	0610733
064415408	0610734
064415409	0610735
064415410	0610736
064415411	0610737
064415412	0610738
064415413	0610739
064415414	0610740
064415415	0610741
064415416	0610742
064415417	0610743
064415418	0610744
064415501	0610745
064415502	0610746
064415503	0610747
064415504	0610748
064415505	0610749
064415506	0610750
064415507	0610751
064415508	0610752
064415509	0610753
064415510	0610754
064415511	0610755
064415601	0610756
064415602	0610757
064415603	0610758
064415604	0610759
064415605	0610760
064415606	0610761
064415607	0610762
064415608	0610763
064415701	0610764
064415702	0610765
064415703	0610766
064415704	0610767
064415705	0610768
064415706	0610769
064415707	0610770
064415708	0610771
064415709	0610772
064415710	0610773
064415711	0610774
064415712	0610775
064415713	0610776
064415801	0610777
064415802	0610778
064415803	0610779
064415804	0610780
064415805	0610781
064415806	0610782
064415807	0610783
064415808	0610784
064415901	0610785
064415902	0610786
064415903	0610787
064415904	0610788
064415905	0610789
064415906	0610790
064415907	0610791
064415908	0610792
064415909	0610793
064415910	0610794
064416001	0610795
064416002	0610796
064416003	0610797
064416004	0610798
064416005	0610799
064416006	0610800
064416007	0610801
064416008	0610802
064416009	0610803
064416010	0610804
064416101	0610805
064416102	0610806
064416103	0610807
064416104	0610808
064416105	0610809
064416106	0610810
064416107	0610811
064416108	0610812
064416109	0610813
064416110	0610814
064416111	0610815
064416112	0610816
064416201	0610817
064416202	0610818
064416203	0610819
064416204	0610820
064416205	0610821
064416206	0610822
064416207	0610823
064416208	0610824
064416209	0610825
064416210	0610826
064416211	0610827
064416212	0610828
064416213	0610829
064416301	0610830
064416302	0610831
064416303	0610832
064416304	0610833
064416305	0610834
064416306	0610835
064416307	0610836
064416308	0610837
064416309	0610838
064416310	0610839
064416311	0610840
064416401	0610841
064416402	0610842
064416403	0610843
064416404	0610844
064416405	0610845
064416406	0610846
064416407	0610847
064416408	0610848
064416409	0610849
064416410	0610850
064416411	0610851
064416412	0610852
064416413	0610853
064416414	0610854
064416415	0610855
064416416	0610856
064416417	0610857
064416418	0610858
064416419	0610859
064416501	0610860
064416502	0610861
064416503	0610862
064416504	0610863
064416505	0610864
064416506	0610865
064416507	0610866
064416508	0610867
064416509	0610868
064416510	0610869
064416511	0610870
064416512	0610871
064416513	0610872
064416514	0610873
064416515	0610874
064416516	0610875
064416517	0610876
064416518	0610877
064416519	0610878
064416520	0610879
064416521	0610880
064416601	0610881
064416602	0610882
064416603	0610883
064416604	0610884
064416605	0610885
064416606	0610886
064416607	0610887
064416608	0610888
064416609	0610889
064416610	0610890
064416611	0610891
064416612	0610892
064416613	0610893
064416614	0610894
064416615	0610895
064416616	0610896
064416617	0610897
064416618	0610898
064416701	0610899
064416702	0610900
064416703	0610901
064416704	0610902
064416801	0610903
064416802	0610904
064416803	0610905
064416804	0610906
064416805	0610907
064416806	0610908
064416807	0610909
064416808	0610910
064416809	0610911
064416810	0610912
064416811	0610913
064416812	0610914
064416813	0610915
064416814	0610916
064416815	0610917
064416816	0610918
064416817	0610919
064416901	0610920
064416902	0610921
064416903	0610922
064416904	0610923
064416905	0610924
064416906	0610925
064416907	0610926
064416908	0610927
064416909	0610928
064416910	0610929
064416911	0610930
064416912	0610931
064417001	0610932
064417002	0610933
064417003	0610934
064417004	0610935
064417005	0610936
064417006	0610937
064417007	0610938
064417101	0610939
064480101	0610940
064480102	0610941
064480103	0610942
064480201	0610943
064480202	0610944
064480203	0610945
064480301	0610946
064480302	0610947
064480303	0610948
064480401	0610949
064480402	0610950
064480403	0610951
064480501	0610952
064480502	0610953
064480503	0610954
064480601	0610955
064480602	0610956
064480603	0610957
064480604	0610958
064480605	0610959
064480606	0610960
064480607	0610961
064480608	0610962
064480609	0610963
064480610	0610964
064480611	0610965
064480612	0610966
064480613	0610967
064480614	0610968
064480701	0610969
064480702	0610970
064480703	0610971
064480801	0610972
064480802	0610973
064480803	0610974
064480901	0610975
064480902	0610976
064480903	0610977
064480904	0610978
064481001	0610979
064481002	0610980
064481003	0610981
064481004	0610982
064481101	0610983
064481102	0610984
064481103	0610985
064481201	0610986
064481202	0610987
064481203	0610988
064481204	0610989
064481205	0610990
064481206	0610991
064550101	0610992
064550102	0610993
064550103	0610994
064550104	0610995
064550105	0610996
064550106	0610997
064550107	0610998
064550108	0610999
064550109	0611000
064550110	0611001
064550111	0611002
064550112	0611003
064550113	0611004
064550114	0611005
064550115	0611006
064550201	0611007
064550301	0611008
064550401	0611009
064550501	0611010
064550601	0611011
064550602	0611012
064550603	0611013
064550604	0611014
064550605	0611015
064550606	0611016
064550607	0611017
064550701	0611018
064550801	0611019
064550802	0611020
064550901	0611021
064551001	0611022
064551101	0611023
064551201	0611024
064551301	0611025
064551401	0611026
064551402	0611027
064551403	0611028
064551404	0611029
064551405	0611030
064551406	0611031
064551407	0611032
064551408	0611033
064551409	0611034
064551410	0611035
064551411	0611036
064551412	0611037
064551413	0611038
064551414	0611039
064620101	0611040
064620201	0611041
064620202	0611042
064620203	0611043
064620301	0611044
064620401	0611045
064620402	0611046
064620403	0611047
064620404	0611048
064620405	0611049
064620406	0611050
064620501	0611051
064620502	0611052
064620601	0611053
064620602	0611054
064620603	0611055
064620604	0611056
064620605	0611057
064620701	0611058
064620702	0611059
064620703	0611060
064620704	0611061
064620705	0611062
064620706	0611063
064620707	0611064
064620708	0611065
064620709	0611066
064620710	0611067
064620711	0611068
064620712	0611069
064620801	0611070
064620802	0611071
064620901	0611072
064621001	0611073
064621002	0611074
064621101	0611075
064621102	0611076
064621201	0611077
064621202	0611078
064621203	0611079
064621204	0611080
064621205	0611081
064621206	0611082
064621207	0611083
064690101	0611084
064690102	0611085
064690103	0611086
064690104	0611087
064690105	0611088
064690106	0611089
064690107	0611090
064690108	0611091
064690109	0611092
064690110	0611093
064690111	0611094
064690112	0611095
064690113	0611096
064690114	0611097
064690201	0611098
064690202	0611099
064690203	0611100
064690204	0611101
064690205	0611102
064690206	0611103
064690207	0611104
064690208	0611105
064690209	0611106
064690210	0611107
064690211	0611108
064690212	0611109
064690213	0611110
064690214	0611111
064690301	0611112
064690302	0611113
064690303	0611114
064690304	0611115
064690305	0611116
064690306	0611117
064690401	0611118
064690402	0611119
064690403	0611120
064690404	0611121
064690405	0611122
064690406	0611123
064690501	0611124
064690502	0611125
064690503	0611126
064690504	0611127
064690601	0611128
064690602	0611129
064690603	0611130
064690604	0611131
064690605	0611132
064690606	0611133
064690701	0611134
064690702	0611135
064690703	0611136
064690801	0611137
064690802	0611138
064690803	0611139
064690804	0611140
064690805	0611141
064690806	0611142
064690807	0611143
064690901	0611144
064690902	0611145
064690903	0611146
064690904	0611147
064690905	0611148
064690906	0611149
064690907	0611150
064690908	0611151
064690909	0611152
064691001	0611153
064691002	0611154
064691003	0611155
064691004	0611156
064691005	0611157
064691006	0611158
064691007	0611159
064691101	0611160
064691102	0611161
064691103	0611162
064691104	0611163
064691105	0611164
064691106	0611165
064691107	0611166
064691201	0611167
064691202	0611168
064691203	0611169
064691204	0611170
064691301	0611171
064691302	0611172
064691303	0611173
064691304	0611174
064691305	0611175
064691306	0611176
064691307	0611177
064691401	0611178
064691402	0611179
064691403	0611180
064691404	0611181
064691501	0611182
064691502	0611183
064691503	0611184
064691504	0611185
064691505	0611186
064691506	0611187
064691507	0611188
064691508	0611189
064760101	0611190
064760102	0611191
064760103	0611192
064760104	0611193
064760105	0611194
064760106	0611195
064760107	0611196
064760108	0611197
064760201	0611198
064760202	0611199
064760203	0611200
064760204	0611201
064760205	0611202
064760206	0611203
064760207	0611204
064760208	0611205
064760301	0611206
064760302	0611207
064760303	0611208
064760401	0611209
064760402	0611210
064760403	0611211
064760404	0611212
064760501	0611213
064760502	0611214
064760503	0611215
064760504	0611216
064760505	0611217
064760601	0611218
064760602	0611219
064760603	0611220
064760604	0611221
064760701	0611222
064760702	0611223
064760703	0611224
064760704	0611225
064760705	0611226
064760706	0611227
064760707	0611228
064760708	0611229
064760709	0611230
064760801	0611231
064760802	0611232
064760803	0611233
064760804	0611234
064760901	0611235
064760902	0611236
064760903	0611237
064760904	0611238
064760905	0611239
064761001	0611240
064761002	0611241
064761003	0611242
064761101	0611243
064761102	0611244
064761103	0611245
064761104	0611246
064761105	0611247
064761201	0611248
064761202	0611249
064761203	0611250
064761204	0611251
064761205	0611252
064761206	0611253
064761301	0611254
064761401	0611255
064761402	0611256
064761403	0611257
064761404	0611258
064761405	0611259
064761406	0611260
064761407	0611261
064761408	0611262
064830101	0611263
064830102	0611264
064830103	0611265
064830104	0611266
064830105	0611267
064830106	0611268
064830107	0611269
064830108	0611270
064830109	0611271
064830110	0611272
064830111	0611273
064830112	0611274
064830113	0611275
064830114	0611276
064830115	0611277
064830116	0611278
064830117	0611279
064830118	0611280
064830201	0611281
064830202	0611282
064830203	0611283
064830301	0611284
064830302	0611285
064830303	0611286
064830304	0611287
064830401	0611288
064830402	0611289
064830403	0611290
064830404	0611291
064830405	0611292
064830406	0611293
064830407	0611294
064830408	0611295
064830409	0611296
064830410	0611297
064830411	0611298
064830412	0611299
064830413	0611300
064830414	0611301
064830415	0611302
064830416	0611303
064830417	0611304
064830501	0611305
064830502	0611306
064830503	0611307
064830504	0611308
064830505	0611309
064830506	0611310
064830601	0611311
064830602	0611312
064830701	0611313
064830702	0611314
064830703	0611315
064830704	0611316
064830705	0611317
064830706	0611318
064830801	0611319
064830802	0611320
064830803	0611321
064830804	0611322
064830805	0611323
064830806	0611324
064830901	0611325
064830902	0611326
064830903	0611327
064830904	0611328
064830905	0611329
064830906	0611330
064830907	0611331
064830908	0611332
064831001	0611333
064831002	0611334
064900101	0611335
064900102	0611336
064900103	0611337
064900104	0611338
064900105	0611339
064900106	0611340
064900107	0611341
064900108	0611342
064900109	0611343
064900110	0611344
064900111	0611345
064900112	0611346
064900113	0611347
064900114	0611348
064900201	0611349
064900202	0611350
064900203	0611351
064900204	0611352
064900205	0611353
064900206	0611354
064900207	0611355
064900208	0611356
064900209	0611357
064900210	0611358
064900301	0611359
064900302	0611360
064900303	0611361
064900304	0611362
064900305	0611363
064900306	0611364
064900307	0611365
064900308	0611366
064900309	0611367
064900310	0611368
064900311	0611369
064900312	0611370
064900313	0611371
064900401	0611372
064900402	0611373
064900403	0611374
064900404	0611375
064900405	0611376
064900406	0611377
064900407	0611378
064900408	0611379
064900409	0611380
064900410	0611381
064900411	0611382
064900412	0611383
064900413	0611384
064900414	0611385
064900501	0611386
064900502	0611387
064900503	0611388
064900504	0611389
064900505	0611390
064900506	0611391
064900507	0611392
064900508	0611393
064900509	0611394
064900510	0611395
064900511	0611396
064900512	0611397
064900513	0611398
064900514	0611399
064900707	0611400
064900708	0611401
064900709	0611402
064900710	0611403
064900711	0611404
064900712	0611405
064900713	0611406
064900714	0611407
064900715	0611408
064900801	0611409
064900802	0611410
064900803	0611411
064900804	0611412
064900805	0611413
064900806	0611414
064900807	0611415
064900808	0611416
064900809	0611417
064900901	0611418
064900902	0611419
064900903	0611420
064900904	0611421
064900905	0611422
064900906	0611423
064900907	0611424
064900908	0611425
064900909	0611426
064901001	0611427
064901002	0611428
064901003	0611429
064901004	0611430
064901005	0611431
064901006	0611432
064901007	0611433
064901008	0611434
064901009	0611435
064901010	0611436
064901011	0611437
064901012	0611438
064901013	0611439
064901014	0611440
064901015	0611441
064901101	0611442
064901102	0611443
064901103	0611444
064901104	0611445
064901105	0611446
064901106	0611447
064901107	0611448
064901108	0611449
064901109	0611450
064901110	0611451
064901111	0611452
064901112	0611453
064901113	0611454
064901114	0611455
064901115	0611456
064901116	0611457
064901117	0611458
064901118	0611459
064901201	0611460
064901202	0611461
064901203	0611462
064901204	0611463
064901205	0611464
064901206	0611465
064901207	0611466
064901208	0611467
064901209	0611468
064901210	0611469
064901301	0611470
064901302	0611471
064901303	0611472
064901304	0611473
064901305	0611474
064901306	0611475
064901307	0611476
064901308	0611477
064901309	0611478
064901310	0611479
064901311	0611480
064901312	0611481
064901313	0611482
064901314	0611483
064901315	0611484
064901401	0611485
064901402	0611486
064901403	0611487
064901404	0611488
064901405	0611489
064901406	0611490
064901407	0611491
064901408	0611492
064901409	0611493
064901410	0611494
064901411	0611495
064901412	0611496
064901501	0611497
064901502	0611498
064901503	0611499
064901504	0611500
064901505	0611501
064901506	0611502
064901507	0611503
064901508	0611504
064901509	0611505
064901510	0611506
064901511	0611507
064901601	0611508
064901602	0611509
064901603	0611510
064901604	0611511
064901605	0611512
064901606	0611513
064901607	0611514
064901608	0611515
064901609	0611516
064901701	0611517
064901702	0611518
064901703	0611519
064901704	0611520
064901705	0611521
064901706	0611522
064901707	0611523
064901708	0611524
064901709	0611525
064901801	0611526
064901802	0611527
064901803	0611528
064901804	0611529
064901805	0611530
064901806	0611531
064901807	0611532
064901808	0611533
064901809	0611534
064901810	0611535
064901811	0611536
064901812	0611537
064901813	0611538
064901814	0611539
064901815	0611540
064901816	0611541
064901901	0611542
064901902	0611543
064901903	0611544
064901904	0611545
064901905	0611546
064901906	0611547
064901907	0611548
064901908	0611549
064901909	0611550
064901910	0611551
064901911	0611552
064901912	0611553
064902001	0611554
064902002	0611555
064902003	0611556
064902004	0611557
064902005	0611558
064902006	0611559
064902007	0611560
064902008	0611561
064902009	0611562
064902101	0611563
064902102	0611564
064902103	0611565
064902104	0611566
064902105	0611567
064902106	0611568
064902107	0611569
064902108	0611570
064902109	0611571
064902110	0611572
064902201	0611573
064902202	0611574
064902203	0611575
064902204	0611576
064902205	0611577
064902206	0611578
064902207	0611579
064902208	0611580
064902209	0611581
064902210	0611582
064902211	0611583
064902212	0611584
064902301	0611585
064902302	0611586
064902303	0611587
064902304	0611588
064902305	0611589
064902306	0611590
064902307	0611591
064902308	0611592
064902309	0611593
064902310	0611594
064902311	0611595
064902312	0611596
064902313	0611597
064902401	0611598
064902402	0611599
064902403	0611600
064902404	0611601
064902405	0611602
064902406	0611603
064902407	0611604
064902408	0611605
064902409	0611606
064902410	0611607
064902411	0611608
064902501	0611609
064902502	0611610
064902503	0611611
064902504	0611612
064902505	0611613
064902506	0611614
064902507	0611615
064902508	0611616
064902601	0611617
064902602	0611618
064902603	0611619
064902604	0611620
064902605	0611621
064902606	0611622
064902607	0611623
064902608	0611624
064902609	0611625
064902610	0611626
064902611	0611627
064902612	0611628
064902613	0611629
064902701	0611630
064902901	0611631
064902902	0611632
064902903	0611633
064902904	0611634
064902905	0611635
064902906	0611636
064902907	0611637
064902908	0611638
064902909	0611639
064902910	0611640
064902911	0611641
064903001	0611642
064903002	0611643
064903003	0611644
064903004	0611645
064903005	0611646
064903006	0611647
064903007	0611648
064903008	0611649
064903009	0611650
064903010	0611651
064903101	0611652
064903102	0611653
064903103	0611654
064903104	0611655
064903105	0611656
064903106	0611657
064903107	0611658
064903108	0611659
064903109	0611660
064903110	0611661
064903201	0611662
064903202	0611663
064903203	0611664
064903204	0611665
064903205	0611666
064903206	0611667
064903207	0611668
064903208	0611669
064903209	0611670
064903210	0611671
064903301	0611672
064903302	0611673
064903303	0611674
064903304	0611675
064903305	0611676
064903306	0611677
064903307	0611678
064903308	0611679
064903309	0611680
064903310	0611681
064903401	0611682
064903402	0611683
064903403	0611684
064903404	0611685
064903405	0611686
064903406	0611687
064903407	0611688
064903408	0611689
064903409	0611690
064903410	0611691
064903411	0611692
064903412	0611693
064903413	0611694
064903414	0611695
064903415	0611696
064903501	0611697
064903502	0611698
064903503	0611699
064903504	0611700
064903505	0611701
064903506	0611702
064903507	0611703
064903508	0611704
064903509	0611705
064903510	0611706
064903511	0611707
064903512	0611708
064903513	0611709
064903514	0611710
064903515	0611711
064903516	0611712
064903517	0611713
064903518	0611714
064903601	0611715
064903602	0611716
064903603	0611717
064903604	0611718
064903605	0611719
064903606	0611720
064903607	0611721
064903608	0611722
064903609	0611723
064903610	0611724
064903611	0611725
064903612	0611726
064903701	0611727
064903702	0611728
064903703	0611729
064903704	0611730
064903705	0611731
064903706	0611732
064903707	0611733
064903708	0611734
064903709	0611735
064903710	0611736
064903711	0611737
064903712	0611738
064903713	0611739
064903714	0611740
064903801	0611741
064903802	0611742
064903803	0611743
064903804	0611744
064903805	0611745
064903806	0611746
064903807	0611747
064903808	0611748
064903809	0611749
064903810	0611750
064903811	0611751
064903812	0611752
064903813	0611753
064903814	0611754
064903815	0611755
064903816	0611756
064903817	0611757
064903901	0611758
064903902	0611759
064903903	0611760
064903904	0611761
064903905	0611762
064903906	0611763
064903907	0611764
064903908	0611765
064903909	0611766
064903910	0611767
064903911	0611768
064903912	0611769
064903913	0611770
064903914	0611771
064903915	0611772
064903916	0611773
064904001	0611774
064904002	0611775
064904003	0611776
064904004	0611777
064904005	0611778
064904006	0611779
064904007	0611780
064904008	0611781
064904009	0611782
064904010	0611783
064904011	0611784
064904012	0611785
064904013	0611786
064904101	0611787
064904102	0611788
064904201	0611789
064904202	0611790
064904203	0611791
064904204	0611792
064904205	0611793
064904206	0611794
064904207	0611795
064904208	0611796
064904301	0611797
064904302	0611798
064904303	0611799
064904304	0611800
064904305	0611801
064904306	0611802
064904307	0611803
064904308	0611804
064904309	0611805
064904310	0611806
064904311	0611807
064904312	0611808
064904313	0611809
064904314	0611810
064904401	0611811
064904402	0611812
064904403	0611813
064904404	0611814
064904405	0611815
064904406	0611816
064904407	0611817
064904610	0611818
064904611	0611819
064904612	0611820
064904701	0611821
064904702	0611822
064904703	0611823
064904704	0611824
064904705	0611825
064904706	0611826
064904707	0611827
064904708	0611828
064904709	0611829
064904710	0611830
064904711	0611831
064904712	0611832
064904713	0611833
064904801	0611834
064904802	0611835
064904803	0611836
064904804	0611837
064904805	0611838
064904806	0611839
064904807	0611840
064904808	0611841
064904809	0611842
064904810	0611843
064904811	0611844
064904901	0611845
064904902	0611846
064904903	0611847
064904904	0611848
064904905	0611849
064904906	0611850
064904907	0611851
064904908	0611852
064904909	0611853
064904910	0611854
064904911	0611855
064905001	0611856
064905002	0611857
064905003	0611858
064905004	0611859
064905005	0611860
064905006	0611861
064905007	0611862
064905008	0611863
064905009	0611864
064905010	0611865
064905011	0611866
064905101	0611867
064905102	0611868
064905103	0611869
064905104	0611870
064905105	0611871
064905106	0611872
064905107	0611873
064905108	0611874
064905109	0611875
064905110	0611876
064905111	0611877
064970101	0611878
064970102	0611879
064970103	0611880
064970104	0611881
064970105	0611882
064970106	0611883
064970107	0611884
064970108	0611885
064970109	0611886
064970110	0611887
064970111	0611888
064970112	0611889
064970201	0611890
064970202	0611891
064970203	0611892
064970204	0611893
064970205	0611894
064970206	0611895
064970207	0611896
064970301	0611897
064970302	0611898
064970303	0611899
064970304	0611900
064970305	0611901
064970306	0611902
064970307	0611903
064970308	0611904
064970309	0611905
064970310	0611906
064970311	0611907
064970312	0611908
064970401	0611909
064970402	0611910
064970403	0611911
064970404	0611912
064970405	0611913
064970406	0611914
064970407	0611915
064970408	0611916
064970409	0611917
064970410	0611918
064970501	0611919
064970502	0611920
064970503	0611921
064970504	0611922
064970505	0611923
064970506	0611924
064970507	0611925
064970508	0611926
064970509	0611927
064970510	0611928
064970511	0611929
064970512	0611930
064970513	0611931
064970601	0611932
064970602	0611933
064970603	0611934
064970604	0611935
064970605	0611936
064970606	0611937
064970607	0611938
064970608	0611939
064970609	0611940
064970610	0611941
064970611	0611942
064970612	0611943
064970613	0611944
064970614	0611945
064970701	0611946
064970702	0611947
064970703	0611948
064970704	0611949
064970705	0611950
064970706	0611951
064970707	0611952
064970708	0611953
064970709	0611954
064970710	0611955
064970801	0611956
064970802	0611957
064970803	0611958
064970804	0611959
064970805	0611960
064970806	0611961
064970807	0611962
064970808	0611963
064970809	0611964
064970810	0611965
064970811	0611966
064970812	0611967
064970813	0611968
064970814	0611969
064970815	0611970
064970901	0611971
064971001	0611972
064971002	0611973
064971003	0611974
064971004	0611975
064971005	0611976
064971006	0611977
064971007	0611978
064971008	0611979
064971101	0611980
064971102	0611981
064971103	0611982
064971104	0611983
064971105	0611984
064971106	0611985
064971107	0611986
064971108	0611987
064971201	0611988
064971202	0611989
064971203	0611990
064971204	0611991
064971205	0611992
064971206	0611993
064971207	0611994
064971208	0611995
064971209	0611996
064971210	0611997
064971211	0611998
064971212	0611999
064971301	0612000
064971302	0612001
064971303	0612002
064971304	0612003
064971305	0612004
064971306	0612005
064971307	0612006
064971308	0612007
064971309	0612008
064971310	0612009
064971311	0612010
064971401	0612011
064971402	0612012
064971403	0612013
064971404	0612014
064971405	0612015
064971406	0612016
064971407	0612017
064971408	0612018
064971409	0612019
064971410	0612020
065050101	0612021
065050102	0612022
065050103	0612023
065050104	0612024
065050105	0612025
065050106	0612026
065050201	0612027
065050202	0612028
065050203	0612029
065050204	0612030
065050205	0612031
065050206	0612032
065050207	0612033
065050208	0612034
065050209	0612035
065050210	0612036
065050211	0612037
065050301	0612038
065050302	0612039
065050303	0612040
065050304	0612041
065050305	0612042
065050306	0612043
065050307	0612044
065050308	0612045
065050309	0612046
065050310	0612047
065050311	0612048
065050312	0612049
065050313	0612050
065050314	0612051
065050315	0612052
065050316	0612053
065050317	0612054
065050318	0612055
065050319	0612056
065050320	0612057
065050321	0612058
065050322	0612059
065050401	0612060
065050402	0612061
065050403	0612062
065050404	0612063
065050405	0612064
065050406	0612065
065050407	0612066
065110101	0612067
065110102	0612068
065110201	0612069
065110202	0612070
065110301	0612071
065110302	0612072
065110303	0612073
065110304	0612074
065110401	0612075
065110402	0612076
065110501	0612077
065110502	0612078
065110503	0612079
065110504	0612080
065110505	0612081
065110506	0612082
065110507	0612083
065110508	0612084
065110509	0612085
065110510	0612086
065110511	0612087
065110512	0612088
065110513	0612089
065110601	0612090
065110602	0612091
065110603	0612092
065110701	0612093
065110702	0612094
065150101	0612095
065150102	0612096
065150103	0612097
065150104	0612098
065150105	0612099
065150106	0612100
065150107	0612101
065150108	0612102
065150109	0612103
065150110	0612104
065150111	0612105
065150112	0612106
065150113	0612107
065150201	0612108
065150202	0612109
065150203	0612110
065150204	0612111
065150205	0612112
065150206	0612113
065150207	0612114
065150208	0612115
065150209	0612116
065150210	0612117
065150211	0612118
065150212	0612119
065150213	0612120
065150214	0612121
065150215	0612122
065150216	0612123
065150301	0612124
065150302	0612125
065150303	0612126
065150304	0612127
065150305	0612128
065150306	0612129
065150307	0612130
065150308	0612131
065150309	0612132
065150310	0612133
065150311	0612134
065150312	0612135
065150313	0612136
065150314	0612137
065150401	0612138
065150402	0612139
065150403	0612140
065150404	0612141
065150405	0612142
065150406	0612143
065150407	0612144
065150408	0612145
065150409	0612146
065150410	0612147
065150411	0612148
065150501	0612149
065150502	0612150
065150503	0612151
065150504	0612152
065150505	0612153
065150506	0612154
065150507	0612155
065150508	0612156
065150509	0612157
065150510	0612158
065150511	0612159
065150512	0612160
065150601	0612161
065150602	0612162
065150603	0612163
065150604	0612164
065150605	0612165
065150606	0612166
065150607	0612167
065150608	0612168
065150609	0612169
065150610	0612170
065150611	0612171
065150612	0612172
065150613	0612173
065150614	0612174
065150615	0612175
065150616	0612176
065150701	0612177
065150702	0612178
065150703	0612179
065150704	0612180
065150705	0612181
065150706	0612182
065150707	0612183
065150708	0612184
065150709	0612185
065150710	0612186
065150711	0612187
065150712	0612188
065150713	0612189
065150714	0612190
065150801	0612191
065150802	0612192
065150803	0612193
065150804	0612194
065150805	0612195
065150806	0612196
065150807	0612197
065150808	0612198
065150809	0612199
065150810	0612200
065150811	0612201
065150812	0612202
065150901	0612203
065150902	0612204
065150903	0612205
065150904	0612206
065150905	0612207
065150906	0612208
065150907	0612209
065150908	0612210
065150909	0612211
065150910	0612212
065150911	0612213
065150912	0612214
065150913	0612215
065150914	0612216
065151001	0612217
065151002	0612218
065151003	0612219
065151004	0612220
065151005	0612221
065151006	0612222
065151007	0612223
065151008	0612224
065151009	0612225
065151010	0612226
065151011	0612227
065151012	0612228
065151013	0612229
065151014	0612230
065151015	0612231
065151101	0612232
065151102	0612233
065151103	0612234
065151104	0612235
065151105	0612236
065151106	0612237
065151107	0612238
065151108	0612239
065151109	0612240
065151110	0612241
065151111	0612242
065151112	0612243
065151113	0612244
065151201	0612245
065151202	0612246
065151203	0612247
065151204	0612248
065151205	0612249
065151206	0612250
065151207	0612251
065151208	0612252
065151209	0612253
065151210	0612254
065151211	0612255
065151212	0612256
065151213	0612257
065151214	0612258
065151215	0612259
065151216	0612260
065151217	0612261
065151301	0612262
065151302	0612263
065151303	0612264
065151304	0612265
065151305	0612266
065151306	0612267
065151307	0612268
065151308	0612269
065151309	0612270
065151310	0612271
065151311	0612272
065151312	0612273
065151313	0612274
065151314	0612275
065151401	0612276
065151402	0612277
065151403	0612278
065151404	0612279
065151405	0612280
065151406	0612281
065151407	0612282
065151408	0612283
065151409	0612284
065151410	0612285
065151411	0612286
065151501	0612287
065151502	0612288
065151503	0612289
065151504	0612290
065151505	0612291
065151506	0612292
065151507	0612293
065151508	0612294
065151509	0612295
065151510	0612296
065151511	0612297
065151512	0612298
065151513	0612299
065151601	0612300
065151602	0612301
065151603	0612302
065151604	0612303
065151605	0612304
065151606	0612305
065151607	0612306
065151608	0612307
065151609	0612308
065151701	0612309
065151702	0612310
065151703	0612311
065151704	0612312
065151705	0612313
065151706	0612314
065151707	0612315
065151708	0612316
065151709	0612317
065151710	0612318
065151801	0612319
065151802	0612320
065151803	0612321
065151804	0612322
065151805	0612323
065151806	0612324
065151807	0612325
065151808	0612326
065151809	0612327
065151810	0612328
065151811	0612329
065151812	0612330
065151813	0612331
065151901	0612332
065151902	0612333
065151903	0612334
065151904	0612335
065151905	0612336
065151906	0612337
065151907	0612338
065151908	0612339
065151909	0612340
065151910	0612341
065151911	0612342
065151912	0612343
065151913	0612344
065151914	0612345
065152001	0612346
065152002	0612347
065152003	0612348
065152004	0612349
065152005	0612350
065152006	0612351
065152007	0612352
065152008	0612353
065152009	0612354
065152010	0612355
065152011	0612356
065152012	0612357
065152013	0612358
065152014	0612359
065152015	0612360
065152101	0612361
065152102	0612362
065152103	0612363
065152104	0612364
065152105	0612365
065152106	0612366
065152107	0612367
065152108	0612368
065152109	0612369
065152110	0612370
065152111	0612371
065152112	0612372
065152113	0612373
065152114	0612374
065152115	0612375
065180101	0612376
065180102	0612377
065180103	0612378
065180104	0612379
065180105	0612380
065180106	0612381
065180107	0612382
065180108	0612383
065180109	0612384
065180110	0612385
065180111	0612386
065180112	0612387
065180113	0612388
065180114	0612389
065180115	0612390
065180201	0612391
065180202	0612392
065180203	0612393
065180204	0612394
065180205	0612395
065180206	0612396
065180207	0612397
065180208	0612398
065180209	0612399
065180210	0612400
065180211	0612401
065180212	0612402
065180301	0612403
065180302	0612404
065180303	0612405
065180304	0612406
065180305	0612407
065180401	0612408
065180402	0612409
065180403	0612410
065180404	0612411
065180405	0612412
065180406	0612413
065180407	0612414
065180408	0612415
065180409	0612416
065180410	0612417
065180411	0612418
065180412	0612419
065180501	0612420
065180502	0612421
065180503	0612422
065180504	0612423
065180505	0612424
065180506	0612425
065180507	0612426
065180508	0612427
065180509	0612428
065180510	0612429
065180511	0612430
065180601	0612431
065180602	0612432
065180603	0612433
065180604	0612434
065180605	0612435
065180606	0612436
065180607	0612437
065180608	0612438
065180609	0612439
065180610	0612440
065180611	0612441
065180612	0612442
065180613	0612443
065180614	0612444
065180615	0612445
065180701	0612446
065180702	0612447
065180703	0612448
065180704	0612449
065180705	0612450
065180706	0612451
065180707	0612452
065180708	0612453
065180709	0612454
065180710	0612455
065180711	0612456
065180712	0612457
065180713	0612458
065180714	0612459
065180715	0612460
065180716	0612461
065180717	0612462
065180801	0612463
065180802	0612464
065180803	0612465
065180804	0612466
065180805	0612467
065180806	0612468
065180807	0612469
065180808	0612470
065180809	0612471
065180810	0612472
065180811	0612473
065180812	0612474
065180813	0612475
065180814	0612476
065250101	0612477
065250102	0612478
065250103	0612479
065250104	0612480
065250105	0612481
065250106	0612482
065250107	0612483
065250108	0612484
065250109	0612485
065250110	0612486
065250111	0612487
065250112	0612488
065250113	0612489
065250114	0612490
065250201	0612491
065250202	0612492
065250203	0612493
065250204	0612494
065250301	0612495
065250302	0612496
065250303	0612497
065250304	0612498
065250401	0612499
065250402	0612500
065250403	0612501
065250404	0612502
065250405	0612503
065250406	0612504
065250407	0612505
065250408	0612506
065250409	0612507
065250410	0612508
065250411	0612509
065250412	0612510
065250413	0612511
065250414	0612512
065250415	0612513
065250416	0612514
065250417	0612515
065250418	0612516
065250501	0612517
065250502	0612518
065250503	0612519
065250504	0612520
065250601	0612521
065250602	0612522
065250603	0612523
065250604	0612524
065250605	0612525
065250606	0612526
065250607	0612527
065250608	0612528
065250609	0612529
065250610	0612530
065250611	0612531
065250612	0612532
065250613	0612533
065250614	0612534
065320101	0612535
065320102	0612536
065320103	0612537
065320104	0612538
065320105	0612539
065320106	0612540
065320107	0612541
065320108	0612542
065320109	0612543
065320110	0612544
065320111	0612545
065320112	0612546
065320201	0612547
065320202	0612548
065320203	0612549
065320204	0612550
065320205	0612551
065320206	0612552
065320207	0612553
065320208	0612554
065320301	0612555
065320302	0612556
065320303	0612557
065320304	0612558
065320305	0612559
065320306	0612560
065320307	0612561
065320308	0612562
065320309	0612563
065320310	0612564
065320311	0612565
065320312	0612566
065320313	0612567
065320401	0612568
065320402	0612569
065320403	0612570
065320501	0612571
065320502	0612572
065320503	0612573
065320504	0612574
065320601	0612575
065320602	0612576
065320603	0612577
065320604	0612578
065320701	0612579
065320801	0612580
065320802	0612581
065320803	0612582
065320804	0612583
065320805	0612584
065320901	0612585
065320902	0612586
065320903	0612587
065320904	0612588
065320905	0612589
065320906	0612590
065320907	0612591
065320908	0612592
065320909	0612593
065320910	0612594
065320911	0612595
065320912	0612596
065321001	0612597
065321002	0612598
065321003	0612599
065321004	0612600
065321005	0612601
065321101	0612602
065321102	0612603
065321103	0612604
065321104	0612605
065321201	0612606
065321202	0612607
065321203	0612608
065321301	0612609
065321302	0612610
065321303	0612611
065321401	0612612
065321402	0612613
065321403	0612614
065321404	0612615
065321405	0612616
065321406	0612617
065321407	0612618
065321408	0612619
065321501	0612620
065321502	0612621
065321503	0612622
065321504	0612623
065321505	0612624
065321506	0612625
065321507	0612626
065321508	0612627
065321509	0612628
065321510	0612629
065321511	0612630
065321512	0612631
065390101	0612632
065390102	0612633
065390103	0612634
065390104	0612635
065390105	0612636
065390106	0612637
065390107	0612638
065390108	0612639
065390109	0612640
065390110	0612641
065390111	0612642
065390112	0612643
065390113	0612644
065390114	0612645
065390201	0612646
065390202	0612647
065390203	0612648
065390204	0612649
065602309	0612650
065602310	0612651
065602311	0612652
065602312	0612653
065602313	0612654
065602314	0612655
065602315	0612656
065602316	0612657
065602317	0612658
065602401	0612659
065602402	0612660
065602403	0612661
065602404	0612662
065602405	0612663
065602406	0612664
065602407	0612665
065602408	0612666
065602409	0612667
065602410	0612668
065602411	0612669
065602412	0612670
065602413	0612671
065602414	0612672
065681610	0612673
065681611	0612674
065681612	0612675
065681701	0612676
065681702	0612677
065681703	0612678
065681704	0612679
065681705	0612680
065681706	0612681
065681707	0612682
065681708	0612683
065681709	0612684
065681710	0612685
065681711	0612686
065681712	0612687
065681801	0612688
065681802	0612689
065681803	0612690
065681804	0612691
065681805	0612692
065681806	0612693
065681807	0612694
065681808	0612695
066581610	0612696
066581611	0612697
066581612	0612698
066581701	0612699
066581702	0612700
066581703	0612701
066581704	0612702
066581705	0612703
066581706	0612704
066581707	0612705
066581708	0612706
066581709	0612707
066581710	0612708
066581711	0612709
066581712	0612710
066581801	0612711
066581802	0612712
066581803	0612713
066581804	0612714
066581805	0612715
066581806	0612716
066581807	0612717
066581808	0612718
067350306	0612719
067350307	0612720
067350308	0612721
067350401	0612722
067350402	0612723
067350403	0612724
067350404	0612725
067350501	0612726
067350502	0612727
067350503	0612728
067350504	0612729
067350601	0612730
067350602	0612731
067350603	0612732
067350701	0612733
067350702	0612734
067350703	0612735
067350704	0612736
067350705	0612737
067350706	0612738
067350707	0612739
067350708	0612740
067350709	0612741
067350710	0612742
067420101	0612743
067560606	0612744
067560607	0612745
067560608	0612746
067560609	0612747
067560610	0612748
067560611	0612749
067560612	0612750
067560701	0612751
067560702	0612752
067560703	0612753
067560704	0612754
067560705	0612755
067560706	0612756
067560707	0612757
067560708	0612758
067560709	0612759
067560710	0612760
067560801	0612761
067560802	0612762
067560803	0612763
067560804	0612764
067560805	0612765
067560806	0612766
067562001	0612767
067562002	0612768
067562003	0612769
067562004	0612770
067562005	0612771
067562006	0612772
067562007	0612773
067562008	0612774
067562009	0612775
067562101	0612776
067562102	0612777
067562103	0612778
067562104	0612779
067562105	0612780
067562106	0612781
067562107	0612782
067562108	0612783
067562109	0612784
067562110	0612785
067562111	0612786
067562201	0612787
067562202	0612788
067562203	0612789
068330502	0612790
068330503	0612791
068330601	0612792
068330602	0612793
068330603	0612794
068330604	0612795
068330701	0612796
068330702	0612797
068330703	0612798
068330704	0612799
068330705	0612800
068330706	0612801
068330801	0612802
068330802	0612803
068330803	0612804
068330901	0612805
068330902	0612806
068330903	0612807
068331001	0612808
068331002	0612809
068331003	0612810
068331004	0612811
068331005	0612812
068331006	0612813
068331007	0612814
065390205	0612815
065390206	0612816
065390207	0612817
065390208	0612818
065390209	0612819
065390210	0612820
065390211	0612821
065390212	0612822
065390213	0612823
065390214	0612824
065390301	0612825
065390302	0612826
065390303	0612827
065390304	0612828
065390305	0612829
065390306	0612830
065390307	0612831
065390308	0612832
065390309	0612833
065390310	0612834
065390311	0612835
065390401	0612836
065390402	0612837
065390403	0612838
065390404	0612839
065390405	0612840
065390406	0612841
065390407	0612842
065390408	0612843
065390409	0612844
065390410	0612845
065390411	0612846
065390412	0612847
065390413	0612848
065390414	0612849
065390501	0612850
065390502	0612851
065390503	0612852
065390504	0612853
065390505	0612854
065390506	0612855
065390507	0612856
065390508	0612857
065390509	0612858
065390601	0612859
065390602	0612860
065390603	0612861
065390604	0612862
065390605	0612863
065390606	0612864
065390607	0612865
065390608	0612866
065390609	0612867
065390701	0612868
065390702	0612869
065390703	0612870
065390704	0612871
065390705	0612872
065390706	0612873
065390707	0612874
065390708	0612875
065390709	0612876
065390801	0612877
065390802	0612878
065390803	0612879
065390804	0612880
065390805	0612881
065390806	0612882
065390807	0612883
065390808	0612884
065390809	0612885
065390810	0612886
065390811	0612887
065390812	0612888
065390813	0612889
065390814	0612890
065390815	0612891
065390901	0612892
065390902	0612893
065390903	0612894
065390904	0612895
065390905	0612896
065390906	0612897
065390907	0612898
065390908	0612899
065391209	0612900
065391210	0612901
065391211	0612902
065391212	0612903
065391213	0612904
065391214	0612905
065391215	0612906
065391301	0612907
065391302	0612908
065391303	0612909
065391304	0612910
065391305	0612911
065391306	0612912
065391307	0612913
065391308	0612914
065391309	0612915
065391401	0612916
065391402	0612917
065391403	0612918
065391404	0612919
065391405	0612920
065391406	0612921
065391407	0612922
065391408	0612923
065391409	0612924
065391410	0612925
065391411	0612926
065391412	0612927
065391413	0612928
065391414	0612929
065391415	0612930
065391416	0612931
065391501	0612932
065391502	0612933
065391503	0612934
065391504	0612935
065391505	0612936
065391506	0612937
065391507	0612938
065391508	0612939
065391509	0612940
065391510	0612941
065391511	0612942
065391601	0612943
065391602	0612944
065391603	0612945
065391604	0612946
065391605	0612947
065391606	0612948
065391607	0612949
065391608	0612950
065391609	0612951
065391610	0612952
065391611	0612953
065391701	0612954
065391702	0612955
065391703	0612956
065391704	0612957
065391705	0612958
065391706	0612959
065391707	0612960
065391708	0612961
065391709	0612962
065391710	0612963
065391711	0612964
065391712	0612965
065391713	0612966
065391714	0612967
065391715	0612968
065391716	0612969
065391717	0612970
065391801	0612971
065391802	0612972
065391803	0612973
065391804	0612974
065391805	0612975
065391806	0612976
065391807	0612977
065391808	0612978
065391809	0612979
065391901	0612980
065391902	0612981
065391903	0612982
065391904	0612983
065391905	0612984
065391906	0612985
065391907	0612986
065391908	0612987
065391909	0612988
065392001	0612989
065392002	0612990
065392003	0612991
065392004	0612992
065392005	0612993
065392006	0612994
065392007	0612995
065392008	0612996
065392009	0612997
065392010	0612998
065392011	0612999
065392012	0613000
065392013	0613001
065392014	0613002
065392101	0613003
065392102	0613004
065392103	0613005
065392104	0613006
065392105	0613007
065392106	0613008
065392107	0613009
065392108	0613010
065392201	0613011
065392202	0613012
065392203	0613013
065392204	0613014
065392205	0613015
065392206	0613016
065392207	0613017
065392208	0613018
065392301	0613019
065392302	0613020
065392303	0613021
065392304	0613022
065392305	0613023
065392306	0613024
065392307	0613025
065392308	0613026
065392309	0613027
065392310	0613028
065392311	0613029
065392312	0613030
065392313	0613031
065392314	0613032
065392401	0613033
065392402	0613034
065392403	0613035
065392404	0613036
065392405	0613037
065392406	0613038
065392407	0613039
065392408	0613040
065392409	0613041
065392410	0613042
065392411	0613043
065392412	0613044
065392413	0613045
065392414	0613046
065392415	0613047
065392501	0613048
065392502	0613049
065392503	0613050
065392504	0613051
065392505	0613052
065392506	0613053
065392507	0613054
065392508	0613055
065392509	0613056
065392510	0613057
065392511	0613058
065392512	0613059
065392601	0613060
065392602	0613061
065392603	0613062
065392604	0613063
065392605	0613064
065392606	0613065
065392607	0613066
065392608	0613067
065392609	0613068
065392610	0613069
065392611	0613070
065392612	0613071
065392613	0613072
065392614	0613073
065392701	0613074
065392702	0613075
065392703	0613076
065392704	0613077
065392705	0613078
065392706	0613079
065392707	0613080
065392708	0613081
065392709	0613082
065392710	0613083
065392711	0613084
065392712	0613085
065392801	0613086
065392802	0613087
065392803	0613088
065392804	0613089
065392805	0613090
065392806	0613091
065392807	0613092
065392808	0613093
065392809	0613094
065392810	0613095
065392811	0613096
065392812	0613097
065392901	0613098
065392902	0613099
065392903	0613100
065392904	0613101
065392905	0613102
065392906	0613103
065392907	0613104
065392908	0613105
065392909	0613106
065392910	0613107
065392911	0613108
065392912	0613109
065392913	0613110
065392914	0613111
065392915	0613112
065392916	0613113
065392917	0613114
065392918	0613115
065392919	0613116
065392920	0613117
065392921	0613118
065392922	0613119
065392923	0613120
065392924	0613121
065392925	0613122
065393001	0613123
065393002	0613124
065393003	0613125
065393004	0613126
065393005	0613127
065393006	0613128
065393007	0613129
065393008	0613130
065393009	0613131
065393010	0613132
065393011	0613133
065393012	0613134
065393013	0613135
065393014	0613136
065393015	0613137
065393016	0613138
065393101	0613139
065393102	0613140
065393103	0613141
065393104	0613142
065393105	0613143
065393106	0613144
065393107	0613145
065393108	0613146
065393109	0613147
065393110	0613148
065393111	0613149
065393112	0613150
065393113	0613151
065393114	0613152
065393115	0613153
065393116	0613154
065393117	0613155
065393201	0613156
065393202	0613157
065393203	0613158
065393204	0613159
065393205	0613160
065393206	0613161
065393207	0613162
065393208	0613163
065393209	0613164
065393210	0613165
065393211	0613166
065393212	0613167
065393213	0613168
065393214	0613169
065393215	0613170
065393301	0613171
065393302	0613172
065393303	0613173
065393304	0613174
065393305	0613175
065393306	0613176
065393307	0613177
065393308	0613178
065393309	0613179
065393310	0613180
065393311	0613181
065393312	0613182
065393313	0613183
065393314	0613184
065393315	0613185
065393316	0613186
065393401	0613187
065393402	0613188
065393403	0613189
065393404	0613190
065393405	0613191
065393406	0613192
065393407	0613193
065393408	0613194
065393409	0613195
065393410	0613196
065393411	0613197
065393412	0613198
065393413	0613199
065393414	0613200
065393415	0613201
065393416	0613202
065393417	0613203
065393418	0613204
065470101	0613205
065470102	0613206
065470201	0613207
065470202	0613208
065470203	0613209
065470301	0613210
065470302	0613211
065470303	0613212
065470304	0613213
065470305	0613214
065530204	0613215
065530205	0613216
065530301	0613217
065530302	0613218
065530303	0613219
065530304	0613220
065530305	0613221
065530306	0613222
065530307	0613223
065530308	0613224
065530309	0613225
065530310	0613226
065530311	0613227
065530312	0613228
065530313	0613229
065530314	0613230
065600101	0613231
065600102	0613232
065600103	0613233
065600104	0613234
065600105	0613235
065600106	0613236
065600107	0613237
065600108	0613238
065600109	0613239
065600110	0613240
065600111	0613241
065600112	0613242
065600113	0613243
065600114	0613244
065600115	0613245
065600201	0613246
065600202	0613247
065600203	0613248
065600204	0613249
065600205	0613250
065600206	0613251
065600207	0613252
065600208	0613253
065600209	0613254
065600210	0613255
065600211	0613256
065600212	0613257
065600213	0613258
065600214	0613259
065600215	0613260
065600216	0613261
065600301	0613262
065600302	0613263
065600303	0613264
065600304	0613265
065600305	0613266
065600306	0613267
065600307	0613268
065600308	0613269
065600309	0613270
065600310	0613271
065600311	0613272
065600312	0613273
065600313	0613274
065600314	0613275
065600315	0613276
065600316	0613277
065600401	0613278
065600402	0613279
065600403	0613280
065600404	0613281
065600405	0613282
065600406	0613283
065600407	0613284
065600408	0613285
065600409	0613286
065600410	0613287
065600411	0613288
065600412	0613289
065600413	0613290
065600414	0613291
065600415	0613292
065600416	0613293
065600417	0613294
065600418	0613295
065600419	0613296
065600420	0613297
065600501	0613298
065600502	0613299
065600503	0613300
065600504	0613301
065600505	0613302
065600506	0613303
065600507	0613304
065600508	0613305
065600509	0613306
065600510	0613307
065600511	0613308
065600512	0613309
065600513	0613310
065600514	0613311
065600515	0613312
065600601	0613313
065600602	0613314
065600603	0613315
065600604	0613316
065600605	0613317
065600606	0613318
065600607	0613319
065600608	0613320
065600609	0613321
065600610	0613322
065600611	0613323
065600612	0613324
065600613	0613325
065600614	0613326
065600615	0613327
065600616	0613328
065600617	0613329
065600618	0613330
065600701	0613331
065600702	0613332
065600703	0613333
065600704	0613334
065600705	0613335
065600706	0613336
065600707	0613337
065600708	0613338
065600709	0613339
065600710	0613340
065600711	0613341
065600712	0613342
065600713	0613343
065600714	0613344
065600715	0613345
065600716	0613346
065600717	0613347
065600718	0613348
065600801	0613349
065600802	0613350
065600803	0613351
065600804	0613352
065600805	0613353
065600806	0613354
065600807	0613355
065600808	0613356
065600809	0613357
065600810	0613358
065600811	0613359
065600812	0613360
065600901	0613361
065600902	0613362
065600903	0613363
065600904	0613364
065600905	0613365
065600906	0613366
065600907	0613367
065600908	0613368
065600909	0613369
065600910	0613370
065600911	0613371
065600912	0613372
065601001	0613373
065601002	0613374
065601003	0613375
065601004	0613376
065601005	0613377
065601006	0613378
065601007	0613379
065601008	0613380
065601009	0613381
065601010	0613382
065601011	0613383
065601012	0613384
065601013	0613385
065601101	0613386
065601102	0613387
065601103	0613388
065601104	0613389
065601105	0613390
065601106	0613391
065601107	0613392
065601108	0613393
065601109	0613394
065601411	0613395
065601412	0613396
065601413	0613397
065601414	0613398
065601501	0613399
065601502	0613400
065601503	0613401
065601504	0613402
065601505	0613403
065601506	0613404
065601507	0613405
065601508	0613406
065601509	0613407
065601510	0613408
065601511	0613409
065601512	0613410
065601513	0613411
065601514	0613412
065601515	0613413
065601516	0613414
065601601	0613415
065601602	0613416
065601603	0613417
065601604	0613418
065601605	0613419
065601606	0613420
065601607	0613421
065601608	0613422
065601609	0613423
065601610	0613424
065601611	0613425
065601612	0613426
065601613	0613427
065601614	0613428
065601615	0613429
065601616	0613430
065601701	0613431
065601702	0613432
065601703	0613433
065601704	0613434
065601705	0613435
065601706	0613436
065601707	0613437
065601708	0613438
065601709	0613439
065601710	0613440
065601711	0613441
065601712	0613442
065601713	0613443
065601714	0613444
065601715	0613445
065601716	0613446
065601717	0613447
065601718	0613448
065601719	0613449
065601720	0613450
065601721	0613451
065601722	0613452
065601723	0613453
065601724	0613454
065601801	0613455
065601802	0613456
065601803	0613457
065601804	0613458
065601805	0613459
065601806	0613460
065601807	0613461
065601808	0613462
065601809	0613463
065601810	0613464
065601811	0613465
065601812	0613466
065601813	0613467
065601814	0613468
065601815	0613469
065601901	0613470
065601902	0613471
065601903	0613472
065601904	0613473
065601905	0613474
065601906	0613475
065601907	0613476
065601908	0613477
065601909	0613478
065601910	0613479
065601911	0613480
065601912	0613481
065601913	0613482
065601914	0613483
065601915	0613484
065601916	0613485
065601917	0613486
065601918	0613487
065601919	0613488
065601920	0613489
065602001	0613490
065602002	0613491
065602003	0613492
065602004	0613493
065602005	0613494
065602006	0613495
065602007	0613496
065602008	0613497
065602009	0613498
065602010	0613499
065602011	0613500
065602012	0613501
065602013	0613502
065602014	0613503
065602101	0613504
065602102	0613505
065602103	0613506
065602104	0613507
065602105	0613508
065602106	0613509
065602107	0613510
065602108	0613511
065602109	0613512
065602110	0613513
065602111	0613514
065602112	0613515
065602113	0613516
065602201	0613517
065602202	0613518
065602203	0613519
065602204	0613520
065602205	0613521
065602206	0613522
065602207	0613523
065602208	0613524
065602209	0613525
065602210	0613526
065602301	0613527
065602302	0613528
065602303	0613529
065602304	0613530
065602305	0613531
065602306	0613532
065602307	0613533
065602308	0613534
065602415	0613535
065602416	0613536
065602417	0613537
065602501	0613538
065602502	0613539
065602503	0613540
065602504	0613541
065602505	0613542
065602506	0613543
065602507	0613544
065602508	0613545
065602509	0613546
065602510	0613547
065602511	0613548
065602512	0613549
065602513	0613550
065602514	0613551
065680101	0613552
065680102	0613553
065680103	0613554
065680201	0613555
065680202	0613556
065680203	0613557
065680204	0613558
065680205	0613559
065680206	0613560
065680207	0613561
065680208	0613562
065680209	0613563
065680210	0613564
065680211	0613565
065680212	0613566
065680301	0613567
065680302	0613568
065680303	0613569
065680304	0613570
065680305	0613571
065680306	0613572
065680307	0613573
065680308	0613574
065680309	0613575
065680310	0613576
065680311	0613577
065680312	0613578
065680313	0613579
065680314	0613580
065680315	0613581
065680316	0613582
065680401	0613583
065680402	0613584
065680403	0613585
065680404	0613586
065680405	0613587
065680406	0613588
065680407	0613589
065680408	0613590
065680409	0613591
065680410	0613592
065680411	0613593
065680501	0613594
065680502	0613595
065680503	0613596
065680504	0613597
065680505	0613598
065680506	0613599
065680507	0613600
065680508	0613601
065680509	0613602
065680510	0613603
065680601	0613604
065680602	0613605
065680603	0613606
065680604	0613607
065680605	0613608
065680606	0613609
065680607	0613610
065680608	0613611
065680609	0613612
065680610	0613613
065680611	0613614
065680701	0613615
065680702	0613616
065680703	0613617
065680704	0613618
065680705	0613619
065680706	0613620
065680707	0613621
065680708	0613622
065680801	0613623
065680802	0613624
065680803	0613625
065680804	0613626
065680805	0613627
065680806	0613628
065680807	0613629
065680808	0613630
065680901	0613631
065680902	0613632
065680903	0613633
065680904	0613634
065680905	0613635
065680906	0613636
065680907	0613637
065680908	0613638
065680909	0613639
065680910	0613640
065680911	0613641
065680912	0613642
065681001	0613643
065681002	0613644
065681003	0613645
065681004	0613646
065681005	0613647
065681006	0613648
065681007	0613649
065681008	0613650
065681009	0613651
065681010	0613652
065681011	0613653
065681012	0613654
065681013	0613655
065681014	0613656
065681015	0613657
065681016	0613658
065681017	0613659
065681101	0613660
065681102	0613661
065681103	0613662
065681104	0613663
065681105	0613664
065681106	0613665
065681107	0613666
065681108	0613667
065681109	0613668
065681110	0613669
065681111	0613670
065681112	0613671
065681201	0613672
065681202	0613673
065681203	0613674
065681204	0613675
065681205	0613676
065681206	0613677
065681207	0613678
065681208	0613679
065681209	0613680
065681210	0613681
065681301	0613682
065681302	0613683
065681303	0613684
065681304	0613685
065681305	0613686
065681306	0613687
065681307	0613688
065681308	0613689
065681309	0613690
065681310	0613691
065681401	0613692
065681402	0613693
065681403	0613694
065681404	0613695
065681405	0613696
065681406	0613697
065681407	0613698
065681408	0613699
065681409	0613700
065681410	0613701
065681501	0613702
065681502	0613703
065681503	0613704
065681504	0613705
065681505	0613706
065681506	0613707
065681507	0613708
065681508	0613709
065681509	0613710
065681510	0613711
065681601	0613712
065681602	0613713
065681603	0613714
065681604	0613715
065681605	0613716
065681606	0613717
065681607	0613718
065681608	0613719
065681609	0613720
065681809	0613721
065681810	0613722
065681811	0613723
065681812	0613724
065681813	0613725
065681814	0613726
065681901	0613727
065681902	0613728
065681903	0613729
065681904	0613730
065681905	0613731
065681906	0613732
065681907	0613733
065681908	0613734
065681909	0613735
065681910	0613736
065681911	0613737
065682001	0613738
065682002	0613739
065682003	0613740
065682004	0613741
065682005	0613742
065682006	0613743
065682007	0613744
065682008	0613745
065682009	0613746
065682010	0613747
065682011	0613748
065682012	0613749
065682013	0613750
065682014	0613751
065682101	0613752
065682102	0613753
065682103	0613754
065682104	0613755
065682105	0613756
065682106	0613757
065682107	0613758
065682108	0613759
065682109	0613760
065682110	0613761
065682111	0613762
065682112	0613763
065682113	0613764
065682201	0613765
065682202	0613766
065682203	0613767
065682204	0613768
065682205	0613769
065682206	0613770
065682207	0613771
065682208	0613772
065682209	0613773
065682210	0613774
065682211	0613775
065682212	0613776
065682213	0613777
065682214	0613778
065682215	0613779
065682216	0613780
065682217	0613781
065682218	0613782
065682301	0613783
065682302	0613784
065682303	0613785
065682304	0613786
065682305	0613787
065682306	0613788
065682307	0613789
065682308	0613790
065682309	0613791
065682310	0613792
065682311	0613793
065682401	0613794
065682402	0613795
065682403	0613796
065682404	0613797
065682405	0613798
065682406	0613799
065682407	0613800
065682408	0613801
065682409	0613802
065682410	0613803
065682501	0613804
065682502	0613805
065682503	0613806
065682504	0613807
065682505	0613808
065682506	0613809
065682507	0613810
065682508	0613811
065682509	0613812
065682510	0613813
065682511	0613814
065682512	0613815
065682601	0613816
065682602	0613817
065682603	0613818
065682604	0613819
065682605	0613820
065682606	0613821
065682607	0613822
065682608	0613823
065682609	0613824
065682610	0613825
065682611	0613826
065682612	0613827
065682701	0613828
065682702	0613829
065682703	0613830
065682704	0613831
065682705	0613832
065682706	0613833
065682707	0613834
065682708	0613835
065682709	0613836
065682710	0613837
065682711	0613838
065682801	0613839
065682802	0613840
065682803	0613841
065682804	0613842
065682805	0613843
065682806	0613844
065682807	0613845
065682808	0613846
065682809	0613847
065682810	0613848
065682901	0613849
065682902	0613850
065682903	0613851
065682904	0613852
065682905	0613853
065682906	0613854
065682907	0613855
065682908	0613856
065682909	0613857
065682910	0613858
065682911	0613859
065682912	0613860
065682913	0613861
065682914	0613862
065683001	0613863
065683002	0613864
065683003	0613865
065683004	0613866
065683005	0613867
065683006	0613868
065683007	0613869
065683008	0613870
065683009	0613871
065683010	0613872
065683011	0613873
065683101	0613874
065683102	0613875
065683103	0613876
065683104	0613877
065683105	0613878
065683106	0613879
065683107	0613880
065683108	0613881
065683109	0613882
065683110	0613883
065683111	0613884
065683112	0613885
065740101	0613886
065740102	0613887
065740201	0613888
065740202	0613889
065740301	0613890
065740302	0613891
065740303	0613892
065740401	0613893
065740402	0613894
065740403	0613895
065740404	0613896
065740405	0613897
065740406	0613898
065740407	0613899
065740408	0613900
065740409	0613901
065740410	0613902
065740411	0613903
065740412	0613904
065740413	0613905
065740414	0613906
065740415	0613907
065740416	0613908
065740501	0613909
065740502	0613910
065740503	0613911
065740601	0613912
065740602	0613913
065740701	0613914
065740702	0613915
065740703	0613916
065740704	0613917
065740705	0613918
065740706	0613919
065740707	0613920
065740708	0613921
065740801	0613922
065740802	0613923
065740803	0613924
065740804	0613925
065740805	0613926
065740901	0613927
065740902	0613928
065740903	0613929
065810101	0613930
065810102	0613931
065810103	0613932
065810104	0613933
065810105	0613934
065810106	0613935
065810107	0613936
065810108	0613937
065810109	0613938
065810110	0613939
065810111	0613940
065810201	0613941
065810202	0613942
065810203	0613943
065810204	0613944
065810205	0613945
065810206	0613946
065810207	0613947
065810208	0613948
065810209	0613949
065810210	0613950
065810211	0613951
065810212	0613952
065810301	0613953
065810302	0613954
065810303	0613955
065810304	0613956
065810305	0613957
065810306	0613958
065810307	0613959
065810308	0613960
065810401	0613961
065810402	0613962
065810403	0613963
065810404	0613964
065810405	0613965
065810406	0613966
065810407	0613967
065810408	0613968
065810409	0613969
065810410	0613970
065810411	0613971
065810501	0613972
065810502	0613973
065810503	0613974
065810504	0613975
065810505	0613976
065810506	0613977
065810507	0613978
065810508	0613979
065810601	0613980
065810602	0613981
065810603	0613982
065810604	0613983
065810701	0613984
065810702	0613985
065810703	0613986
065810704	0613987
065810705	0613988
065810706	0613989
065810707	0613990
065810708	0613991
065810709	0613992
065810710	0613993
065810711	0613994
065810712	0613995
065810801	0613996
065810802	0613997
065810803	0613998
065810804	0613999
065810805	0614000
065810806	0614001
065810807	0614002
065810808	0614003
065810809	0614004
065810810	0614005
065810901	0614006
065810902	0614007
065810903	0614008
065810904	0614009
065810905	0614010
065810906	0614011
065810907	0614012
065810908	0614013
065810909	0614014
065810910	0614015
065810911	0614016
065810912	0614017
065810913	0614018
065811001	0614019
065811002	0614020
065811003	0614021
065811004	0614022
065811005	0614023
065811006	0614024
065811101	0614025
065811102	0614026
065811103	0614027
065811104	0614028
065811105	0614029
065811106	0614030
065811107	0614031
065811108	0614032
065811109	0614033
065811201	0614034
065811202	0614035
065811203	0614036
065811204	0614037
065811205	0614038
065811206	0614039
065811207	0614040
065811301	0614041
065811302	0614042
065811303	0614043
065811304	0614044
065811305	0614045
065811306	0614046
065811307	0614047
065811308	0614048
065811309	0614049
065811310	0614050
065811311	0614051
065811401	0614052
065811402	0614053
065811403	0614054
065811404	0614055
065811405	0614056
065811406	0614057
065811407	0614058
065811408	0614059
065811409	0614060
065811410	0614061
065811411	0614062
065811412	0614063
065811501	0614064
065811502	0614065
065811503	0614066
065811504	0614067
065811505	0614068
065811506	0614069
065811507	0614070
065811508	0614071
065811509	0614072
065811510	0614073
065811511	0614074
065811601	0614075
065811602	0614076
065811603	0614077
065811604	0614078
065811605	0614079
065811606	0614080
065811607	0614081
065811608	0614082
065811701	0614083
065811702	0614084
065811703	0614085
065811704	0614086
065811705	0614087
065811706	0614088
065811707	0614089
065811708	0614090
065811709	0614091
065811710	0614092
065811711	0614093
065811801	0614094
065811802	0614095
065811803	0614096
065811804	0614097
065811805	0614098
065811806	0614099
065811807	0614100
065811808	0614101
065811809	0614102
065811901	0614103
065811902	0614104
065811903	0614105
065811904	0614106
065811905	0614107
065811906	0614108
065811907	0614109
065811908	0614110
065811909	0614111
065811910	0614112
065811911	0614113
065811912	0614114
065880101	0614115
065880102	0614116
065880103	0614117
065880104	0614118
065880105	0614119
065880106	0614120
065880107	0614121
065880108	0614122
065880109	0614123
065880110	0614124
065880111	0614125
065880112	0614126
065880113	0614127
065880114	0614128
065880115	0614129
065880116	0614130
065880117	0614131
065880201	0614132
065880202	0614133
065880203	0614134
065880204	0614135
065880205	0614136
065880206	0614137
065880207	0614138
065880208	0614139
065880301	0614140
065880302	0614141
065880303	0614142
065880304	0614143
065880305	0614144
065880306	0614145
065880307	0614146
065880308	0614147
065880309	0614148
065880401	0614149
065880501	0614150
065880502	0614151
065880503	0614152
065880504	0614153
065880505	0614154
065880601	0614155
065880701	0614156
065880702	0614157
065880703	0614158
065880801	0614159
065880802	0614160
065880901	0614161
065880902	0614162
065880903	0614163
065880904	0614164
065880905	0614165
065880906	0614166
065880907	0614167
065880908	0614168
065880909	0614169
065880910	0614170
065880911	0614171
065880912	0614172
065880913	0614173
065880914	0614174
065880915	0614175
065881001	0614176
065881002	0614177
065881003	0614178
065881004	0614179
065881005	0614180
065881006	0614181
065881007	0614182
065881008	0614183
065881009	0614184
065881010	0614185
065881011	0614186
065881012	0614187
065881101	0614188
065881102	0614189
065881201	0614190
065881202	0614191
065881203	0614192
065881301	0614193
065881302	0614194
065881303	0614195
065881304	0614196
065881305	0614197
065881401	0614198
065881402	0614199
065881403	0614200
065881404	0614201
065881501	0614202
065881502	0614203
065881503	0614204
065881504	0614205
065881601	0614206
065881602	0614207
065881603	0614208
065881604	0614209
065881605	0614210
065881606	0614211
065881607	0614212
065881608	0614213
065881609	0614214
065881701	0614215
065881702	0614216
065881703	0614217
065881704	0614218
065881705	0614219
065881706	0614220
065881707	0614221
065881708	0614222
065950101	0614223
065950102	0614224
065950103	0614225
065950104	0614226
065950105	0614227
065950106	0614228
065950107	0614229
065950108	0614230
065950109	0614231
065950110	0614232
065950201	0614233
065950202	0614234
065950203	0614235
065950204	0614236
065950205	0614237
065950206	0614238
065950207	0614239
065950208	0614240
065950209	0614241
065950210	0614242
065950211	0614243
065950212	0614244
065950213	0614245
065950214	0614246
065950215	0614247
065950301	0614248
065950302	0614249
065950303	0614250
065950304	0614251
065950305	0614252
065950306	0614253
065950307	0614254
065950308	0614255
065950309	0614256
065950310	0614257
065950311	0614258
065950312	0614259
065950313	0614260
065950401	0614261
065950402	0614262
065950403	0614263
065950404	0614264
065950405	0614265
065950406	0614266
065950407	0614267
065950408	0614268
065950409	0614269
065950410	0614270
065950411	0614271
065950412	0614272
065950413	0614273
065950501	0614274
065950601	0614275
065950602	0614276
065950603	0614277
065950701	0614278
065950801	0614279
065950802	0614280
065950901	0614281
065951001	0614282
065951101	0614283
065951201	0614284
065951301	0614285
065951401	0614286
065951501	0614287
065951601	0614288
065951602	0614289
065951603	0614290
065951604	0614291
065951605	0614292
065951606	0614293
065951607	0614294
065951608	0614295
065951609	0614296
065951610	0614297
065951611	0614298
065951612	0614299
065951613	0614300
065951701	0614301
065951801	0614302
065951802	0614303
065951803	0614304
065951804	0614305
065951903	0614306
065951904	0614307
065951905	0614308
065951906	0614309
065951907	0614310
065951908	0614311
065951909	0614312
065951910	0614313
065951911	0614314
065951912	0614315
065951913	0614316
065951914	0614317
065952001	0614318
065952002	0614319
065952101	0614320
065952102	0614321
065952103	0614322
065952104	0614323
065952105	0614324
065952106	0614325
065952201	0614326
065952301	0614327
065952401	0614328
065952402	0614329
065952403	0614330
065952404	0614331
065952405	0614332
065952406	0614333
065952407	0614334
065952408	0614335
065952409	0614336
065952410	0614337
065952411	0614338
065952412	0614339
065952501	0614340
065952502	0614341
065952503	0614342
065952504	0614343
065952505	0614344
065952506	0614345
065952507	0614346
065952508	0614347
065952509	0614348
065952510	0614349
065952511	0614350
065952512	0614351
065952513	0614352
065952601	0614353
065952602	0614354
065952603	0614355
065952604	0614356
065952605	0614357
065952606	0614358
065952607	0614359
065952608	0614360
065952609	0614361
065952610	0614362
065952611	0614363
065952612	0614364
065952613	0614365
065952614	0614366
065952701	0614367
065952702	0614368
065952703	0614369
065952704	0614370
065952705	0614371
065952706	0614372
065952707	0614373
065952708	0614374
065952709	0614375
065952710	0614376
065952711	0614377
065952712	0614378
066020101	0614379
066020201	0614380
066020202	0614381
066020203	0614382
066020204	0614383
066020205	0614384
066020206	0614385
066020207	0614386
066020301	0614387
066020302	0614388
066020303	0614389
066020304	0614390
066020305	0614391
066020306	0614392
066020307	0614393
066020308	0614394
066020309	0614395
066020401	0614396
066020501	0614397
066020601	0614398
066020701	0614399
066020801	0614400
066020802	0614401
066020803	0614402
066020804	0614403
066020805	0614404
066020806	0614405
066020901	0614406
066020902	0614407
066020903	0614408
066021001	0614409
066021101	0614410
066021102	0614411
066021103	0614412
066021104	0614413
066021105	0614414
066021106	0614415
066021107	0614416
066021108	0614417
066021109	0614418
066021110	0614419
066021111	0614420
066021112	0614421
066021113	0614422
066021201	0614423
066021301	0614424
066021401	0614425
066021402	0614426
066021403	0614427
066021404	0614428
066021405	0614429
066021406	0614430
066021501	0614431
066021601	0614432
066021602	0614433
066021603	0614434
066021604	0614435
066021605	0614436
066021606	0614437
066021607	0614438
066021608	0614439
066021609	0614440
066021610	0614441
066021611	0614442
066021612	0614443
066090101	0614444
066090102	0614445
066090103	0614446
066090104	0614447
066090105	0614448
066090106	0614449
066090107	0614450
066090108	0614451
066090109	0614452
066090110	0614453
066090201	0614454
066090202	0614455
066090203	0614456
066090204	0614457
066090205	0614458
066090206	0614459
066090207	0614460
066090208	0614461
066090209	0614462
066090210	0614463
066090211	0614464
066090212	0614465
066090213	0614466
066090214	0614467
066090215	0614468
066090301	0614469
066090302	0614470
066090303	0614471
066090304	0614472
066090401	0614473
066090402	0614474
066090403	0614475
066090404	0614476
066090501	0614477
066090502	0614478
066090503	0614479
066090601	0614480
066090602	0614481
066090603	0614482
066090604	0614483
066090605	0614484
066090606	0614485
066090607	0614486
066090608	0614487
066090609	0614488
066090610	0614489
066090611	0614490
066090612	0614491
066090613	0614492
066090701	0614493
066090702	0614494
066090703	0614495
066090704	0614496
066090705	0614497
066090801	0614498
066090802	0614499
066090803	0614500
066090804	0614501
066090901	0614502
066090902	0614503
066090903	0614504
066090904	0614505
066090905	0614506
066090906	0614507
066091001	0614508
066091002	0614509
066091003	0614510
066091004	0614511
066091005	0614512
066091006	0614513
066091007	0614514
066091101	0614515
066091102	0614516
066091201	0614517
066091202	0614518
066091301	0614519
066091302	0614520
066091303	0614521
066091304	0614522
066091305	0614523
066091306	0614524
066091401	0614525
066091402	0614526
066091501	0614527
066091502	0614528
066091503	0614529
066091601	0614530
066091602	0614531
066091603	0614532
066091604	0614533
066091701	0614534
066091702	0614535
066091703	0614536
066091704	0614537
066091705	0614538
066091706	0614539
066091707	0614540
066091708	0614541
066091709	0614542
066091801	0614543
066091802	0614544
066091901	0614545
066091902	0614546
066091903	0614547
066091904	0614548
066091905	0614549
066091906	0614550
066091907	0614551
066091908	0614552
066091909	0614553
066160101	0614554
066160102	0614555
066160103	0614556
066160104	0614557
066160105	0614558
066160106	0614559
066160107	0614560
066160108	0614561
066160109	0614562
066160110	0614563
066160201	0614564
066160202	0614565
066160301	0614566
066160302	0614567
066160303	0614568
066160304	0614569
066160305	0614570
066160306	0614571
066160307	0614572
066160308	0614573
066160309	0614574
066230101	0614575
066230102	0614576
066230103	0614577
066230104	0614578
066230105	0614579
066230106	0614580
066230107	0614581
066230108	0614582
066230109	0614583
066230110	0614584
066230111	0614585
066230112	0614586
066230201	0614587
066230202	0614588
066230203	0614589
066230204	0614590
066230205	0614591
066230206	0614592
066230207	0614593
066230208	0614594
066230209	0614595
066230301	0614596
066230302	0614597
066230303	0614598
066230304	0614599
066230305	0614600
066230306	0614601
066230307	0614602
066230308	0614603
066230309	0614604
066230310	0614605
066230311	0614606
066230401	0614607
066230402	0614608
066230403	0614609
066230404	0614610
066230405	0614611
066230406	0614612
066230407	0614613
066230408	0614614
066230409	0614615
066230410	0614616
066230501	0614617
066230502	0614618
066230503	0614619
066230504	0614620
066230505	0614621
066230506	0614622
066230507	0614623
066230508	0614624
066230509	0614625
066230510	0614626
066230601	0614627
066230602	0614628
066230603	0614629
066230701	0614630
066230702	0614631
066230703	0614632
066230704	0614633
066230705	0614634
066230801	0614635
066230802	0614636
066230803	0614637
066230901	0614638
066230902	0614639
066230903	0614640
066230904	0614641
066231001	0614642
066231002	0614643
066231003	0614644
066231101	0614645
066231102	0614646
066231103	0614647
066231104	0614648
066231201	0614649
066231202	0614650
066231301	0614651
066231302	0614652
066231401	0614653
066231402	0614654
066231403	0614655
066231404	0614656
066231501	0614657
066231502	0614658
066231503	0614659
066231601	0614660
066231602	0614661
066231603	0614662
066231604	0614663
066231605	0614664
066231701	0614665
066231702	0614666
066231703	0614667
066231801	0614668
066231802	0614669
066231803	0614670
066231804	0614671
066231901	0614672
066231902	0614673
066232001	0614674
066232002	0614675
066232003	0614676
066232004	0614677
066232005	0614678
066232006	0614679
066232007	0614680
066232008	0614681
066232009	0614682
066232010	0614683
066232011	0614684
066232012	0614685
066232101	0614686
066232102	0614687
066232103	0614688
066232104	0614689
066232105	0614690
066232106	0614691
066232107	0614692
066232201	0614693
066232202	0614694
066232203	0614695
066232204	0614696
066232205	0614697
066232206	0614698
066232207	0614699
066232208	0614700
066232209	0614701
066232210	0614702
066232211	0614703
066232212	0614704
066232213	0614705
066232214	0614706
066232301	0614707
066232302	0614708
066232303	0614709
066232304	0614710
066232305	0614711
066232306	0614712
066232401	0614713
066232402	0614714
066232403	0614715
066232404	0614716
066232501	0614717
066232502	0614718
066232503	0614719
066232504	0614720
066232505	0614721
066232506	0614722
066232601	0614723
066232602	0614724
066232701	0614725
066232702	0614726
066232703	0614727
066232704	0614728
066232801	0614729
066232802	0614730
066232803	0614731
066232804	0614732
066232805	0614733
066232806	0614734
066232807	0614735
066232808	0614736
066232809	0614737
066232810	0614738
066232811	0614739
066232812	0614740
066232813	0614741
066232901	0614742
066232902	0614743
066232903	0614744
066232904	0614745
066232905	0614746
066232906	0614747
066232907	0614748
066232908	0614749
066232909	0614750
066232910	0614751
066232911	0614752
066300101	0614753
066300201	0614754
066300202	0614755
066300203	0614756
066300204	0614757
066300205	0614758
066300301	0614759
066300401	0614760
066300501	0614761
066300601	0614762
066380101	0614763
066380102	0614764
066380103	0614765
066380104	0614766
066380105	0614767
066380106	0614768
066380107	0614769
066380108	0614770
066380109	0614771
066380110	0614772
066380111	0614773
066380112	0614774
066380113	0614775
066380114	0614776
066380201	0614777
066380202	0614778
066380203	0614779
066380204	0614780
066380205	0614781
066380206	0614782
066380207	0614783
066380208	0614784
066380209	0614785
066380210	0614786
066380211	0614787
066380212	0614788
066380213	0614789
066380214	0614790
066380301	0614791
066380302	0614792
066380303	0614793
066380304	0614794
066380305	0614795
066380306	0614796
066380307	0614797
066380308	0614798
066380309	0614799
066380310	0614800
066380311	0614801
066380312	0614802
066380313	0614803
066380401	0614804
066380402	0614805
066380403	0614806
066380404	0614807
066380405	0614808
066380406	0614809
066380407	0614810
066380408	0614811
066380409	0614812
066380410	0614813
066380411	0614814
066380412	0614815
066380501	0614816
066380502	0614817
066380503	0614818
066380504	0614819
066380505	0614820
066380506	0614821
066380507	0614822
066380508	0614823
066380509	0614824
066380510	0614825
066380511	0614826
066380512	0614827
066380513	0614828
066380514	0614829
066380601	0614830
066380602	0614831
066380603	0614832
066380604	0614833
066380605	0614834
066380606	0614835
066380607	0614836
066380608	0614837
066380609	0614838
066380610	0614839
066380611	0614840
066380612	0614841
066380613	0614842
066380614	0614843
066380615	0614844
066380701	0614845
066380702	0614846
066380703	0614847
066380704	0614848
066380705	0614849
066380706	0614850
066380707	0614851
066380708	0614852
066380709	0614853
066380710	0614854
066380711	0614855
066380712	0614856
066380713	0614857
066380801	0614858
066380802	0614859
066380803	0614860
066380804	0614861
066380805	0614862
066380806	0614863
066380807	0614864
066380808	0614865
066380809	0614866
066380810	0614867
066380811	0614868
066380812	0614869
066380813	0614870
066380814	0614871
066380815	0614872
066380816	0614873
066380901	0614874
066380902	0614875
066380903	0614876
066380904	0614877
066380905	0614878
066380906	0614879
066380907	0614880
066380908	0614881
066380909	0614882
066380910	0614883
066380911	0614884
066380912	0614885
066380913	0614886
066381001	0614887
066381002	0614888
066381003	0614889
066381004	0614890
066381005	0614891
066381006	0614892
066381007	0614893
066381008	0614894
066381009	0614895
066381010	0614896
066381011	0614897
066381101	0614898
066381102	0614899
066381103	0614900
066381104	0614901
066381105	0614902
066381106	0614903
066381107	0614904
066381108	0614905
066381109	0614906
066381110	0614907
066381111	0614908
066381112	0614909
066381201	0614910
066381202	0614911
066381203	0614912
066381204	0614913
066381205	0614914
066381206	0614915
066381207	0614916
066381208	0614917
066381209	0614918
066381210	0614919
066381211	0614920
066381301	0614921
066381302	0614922
066381303	0614923
066381304	0614924
066381305	0614925
066381306	0614926
066381307	0614927
066381308	0614928
066381309	0614929
066381310	0614930
066381311	0614931
066381312	0614932
066381313	0614933
066381314	0614934
066381315	0614935
066381316	0614936
066381317	0614937
066381318	0614938
066381319	0614939
066381401	0614940
066381402	0614941
066381403	0614942
066381404	0614943
066381405	0614944
066381406	0614945
066381407	0614946
066381408	0614947
066381409	0614948
066381501	0614949
066381502	0614950
066381503	0614951
066381504	0614952
066381505	0614953
066381506	0614954
066381507	0614955
066381508	0614956
066381509	0614957
066381510	0614958
066381511	0614959
066381512	0614960
066381513	0614961
066381514	0614962
066381601	0614963
066381602	0614964
066381603	0614965
066381604	0614966
066381605	0614967
066381606	0614968
066381607	0614969
066381608	0614970
066381609	0614971
066381610	0614972
066381611	0614973
066381701	0614974
066381702	0614975
066381703	0614976
066381704	0614977
066381705	0614978
066381706	0614979
066381707	0614980
066381708	0614981
066381709	0614982
066381710	0614983
066381711	0614984
066381712	0614985
066381713	0614986
066381714	0614987
066381801	0614988
066381802	0614989
066381803	0614990
066381804	0614991
066381805	0614992
066381806	0614993
066381807	0614994
066381808	0614995
066381809	0614996
066381810	0614997
066381901	0614998
066381902	0614999
066381903	0615000
066381904	0615001
066381905	0615002
066381906	0615003
066382001	0615004
066382002	0615005
066382003	0615006
066382004	0615007
066382005	0615008
066382006	0615009
066382007	0615010
066382008	0615011
066382009	0615012
066382101	0615013
066382102	0615014
066382103	0615015
066382104	0615016
066382105	0615017
066382106	0615018
066382107	0615019
066382108	0615020
066382201	0615021
066382202	0615022
066382203	0615023
066382204	0615024
066382205	0615025
066382206	0615026
066382207	0615027
066382208	0615028
066382209	0615029
066382210	0615030
066382211	0615031
066382212	0615032
066382213	0615033
066382214	0615034
066382301	0615035
066382302	0615036
066382303	0615037
066382304	0615038
066382305	0615039
066382306	0615040
066382307	0615041
066440101	0615042
066440102	0615043
066440103	0615044
066440104	0615045
066440105	0615046
066440106	0615047
066440107	0615048
066440108	0615049
066440109	0615050
066440110	0615051
066440111	0615052
066440201	0615053
066440202	0615054
066440203	0615055
066440204	0615056
066440205	0615057
066440206	0615058
066440207	0615059
066440208	0615060
066440301	0615061
066440302	0615062
066440303	0615063
066440304	0615064
066440305	0615065
066440306	0615066
066440307	0615067
066440308	0615068
066440309	0615069
066440310	0615070
066440311	0615071
066440312	0615072
066440313	0615073
066440314	0615074
066440315	0615075
066440316	0615076
066440401	0615077
066440402	0615078
066440403	0615079
066440404	0615080
066440405	0615081
066440406	0615082
066440407	0615083
066440408	0615084
066440501	0615085
066440502	0615086
066440503	0615087
066440504	0615088
066440505	0615089
066440506	0615090
066440507	0615091
066440508	0615092
066440509	0615093
066440510	0615094
066440511	0615095
066440512	0615096
066440513	0615097
066440601	0615098
066440602	0615099
066440603	0615100
066440604	0615101
066440605	0615102
066440606	0615103
066440607	0615104
066440608	0615105
066440609	0615106
066440610	0615107
066440611	0615108
066440612	0615109
066440613	0615110
066440614	0615111
066440615	0615112
066440616	0615113
066440617	0615114
066440618	0615115
066440619	0615116
066440620	0615117
066440621	0615118
066440622	0615119
066480101	0615120
066480102	0615121
066480103	0615122
066480104	0615123
066480105	0615124
066480106	0615125
066480107	0615126
066480108	0615127
066480109	0615128
066480110	0615129
066480111	0615130
066480112	0615131
066480113	0615132
066480114	0615133
066480115	0615134
066480116	0615135
066480117	0615136
066480118	0615137
066480119	0615138
066480201	0615139
066480202	0615140
066480203	0615141
066480204	0615142
066480205	0615143
066480206	0615144
066480207	0615145
066480208	0615146
066480209	0615147
066480210	0615148
066480211	0615149
066480212	0615150
066480213	0615151
066480301	0615152
066480302	0615153
066480303	0615154
066480304	0615155
066480305	0615156
066480306	0615157
066480307	0615158
066480308	0615159
066480309	0615160
066480310	0615161
066480311	0615162
066480312	0615163
066480313	0615164
066480314	0615165
066480315	0615166
066480316	0615167
066480401	0615168
066480402	0615169
066480403	0615170
066480404	0615171
066480405	0615172
066480406	0615173
066480407	0615174
066480408	0615175
066480409	0615176
066480410	0615177
066480411	0615178
066480501	0615179
066480502	0615180
066480503	0615181
066480504	0615182
066480505	0615183
066480506	0615184
066480507	0615185
066480508	0615186
066480509	0615187
066480510	0615188
066480511	0615189
066480512	0615190
066480513	0615191
066480514	0615192
066510101	0615193
066510102	0615194
066510103	0615195
066510104	0615196
066510105	0615197
066510106	0615198
066510107	0615199
066510108	0615200
066510109	0615201
066510110	0615202
066510111	0615203
066510112	0615204
066510201	0615205
066510301	0615206
066510302	0615207
066510303	0615208
066510304	0615209
066510401	0615210
066510402	0615211
066510403	0615212
066510404	0615213
066510405	0615214
066510406	0615215
066510407	0615216
066510501	0615217
066510502	0615218
066510503	0615219
066510504	0615220
066510505	0615221
066510506	0615222
066510507	0615223
066510508	0615224
066510509	0615225
066510510	0615226
066510511	0615227
066510601	0615228
066510602	0615229
066510603	0615230
066510604	0615231
066510605	0615232
066510606	0615233
066510607	0615234
066510608	0615235
066510609	0615236
066510610	0615237
066510701	0615238
066510702	0615239
066510703	0615240
066510704	0615241
066510705	0615242
066510706	0615243
066510707	0615244
066510708	0615245
066510709	0615246
066510710	0615247
066510711	0615248
066510712	0615249
066510713	0615250
066510714	0615251
066510715	0615252
066510716	0615253
066510801	0615254
066510802	0615255
066510803	0615256
066510804	0615257
066510805	0615258
066510806	0615259
066510807	0615260
066510808	0615261
066510809	0615262
066510810	0615263
066510811	0615264
066510812	0615265
066510813	0615266
066510814	0615267
066510815	0615268
066510816	0615269
066510817	0615270
066510818	0615271
066511001	0615272
066511002	0615273
066511003	0615274
066511004	0615275
066511005	0615276
066511101	0615277
066511102	0615278
066511103	0615279
066511104	0615280
066511201	0615281
066511202	0615282
066511203	0615283
066511301	0615284
066511302	0615285
066511303	0615286
066511304	0615287
066511305	0615288
066511306	0615289
066511307	0615290
066511308	0615291
066511309	0615292
066511310	0615293
066511311	0615294
066511312	0615295
066550101	0615296
066550102	0615297
066550103	0615298
066550104	0615299
066550105	0615300
066550106	0615301
066550201	0615302
066550202	0615303
066550203	0615304
066550204	0615305
066550205	0615306
066550206	0615307
066550207	0615308
066550208	0615309
066550210	0615310
066550301	0615311
066550302	0615312
066550303	0615313
066550304	0615314
066550305	0615315
066550306	0615316
066550307	0615317
066550308	0615318
066550309	0615319
066550310	0615320
066550311	0615321
066550312	0615322
066580101	0615323
066580102	0615324
066580103	0615325
066580104	0615326
066580105	0615327
066580106	0615328
066580107	0615329
066580108	0615330
066580109	0615331
066580110	0615332
066580111	0615333
066580112	0615334
066580113	0615335
066580201	0615336
066580202	0615337
066580203	0615338
066580204	0615339
066580205	0615340
066580206	0615341
066580207	0615342
066580208	0615343
066580209	0615344
066580210	0615345
066580211	0615346
066580212	0615347
066580301	0615348
066580302	0615349
066580303	0615350
066580304	0615351
066580305	0615352
066580306	0615353
066580307	0615354
066580308	0615355
066580309	0615356
066580310	0615357
066580311	0615358
066580401	0615359
066580402	0615360
066580403	0615361
066580404	0615362
066580405	0615363
066580406	0615364
066580407	0615365
066580408	0615366
066580409	0615367
066580410	0615368
066580411	0615369
066580412	0615370
066580413	0615371
066580414	0615372
066580415	0615373
066580501	0615374
066580502	0615375
066580503	0615376
066580504	0615377
066580505	0615378
066580506	0615379
066580507	0615380
066580508	0615381
066580509	0615382
066580510	0615383
066580511	0615384
066580512	0615385
066580513	0615386
066580514	0615387
066580601	0615388
066580602	0615389
066580603	0615390
066580604	0615391
066580605	0615392
066580606	0615393
066580607	0615394
066580608	0615395
066580609	0615396
066580610	0615397
066580611	0615398
066580612	0615399
066580701	0615400
066580702	0615401
066580703	0615402
066580704	0615403
066580705	0615404
066580706	0615405
066580707	0615406
066580708	0615407
066580709	0615408
066580710	0615409
066580711	0615410
066580801	0615411
066580802	0615412
066580803	0615413
066580804	0615414
066580805	0615415
066580806	0615416
066580807	0615417
066580808	0615418
066580809	0615419
066580810	0615420
066580811	0615421
066580812	0615422
066580813	0615423
066580814	0615424
066580815	0615425
066580901	0615426
066580902	0615427
066580903	0615428
066580904	0615429
066580905	0615430
066580906	0615431
066580907	0615432
066580908	0615433
066580909	0615434
066580910	0615435
066580911	0615436
066580912	0615437
066580913	0615438
066581001	0615439
066581002	0615440
066581003	0615441
066581004	0615442
066581005	0615443
066581006	0615444
066581007	0615445
066581008	0615446
066581009	0615447
066581010	0615448
066581011	0615449
066581012	0615450
066581013	0615451
066581101	0615452
066581102	0615453
066581103	0615454
066581104	0615455
066581105	0615456
066581106	0615457
066581107	0615458
066581108	0615459
066581109	0615460
066581110	0615461
066581111	0615462
066581112	0615463
066581113	0615464
066581201	0615465
066581202	0615466
066581203	0615467
066581204	0615468
066581205	0615469
066581206	0615470
066581207	0615471
066581208	0615472
066581209	0615473
066581210	0615474
066581211	0615475
066581212	0615476
066581213	0615477
066581301	0615478
066581302	0615479
066581303	0615480
066581304	0615481
066581305	0615482
066581306	0615483
066581307	0615484
066581308	0615485
066581309	0615486
066581310	0615487
066581401	0615488
066581402	0615489
066581403	0615490
066581404	0615491
066581405	0615492
066581406	0615493
066581407	0615494
066581408	0615495
066581409	0615496
066581410	0615497
066581501	0615498
066581502	0615499
066581503	0615500
066581504	0615501
066581505	0615502
066581506	0615503
066581507	0615504
066581508	0615505
066581509	0615506
066581510	0615507
066581511	0615508
066581512	0615509
066581513	0615510
066581601	0615511
066581602	0615512
066581603	0615513
066581604	0615514
066581605	0615515
066581606	0615516
066581607	0615517
066581608	0615518
066581609	0615519
066581809	0615520
066581810	0615521
066581811	0615522
066581812	0615523
066581901	0615524
066581902	0615525
066581903	0615526
066581904	0615527
066581905	0615528
066581906	0615529
067630115	0615530
067630201	0615531
067630202	0615532
067630203	0615533
067630204	0615534
067630205	0615535
067630206	0615536
067630207	0615537
067630208	0615538
067630209	0615539
067630210	0615540
067630211	0615541
067630212	0615542
067630213	0615543
067630301	0615544
067630302	0615545
067630303	0615546
067630304	0615547
067630305	0615548
067630306	0615549
067630307	0615550
067630308	0615551
067630309	0615552
067630310	0615553
067630311	0615554
067630401	0615555
067630402	0615556
067630403	0615557
067630404	0615558
067630405	0615559
067630406	0615560
067630407	0615561
067630408	0615562
067630409	0615563
067630410	0615564
067630501	0615565
067630502	0615566
067630503	0615567
067630504	0615568
067630505	0615569
067630506	0615570
067630507	0615571
067630508	0615572
067630509	0615573
067630510	0615574
068051706	0615575
068051707	0615576
068051708	0615577
068051709	0615578
068051710	0615579
068051711	0615580
068051801	0615581
068051802	0615582
068051803	0615583
068051804	0615584
068051805	0615585
068051806	0615586
068051807	0615587
068051808	0615588
068051809	0615589
068051810	0615590
068051811	0615591
068051812	0615592
068051901	0615593
068051902	0615594
068051903	0615595
068051904	0615596
068051905	0615597
068051906	0615598
068051907	0615599
068051908	0615600
068051909	0615601
068051910	0615602
068051911	0615603
068051912	0615604
068051913	0615605
068051914	0615606
068052001	0615607
068052002	0615608
068052003	0615609
068052004	0615610
068052005	0615611
068052006	0615612
068052007	0615613
068052008	0615614
068052009	0615615
068052010	0615616
068052011	0615617
068052012	0615618
068052013	0615619
066581907	0615620
066581908	0615621
066581909	0615622
066581910	0615623
066581911	0615624
066582001	0615625
066582002	0615626
066582003	0615627
066582004	0615628
066582005	0615629
066582006	0615630
066582007	0615631
066582008	0615632
066582009	0615633
066582010	0615634
066582011	0615635
066582101	0615636
066582102	0615637
066582103	0615638
066582104	0615639
066582105	0615640
066582106	0615641
066582107	0615642
066582108	0615643
066582109	0615644
066582110	0615645
066582111	0615646
066582112	0615647
066582113	0615648
066582114	0615649
066582115	0615650
066582116	0615651
066582201	0615652
066582202	0615653
066582203	0615654
066582204	0615655
066582205	0615656
066582206	0615657
066582207	0615658
066582208	0615659
066582209	0615660
066582210	0615661
066582211	0615662
066582301	0615663
066582302	0615664
066582303	0615665
066582304	0615666
066582305	0615667
066582306	0615668
066582307	0615669
066582308	0615670
066582309	0615671
066582310	0615672
066582311	0615673
066582312	0615674
066582401	0615675
066582402	0615676
066582403	0615677
066582404	0615678
066582405	0615679
066582406	0615680
066582407	0615681
066582408	0615682
066582409	0615683
066582410	0615684
066582411	0615685
066582412	0615686
066582501	0615687
066582502	0615688
066582503	0615689
066582504	0615690
066582505	0615691
066582506	0615692
066582507	0615693
066582508	0615694
066582509	0615695
066582510	0615696
066582511	0615697
066582512	0615698
066582513	0615699
066582514	0615700
066582601	0615701
066582602	0615702
066582603	0615703
066582604	0615704
066582605	0615705
066582606	0615706
066582607	0615707
066582608	0615708
066582609	0615709
066582610	0615710
066582701	0615711
066582702	0615712
066582703	0615713
066582704	0615714
066582705	0615715
066582706	0615716
066582707	0615717
066582708	0615718
066582709	0615719
066582710	0615720
066582711	0615721
066582712	0615722
066582713	0615723
066582714	0615724
066582715	0615725
066582716	0615726
066582801	0615727
066582802	0615728
066582803	0615729
066582804	0615730
066582805	0615731
066582806	0615732
066582807	0615733
066582808	0615734
066582809	0615735
066582810	0615736
066582901	0615737
066582902	0615738
066582903	0615739
066582904	0615740
066582905	0615741
066582906	0615742
066582907	0615743
066582908	0615744
066582909	0615745
066582910	0615746
066582911	0615747
066582912	0615748
066583001	0615749
066583002	0615750
066583003	0615751
066583004	0615752
066583005	0615753
066583006	0615754
066583007	0615755
066583008	0615756
066583009	0615757
066583010	0615758
066583011	0615759
066583012	0615760
066583101	0615761
066583102	0615762
066583103	0615763
066583104	0615764
066583105	0615765
066583106	0615766
066583107	0615767
066583108	0615768
066583109	0615769
066583110	0615770
066583111	0615771
066583112	0615772
066583113	0615773
066583201	0615774
066583202	0615775
066583203	0615776
066583204	0615777
066583205	0615778
066583206	0615779
066583207	0615780
066583208	0615781
066583209	0615782
066583210	0615783
066583211	0615784
066583212	0615785
066583213	0615786
066583301	0615787
066583302	0615788
066583303	0615789
066583304	0615790
066583305	0615791
066583306	0615792
066583307	0615793
066583308	0615794
066583309	0615795
066583310	0615796
066583311	0615797
066583312	0615798
066583313	0615799
066583401	0615800
066583402	0615801
066583403	0615802
066583404	0615803
066583405	0615804
066583406	0615805
066583407	0615806
066583408	0615807
066583409	0615808
066583410	0615809
066583411	0615810
066583412	0615811
066583413	0615812
066583501	0615813
066583502	0615814
066583503	0615815
066583504	0615816
066583505	0615817
066583506	0615818
066583507	0615819
066583508	0615820
066583509	0615821
066583510	0615822
066583601	0615823
066583602	0615824
066583603	0615825
066583604	0615826
066583605	0615827
066583606	0615828
066583607	0615829
066583608	0615830
066583609	0615831
066583610	0615832
066583611	0615833
066583612	0615834
066583613	0615835
066583614	0615836
066583701	0615837
066583702	0615838
066583703	0615839
066583704	0615840
066583705	0615841
066583706	0615842
066583707	0615843
066583708	0615844
066583709	0615845
066583710	0615846
066583711	0615847
066583712	0615848
066583713	0615849
066583801	0615850
066583802	0615851
066583803	0615852
066583804	0615853
066583805	0615854
066583806	0615855
066583807	0615856
066583808	0615857
066583809	0615858
066583810	0615859
066583811	0615860
066583812	0615861
066583813	0615862
066583814	0615863
066583815	0615864
066583816	0615865
066583901	0615866
066583902	0615867
066583903	0615868
066583904	0615869
066583905	0615870
066583906	0615871
066583907	0615872
066583908	0615873
066583909	0615874
066583910	0615875
066584001	0615876
066584002	0615877
066584003	0615878
066584004	0615879
066584005	0615880
066584006	0615881
066584007	0615882
066584008	0615883
066584009	0615884
066584010	0615885
066584011	0615886
066584012	0615887
066584013	0615888
066584014	0615889
066584015	0615890
066584016	0615891
066584017	0615892
066584101	0615893
066584102	0615894
066584103	0615895
066584104	0615896
066584105	0615897
066584106	0615898
066584107	0615899
066584108	0615900
066584109	0615901
066584110	0615902
066584111	0615903
066584112	0615904
066584113	0615905
066584114	0615906
066584115	0615907
066584201	0615908
066584202	0615909
066584203	0615910
066584204	0615911
066584205	0615912
066584206	0615913
066584207	0615914
066584208	0615915
066584209	0615916
066584210	0615917
066584211	0615918
066584212	0615919
066584213	0615920
066584301	0615921
066584302	0615922
066584303	0615923
066584304	0615924
066584305	0615925
066584306	0615926
066584307	0615927
066584308	0615928
066584309	0615929
066584310	0615930
066584311	0615931
066584312	0615932
066584401	0615933
066584402	0615934
066584403	0615935
066584404	0615936
066584405	0615937
066584406	0615938
066584407	0615939
066584408	0615940
066584409	0615941
066584410	0615942
066584411	0615943
066584412	0615944
066584413	0615945
066584414	0615946
066650101	0615947
066650102	0615948
066650103	0615949
066650104	0615950
066650105	0615951
066650201	0615952
066650202	0615953
066650203	0615954
066650204	0615955
066650205	0615956
066650206	0615957
066650207	0615958
066650208	0615959
066650209	0615960
066650301	0615961
066650302	0615962
066650303	0615963
066650304	0615964
066650305	0615965
066650306	0615966
066650307	0615967
066650308	0615968
066650309	0615969
066650310	0615970
066650311	0615971
066650401	0615972
066650402	0615973
066650403	0615974
066650404	0615975
066650501	0615976
066650502	0615977
066650503	0615978
066650601	0615979
066650701	0615980
066650801	0615981
066650901	0615982
066651001	0615983
066651002	0615984
066651003	0615985
066651004	0615986
066651005	0615987
066651006	0615988
066651007	0615989
066651008	0615990
066651101	0615991
066651201	0615992
066651202	0615993
066651301	0615994
066651302	0615994
066651303	0615995
066651304	0615996
066651305	0615997
066651306	0615998
066651307	0615999
066651308	0616000
066651309	0616001
066651310	0616002
066651311	0616003
066651312	0616004
066720101	0616005
066720102	0616006
066720103	0616007
066720104	0616008
066720201	0616009
066720202	0616010
066720301	0616011
066720302	0616012
066720303	0616013
066720401	0616014
066720402	0616015
066720403	0616016
066720404	0616017
066720501	0616018
066720502	0616019
066720503	0616020
066720504	0616021
066720601	0616022
066720602	0616023
066720603	0616024
066720604	0616025
066720701	0616026
066720702	0616027
066720801	0616028
066720802	0616029
066720901	0616030
066720902	0616031
066720903	0616032
066721001	0616033
066721002	0616034
066721101	0616035
066721102	0616036
066721103	0616037
066721104	0616038
066721201	0616039
066721202	0616040
066721203	0616041
066721204	0616042
066721205	0616043
066721206	0616044
066721207	0616045
066721208	0616046
066721209	0616047
066721210	0616048
066721211	0616049
066721212	0616050
066721213	0616051
066721214	0616052
066721215	0616053
066721216	0616054
066721301	0616055
066721302	0616056
066721303	0616057
066721401	0616058
066721402	0616059
066721403	0616060
066790101	0616061
066790102	0616062
066790103	0616063
066790104	0616064
066790105	0616065
066790201	0616066
066790202	0616067
066790301	0616068
066790302	0616069
066790303	0616070
066790304	0616071
066790305	0616072
066790306	0616073
066790401	0616074
066790402	0616075
066790403	0616076
066790404	0616077
066790405	0616078
066790501	0616079
066790502	0616080
066790503	0616081
066790601	0616082
066790602	0616083
066790603	0616084
066790604	0616085
066790605	0616086
066790606	0616087
066790607	0616088
066790608	0616089
066790609	0616090
066790610	0616091
066790611	0616092
066790612	0616093
066790613	0616094
066790701	0616095
066790702	0616096
066790801	0616097
066790802	0616098
066790901	0616099
066790902	0616100
066790903	0616101
066790904	0616102
066790905	0616103
066791001	0616104
066791002	0616105
066791003	0616106
066791101	0616107
066791102	0616108
066791103	0616109
066791201	0616110
066791202	0616111
066791203	0616112
066791204	0616113
066791205	0616114
066791206	0616115
066860101	0616116
066860102	0616117
066860103	0616118
066860104	0616119
066860105	0616120
066860106	0616121
066860107	0616122
066860108	0616123
066860109	0616124
066860110	0616125
066860202	0616126
066860203	0616127
066860201	0616128
066860205	0616129
066860206	0616130
066860207	0616131
066860208	0616132
066860209	0616133
066860210	0616134
066860301	0616135
066860302	0616136
066860303	0616137
066860304	0616138
066860401	0616139
066860402	0616140
066860403	0616141
066860501	0616142
066860502	0616143
066860601	0616144
066860602	0616145
066860603	0616146
066860604	0616147
066860605	0616148
066860606	0616149
066860607	0616150
066860608	0616151
066860609	0616152
066860701	0616153
066860702	0616154
066860703	0616155
066860704	0616156
066860705	0616157
066860706	0616158
066860707	0616159
066860801	0616160
066860802	0616161
066860803	0616162
066860804	0616163
066860805	0616164
066860901	0616165
066860902	0616166
066860903	0616167
066861001	0616168
066861002	0616169
066861003	0616170
066861101	0616171
066861102	0616172
066861103	0616173
066861201	0616174
066861202	0616175
066861203	0616176
066861204	0616177
066861301	0616178
066861302	0616179
066861303	0616180
066861304	0616181
066861305	0616182
066861306	0616183
066861307	0616184
066861308	0616185
066861309	0616186
066861310	0616187
066861311	0616188
066861312	0616189
066861313	0616190
066861314	0616191
066930101	0616192
066930102	0616193
066930201	0616194
066930202	0616195
066930203	0616196
066930301	0616197
066930302	0616198
066930303	0616199
066930304	0616200
066930305	0616201
066930306	0616202
066930307	0616203
066930308	0616204
066930309	0616205
066930310	0616206
066930311	0616207
066930312	0616208
066930313	0616209
066930314	0616210
066930315	0616211
066930316	0616212
066930317	0616213
066930318	0616214
066930319	0616215
066930401	0616216
066930402	0616217
066930501	0616218
066930502	0616219
066930601	0616220
066930602	0616221
066930603	0616222
066930604	0616223
066930701	0616224
066930702	0616225
066930703	0616226
066930704	0616227
067000101	0616228
067000102	0616229
067000103	0616230
067000104	0616231
067000105	0616232
067000106	0616233
067000107	0616234
067000108	0616235
067000109	0616236
067000110	0616237
067000201	0616238
067000202	0616239
067000203	0616240
067000204	0616241
067000205	0616242
067000206	0616243
067000207	0616244
067000208	0616245
067000209	0616246
067000210	0616247
067000211	0616248
067000212	0616249
067000213	0616250
067000214	0616251
067000215	0616252
067000216	0616253
067000301	0616254
067000302	0616255
067000303	0616256
067000401	0616257
067000402	0616258
067000501	0616259
067000502	0616260
067000503	0616261
067000504	0616262
067000505	0616263
067000601	0616264
067000602	0616265
067000603	0616266
067000604	0616267
067000605	0616268
067000606	0616269
067000701	0616270
067000702	0616271
067000703	0616272
067000704	0616273
067000705	0616274
067000706	0616275
067000707	0616276
067000801	0616277
067000802	0616278
067000803	0616279
067000804	0616280
067000805	0616281
067000806	0616282
067000807	0616283
067000808	0616284
067000809	0616285
067000901	0616286
067000902	0616287
067000903	0616288
067000904	0616289
067001001	0616290
067001002	0616291
067001003	0616292
067001004	0616293
067001101	0616294
067001102	0616295
067001201	0616296
067001202	0616297
067001203	0616298
067001204	0616299
067001205	0616300
067001206	0616301
067001207	0616302
067001208	0616303
067001209	0616304
067001210	0616305
067001211	0616306
067001212	0616307
067001213	0616308
067070101	0616309
067070102	0616310
067070103	0616311
067070104	0616312
067070105	0616313
067070106	0616314
067070107	0616315
067070108	0616316
067070109	0616317
067070110	0616318
067070111	0616319
067070112	0616320
067070113	0616321
067070114	0616322
067070115	0616323
067070116	0616324
067070117	0616325
067070201	0616326
067070202	0616327
067070301	0616328
067070401	0616329
067070402	0616330
067070403	0616331
067070404	0616332
067070405	0616333
067070501	0616334
067070502	0616335
067070503	0616336
067070504	0616337
067070601	0616338
067070602	0616339
067070603	0616340
067070604	0616341
067070605	0616342
067070606	0616343
067070607	0616344
067070608	0616345
067070701	0616346
067070702	0616347
067070801	0616348
067070802	0616349
067070803	0616350
067070901	0616351
067070902	0616352
067070903	0616353
067071001	0616354
067071002	0616355
067071101	0616356
067071102	0616357
067071103	0616358
067071104	0616359
067071105	0616360
067071106	0616361
067071107	0616362
067071108	0616363
067071109	0616364
067071110	0616365
067071111	0616366
067071112	0616367
067071113	0616368
067140101	0616369
067140102	0616370
067140103	0616371
067140104	0616372
067140105	0616373
067140106	0616374
067140107	0616375
067140108	0616376
067140109	0616377
067140110	0616378
067140111	0616379
067140112	0616380
067140113	0616381
067140114	0616382
067140115	0616383
067140201	0616384
067140202	0616385
067140203	0616386
067140204	0616387
067140205	0616388
067140206	0616389
067140207	0616390
067140301	0616391
067140302	0616392
067140303	0616393
067140304	0616394
067140305	0616395
067140306	0616396
067140401	0616397
067140402	0616398
067140403	0616399
067140404	0616400
067140501	0616401
067140502	0616402
067140503	0616403
067140504	0616404
067140505	0616405
067140601	0616406
067140602	0616407
067140603	0616408
067140604	0616409
067140605	0616410
067140606	0616411
067140607	0616412
067140608	0616413
067140609	0616414
067140610	0616415
067140611	0616416
067140612	0616417
067140613	0616418
067140614	0616419
067140615	0616420
067140616	0616421
067140617	0616422
067140701	0616423
067140702	0616424
067140703	0616425
067140801	0616426
067140802	0616427
067140803	0616428
067140804	0616429
067140805	0616430
067140806	0616431
067140807	0616432
067140808	0616433
067140809	0616434
067140901	0616435
067140902	0616436
067140903	0616437
067140904	0616438
067140905	0616439
067140906	0616440
067210101	0616441
067210102	0616442
067210103	0616443
067210104	0616444
067210201	0616445
067210202	0616446
067210203	0616447
067210204	0616448
067210216	0616449
067210206	0616449
067210205	0616449
067210211	0616449
067210207	0616450
067210208	0616451
067210209	0616452
067210210	0616453
067210212	0616454
067210213	0616455
067210214	0616456
067210215	0616457
067210217	0616458
067280101	0616459
067280102	0616460
067280201	0616461
067280202	0616462
067280203	0616463
067280204	0616464
067280301	0616465
067280302	0616466
067280303	0616467
067280304	0616468
067280401	0616469
067280402	0616470
067280403	0616471
067280501	0616472
067280502	0616473
067280503	0616474
067280601	0616475
067280602	0616476
067280603	0616477
067280701	0616478
067280702	0616479
067280703	0616480
067280801	0616481
067280802	0616482
067280803	0616483
067280901	0616484
067280902	0616485
067280903	0616486
067280904	0616487
067281001	0616488
067281002	0616489
067281003	0616490
067281004	0616491
067281005	0616492
067281006	0616493
067281007	0616494
067281008	0616495
067281009	0616496
067281010	0616497
067281011	0616498
067281012	0616499
067281013	0616500
067281014	0616501
067281015	0616502
067281016	0616503
067281017	0616504
067281018	0616505
067281019	0616506
067281020	0616507
067281021	0616508
067281022	0616509
067281023	0616510
067281024	0616511
067281025	0616512
067281026	0616513
067281101	0616514
067281102	0616515
067281103	0616516
067281201	0616517
067281202	0616518
067281301	0616519
067281302	0616520
067281303	0616521
067281401	0616522
067281402	0616523
067281403	0616524
067281404	0616525
067281405	0616526
067281406	0616527
067281407	0616528
067281408	0616529
067281501	0616530
067281502	0616531
067281503	0616532
067281601	0616533
067281602	0616534
067281603	0616535
067350101	0616536
067350102	0616537
067350103	0616538
067350104	0616539
067350105	0616540
067350106	0616541
067350107	0616542
067350108	0616543
067350109	0616544
067350110	0616545
067350201	0616546
067350202	0616547
067350203	0616548
067350204	0616549
067350205	0616550
067350206	0616551
067350207	0616552
067350208	0616553
067350301	0616554
067350302	0616555
067350303	0616556
067350304	0616557
067350305	0616558
067420201	0616559
067420301	0616560
067420401	0616561
067420402	0616562
067420403	0616563
067420404	0616564
067420405	0616565
067420406	0616566
067420407	0616567
067420408	0616568
067420409	0616569
067420410	0616570
067420411	0616571
067420412	0616572
067420413	0616573
067420414	0616574
067420501	0616575
067420601	0616576
067420701	0616577
067420702	0616578
067420801	0616579
067420901	0616580
067490101	0616581
067490102	0616582
067490103	0616583
067490104	0616584
067490105	0616585
067490201	0616586
067490202	0616587
067490203	0616588
067490204	0616589
067490205	0616590
067490206	0616591
067490207	0616592
067490208	0616593
067490209	0616594
067490210	0616595
067490211	0616596
067490212	0616597
067490213	0616598
067490301	0616599
067490302	0616600
067490303	0616601
067490304	0616602
067490305	0616603
067490306	0616604
067490307	0616605
067490308	0616606
067490309	0616607
067490310	0616608
067490311	0616609
067490312	0616610
067490401	0616611
067490402	0616612
067490403	0616613
067490404	0616614
067490405	0616615
067490406	0616616
067490501	0616617
067490502	0616618
067490503	0616619
067490504	0616620
067490505	0616621
067490506	0616622
067490507	0616623
067490508	0616624
067490509	0616625
067490510	0616626
067490511	0616627
067490512	0616628
067490513	0616629
067490601	0616630
067490602	0616631
067490603	0616632
067490604	0616633
067490605	0616634
067490701	0616635
067490702	0616636
067490703	0616637
067490704	0616638
067490705	0616639
067490706	0616640
067490707	0616641
067490708	0616642
067490709	0616643
067490801	0616644
067490802	0616645
067490803	0616646
067490804	0616647
067490805	0616648
067490806	0616649
067490807	0616650
067490808	0616651
067490809	0616652
067490901	0616653
067490902	0616654
067490903	0616655
067490904	0616656
067490905	0616657
067490906	0616658
067490907	0616659
067490908	0616660
067490909	0616661
067490910	0616662
067490911	0616663
067490912	0616664
067490913	0616665
067491001	0616666
067491002	0616667
067491003	0616668
067491004	0616669
067491005	0616670
067491006	0616671
067491007	0616672
067491008	0616673
067491009	0616674
067491010	0616675
067491011	0616676
067491012	0616677
067491013	0616678
067491101	0616679
067491102	0616680
067491103	0616681
067491104	0616682
067491105	0616683
067491106	0616684
067491107	0616685
067491108	0616686
067491109	0616687
067491110	0616688
067491111	0616689
067491112	0616690
067491113	0616691
067491114	0616692
067491201	0616693
067491202	0616694
067491203	0616695
067491204	0616696
067491205	0616697
067491206	0616698
067491207	0616699
067491208	0616700
067491209	0616701
067491210	0616702
067491211	0616703
067491301	0616704
067491302	0616705
067491303	0616706
067491304	0616707
067491305	0616708
067491306	0616709
067491307	0616710
067491308	0616711
067491309	0616712
067491310	0616713
067491311	0616714
067491312	0616715
067491313	0616716
067491314	0616717
067491315	0616718
067491316	0616719
067491317	0616720
067491318	0616721
067491319	0616722
067491320	0616723
067491321	0616724
067491401	0616725
067491402	0616726
067491403	0616727
067491404	0616728
067491405	0616729
067491406	0616730
067491407	0616731
067491408	0616732
067491409	0616733
067491410	0616734
067491411	0616735
067491412	0616736
067491413	0616737
067491414	0616738
067491415	0616739
067491416	0616740
067491417	0616741
067491418	0616742
067491419	0616743
067491420	0616744
067491501	0616745
067491502	0616746
067491503	0616747
067491504	0616748
067491505	0616749
067491506	0616750
067491507	0616751
067491508	0616752
067491509	0616753
067491510	0616754
067491511	0616755
067491512	0616756
067491513	0616757
067560101	0616758
067560102	0616759
067560103	0616760
067560104	0616761
067560105	0616762
067560106	0616763
067560107	0616764
067560108	0616765
067560109	0616766
067560110	0616767
067560111	0616768
067560112	0616769
067560113	0616770
067560114	0616771
067560115	0616772
067560116	0616773
067560117	0616774
067560201	0616775
067560202	0616776
067560203	0616777
067560204	0616778
067560205	0616779
067560206	0616780
067560207	0616781
067560208	0616782
067560209	0616783
067560301	0616784
067560302	0616785
067560303	0616786
067560304	0616787
067560305	0616788
067560306	0616789
067560307	0616790
067560308	0616791
067560309	0616792
067560310	0616793
067560401	0616794
067560402	0616795
067560403	0616796
067560404	0616797
067560405	0616798
067560406	0616799
067560407	0616800
067560408	0616801
067560501	0616802
067560502	0616803
067560503	0616804
067560504	0616805
067560505	0616806
067560506	0616807
067560507	0616808
067560508	0616809
067560509	0616810
067560510	0616811
067560601	0616812
067560602	0616813
067560603	0616814
067560604	0616815
067560605	0616816
067560807	0616817
067560808	0616818
067560809	0616819
067560901	0616820
067560902	0616821
067560903	0616822
067560904	0616823
067560905	0616824
067560906	0616825
067560907	0616826
067560908	0616827
067560909	0616828
067560910	0616829
067560911	0616830
067560912	0616831
067560913	0616832
067560914	0616833
067560915	0616834
067560916	0616835
067561001	0616836
067561002	0616837
067561003	0616838
067561004	0616839
067561005	0616840
067561006	0616841
067561007	0616842
067561008	0616843
067561009	0616844
067561010	0616845
067561011	0616846
067561012	0616847
067561101	0616848
067561102	0616849
067561103	0616850
067561104	0616851
067561105	0616852
067561106	0616853
067561107	0616854
067561108	0616855
067561109	0616856
067561110	0616857
067561111	0616858
067561112	0616859
067561113	0616860
067561201	0616861
067561202	0616862
067561203	0616863
067561204	0616864
067561205	0616865
067561206	0616866
067561207	0616867
067561208	0616868
067561209	0616869
067561210	0616870
067561211	0616871
067561301	0616872
067561302	0616873
067561303	0616874
067561304	0616875
067561305	0616876
067561306	0616877
067561307	0616878
067561308	0616879
067561309	0616880
067561310	0616881
067561311	0616882
067561312	0616883
067561313	0616884
067561314	0616885
067561401	0616886
067561402	0616887
067561403	0616888
067561404	0616889
067561405	0616890
067561406	0616891
067561407	0616892
067561408	0616893
067561409	0616894
067561410	0616895
067561411	0616896
067561412	0616897
067561413	0616898
067561414	0616899
067561415	0616900
067561501	0616901
067561502	0616902
067561503	0616903
067561504	0616904
067561505	0616905
067561506	0616906
067561507	0616907
067561508	0616908
067561509	0616909
067561510	0616910
067561511	0616911
067561512	0616912
067561601	0616913
067561602	0616914
067561603	0616915
067561604	0616916
067561605	0616917
067561606	0616918
067561607	0616919
067561608	0616920
067561609	0616921
067561610	0616922
067561611	0616923
067561612	0616924
067561613	0616925
067561701	0616926
067561702	0616927
067561703	0616928
067561704	0616929
067561705	0616930
067561706	0616931
067561707	0616932
067561708	0616933
067561709	0616934
067561710	0616935
067561801	0616936
067561802	0616937
067561803	0616938
067561804	0616939
067561805	0616940
067561806	0616941
067561807	0616942
067561808	0616943
067561809	0616944
067561810	0616945
067561811	0616946
067561901	0616947
067561902	0616948
067561903	0616949
067561904	0616950
067561905	0616951
067561906	0616952
067561907	0616953
067561908	0616954
067561909	0616955
067561910	0616956
067562204	0616957
067562205	0616958
067562206	0616959
067562207	0616960
067562208	0616961
067562209	0616962
067562210	0616963
067562211	0616964
067562212	0616965
067562213	0616966
067562301	0616967
067562302	0616968
067562303	0616969
067562304	0616970
067562305	0616971
067562306	0616972
067562307	0616973
067562308	0616974
067562309	0616975
067562310	0616976
067562401	0616977
067562402	0616978
067562403	0616979
067562404	0616980
067562405	0616981
067562406	0616982
067562407	0616983
067562408	0616984
067562409	0616985
067562410	0616986
067562411	0616987
067562412	0616988
067562413	0616989
067562501	0616990
067562502	0616991
067562503	0616992
067562504	0616993
067562505	0616994
067562506	0616995
067562507	0616996
067562508	0616997
067562509	0616998
067562510	0616999
067562511	0617000
067562512	0617001
067562513	0617002
067562514	0617003
067562515	0617004
067562516	0617005
067562517	0617006
067562518	0617007
067562519	0617008
067562601	0617009
067562602	0617010
067562603	0617011
067562604	0617012
067562605	0617013
067562606	0617014
067562607	0617015
067562608	0617016
067562609	0617017
067562610	0617018
067562611	0617019
067562701	0617020
067562702	0617021
067562703	0617022
067562704	0617023
067562705	0617024
067562706	0617025
067562707	0617026
067562708	0617027
067562709	0617028
067562710	0617029
067562711	0617030
067562712	0617031
067600101	0617032
067600102	0617033
067600103	0617034
067600104	0617035
067600105	0617036
067600106	0617037
067600107	0617038
067600108	0617039
067600109	0617040
067600110	0617041
067600111	0617042
067600112	0617043
067600113	0617044
067600114	0617045
067600115	0617046
067600116	0617047
067600117	0617048
067600201	0617049
067600202	0617050
067600203	0617051
067600204	0617052
067600205	0617053
067600206	0617054
067600207	0617055
067600208	0617056
067600209	0617057
067600210	0617058
067600211	0617059
067600212	0617060
067600213	0617061
067600214	0617062
067600215	0617063
067600216	0617064
067600217	0617065
067600301	0617066
067600302	0617067
067600303	0617068
067600304	0617069
067600305	0617070
067600306	0617071
067600307	0617072
067600308	0617073
067600309	0617074
067600310	0617075
067600311	0617076
067600312	0617077
067600313	0617078
067600314	0617079
067600315	0617080
067600316	0617081
067600317	0617082
067600401	0617083
067600501	0617084
067600502	0617085
067600503	0617086
067600504	0617087
067600505	0617088
067600506	0617089
067600507	0617090
067600508	0617091
067600509	0617092
067600510	0617093
067600511	0617094
067600512	0617095
067600601	0617096
067600602	0617097
067600603	0617098
067600604	0617099
067600605	0617100
067600606	0617101
067600607	0617102
067600608	0617103
067600609	0617104
067600610	0617105
067600701	0617106
067600702	0617107
067600703	0617108
067600704	0617109
067600705	0617110
067600706	0617111
067600707	0617112
067600708	0617113
067600709	0617114
067600710	0617115
067600801	0617116
067600802	0617117
067600803	0617118
067600804	0617119
067600805	0617120
067600806	0617121
067600807	0617122
067600808	0617123
067600809	0617124
067600810	0617125
067600811	0617126
067600812	0617127
067600901	0617128
067600902	0617129
067600903	0617130
067600904	0617131
067600905	0617132
067600906	0617133
067600907	0617134
067600908	0617135
067600909	0617136
067600910	0617137
067600911	0617138
067600912	0617139
067600913	0617140
067600914	0617141
067600915	0617142
067600916	0617143
067601001	0617144
067601002	0617145
067601003	0617146
067601004	0617147
067601005	0617148
067601006	0617149
067601007	0617150
067601008	0617151
067601009	0617152
067601010	0617153
067601011	0617154
067601012	0617155
067601013	0617156
067601014	0617157
067601015	0617158
067601101	0617159
067601102	0617160
067601103	0617161
067601104	0617162
067601105	0617163
067601106	0617164
067601107	0617165
067601108	0617166
067601109	0617167
067601110	0617168
067601111	0617169
067601112	0617170
067601113	0617171
067601114	0617172
067601115	0617173
067601116	0617174
067601117	0617175
067601201	0617176
067601202	0617177
067601203	0617178
067601204	0617179
067601205	0617180
067601206	0617181
067601207	0617182
067601208	0617183
067601209	0617184
067601210	0617185
067601211	0617186
067601212	0617187
067601213	0617188
067601214	0617189
067601215	0617190
067601216	0617191
067601217	0617192
067601218	0617193
067601219	0617194
067601301	0617195
067601302	0617196
067601303	0617197
067601304	0617198
067601305	0617199
067601306	0617200
067601307	0617201
067601308	0617202
067601309	0617203
067601310	0617204
067601311	0617205
067601312	0617206
067601313	0617207
067601314	0617208
067601315	0617209
067601316	0617210
067601401	0617211
067601402	0617212
067601403	0617213
067601404	0617214
067601405	0617215
067601406	0617216
067601407	0617217
067601408	0617218
067601409	0617219
067601410	0617220
067601411	0617221
067601412	0617222
067601413	0617223
067601414	0617224
067601415	0617225
067601501	0617226
067601502	0617227
067601503	0617228
067601504	0617229
067601505	0617230
067601506	0617231
067601507	0617232
067601508	0617233
067601509	0617234
067601510	0617235
067601511	0617236
067601512	0617237
067601513	0617238
067601514	0617239
067601515	0617240
067601516	0617241
067601601	0617242
067601602	0617243
067601603	0617244
067601604	0617245
067601605	0617246
067601606	0617247
067601607	0617248
067601608	0617249
067601609	0617250
067601610	0617251
067601611	0617252
067601612	0617253
067601613	0617254
067601614	0617255
067601701	0617256
067601702	0617257
067601703	0617258
067601704	0617259
067601705	0617260
067601706	0617261
067601707	0617262
067601708	0617263
067601709	0617264
067601710	0617265
067601711	0617266
067601712	0617267
067601713	0617268
067601714	0617269
067601715	0617270
067601716	0617271
067601801	0617272
067601802	0617273
067601803	0617274
067601804	0617275
067601805	0617276
067601806	0617277
067601807	0617278
067601808	0617279
067601809	0617280
067601810	0617281
067601811	0617282
067601812	0617283
067601813	0617284
067601814	0617285
067601815	0617286
067601816	0617287
067630101	0617288
067630102	0617289
067630103	0617290
067630104	0617291
067630105	0617292
067630106	0617293
067630107	0617294
067630108	0617295
067630109	0617296
067630110	0617297
067630111	0617298
067630112	0617299
067630113	0617300
067630114	0617301
067630511	0617302
067630512	0617303
067630513	0617304
067630514	0617305
067630515	0617306
067630516	0617307
067630517	0617308
067630518	0617309
067630603	0617310
067630604	0617311
067630605	0617312
067630606	0617313
067630607	0617314
067630608	0617315
067630609	0617316
067630610	0617317
067630611	0617318
067630612	0617319
067630613	0617320
067630614	0617321
067630615	0617322
067630702	0617323
067630705	0617324
067630706	0617325
067630707	0617326
067630708	0617327
067630709	0617328
067630710	0617329
067630711	0617330
067630712	0617331
067630801	0617332
067630802	0617333
067630803	0617334
067630804	0617335
067630805	0617336
067630806	0617337
067630807	0617338
067630808	0617339
067630809	0617340
067630810	0617341
067630811	0617342
067630812	0617343
067630813	0617344
067630901	0617345
067630902	0617346
067630903	0617347
067630904	0617348
067631001	0617349
067631002	0617350
067631101	0617351
067631102	0617352
067631103	0617353
067631201	0617354
067631202	0617355
067631203	0617356
067631301	0617357
067631302	0617358
067631401	0617359
067631402	0617360
067631403	0617361
067631501	0617362
067631601	0617363
067631602	0617364
067631603	0617365
067631701	0617366
067631702	0617367
067631703	0617368
067631704	0617369
067631705	0617370
067631706	0617371
067631707	0617372
067631708	0617373
067631709	0617374
067631801	0617375
067631802	0617376
067631803	0617377
067631804	0617378
067631805	0617379
067631806	0617380
067631807	0617381
067631808	0617382
067631809	0617383
067631810	0617384
067631811	0617385
067631812	0617386
067631813	0617387
067631814	0617388
067631815	0617389
067631816	0617390
067631902	0617391
067631903	0617392
067631904	0617393
067631905	0617394
067631906	0617395
067631907	0617396
067631908	0617397
067631909	0617398
067631910	0617399
067631911	0617400
067632001	0617401
067632002	0617402
067632003	0617403
067632004	0617404
067632005	0617405
067632006	0617406
067632007	0617407
067632008	0617408
067632009	0617409
067632010	0617410
067632011	0617411
067632012	0617412
067632013	0617413
067632101	0617414
067700101	0617415
067700102	0617416
067700103	0617417
067700104	0617418
067700105	0617419
067700106	0617420
067700107	0617421
067700108	0617422
067700109	0617423
067700110	0617424
067700111	0617425
067700201	0617426
067700202	0617427
067700203	0617428
067700204	0617429
067700205	0617430
067700206	0617431
067700207	0617432
067700208	0617433
067700301	0617434
067700302	0617435
067700303	0617436
067700304	0617437
067700305	0617438
067700401	0617439
067700402	0617440
067700403	0617441
067700404	0617442
067700501	0617443
067700502	0617444
067700503	0617445
067700504	0617446
067700601	0617447
067700602	0617448
067700701	0617449
067700702	0617450
067700703	0617451
067700704	0617452
067700705	0617453
067700801	0617454
067700802	0617455
067700803	0617456
067700804	0617457
067700805	0617458
067700901	0617459
067700902	0617460
067700903	0617461
067700904	0617462
067700905	0617463
067700906	0617464
067700907	0617465
067700908	0617466
067701001	0617467
067701002	0617468
067701003	0617469
067701004	0617470
067701005	0617471
067701006	0617472
067701007	0617473
067701008	0617474
067701009	0617475
067701010	0617476
067701011	0617477
067701012	0617478
067701013	0617479
067701014	0617480
067701101	0617481
067701102	0617482
067701103	0617483
067701104	0617484
067701105	0617485
067701201	0617486
067701202	0617487
067701203	0617488
067701204	0617489
067701205	0617490
067701206	0617491
067701301	0617492
067701302	0617493
067701303	0617494
067701304	0617495
067701305	0617496
067701306	0617497
067701307	0617498
067701401	0617499
067701402	0617500
067701403	0617501
067701501	0617502
067701502	0617503
067701503	0617504
067701504	0617505
067701505	0617506
067701601	0617507
067701602	0617508
067701603	0617509
067701604	0617510
067701605	0617511
067701606	0617512
067701607	0617513
067701701	0617514
067701702	0617515
067701703	0617516
067701704	0617517
067701705	0617518
067701801	0617519
067701802	0617520
067701803	0617521
067701804	0617522
067701805	0617523
067701806	0617524
067701901	0617525
067701902	0617526
067701903	0617527
067701904	0617528
067702001	0617529
067702002	0617530
067702101	0617531
067702102	0617532
067702103	0617533
067702104	0617534
067702105	0617535
067702106	0617536
067702107	0617537
067702108	0617538
067702109	0617539
067702110	0617540
067702201	0617541
067702202	0617542
067702203	0617543
067702204	0617544
067702205	0617545
067702206	0617546
067702207	0617547
067702208	0617548
067702209	0617549
067702210	0617550
067702211	0617551
067702212	0617552
067702213	0617553
067702214	0617554
067702301	0617555
067780101	0617556
067780102	0617557
067780103	0617558
067780104	0617559
067780105	0617560
067780106	0617561
067780107	0617562
067780108	0617563
067780109	0617564
067780110	0617565
067780111	0617566
067780201	0617567
067780202	0617568
067780203	0617569
067780204	0617570
067780205	0617571
067780206	0617572
067780207	0617573
067780208	0617574
067780209	0617575
067780210	0617576
067780211	0617577
067780212	0617578
067780213	0617579
067780214	0617580
067780215	0617581
067780216	0617582
067780217	0617583
067780218	0617584
067780301	0617585
067780401	0617586
067780402	0617587
067780403	0617588
067780404	0617589
067780405	0617590
067780406	0617591
067780407	0617592
067780501	0617593
067780502	0617594
067780503	0617595
067780504	0617596
067780505	0617597
067780506	0617598
067780507	0617599
067780601	0617600
067780602	0617601
067780603	0617602
067780604	0617603
067780701	0617604
067780702	0617605
067780703	0617606
067780704	0617607
067780801	0617608
067780802	0617609
067780803	0617610
067780901	0617611
067780902	0617612
067780903	0617613
067780904	0617614
067780905	0617615
067780906	0617616
067780907	0617617
067780908	0617618
067780909	0617619
067780910	0617620
067780911	0617621
067780912	0617622
067780913	0617623
067781001	0617624
067781002	0617625
067781003	0617626
067781004	0617627
067781005	0617628
067781006	0617629
067781007	0617630
067781008	0617631
067781009	0617632
067781010	0617633
067781011	0617634
067781012	0617635
067781013	0617636
067781014	0617637
067781015	0617638
067840101	0617639
067840102	0617640
067840201	0617641
067840202	0617642
067840203	0617643
067840204	0617644
067840301	0617645
067840302	0617646
067840303	0617647
067840401	0617648
067840402	0617649
067840403	0617650
067840404	0617651
067840501	0617652
067840502	0617653
067840503	0617654
067840601	0617655
067840701	0617656
067840702	0617657
067840703	0617658
067840704	0617659
067840801	0617660
067840802	0617661
067840803	0617662
067840804	0617663
067840805	0617664
067840806	0617665
067840807	0617666
067840808	0617667
067840809	0617668
067840810	0617669
067840811	0617670
067840812	0617671
067840813	0617672
067840901	0617673
067840902	0617674
067841001	0617675
067841002	0617676
067841003	0617677
067841004	0617678
067841101	0617679
067841102	0617680
067841103	0617681
067841104	0617682
067841201	0617683
067841202	0617684
067841203	0617685
067841204	0617686
067910101	0617687
067910102	0617688
067910103	0617689
067910104	0617690
067910105	0617691
067910106	0617692
067910107	0617693
067910108	0617694
067910109	0617695
067910110	0617696
067910111	0617697
067910201	0617698
067910202	0617699
067910203	0617700
067910204	0617701
067910205	0617702
067910206	0617703
067910207	0617704
067910208	0617705
067910209	0617706
067910210	0617707
067910211	0617708
067910212	0617709
067910213	0617710
067910214	0617711
067910215	0617712
067910216	0617713
067910217	0617714
067910218	0617715
067910301	0617716
067910302	0617717
067910303	0617718
067910304	0617719
067910305	0617720
067910306	0617721
067910307	0617722
067910308	0617723
067910309	0617724
067910310	0617725
067910401	0617726
067910402	0617727
067910403	0617728
067910404	0617729
067910405	0617730
067910406	0617731
067910407	0617732
067910408	0617733
067910409	0617734
067910410	0617735
067910411	0617736
067910412	0617737
067910501	0617738
067910502	0617739
067910503	0617740
067910601	0617741
067910602	0617742
067910603	0617743
067910701	0617744
067910702	0617745
067910801	0617746
067910802	0617747
067910803	0617748
067910901	0617749
067910902	0617750
067910903	0617751
067910904	0617752
067910905	0617753
067910906	0617754
067911001	0617755
067911002	0617756
067911003	0617757
067911004	0617758
067911005	0617759
067911006	0617760
067911007	0617761
067911008	0617762
067911009	0617763
067911101	0617764
067911102	0617765
067911103	0617766
067911104	0617767
067911105	0617768
067911201	0617769
067911202	0617770
067911203	0617771
067911204	0617772
067911205	0617773
067911206	0617774
067911207	0617775
067911208	0617776
067911209	0617777
067911210	0617778
067911211	0617779
067911212	0617780
067911213	0617781
067911301	0617782
067911302	0617783
067911303	0617784
067911304	0617785
067911305	0617786
067911306	0617787
067911307	0617788
067911308	0617789
067911309	0617790
067911310	0617791
067911311	0617792
067911312	0617793
067911313	0617794
067911314	0617795
067911401	0617796
067911402	0617797
067911403	0617798
067911404	0617799
067911405	0617800
067911406	0617801
067911501	0617802
067911502	0617803
067911503	0617804
067911504	0617805
067911505	0617806
067911506	0617807
067911601	0617808
067911602	0617809
067911701	0617810
067911702	0617811
067911801	0617812
067911802	0617813
067911803	0617814
067911804	0617815
067911805	0617816
067911806	0617817
067911807	0617818
067911808	0617819
067911809	0617820
067911811	0617821
067911812	0617822
067911813	0617823
067911814	0617824
067911901	0617825
067911902	0617826
067911903	0617827
067911904	0617828
067911905	0617829
067911906	0617830
067911907	0617831
067911908	0617832
067911909	0617833
067911910	0617834
067911911	0617835
067912001	0617836
067912002	0617837
067912003	0617838
067912004	0617839
067912005	0617840
067912006	0617841
067912007	0617842
067912008	0617843
067912009	0617844
067912101	0617845
067912102	0617846
067912103	0617847
067912104	0617848
067912105	0617849
067912106	0617850
067912107	0617851
067912108	0617852
067912109	0617853
067912110	0617854
067912111	0617855
067912112	0617856
067912113	0617857
067912114	0617858
067912115	0617859
067912116	0617860
067912201	0617861
067912202	0617862
067912203	0617863
067912204	0617864
067912205	0617865
067912206	0617866
067912207	0617867
067912208	0617868
067912209	0617869
067912210	0617870
067912211	0617871
067912212	0617872
067912213	0617873
067912214	0617874
067912215	0617875
067912216	0617876
067912217	0617877
067912218	0617878
067980101	0617879
067980102	0617880
067980103	0617881
067980201	0617882
067980202	0617883
067980203	0617884
067980301	0617885
067980302	0617886
067980401	0617887
067980402	0617888
067980501	0617889
067980502	0617890
067980503	0617891
067980504	0617892
067980505	0617893
067980506	0617894
067980507	0617895
067980601	0617896
067980701	0617897
067980702	0617898
067980703	0617899
067980704	0617900
067980705	0617901
067980706	0617902
067980707	0617903
067980708	0617904
067980709	0617905
067980710	0617906
067980711	0617907
067980801	0617908
067980901	0617909
067980902	0617910
067980903	0617911
067980904	0617912
067980905	0617913
067981001	0617914
067981002	0617915
067981003	0617916
067981004	0617917
067981005	0617918
067981006	0617919
068050101	0617920
068050102	0617921
068050103	0617922
068050104	0617923
068050105	0617924
068050106	0617925
068050107	0617926
068050108	0617927
068050201	0617928
068050202	0617929
068050203	0617930
068050204	0617931
068050205	0617932
068050301	0617933
068050302	0617934
068050303	0617935
068050304	0617936
068050305	0617937
068050306	0617938
068050307	0617939
068050308	0617940
068050309	0617941
068050310	0617942
068050311	0617943
068050401	0617944
068050402	0617945
068050403	0617946
068050404	0617947
068050405	0617948
068050406	0617949
068050407	0617950
068050408	0617951
068050409	0617952
068050410	0617953
068050411	0617954
068050412	0617955
068050501	0617956
068050502	0617957
068050503	0617958
068050504	0617959
068050505	0617960
068050506	0617961
068050507	0617962
068050508	0617963
068050509	0617964
068050510	0617965
068050511	0617966
068050512	0617967
068050513	0617968
068050601	0617969
068050602	0617970
068050603	0617971
068050604	0617972
068050605	0617973
068050606	0617974
068050607	0617975
068050608	0617976
068050609	0617977
068050610	0617978
068050611	0617979
068050612	0617980
068050701	0617981
068050702	0617982
068050703	0617983
068050704	0617984
068050705	0617985
068050706	0617986
068050707	0617987
068050708	0617988
068050709	0617989
068050710	0617990
068050711	0617991
068050801	0617992
068050802	0617993
068050803	0617994
068050804	0617995
068050805	0617996
068050806	0617997
068050807	0617998
068050808	0617999
068050809	0618000
068050810	0618001
068050811	0618002
068050812	0618003
068050813	0618004
068050814	0618005
068050901	0618006
068050902	0618007
068050903	0618008
068050904	0618009
068050905	0618010
068050906	0618011
068051001	0618012
068051002	0618013
068051003	0618014
068051004	0618015
068051005	0618016
068051006	0618017
068051007	0618018
068051008	0618019
068051009	0618020
068051010	0618021
068051011	0618022
068051012	0618023
068051013	0618024
068051101	0618025
068051102	0618026
068051103	0618027
068051104	0618028
068051105	0618029
068051106	0618030
068051107	0618031
068051108	0618032
068051109	0618033
068051110	0618034
068051201	0618035
068051202	0618036
068051203	0618037
068051204	0618038
068051205	0618039
068051206	0618040
068051207	0618041
068051208	0618042
068051209	0618043
068051210	0618044
068051211	0618045
068051212	0618046
068051213	0618047
068051214	0618048
068051301	0618049
068051302	0618050
068051303	0618051
068051304	0618052
068051305	0618053
068051306	0618054
068051307	0618055
068051308	0618056
068051309	0618057
068051310	0618058
068051311	0618059
068051312	0618060
068051313	0618061
068051314	0618062
068051315	0618063
068051316	0618064
068051317	0618065
068051318	0618066
068051401	0618067
068051402	0618068
068051403	0618069
068051404	0618070
068051405	0618071
068051406	0618072
068051407	0618073
068051408	0618074
068051409	0618075
068051410	0618076
068051411	0618077
068051412	0618078
068051413	0618079
068051414	0618080
068051415	0618081
068051416	0618082
068051501	0618083
068051502	0618084
068051503	0618085
068051504	0618086
068051505	0618087
068051506	0618088
068051507	0618089
068051508	0618090
068051509	0618091
068051510	0618092
068051511	0618093
068051512	0618094
068051513	0618095
068051601	0618096
068051602	0618097
068051603	0618098
068051604	0618099
068051605	0618100
068051606	0618101
068051607	0618102
068051608	0618103
068051609	0618104
068051610	0618105
068051611	0618106
068051701	0618107
068051702	0618108
068051703	0618109
068051704	0618110
068051705	0618111
068052014	0618112
068052101	0618113
068052102	0618114
068052103	0618115
068052104	0618116
068052105	0618117
068052106	0618118
068052107	0618119
068052108	0618120
068052109	0618121
068052110	0618122
068052111	0618123
068052112	0618124
068052113	0618125
068052114	0618126
068052201	0618127
068052202	0618128
068052203	0618129
068052204	0618130
068052205	0618131
068052206	0618132
068052207	0618133
068052208	0618134
068052209	0618135
068052210	0618136
068052301	0618137
068052302	0618138
068052303	0618139
068052304	0618140
068052305	0618141
068052306	0618142
068052307	0618143
068052308	0618144
068052309	0618145
068052310	0618146
068052311	0618147
068052312	0618148
068052313	0618149
068052314	0618150
068052315	0618151
068052401	0618152
068052402	0618153
068052403	0618154
068052404	0618155
068052405	0618156
068052406	0618157
068052407	0618158
068052408	0618159
068052409	0618160
068052410	0618161
068052501	0618162
068052502	0618163
068052503	0618164
068052504	0618165
068052505	0618166
068052506	0618167
068052507	0618168
068052508	0618169
068052509	0618170
068052510	0618171
068052511	0618172
068052512	0618173
068052601	0618174
068052602	0618175
068052603	0618176
068052604	0618177
068052605	0618178
068052606	0618179
068052607	0618180
068052608	0618181
068052609	0618182
068052610	0618183
068052611	0618184
068052612	0618185
068052613	0618186
068052614	0618187
068052615	0618188
068052616	0618189
068052617	0618190
068052618	0618191
068052619	0618192
068052620	0618193
068052621	0618194
068120101	0618195
068120102	0618196
068120201	0618197
068120202	0618198
068120301	0618199
068120302	0618200
068120303	0618201
068120401	0618202
068120402	0618203
068120403	0618204
068120501	0618205
068120502	0618206
068120503	0618207
068120504	0618208
068120601	0618209
068120602	0618210
068190101	0618211
068190102	0618212
068190103	0618213
068190104	0618214
068190201	0618215
068190202	0618216
068190301	0618217
068190302	0618218
068190401	0618219
068190402	0618220
068190403	0618221
068190404	0618222
068190405	0618223
068190406	0618224
068190407	0618225
068190408	0618226
068190409	0618227
068190501	0618228
068190502	0618229
068190503	0618230
068190504	0618231
068190505	0618232
068190601	0618233
068190602	0618234
068190603	0618235
068190701	0618236
068190801	0618237
068190802	0618238
068190901	0618239
068190902	0618240
068190903	0618241
068190904	0618242
068190905	0618243
068190906	0618244
068190907	0618245
068190908	0618246
068190909	0618247
068190910	0618248
068190911	0618249
068190912	0618250
068260101	0618251
068260102	0618252
068260103	0618253
068260104	0618254
068260105	0618255
068260106	0618256
068260107	0618257
068260108	0618258
068260109	0618259
068260110	0618260
068260111	0618261
068260112	0618262
068260113	0618263
068260114	0618264
068260115	0618265
068260116	0618266
068260117	0618267
068260118	0618268
068260119	0618269
068260120	0618270
068260201	0618271
068260202	0618272
068260203	0618273
068260204	0618274
068260205	0618275
068260206	0618276
068260207	0618277
068260208	0618278
068260209	0618279
068260210	0618280
068260211	0618281
068260212	0618282
068260213	0618283
068260214	0618284
068260301	0618285
068260302	0618286
068260303	0618287
068260401	0618288
068260402	0618289
068260403	0618290
068260501	0618291
068260502	0618292
068260503	0618293
068260601	0618294
068260602	0618295
068260701	0618296
068260702	0618297
068260703	0618298
068260704	0618299
068260705	0618300
068260706	0618301
068260707	0618302
068260708	0618303
068260709	0618304
068260801	0618305
068260802	0618306
068260901	0618307
068260902	0618308
068261001	0618309
068261002	0618310
068261101	0618311
068261102	0618312
068261201	0618313
068261301	0618314
068261302	0618315
068261303	0618316
068261401	0618317
068261402	0618318
068261501	0618319
068261502	0618320
068261601	0618321
068261602	0618322
068261603	0618323
068261604	0618324
068261605	0618325
068261606	0618326
068261607	0618327
068261608	0618328
068261609	0618329
068261610	0618330
068261611	0618331
068261701	0618332
068261702	0618333
068261703	0618334
068261704	0618335
068261801	0618336
068261802	0618337
068261803	0618338
068261804	0618339
068261805	0618340
068261901	0618341
068261902	0618342
068261903	0618343
068261904	0618344
068261905	0618345
068261906	0618346
068261907	0618347
068261908	0618348
068261909	0618349
068261910	0618350
068261911	0618351
068330101	0618352
068330102	0618353
068330103	0618354
068330104	0618355
068330105	0618356
068330106	0618357
068330107	0618358
068330108	0618359
068330109	0618360
068330110	0618361
068330111	0618362
068330112	0618363
068330113	0618364
068330114	0618365
068330115	0618366
068330116	0618367
068330201	0618368
068330202	0618369
068330203	0618370
068330204	0618371
068330205	0618372
068330206	0618373
068330207	0618374
068330208	0618375
068330209	0618376
068330210	0618377
068330211	0618378
068330212	0618379
068330213	0618380
068330301	0618381
068330302	0618382
068330303	0618383
068330304	0618384
068330305	0618385
068330401	0618386
068330402	0618387
068330403	0618388
068330501	0618389
068331008	0618390
068331009	0618391
068331010	0618392
068331011	0618393
068331012	0618394
068331013	0618395
068331101	0618396
068331102	0618397
068331103	0618398
068331104	0618399
068331105	0618400
068331201	0618401
068331202	0618402
068331203	0618403
068331301	0618404
068331304	0618405
068331401	0618406
068331402	0618407
068331403	0618408
068331404	0618409
068331405	0618410
068331406	0618411
068331407	0618412
068331408	0618413
068331501	0618414
068331502	0618415
068331503	0618416
068331504	0618417
068331505	0618418
068331506	0618419
068331601	0618420
068331602	0618421
068331603	0618422
068331604	0618423
068331605	0618424
068331701	0618425
068331702	0618426
068331703	0618427
068331704	0618428
068331705	0618429
068331706	0618430
068331707	0618431
068331708	0618432
068331709	0618433
068331801	0618434
068331802	0618435
068331803	0618436
068331804	0618437
068331805	0618438
068331806	0618439
068331807	0618440
068331808	0618441
068331809	0618442
068331810	0618443
068331811	0618444
068331901	0618445
068331902	0618446
068331903	0618447
068331904	0618448
068331905	0618449
068331906	0618450
068331907	0618451
068331908	0618452
068331909	0618453
068331910	0618454
068331911	0618455
068331912	0618456
068331913	0618457
068331914	0618458
068331915	0618459
068400101	0618460
068400102	0618461
068400103	0618462
068400104	0618463
068400105	0618464
068400106	0618465
068400107	0618466
068400108	0618467
068400109	0618468
068400110	0618469
068400111	0618470
068400112	0618471
068400113	0618472
068400201	0618473
068400202	0618474
068400203	0618475
068400204	0618476
068400205	0618477
068400206	0618478
068400207	0618479
068400208	0618480
068400209	0618481
068400210	0618482
068400211	0618483
068400212	0618484
068400301	0618485
068400302	0618486
068400303	0618487
068400304	0618488
068400305	0618489
068400306	0618490
068400307	0618491
068400308	0618492
068400309	0618493
068400310	0618494
068400311	0618495
068400312	0618496
068400401	0618497
068400402	0618498
068400403	0618499
068400404	0618500
068400405	0618501
068400406	0618502
068400407	0618503
068400408	0618504
068400409	0618505
068400410	0618506
068400411	0618507
068400412	0618508
068540211	0618509
068540301	0618510
068540302	0618511
068540303	0618512
068540401	0618513
068540402	0618514
068540403	0618515
068540501	0618516
068540502	0618517
068540503	0618518
068540601	0618519
068540602	0618520
068540701	0618521
068540702	0618522
068540801	0618523
068540802	0618524
068540803	0618525
068540901	0618526
068541001	0618527
068541002	0618528
068541003	0618529
068541004	0618530
068541005	0618531
068541006	0618532
068541007	0618533
068400413	0618534
068400414	0618535
068400415	0618536
068400416	0618537
068400417	0618538
068400501	0618539
068400502	0618540
068400503	0618541
068400504	0618542
068400505	0618543
068400506	0618544
068400507	0618545
068400508	0618546
068400509	0618547
068400510	0618548
068400511	0618549
068400512	0618550
068400601	0618551
068400602	0618552
068400603	0618553
068400604	0618554
068400605	0618555
068400606	0618556
068400607	0618557
068400608	0618558
068400609	0618559
068400610	0618560
068400611	0618561
068400612	0618562
068400613	0618563
068400614	0618564
068400615	0618565
068400616	0618566
068400701	0618567
068400702	0618568
068400703	0618569
068400704	0618570
068400705	0618571
068400706	0618572
068400707	0618573
068400708	0618574
068400709	0618575
068400710	0618576
068400711	0618577
068400801	0618578
068400802	0618579
068400803	0618580
068400804	0618581
068400805	0618582
068400806	0618583
068400807	0618584
068400808	0618585
068400809	0618586
068400810	0618587
068400811	0618588
068400812	0618589
068400901	0618590
068400902	0618591
068400903	0618592
068400904	0618593
068400905	0618594
068400906	0618595
068400907	0618596
068400908	0618597
068400909	0618598
068400910	0618599
068401001	0618600
068401002	0618601
068401003	0618602
068401004	0618603
068401005	0618604
068401006	0618605
068401007	0618606
068401008	0618607
068401009	0618608
068401010	0618609
068401011	0618610
068401012	0618611
068401013	0618612
068401101	0618613
068401102	0618614
068401103	0618615
068401104	0618616
068401105	0618617
068401106	0618618
068401107	0618619
068401108	0618620
068401109	0618621
068401110	0618622
068401111	0618623
068401112	0618624
068401201	0618625
068401202	0618626
068401203	0618627
068401204	0618628
068401205	0618629
068401206	0618630
068401207	0618631
068401208	0618632
068401209	0618633
068401210	0618634
068401211	0618635
068401301	0618636
068401302	0618637
068401303	0618638
068401304	0618639
068401305	0618640
068401306	0618641
068401307	0618642
068401308	0618643
068401309	0618644
068401310	0618645
068401311	0618646
068401312	0618647
068401313	0618648
068401314	0618649
068401401	0618650
068401402	0618651
068401403	0618652
068401404	0618653
068401405	0618654
068401406	0618655
068401407	0618656
068401408	0618657
068401409	0618658
068401410	0618659
068401501	0618660
068401502	0618661
068401503	0618662
068401504	0618663
068401505	0618664
068401506	0618665
068401507	0618666
068401508	0618667
068401509	0618668
068401510	0618669
068401511	0618670
068401512	0618671
068401513	0618672
068401514	0618673
068401601	0618674
068401602	0618675
068401603	0618676
068401604	0618677
068401605	0618678
068401606	0618679
068401607	0618680
068401608	0618681
068401609	0618682
068401610	0618683
068401611	0618684
068401612	0618685
068401613	0618686
068401614	0618687
068401701	0618688
068401702	0618689
068401703	0618690
068401704	0618691
068401705	0618692
068401706	0618693
068401707	0618694
068401708	0618695
068401709	0618696
068401710	0618697
068401711	0618698
068401712	0618699
068401713	0618700
068401801	0618701
068401802	0618702
068401803	0618703
068401804	0618704
068401805	0618705
068401806	0618706
068401807	0618707
068401808	0618708
068401809	0618709
068401810	0618710
068401811	0618711
068401812	0618712
068401813	0618713
068401814	0618714
068401901	0618715
068401902	0618716
068401903	0618717
068401904	0618718
068401905	0618719
068401906	0618720
068401907	0618721
068401908	0618722
068401909	0618723
068401910	0618724
068401911	0618725
068401912	0618726
068402001	0618727
068402002	0618728
068402003	0618729
068402004	0618730
068402005	0618731
068402006	0618732
068402007	0618733
068402008	0618734
068402009	0618735
068402010	0618736
068402011	0618737
068402101	0618738
068402102	0618739
068402103	0618740
068402104	0618741
068402105	0618742
068402106	0618743
068402107	0618744
068402108	0618745
068402109	0618746
068402110	0618747
068402201	0618748
068402202	0618749
068402203	0618750
068402204	0618751
068402205	0618752
068402206	0618753
068402207	0618754
068402208	0618755
068402301	0618756
068402302	0618757
068402303	0618758
068402304	0618759
068402305	0618760
068402306	0618761
068402307	0618762
068402308	0618763
068402309	0618764
068402310	0618765
068402401	0618766
068402402	0618767
068402403	0618768
068402404	0618769
068402405	0618770
068402406	0618771
068402407	0618772
068402408	0618773
068402409	0618774
068402410	0618775
068402501	0618776
068402502	0618777
068402503	0618778
068402504	0618779
068402505	0618780
068402506	0618781
068402507	0618782
068402508	0618783
068402509	0618784
068402510	0618785
068402511	0618786
068402601	0618787
068402602	0618788
068402603	0618789
068402604	0618790
068402605	0618791
068402606	0618792
068402607	0618793
068402608	0618794
068402701	0618795
068402702	0618796
068402703	0618797
068402704	0618798
068402705	0618799
068402706	0618800
068402707	0618801
068402708	0618802
068402709	0618803
068402710	0618804
068402711	0618805
068402712	0618806
068402713	0618807
068402801	0618808
068402802	0618809
068402803	0618810
068402804	0618811
068402805	0618812
068402806	0618813
068402807	0618814
068402808	0618815
068402809	0618816
068402810	0618817
068402811	0618818
068402901	0618819
068402902	0618820
068402903	0618821
068402904	0618822
068402905	0618823
068402906	0618824
068402907	0618825
068402908	0618826
068402909	0618827
068402910	0618828
068402911	0618829
068403001	0618830
068403002	0618831
068403003	0618832
068403004	0618833
068403005	0618834
068403006	0618835
068403007	0618836
068403008	0618837
068403009	0618838
068403010	0618839
068403011	0618840
068403012	0618841
068403013	0618842
068403101	0618843
068403102	0618844
068403103	0618845
068403104	0618846
068403105	0618847
068403106	0618848
068403107	0618849
068403108	0618850
068403109	0618851
068403110	0618852
068403201	0618853
068403202	0618854
068403203	0618855
068403204	0618856
068403205	0618857
068403206	0618858
068403207	0618859
068403208	0618860
068403209	0618861
068470101	0618862
068470102	0618863
068470103	0618864
068470104	0618865
068470105	0618866
068470106	0618867
068470107	0618868
068470108	0618869
068470109	0618870
068470110	0618871
068470111	0618872
068470112	0618873
068470113	0618874
068470114	0618875
068470115	0618876
068470201	0618877
068470202	0618878
068470203	0618879
068470204	0618880
068470205	0618881
068540101	0618882
068540102	0618883
068540103	0618884
068540104	0618885
068540105	0618886
068540106	0618887
068540107	0618888
068540108	0618889
068540109	0618890
068540110	0618891
068540111	0618892
068540112	0618893
068540113	0618894
068540114	0618895
068540115	0618896
068540201	0618897
068540202	0618898
068540203	0618899
068540204	0618900
068540205	0618901
068540206	0618902
068540207	0618903
068540208	0618904
068540209	0618905
068540210	0618906
068541008	0618907
068541009	0618908
068541010	0618909
068541011	0618910
068541012	0618911
068541013	0618912
068541014	0618913
068541015	0618914
068541101	0618915
068541102	0618916
068541103	0618917
068541201	0618918
068541202	0618919
068541203	0618920
068541301	0618921
068541302	0618922
068541401	0618923
068541402	0618924
068541403	0618925
068541404	0618926
068541405	0618927
068541406	0618928
068610101	0618929
068610102	0618930
068610103	0618931
068610104	0618932
068610105	0618933
068610106	0618934
068610107	0618935
068610108	0618936
068610109	0618937
068610110	0618938
068610111	0618939
068610201	0618940
068610202	0618941
068610203	0618942
068610204	0618943
068610205	0618944
068610206	0618945
068610207	0618946
068610208	0618947
068610209	0618948
068610210	0618949
068610211	0618950
068610212	0618951
068610301	0618952
068610302	0618953
068610303	0618954
068610304	0618955
068610305	0618956
068610306	0618957
068610307	0618958
068610308	0618959
068610309	0618960
068610310	0618961
068610311	0618962
068610401	0618963
068610402	0618964
068610403	0618965
068610404	0618966
068610405	0618967
068610406	0618968
068610407	0618969
068610408	0618970
068610409	0618971
068610410	0618972
068610411	0618973
068610501	0618974
068610502	0618975
068610503	0618976
068610504	0618977
068610505	0618978
068610506	0618979
068610507	0618980
068610508	0618981
068610509	0618982
068610601	0618983
068610602	0618984
068610603	0618985
068610604	0618986
068610605	0618987
068610606	0618988
068610607	0618989
068610608	0618990
068610609	0618991
068610610	0618992
068610611	0618993
068610701	0618994
068610702	0618995
068610703	0618996
068610704	0618997
068610705	0618998
068610706	0618999
068610707	0619000
068610708	0619001
068610709	0619002
068610801	0619003
068610802	0619004
068610803	0619005
068610804	0619006
068610805	0619007
068610806	0619008
068610807	0619009
068610808	0619010
068610809	0619011
068610810	0619012
068610811	0619013
068610901	0619014
068610902	0619015
068610903	0619016
068610904	0619017
068610905	0619018
068610906	0619019
068610907	0619020
068610908	0619021
068610909	0619022
068610910	0619023
068610911	0619024
068610912	0619025
068611001	0619026
068611002	0619027
068611003	0619028
068611004	0619029
068611005	0619030
068611006	0619031
068611007	0619032
068611008	0619033
068611009	0619034
068611010	0619035
068611101	0619036
068611102	0619037
068611103	0619038
068611104	0619039
068611105	0619040
068611106	0619041
068611107	0619042
068611108	0619043
068611109	0619044
068611110	0619045
068611201	0619046
068611202	0619047
068611203	0619048
068611204	0619049
068611205	0619050
068611206	0619051
068611207	0619052
068611208	0619053
068611209	0619054
068611301	0619055
068611302	0619056
068611303	0619057
068611304	0619058
068611305	0619059
068611306	0619060
068611307	0619061
068611308	0619062
068611309	0619063
068611401	0619064
068611402	0619065
068611403	0619066
068611404	0619067
068611405	0619068
068611406	0619069
068611407	0619070
068611408	0619071
068611409	0619072
068611410	0619073
068611411	0619074
068611412	0619075
068611501	0619076
068611502	0619077
068611503	0619078
068611504	0619079
068611505	0619080
068611506	0619081
068611507	0619082
068611508	0619083
068611509	0619084
068611510	0619085
068611601	0619086
068611602	0619087
068611603	0619088
068611604	0619089
068611605	0619090
068611606	0619091
068611607	0619092
068611608	0619093
068611609	0619094
068611610	0619095
068611611	0619096
068611701	0619097
068611702	0619098
068611703	0619099
068611704	0619100
068611705	0619101
068611706	0619102
068611707	0619103
068611708	0619104
068611709	0619105
068611801	0619106
068611802	0619107
068611803	0619108
068611804	0619109
068611805	0619110
068611806	0619111
068611807	0619112
068611808	0619113
068611809	0619114
068611810	0619115
068611901	0619116
068611902	0619117
068611903	0619118
068611904	0619119
068611905	0619120
068611906	0619121
068611907	0619122
068611908	0619123
068611909	0619124
068611910	0619125
068611911	0619126
068611912	0619127
068611913	0619128
068611914	0619129
068611915	0619130
068612001	0619131
068612002	0619132
068612003	0619133
068612004	0619134
068612005	0619135
068612006	0619136
068612007	0619137
068612008	0619138
068612101	0619139
068612102	0619140
068612103	0619141
068612104	0619142
068612105	0619143
068612106	0619144
068612107	0619145
068612108	0619146
068612109	0619147
068612201	0619148
068612202	0619149
068612203	0619150
068612204	0619151
068612205	0619152
068612206	0619153
068612207	0619154
068612208	0619155
068612209	0619156
068612210	0619157
068612211	0619158
068612212	0619159
068612301	0619160
068612302	0619161
068612303	0619162
068612304	0619163
068612305	0619164
068612306	0619165
068612307	0619166
068612308	0619167
068612309	0619168
068612401	0619169
068612402	0619170
068612403	0619171
068612404	0619172
068612405	0619173
068612406	0619174
068612407	0619175
068612408	0619176
068612409	0619177
068612410	0619178
068612411	0619179
068612501	0619180
068612502	0619181
068612503	0619182
068612504	0619183
068612505	0619184
068612506	0619185
068612507	0619186
068612508	0619187
068612509	0619188
068612601	0619189
068612602	0619190
068612603	0619191
068612604	0619192
068612605	0619193
068612606	0619194
068612607	0619195
068612608	0619196
068612609	0619197
068612610	0619198
068612701	0619199
068612702	0619200
068612703	0619201
068612704	0619202
068612705	0619203
068612706	0619204
068612707	0619205
068612708	0619206
068612709	0619207
068612710	0619208
068612801	0619209
068612802	0619210
068612803	0619211
068612804	0619212
068612805	0619213
068612806	0619214
068612807	0619215
068612808	0619216
068612809	0619217
068612810	0619218
068612901	0619219
068612902	0619220
068612903	0619221
068612904	0619222
068612905	0619223
068612906	0619224
068612907	0619225
068612908	0619226
068612909	0619227
068612910	0619228
068612911	0619229
068612912	0619230
068613001	0619231
068613002	0619232
068613003	0619233
068613004	0619234
068613005	0619235
068613006	0619236
068613007	0619237
068613008	0619238
068613009	0619239
068613010	0619240
068613011	0619241
068613012	0619242
068613101	0619243
068613102	0619244
068613103	0619245
068613104	0619246
068613105	0619247
068613106	0619248
068613107	0619249
068613108	0619250
068613109	0619251
068613110	0619252
068613201	0619253
068613202	0619254
068613203	0619255
068613204	0619256
068613205	0619257
068613206	0619258
068613207	0619259
068613208	0619260
068613209	0619261
068613210	0619262
068613301	0619263
068613302	0619264
068613303	0619265
068613304	0619266
068613305	0619267
068613306	0619268
068613307	0619269
068613308	0619270
068613309	0619271
068613310	0619272
068680101	0619273
068680102	0619274
068680103	0619275
068680104	0619276
068680105	0619277
068680106	0619278
068680107	0619279
068680108	0619280
068680109	0619281
068680110	0619282
068680201	0619283
068680202	0619284
068680203	0619285
068680204	0619286
068680205	0619287
068680206	0619288
068680207	0619289
068680208	0619290
068680209	0619291
068680210	0619292
068680211	0619293
068680212	0619294
068680213	0619295
068680301	0619296
068680302	0619297
068680303	0619298
068680304	0619299
068680305	0619300
068680306	0619301
068680307	0619302
068680308	0619303
068680309	0619304
068680310	0619305
068680311	0619306
068680312	0619307
068680313	0619308
068680401	0619309
068680402	0619310
068680403	0619311
068680404	0619312
068680405	0619313
068680406	0619314
068680407	0619315
068680408	0619316
068680409	0619317
068680410	0619318
068680501	0619319
068680502	0619320
068680503	0619321
068680504	0619322
068680505	0619323
068680506	0619324
068680507	0619325
068680508	0619326
068680509	0619327
068680510	0619328
068680511	0619329
068680601	0619330
068680602	0619331
068680603	0619332
068680604	0619333
068680605	0619334
068680606	0619335
068680607	0619336
068680608	0619337
068680609	0619338
068680610	0619339
068680701	0619340
068680702	0619341
068680703	0619342
068680704	0619343
068680705	0619344
068680706	0619345
068680707	0619346
068680708	0619347
068680709	0619348
068680710	0619349
068680711	0619350
068680712	0619351
068680801	0619352
068680802	0619353
068680803	0619354
068680804	0619355
068680805	0619356
068680806	0619357
068680807	0619358
068680808	0619359
068680809	0619360
068680810	0619361
068750101	0619362
068750201	0619363
068750301	0619364
068750401	0619365
068750402	0619366
068750403	0619367
068750501	0619368
068750502	0619369
068750601	0619370
068750602	0619371
068750603	0619372
068750604	0619373
068750605	0619374
068750606	0619375
068750607	0619376
068750608	0619377
068750609	0619378
068750701	0619379
068750801	0619380
068750802	0619381
068750803	0619382
068750804	0619383
068750805	0619384
068750901	0619385
068750902	0619386
068751001	0619387
068751101	0619388
068751201	0619389
068751301	0619390
068751302	0619391
068751401	0619392
068751402	0619393
068751501	0619394
068751502	0619395
068751503	0619396
068751504	0619397
068751505	0619398
068751506	0619399
068751507	0619400
068751508	0619401
068751509	0619402
068751601	0619403
068751602	0619404
068751603	0619405
068751604	0619406
068751605	0619407
068751606	0619408
068751607	0619409
068751608	0619410
068751609	0619411
068751610	0619412
068751611	0619413
068751612	0619414
068751613	0619415
068751614	0619416
068751615	0619417
068751701	0619418
068751801	0619419
068820101	0619420
068820102	0619421
068820103	0619422
068820104	0619423
068820105	0619424
068820106	0619425
068820107	0619426
068820108	0619427
068820109	0619428
068820110	0619429
068820201	0619430
068820202	0619431
068820203	0619432
068820204	0619433
068820205	0619434
068820206	0619435
068820207	0619436
068820208	0619437
068820209	0619438
068820210	0619439
068820211	0619440
068820212	0619441
068820213	0619442
068820214	0619443
068820301	0619444
068820302	0619445
068820303	0619446
068820304	0619447
068820305	0619448
068820306	0619449
068820307	0619450
068820308	0619451
068820401	0619452
068820402	0619453
068820403	0619454
068820501	0619455
068820502	0619456
068820503	0619457
068820504	0619458
068820505	0619459
068820506	0619460
068820507	0619461
068820508	0619462
068820509	0619463
068820601	0619464
068820701	0619465
068820702	0619466
068820703	0619467
068820801	0619468
068820802	0619469
068820803	0619470
068820804	0619471
068820805	0619472
068820806	0619473
068820807	0619474
068820808	0619475
068820809	0619476
068820810	0619477
068820811	0619478
068820812	0619479
068820813	0619480
068820901	0619481
068820902	0619482
068820903	0619483
068820904	0619484
068820905	0619485
068820906	0619486
068820907	0619487
068820908	0619488
068820909	0619489
068820910	0619490
068820911	0619491
068820912	0619492
068820913	0619493
068820914	0619494
068821001	0619495
068821002	0619496
068821003	0619497
068821004	0619498
068821005	0619499
068821006	0619500
068821007	0619501
068821008	0619502
068821009	0619503
068821010	0619504
068821011	0619505
068821101	0619506
068821201	0619507
068821301	0619508
068821401	0619509
068821501	0619510
068821601	0619511
068821602	0619512
068821603	0619513
068821604	0619514
068821605	0619515
068821606	0619516
068821607	0619517
068821608	0619518
068821701	0619519
068821702	0619520
068821703	0619521
068821704	0619522
068821705	0619523
068821706	0619524
068821707	0619525
068821708	0619526
068821709	0619527
068821710	0619528
068821711	0619529
068821801	0619530
068821802	0619531
068821803	0619532
061260508	0619533
061260501	0619533
065050212	0619534
060210204	0619535
060210201	0619536
061120901	0619537
061120906	0619538
060840907	0619539
060840904	0619540
061190705	0619541
061190707	0619542
061750613	0619543
061750614	0619543
063576301	0619544
063576309	0619545
063577503	0619546
065951901	0619547
065951902	0619548
065952107	0619549
066510902	0619550
066510901	0619551
066550209	0619552
066550211	0619553
066860204	0619554
067421002	0619555
067421001	0619555
067630602	0619556
067630601	0619556
067630701	0619557
067630704	0619558
067630703	0619559
067631901	0619560
068331302	0619561
068331303	0619562
066021002	0619563
020010201	0203509
020010202	0203510
020010203	0203511
020010204	0203512
020010212	0203512
020010206	0203513
020010207	0203513
020010205	0203513
020010208	0203514
020010306	0203514
020010209	0203515
020010210	0203516
020010211	0203517
020010213	0203518
020010214	0203519
020010215	0203520
020010216	0203521
020010217	0203522
020010218	0203523
020010219	0203524
020010302	0203525
020010319	0203525
020010301	0203525
020010323	0203525
020010303	0203526
020010304	0203527
020010305	0203528
020010307	0203529
020010308	0203530
020010309	0203531
020010310	0203532
020010311	0203533
020010312	0203534
020010313	0203535
020010318	0203536
020010314	0203536
020010315	0203537
020010316	0203538
020010317	0203539
020010320	0203540
020010321	0203541
020010322	0203542
020020101	0203543
020020102	0203544
060562708	0619564
061340205	0619565
